luta_id;evento_id;evento;data;categoria;metodo;metodo_grupo;round_final;tempo_final;duracao_min;arbitro;disputa_titulo;bonus_luta;bonus_performance
1;1;UFC 331: Van vs. Pantoja 2;2026-09-19;Mosca;Decision - Unanimous;Decisão;5;5:00;25,0;Herb Dean;1;1;0
2;1;UFC 331: Van vs. Pantoja 2;2026-09-19;Leve;KO/TKO;Nocaute;1;4:56;4,93;Jason Herzog;0;0;1
3;1;UFC 331: Van vs. Pantoja 2;2026-09-19;Pena;KO/TKO;Nocaute;1;3:28;3,47;Mike Beltran;0;0;0
4;1;UFC 331: Van vs. Pantoja 2;2026-09-19;Pesado;KO/TKO;Nocaute;1;0:12;0,2;Frank Trigg;0;0;0
5;1;UFC 331: Van vs. Pantoja 2;2026-09-19;Meio-pesado;Decision - Split;Decisão;3;5:00;15,0;Jonathan Romero;0;0;0
6;1;UFC 331: Van vs. Pantoja 2;2026-09-19;Galo;KO/TKO;Nocaute;3;2:02;12,03;Mike Beltran;0;0;0
7;1;UFC 331: Van vs. Pantoja 2;2026-09-19;Pesado;Decision - Split;Decisão;3;5:00;15,0;Jason Herzog;0;0;0
8;1;UFC 331: Van vs. Pantoja 2;2026-09-19;Pena;Decision - Split;Decisão;3;5:00;15,0;Herb Dean;0;0;0
9;1;UFC 331: Van vs. Pantoja 2;2026-09-19;Médio;KO/TKO;Nocaute;1;2:04;2,07;Jonathan Romero;0;0;0
10;1;UFC 331: Van vs. Pantoja 2;2026-09-19;Médio;Decision - Unanimous;Decisão;3;5:00;15,0;Mike Beltran;0;0;0
11;1;UFC 331: Van vs. Pantoja 2;2026-09-19;Mosca (fem.);Submission;Finalização;1;3:22;3,37;Jason Herzog;0;0;1
12;1;UFC 331: Van vs. Pantoja 2;2026-09-19;Pena;KO/TKO;Nocaute;1;1:57;1,95;Frank Trigg;0;0;0
13;2;Noche UFC: Silva vs. Delgado;2026-09-12;Pena;Submission;Finalização;3;2:57;12,95;Dan Miragliotta;0;0;1
14;2;Noche UFC: Silva vs. Delgado;2026-09-12;Mosca;Decision - Split;Decisão;3;5:00;15,0;Jason Herzog;0;0;0
15;2;Noche UFC: Silva vs. Delgado;2026-09-12;Pena;Decision - Unanimous;Decisão;3;5:00;15,0;Marc Goddard;0;1;0
16;2;Noche UFC: Silva vs. Delgado;2026-09-12;Mosca (fem.);Decision - Unanimous;Decisão;3;5:00;15,0;Blake Grice;0;0;0
17;2;Noche UFC: Silva vs. Delgado;2026-09-12;Pesado;Decision - Unanimous;Decisão;3;5:00;15,0;Dan Miragliotta;0;0;0
18;2;Noche UFC: Silva vs. Delgado;2026-09-12;Galo;Decision - Unanimous;Decisão;3;5:00;15,0;Blake Grice;0;0;0
19;2;Noche UFC: Silva vs. Delgado;2026-09-12;Peso casado;Decision - Unanimous;Decisão;3;5:00;15,0;Jason Herzog;0;0;0
20;2;Noche UFC: Silva vs. Delgado;2026-09-12;Meio-médio;Decision - Unanimous;Decisão;3;5:00;15,0;Blake Grice;0;0;0
21;2;Noche UFC: Silva vs. Delgado;2026-09-12;Médio;KO/TKO;Nocaute;1;4:25;4,42;Brad Frank;0;0;0
22;2;Noche UFC: Silva vs. Delgado;2026-09-12;Leve;Submission;Finalização;3;2:46;12,77;Marc Goddard;0;0;0
23;2;Noche UFC: Silva vs. Delgado;2026-09-12;Leve;Decision - Unanimous;Decisão;3;5:00;15,0;Gustav Gibson;0;0;0
24;2;Noche UFC: Silva vs. Delgado;2026-09-12;Pena;KO/TKO;Nocaute;1;0:36;0,6;Brad Frank;0;0;1
25;2;Noche UFC: Silva vs. Delgado;2026-09-12;Mosca (fem.);Decision - Unanimous;Decisão;3;5:00;15,0;Gustav Gibson;0;0;0
26;3;UFC Fight Night: Hooker vs. Parnasse;2026-09-05;Leve;KO/TKO;Nocaute;1;2:35;2,58;Marc Goddard;0;0;1
27;3;UFC Fight Night: Hooker vs. Parnasse;2026-09-05;Leve;KO/TKO;Nocaute;1;1:40;1,67;Herb Dean;0;0;1
28;3;UFC Fight Night: Hooker vs. Parnasse;2026-09-05;Médio;Decision - Unanimous;Decisão;3;5:00;15,0;Jason Herzog;0;0;0
29;3;UFC Fight Night: Hooker vs. Parnasse;2026-09-05;Meio-médio;Decision - Unanimous;Decisão;3;5:00;15,0;Marc Goddard;0;0;0
30;3;UFC Fight Night: Hooker vs. Parnasse;2026-09-05;Pena;Submission;Finalização;3;3:07;13,12;Herb Dean;0;0;0
31;3;UFC Fight Night: Hooker vs. Parnasse;2026-09-05;Pena;KO/TKO;Nocaute;1;2:54;2,9;Jason Herzog;0;0;1
32;3;UFC Fight Night: Hooker vs. Parnasse;2026-09-05;Pena;Decision - Unanimous;Decisão;3;5:00;15,0;Herb Dean;0;0;0
33;3;UFC Fight Night: Hooker vs. Parnasse;2026-09-05;Pesado;KO/TKO;Nocaute;2;0:55;5,92;Marc Goddard;0;0;1
34;3;UFC Fight Night: Hooker vs. Parnasse;2026-09-05;Meio-pesado;KO/TKO;Nocaute;2;3:57;8,95;Jason Herzog;0;0;0
35;3;UFC Fight Night: Hooker vs. Parnasse;2026-09-05;Pena;Decision - Unanimous;Decisão;3;5:00;15,0;Herb Dean;0;0;0
36;3;UFC Fight Night: Hooker vs. Parnasse;2026-09-05;Mosca;Decision - Unanimous;Decisão;3;5:00;15,0;Marc Goddard;0;0;0
37;3;UFC Fight Night: Hooker vs. Parnasse;2026-09-05;Galo (fem.);Decision - Unanimous;Decisão;3;5:00;15,0;Christophe Chapuis;0;0;0
38;3;UFC Fight Night: Hooker vs. Parnasse;2026-09-05;Médio;KO/TKO;Nocaute;1;4:35;4,58;Mohamed Khamallah;0;0;0
39;3;UFC Fight Night: Hooker vs. Parnasse;2026-09-05;Palha (fem.);Submission;Finalização;2;4:22;9,37;Mourad Benseghir;0;0;0
40;4;UFC Fight Night: Nurmagomedov vs. Song;2026-08-29;Galo;KO/TKO;Nocaute;2;1:48;6,8;Marc Goddard;0;0;1
41;4;UFC Fight Night: Nurmagomedov vs. Song;2026-08-29;Palha (fem.);KO/TKO;Nocaute;1;4:49;4,82;Herb Dean;0;0;0
42;4;UFC Fight Night: Nurmagomedov vs. Song;2026-08-29;Galo;KO/TKO;Nocaute;2;0:34;5,57;Vitor Ribeiro;0;0;0
43;4;UFC Fight Night: Nurmagomedov vs. Song;2026-08-29;Mosca;Decision - Unanimous;Decisão;3;5:00;15,0;Marc Goddard;0;0;0
44;4;UFC Fight Night: Nurmagomedov vs. Song;2026-08-29;Meio-pesado;KO/TKO;Nocaute;1;4:26;4,43;Herb Dean;0;1;0
45;4;UFC Fight Night: Nurmagomedov vs. Song;2026-08-29;Mosca;KO/TKO;Nocaute;2;2:28;7,47;Vitor Ribeiro;0;0;1
46;4;UFC Fight Night: Nurmagomedov vs. Song;2026-08-29;Mosca;Submission;Finalização;3;3:03;13,05;Steve Perceval;0;0;0
47;4;UFC Fight Night: Nurmagomedov vs. Song;2026-08-29;Mosca;Submission;Finalização;1;4:14;4,23;Matt Wynne;0;0;0
48;4;UFC Fight Night: Nurmagomedov vs. Song;2026-08-29;Pena;Decision - Split;Decisão;3;5:00;15,0;Marc Goddard;0;0;0
49;4;UFC Fight Night: Nurmagomedov vs. Song;2026-08-29;Galo;KO/TKO;Nocaute;1;1:00;1,0;Herb Dean;0;0;0
50;4;UFC Fight Night: Nurmagomedov vs. Song;2026-08-29;Galo;KO/TKO;Nocaute;2;0:53;5,88;Vitor Ribeiro;0;0;0
51;4;UFC Fight Night: Nurmagomedov vs. Song;2026-08-29;Palha (fem.);KO/TKO;Nocaute;1;3:06;3,1;Steve Perceval;0;0;0
52;4;UFC Fight Night: Nurmagomedov vs. Song;2026-08-29;Meio-médio;Decision - Unanimous;Decisão;3;5:00;15,0;Matt Wynne;0;0;0
53;5;UFC Fight Night: Hernandez vs. Rodrigues;2026-08-22;Médio;Decision - Unanimous;Decisão;5;5:00;25,0;Herb Dean;0;1;0
54;5;UFC Fight Night: Hernandez vs. Rodrigues;2026-08-22;Pesado;Decision - Unanimous;Decisão;3;5:00;15,0;Mike Beltran;0;0;0
55;5;UFC Fight Night: Hernandez vs. Rodrigues;2026-08-22;Meio-pesado;KO/TKO;Nocaute;1;4:01;4,02;Frank Trigg;0;0;0
56;5;UFC Fight Night: Hernandez vs. Rodrigues;2026-08-22;Leve;KO/TKO;Nocaute;2;2:07;7,12;Jason Herzog;0;0;1
57;5;UFC Fight Night: Hernandez vs. Rodrigues;2026-08-22;Mosca (fem.);KO/TKO;Nocaute;1;1:39;1,65;David Shurley;0;0;1
58;5;UFC Fight Night: Hernandez vs. Rodrigues;2026-08-22;Pesado;Submission;Finalização;1;4:29;4,48;Herb Dean;0;0;0
59;5;UFC Fight Night: Hernandez vs. Rodrigues;2026-08-22;Pena;KO/TKO;Nocaute;1;3:38;3,63;Jason Herzog;0;0;0
60;5;UFC Fight Night: Hernandez vs. Rodrigues;2026-08-22;Pesado;KO/TKO;Nocaute;1;1:20;1,33;Mike Beltran;0;0;0
61;5;UFC Fight Night: Hernandez vs. Rodrigues;2026-08-22;Leve;Submission;Finalização;3;4:59;14,98;Frank Trigg;0;0;0
62;5;UFC Fight Night: Hernandez vs. Rodrigues;2026-08-22;Pena;KO/TKO;Nocaute;1;2:47;2,78;Jason Herzog;0;0;0
63;5;UFC Fight Night: Hernandez vs. Rodrigues;2026-08-22;Leve;Decision - Unanimous;Decisão;3;5:00;15,0;Mike Beltran;0;0;0
64;5;UFC Fight Night: Hernandez vs. Rodrigues;2026-08-22;Médio;KO/TKO;Nocaute;1;4:13;4,22;Jason Herzog;0;0;0
65;5;UFC Fight Night: Hernandez vs. Rodrigues;2026-08-22;Palha (fem.);KO/TKO;Nocaute;3;1:42;11,7;David Shurley;0;0;0
66;6;UFC 330: Makhachev vs. Machado Garry;2026-08-15;Meio-médio;Decision - Unanimous;Decisão;5;5:00;25,0;Herb Dean;1;0;0
67;6;UFC 330: Makhachev vs. Machado Garry;2026-08-15;Palha (fem.);Decision - Unanimous;Decisão;5;5:00;25,0;Keith Peterson;1;0;0
68;6;UFC 330: Makhachev vs. Machado Garry;2026-08-15;Leve;KO/TKO;Nocaute;1;0:39;0,65;Jason Herzog;0;0;1
69;6;UFC 330: Makhachev vs. Machado Garry;2026-08-15;Médio;Submission;Finalização;2;4:25;9,42;Keith Peterson;0;0;1
70;6;UFC 330: Makhachev vs. Machado Garry;2026-08-15;Leve;KO/TKO;Nocaute;2;1:32;6,53;Herb Dean;0;0;0
71;6;UFC 330: Makhachev vs. Machado Garry;2026-08-15;Meio-médio;Decision - Unanimous;Decisão;3;5:00;15,0;Keith Peterson;0;0;0
72;6;UFC 330: Makhachev vs. Machado Garry;2026-08-15;Peso casado;Submission;Finalização;3;1:36;11,6;Jason Herzog;0;0;1
73;6;UFC 330: Makhachev vs. Machado Garry;2026-08-15;Médio;KO/TKO;Nocaute;1;1:38;1,63;Blake Grice;0;0;0
74;6;UFC 330: Makhachev vs. Machado Garry;2026-08-15;Médio;Decision - Unanimous;Decisão;3;5:00;15,0;Herb Dean;0;0;0
75;6;UFC 330: Makhachev vs. Machado Garry;2026-08-15;Meio-pesado;KO/TKO;Nocaute;3;1:10;11,17;Keith Peterson;0;0;0
76;6;UFC 330: Makhachev vs. Machado Garry;2026-08-15;Meio-médio;KO/TKO;Nocaute;2;3:20;8,33;Jason Herzog;0;0;0
77;6;UFC 330: Makhachev vs. Machado Garry;2026-08-15;Meio-médio;Submission;Finalização;3;1:24;11,4;Blake Grice;0;0;1
78;7;UFC Fight Night: Gamrot vs. Salkilld;2026-08-08;Leve;Submission;Finalização;1;4:25;4,42;Jason Herzog;0;0;1
79;7;UFC Fight Night: Gamrot vs. Salkilld;2026-08-08;Leve;Decision - Unanimous;Decisão;3;5:00;15,0;Herb Dean;0;1;0
80;7;UFC Fight Night: Gamrot vs. Salkilld;2026-08-08;Pena;KO/TKO;Nocaute;1;0:35;0,58;Kerry Hatley;0;0;0
81;7;UFC Fight Night: Gamrot vs. Salkilld;2026-08-08;Palha (fem.);Decision - Unanimous;Decisão;3;5:00;15,0;Chris Tognoni;0;0;0
82;7;UFC Fight Night: Gamrot vs. Salkilld;2026-08-08;Meio-médio;KO/TKO;Nocaute;3;0:15;10,25;Jason Herzog;0;0;1
83;7;UFC Fight Night: Gamrot vs. Salkilld;2026-08-08;Pesado;Decision - Unanimous;Decisão;3;5:00;15,0;Herb Dean;0;0;0
84;7;UFC Fight Night: Gamrot vs. Salkilld;2026-08-08;Meio-pesado;KO/TKO;Nocaute;1;4:59;4,98;Kerry Hatley;0;0;0
85;7;UFC Fight Night: Gamrot vs. Salkilld;2026-08-08;Pesado;Submission;Finalização;1;1:50;1,83;Chris Tognoni;0;0;0
86;7;UFC Fight Night: Gamrot vs. Salkilld;2026-08-08;Leve;Decision - Unanimous;Decisão;3;5:00;15,0;Jason Herzog;0;0;0
87;7;UFC Fight Night: Gamrot vs. Salkilld;2026-08-08;Pena;KO/TKO;Nocaute;1;3:09;3,15;Herb Dean;0;0;0
88;7;UFC Fight Night: Gamrot vs. Salkilld;2026-08-08;Mosca (fem.);Submission;Finalização;2;1:38;6,63;Kerry Hatley;0;0;0
89;7;UFC Fight Night: Gamrot vs. Salkilld;2026-08-08;Palha (fem.);Decision - Unanimous;Decisão;3;5:00;15,0;Chris Tognoni;0;0;0
90;8;UFC Fight Night: Medic vs. Rodriguez;2026-08-01;Meio-médio;KO/TKO;Nocaute;1;0:30;0,5;Jason Herzog;0;0;1
91;8;UFC Fight Night: Medic vs. Rodriguez;2026-08-01;Meio-pesado;KO/TKO;Nocaute;1;2:56;2,93;Marc Goddard;0;0;1
92;8;UFC Fight Night: Medic vs. Rodriguez;2026-08-01;Pesado;Decision - Unanimous;Decisão;3;5:00;15,0;Kerry Hatley;0;0;0
93;8;UFC Fight Night: Medic vs. Rodriguez;2026-08-01;Médio;Submission;Finalização;1;4:14;4,23;Jacob Montalvo;0;0;0
94;8;UFC Fight Night: Medic vs. Rodriguez;2026-08-01;Médio;KO/TKO;Nocaute;1;1:01;1,02;Marc Goddard;0;0;1
95;8;UFC Fight Night: Medic vs. Rodriguez;2026-08-01;Leve;Submission;Finalização;1;1:21;1,35;Jason Herzog;0;0;0
96;8;UFC Fight Night: Medic vs. Rodriguez;2026-08-01;Leve;KO/TKO;Nocaute;2;4:07;9,12;Kerry Hatley;0;0;0
97;8;UFC Fight Night: Medic vs. Rodriguez;2026-08-01;Meio-médio;KO/TKO;Nocaute;1;1:49;1,82;Jacob Montalvo;0;0;0
98;8;UFC Fight Night: Medic vs. Rodriguez;2026-08-01;Galo;Decision - Unanimous;Decisão;3;5:00;15,0;Marc Goddard;0;0;0
99;8;UFC Fight Night: Medic vs. Rodriguez;2026-08-01;Pena;Submission;Finalização;2;4:33;9,55;Jason Herzog;0;0;0
100;8;UFC Fight Night: Medic vs. Rodriguez;2026-08-01;Leve;KO/TKO;Nocaute;1;4:41;4,68;Kerry Hatley;0;0;0
101;8;UFC Fight Night: Medic vs. Rodriguez;2026-08-01;Galo (fem.);KO/TKO;Nocaute;1;3:41;3,68;Jacob Montalvo;0;0;1
102;8;UFC Fight Night: Medic vs. Rodriguez;2026-08-01;Pesado;KO/TKO;Nocaute;1;2:22;2,37;Vladimir Badrljica;0;0;0
103;8;UFC Fight Night: Medic vs. Rodriguez;2026-08-01;Palha (fem.);Submission;Finalização;1;3:20;3,33;Dejan Tesic;0;0;0
104;9;UFC Fight Night: Ankalaev vs. Guskov;2026-07-25;Meio-pesado;KO/TKO;Nocaute;5;2:41;22,68;Marc Goddard;0;0;0
105;9;UFC Fight Night: Ankalaev vs. Guskov;2026-07-25;Mosca;KO/TKO;Nocaute;1;4:21;4,35;Mike Beltran;0;0;1
106;9;UFC Fight Night: Ankalaev vs. Guskov;2026-07-25;Leve;Decision - Unanimous;Decisão;3;5:00;15,0;Marc Goddard;0;0;0
107;9;UFC Fight Night: Ankalaev vs. Guskov;2026-07-25;Pesado;KO/TKO;Nocaute;3;1:12;11,2;Jim Perdios;0;1;0
108;9;UFC Fight Night: Ankalaev vs. Guskov;2026-07-25;Meio-médio;Decision - Unanimous;Decisão;3;5:00;15,0;Mike Beltran;0;0;0
109;9;UFC Fight Night: Ankalaev vs. Guskov;2026-07-25;Pesado;Submission;Finalização;1;1:32;1,53;Daniel Movahedi;0;0;1
110;9;UFC Fight Night: Ankalaev vs. Guskov;2026-07-25;Meio-pesado;KO/TKO;Nocaute;2;4:49;9,82;Jim Perdios;0;0;0
111;9;UFC Fight Night: Ankalaev vs. Guskov;2026-07-25;Meio-médio;KO/TKO;Nocaute;2;3:06;8,1;Mike Beltran;0;0;0
112;9;UFC Fight Night: Ankalaev vs. Guskov;2026-07-25;Leve;Submission;Finalização;1;4:44;4,73;Marc Goddard;0;0;0
113;9;UFC Fight Night: Ankalaev vs. Guskov;2026-07-25;Meio-pesado;Decision - Unanimous;Decisão;3;5:00;15,0;Daniel Movahedi;0;0;0
114;9;UFC Fight Night: Ankalaev vs. Guskov;2026-07-25;Leve;Decision - Unanimous;Decisão;3;5:00;15,0;Jim Perdios;0;0;0
115;9;UFC Fight Night: Ankalaev vs. Guskov;2026-07-25;Galo;Submission;Finalização;3;3:07;13,12;Mike Beltran;0;0;0
116;10;UFC Fight Night: Du Plessis vs. Usman;2026-07-18;Médio;Decision - Unanimous;Decisão;5;5:00;25,0;Kerry Hatley;0;1;0
117;10;UFC Fight Night: Du Plessis vs. Usman;2026-07-18;Médio;Decision - Unanimous;Decisão;3;5:00;15,0;Herb Dean;0;0;0
118;10;UFC Fight Night: Du Plessis vs. Usman;2026-07-18;Leve;Submission;Finalização;1;2:15;2,25;Blake Grice;0;0;0
119;10;UFC Fight Night: Du Plessis vs. Usman;2026-07-18;Palha (fem.);Decision - Unanimous;Decisão;3;5:00;15,0;Kevin Nix;0;0;0
120;10;UFC Fight Night: Du Plessis vs. Usman;2026-07-18;Pena;KO/TKO;Nocaute;3;3:29;13,48;Nick Berens;0;0;1
121;10;UFC Fight Night: Du Plessis vs. Usman;2026-07-18;Pena;Decision - Unanimous;Decisão;3;5:00;15,0;Kerry Hatley;0;0;0
122;10;UFC Fight Night: Du Plessis vs. Usman;2026-07-18;Meio-médio;Decision - Unanimous;Decisão;3;5:00;15,0;Herb Dean;0;0;0
123;10;UFC Fight Night: Du Plessis vs. Usman;2026-07-18;Meio-pesado;KO/TKO;Nocaute;2;1:40;6,67;Blake Grice;0;0;1
124;10;UFC Fight Night: Du Plessis vs. Usman;2026-07-18;Pena;Decision - Unanimous;Decisão;3;5:00;15,0;Nick Berens;0;0;0
125;10;UFC Fight Night: Du Plessis vs. Usman;2026-07-18;Mosca;Decision - Unanimous;Decisão;3;5:00;15,0;Kevin Nix;0;0;0
126;10;UFC Fight Night: Du Plessis vs. Usman;2026-07-18;Pesado;KO/TKO;Nocaute;1;1:40;1,67;Nick Berens;0;0;0
127;10;UFC Fight Night: Du Plessis vs. Usman;2026-07-18;Mosca (fem.);Submission;Finalização;1;4:04;4,07;Kevin Nix;0;0;0
128;11;UFC 329: McGregor vs. Holloway 2;2026-07-11;Meio-médio;KO/TKO;Nocaute;1;1:09;1,15;Mike Beltran;0;0;0
129;11;UFC 329: McGregor vs. Holloway 2;2026-07-11;Leve;Submission;Finalização;1;0:52;0,87;Marc Goddard;0;0;1
130;11;UFC 329: McGregor vs. Holloway 2;2026-07-11;Galo;Decision - Unanimous;Decisão;3;5:00;15,0;Herb Dean;0;0;0
131;11;UFC 329: McGregor vs. Holloway 2;2026-07-11;Mosca;Submission;Finalização;3;3:40;13,67;Jason Herzog;0;1;0
132;11;UFC 329: McGregor vs. Holloway 2;2026-07-11;Leve;KO/TKO;Nocaute;1;4:59;4,98;Kerry Hatley;0;0;1
133;11;UFC 329: McGregor vs. Holloway 2;2026-07-11;Meio-pesado;KO/TKO;Nocaute;3;1:01;11,02;Chris Tognoni;0;0;0
134;11;UFC 329: McGregor vs. Holloway 2;2026-07-11;Pesado;KO/TKO;Nocaute;1;2:31;2,52;Marc Goddard;0;0;0
135;11;UFC 329: McGregor vs. Holloway 2;2026-07-11;Galo;KO/TKO;Nocaute;1;2:47;2,78;Herb Dean;0;0;0
136;11;UFC 329: McGregor vs. Holloway 2;2026-07-11;Pena;KO/TKO;Nocaute;1;3:03;3,05;Kerry Hatley;0;0;0
137;11;UFC 329: McGregor vs. Holloway 2;2026-07-11;Mosca (fem.);Decision - Unanimous;Decisão;3;5:00;15,0;Jason Herzog;0;0;0
138;11;UFC 329: McGregor vs. Holloway 2;2026-07-11;Médio;KO/TKO;Nocaute;1;4:44;4,73;Chris Tognoni;0;0;0
139;11;UFC 329: McGregor vs. Holloway 2;2026-07-11;Galo;Decision - Unanimous;Decisão;3;5:00;15,0;Marc Goddard;0;0;0
140;11;UFC 329: McGregor vs. Holloway 2;2026-07-11;Médio;KO/TKO;Nocaute;1;1:15;1,25;Mike Beltran;0;0;0
141;11;UFC 329: McGregor vs. Holloway 2;2026-07-11;Mosca;Submission;Finalização;2;2:19;7,32;Jason Herzog;0;0;0
142;12;UFC Fight Night: Fiziev vs. Torres;2026-06-27;Leve;KO/TKO;Nocaute;2;0:15;5,25;Marc Goddard;0;0;1
143;12;UFC Fight Night: Fiziev vs. Torres;2026-06-27;Médio;Decision - Unanimous;Decisão;3;5:00;15,0;Herb Dean;0;0;0
144;12;UFC Fight Night: Fiziev vs. Torres;2026-06-27;Leve;KO/TKO;Nocaute;1;1:31;1,52;Rich Mitchell;0;0;0
145;12;UFC Fight Night: Fiziev vs. Torres;2026-06-27;Mosca;Submission;Finalização;3;3:33;13,55;Herb Dean;0;0;1
146;12;UFC Fight Night: Fiziev vs. Torres;2026-06-27;Médio;Decision - Unanimous;Decisão;3;5:00;15,0;Marc Goddard;0;0;0
147;12;UFC Fight Night: Fiziev vs. Torres;2026-06-27;Médio;Submission;Finalização;1;3:25;3,42;Jim Perdios;0;0;0
148;12;UFC Fight Night: Fiziev vs. Torres;2026-06-27;Meio-médio;Decision - Unanimous;Decisão;3;5:00;15,0;Rich Mitchell;0;0;0
149;12;UFC Fight Night: Fiziev vs. Torres;2026-06-27;Meio-pesado;KO/TKO;Nocaute;1;0:08;0,13;Jim Perdios;0;0;1
150;12;UFC Fight Night: Fiziev vs. Torres;2026-06-27;Médio;Submission;Finalização;1;3:58;3,97;Marc Goddard;0;0;0
151;12;UFC Fight Night: Fiziev vs. Torres;2026-06-27;Pena;Submission;Finalização;1;4:16;4,27;Rich Mitchell;0;0;0
152;12;UFC Fight Night: Fiziev vs. Torres;2026-06-27;Meio-médio;KO/TKO;Nocaute;2;1:35;6,58;Herb Dean;0;0;1
153;12;UFC Fight Night: Fiziev vs. Torres;2026-06-27;Galo;Decision - Unanimous;Decisão;3;5:00;15,0;Rich Mitchell;0;0;0
154;12;UFC Fight Night: Fiziev vs. Torres;2026-06-27;Meio-médio;KO/TKO;Nocaute;3;4:28;14,47;Jim Perdios;0;0;0
155;13;UFC Fight Night: Kape vs. Horiguchi;2026-06-20;Mosca;KO/TKO;Nocaute;3;2:42;12,7;Herb Dean;0;0;1
156;13;UFC Fight Night: Kape vs. Horiguchi;2026-06-20;Meio-pesado;KO/TKO;Nocaute;2;3:23;8,38;Kerry Hatley;0;0;0
157;13;UFC Fight Night: Kape vs. Horiguchi;2026-06-20;Pena;Submission;Finalização;1;3:43;3,72;Mike Beltran;0;0;0
158;13;UFC Fight Night: Kape vs. Horiguchi;2026-06-20;Pena;Submission;Finalização;1;1:17;1,28;Chris Tognoni;0;0;1
159;13;UFC Fight Night: Kape vs. Horiguchi;2026-06-20;Pena;KO/TKO;Nocaute;2;4:56;9,93;Herb Dean;0;1;0
160;13;UFC Fight Night: Kape vs. Horiguchi;2026-06-20;Mosca;Decision - Unanimous;Decisão;3;5:00;15,0;Kerry Hatley;0;0;0
161;13;UFC Fight Night: Kape vs. Horiguchi;2026-06-20;Galo (fem.);Submission;Finalização;1;3:16;3,27;Mike Beltran;0;0;0
162;13;UFC Fight Night: Kape vs. Horiguchi;2026-06-20;Mosca;Decision - Split;Decisão;3;5:00;15,0;Chris Tognoni;0;0;0
163;13;UFC Fight Night: Kape vs. Horiguchi;2026-06-20;Pena;Decision - Unanimous;Decisão;3;5:00;15,0;Herb Dean;0;0;0
164;13;UFC Fight Night: Kape vs. Horiguchi;2026-06-20;Meio-médio;KO/TKO;Nocaute;1;0:23;0,38;Kerry Hatley;0;0;0
165;13;UFC Fight Night: Kape vs. Horiguchi;2026-06-20;Galo (fem.);Decision - Unanimous;Decisão;3;5:00;15,0;Mike Beltran;0;0;0
166;13;UFC Fight Night: Kape vs. Horiguchi;2026-06-20;Pena;Decision - Unanimous;Decisão;3;5:00;15,0;Chris Tognoni;0;0;0
167;14;UFC Freedom 250;2026-06-14;Leve;KO/TKO;Nocaute;4;5:00;20,0;Marc Goddard;1;1;1
168;14;UFC Freedom 250;2026-06-14;Pesado;KO/TKO;Nocaute;2;1:27;6,45;Herb Dean;1;0;1
169;14;UFC Freedom 250;2026-06-14;Galo;KO/TKO;Nocaute;2;4:02;9,03;Jason Herzog;0;0;0
170;14;UFC Freedom 250;2026-06-14;Pesado;KO/TKO;Nocaute;2;4:09;9,15;Herb Dean;0;0;0
171;14;UFC Freedom 250;2026-06-14;Leve;KO/TKO;Nocaute;1;4:29;4,48;Mike Beltran;0;0;0
172;14;UFC Freedom 250;2026-06-14;Médio;KO/TKO;Nocaute;1;4:34;4,57;Jason Herzog;0;0;0
173;14;UFC Freedom 250;2026-06-14;Pena;KO/TKO;Nocaute;2;2:42;7,7;Mike Beltran;0;0;0
174;15;UFC Fight Night: Muhammad vs. Bonfim;2026-06-06;Meio-médio;Decision - Unanimous;Decisão;5;5:00;25,0;Herb Dean;0;0;0
175;15;UFC Fight Night: Muhammad vs. Bonfim;2026-06-06;Médio;Decision - Unanimous;Decisão;3;5:00;15,0;Dan Miragliotta;0;1;0
176;15;UFC Fight Night: Muhammad vs. Bonfim;2026-06-06;Leve;Decision - Unanimous;Decisão;3;5:00;15,0;Jason Herzog;0;0;0
177;15;UFC Fight Night: Muhammad vs. Bonfim;2026-06-06;Galo;Submission;Finalização;3;4:52;14,87;Chris Tognoni;0;0;0
178;15;UFC Fight Night: Muhammad vs. Bonfim;2026-06-06;Meio-pesado;KO/TKO;Nocaute;1;1:25;1,42;Dan Miragliotta;0;0;1
179;15;UFC Fight Night: Muhammad vs. Bonfim;2026-06-06;Peso casado;KO/TKO;Nocaute;1;2:28;2,47;Herb Dean;0;0;0
180;15;UFC Fight Night: Muhammad vs. Bonfim;2026-06-06;Galo;Decision - Unanimous;Decisão;3;5:00;15,0;Jason Herzog;0;0;0
181;15;UFC Fight Night: Muhammad vs. Bonfim;2026-06-06;Mosca;Submission;Finalização;1;4:13;4,22;Chris Tognoni;0;0;1
182;15;UFC Fight Night: Muhammad vs. Bonfim;2026-06-06;Galo (fem.);Submission;Finalização;1;3:42;3,7;Jason Herzog;0;0;0
183;15;UFC Fight Night: Muhammad vs. Bonfim;2026-06-06;Pena;Submission;Finalização;1;4:19;4,32;Herb Dean;0;0;0
184;15;UFC Fight Night: Muhammad vs. Bonfim;2026-06-06;Mosca (fem.);Decision - Split;Decisão;3;5:00;15,0;Dan Miragliotta;0;0;0
185;15;UFC Fight Night: Muhammad vs. Bonfim;2026-06-06;Palha (fem.);KO/TKO;Nocaute;1;1:34;1,57;Chris Tognoni;0;0;0
186;16;UFC Fight Night: Song vs. Figueiredo;2026-05-30;Galo;Submission;Finalização;2;4:42;9,7;Jason Herzog;0;0;1
187;16;UFC Fight Night: Song vs. Figueiredo;2026-05-30;Meio-pesado;KO/TKO;Nocaute;1;4:15;4,25;Marc Goddard;0;1;0
188;16;UFC Fight Night: Song vs. Figueiredo;2026-05-30;Pesado;KO/TKO;Nocaute;1;0:39;0,65;Lukasz Bosacki;0;0;0
189;16;UFC Fight Night: Song vs. Figueiredo;2026-05-30;Galo;KO/TKO;Nocaute;1;1:50;1,83;Marc Goddard;0;0;1
190;16;UFC Fight Night: Song vs. Figueiredo;2026-05-30;Meio-médio;Decision - Unanimous;Decisão;3;5:00;15,0;Jason Herzog;0;0;0
191;16;UFC Fight Night: Song vs. Figueiredo;2026-05-30;Mosca;Could Not Continue;Outro;2;1:45;6,75;Mark Craig;0;0;0
192;16;UFC Fight Night: Song vs. Figueiredo;2026-05-30;Médio;KO/TKO;Nocaute;1;3:40;3,67;Lukasz Bosacki;0;0;0
193;16;UFC Fight Night: Song vs. Figueiredo;2026-05-30;Meio-médio;Decision - Split;Decisão;3;5:00;15,0;Vitor Ribeiro;0;0;0
194;16;UFC Fight Night: Song vs. Figueiredo;2026-05-30;Galo;KO/TKO;Nocaute;2;2:11;7,18;Jason Herzog;0;0;0
195;16;UFC Fight Night: Song vs. Figueiredo;2026-05-30;Galo;Submission;Finalização;1;3:19;3,32;Marc Goddard;0;0;0
196;16;UFC Fight Night: Song vs. Figueiredo;2026-05-30;Palha (fem.);Decision - Unanimous;Decisão;3;5:00;15,0;Mark Craig;0;0;0
197;16;UFC Fight Night: Song vs. Figueiredo;2026-05-30;Pena;KO/TKO;Nocaute;1;1:50;1,83;Lukasz Bosacki;0;0;0
198;16;UFC Fight Night: Song vs. Figueiredo;2026-05-30;Palha (fem.);Submission;Finalização;1;4:04;4,07;Vitor Ribeiro;0;0;0
199;17;UFC Fight Night: Allen vs. Costa;2026-05-16;Pena;Decision - Unanimous;Decisão;5;5:00;25,0;Chris Tognoni;0;0;0
200;17;UFC Fight Night: Allen vs. Costa;2026-05-16;Pena;KO/TKO;Nocaute;2;4:29;9,48;Kerry Hatley;0;1;0
201;17;UFC Fight Night: Allen vs. Costa;2026-05-16;Galo;Submission;Finalização;2;4:08;9,13;Eric McMahon;0;0;1
202;17;UFC Fight Night: Allen vs. Costa;2026-05-16;Peso casado;Decision - Split;Decisão;3;5:00;15,0;Kerry Hatley;0;0;0
203;17;UFC Fight Night: Allen vs. Costa;2026-05-16;Galo;Submission;Finalização;2;2:25;7,42;Jerin Valel;0;0;0
204;17;UFC Fight Night: Allen vs. Costa;2026-05-16;Meio-médio;KO/TKO;Nocaute;1;3:31;3,52;Chris Tognoni;0;0;0
205;17;UFC Fight Night: Allen vs. Costa;2026-05-16;Meio-pesado;Decision - Unanimous;Decisão;3;5:00;15,0;Eric McMahon;0;0;0
206;17;UFC Fight Night: Allen vs. Costa;2026-05-16;Leve;KO/TKO;Nocaute;2;2:51;7,85;Kerry Hatley;0;0;0
207;17;UFC Fight Night: Allen vs. Costa;2026-05-16;Galo (fem.);Decision - Unanimous;Decisão;3;5:00;15,0;Jerin Valel;0;0;0
208;17;UFC Fight Night: Allen vs. Costa;2026-05-16;Médio;KO/TKO;Nocaute;2;0:44;5,73;Chris Tognoni;0;0;0
209;17;UFC Fight Night: Allen vs. Costa;2026-05-16;Palha (fem.);Submission;Finalização;2;4:36;9,6;Eric McMahon;0;0;1
210;17;UFC Fight Night: Allen vs. Costa;2026-05-16;Mosca;Decision - Unanimous;Decisão;3;5:00;15,0;Jerin Valel;0;0;0
211;17;UFC Fight Night: Allen vs. Costa;2026-05-16;Palha (fem.);Submission;Finalização;3;3:08;13,13;Kerry Hatley;0;0;0
212;18;UFC 328: Chimaev vs. Strickland;2026-05-09;Médio;Decision - Split;Decisão;5;5:00;25,0;Herb Dean;1;0;0
213;18;UFC 328: Chimaev vs. Strickland;2026-05-09;Mosca;KO/TKO;Nocaute;5;1:32;21,53;Vitor Ribeiro;1;1;0
214;18;UFC 328: Chimaev vs. Strickland;2026-05-09;Pesado;Decision - Unanimous;Decisão;3;5:00;15,0;Mike Beltran;0;0;0
215;18;UFC 328: Chimaev vs. Strickland;2026-05-09;Meio-médio;Decision - Unanimous;Decisão;3;5:00;15,0;Keith Peterson;0;0;0
216;18;UFC 328: Chimaev vs. Strickland;2026-05-09;Leve;Submission;Finalização;1;4:20;4,33;Gary Copeland;0;0;0
217;18;UFC 328: Chimaev vs. Strickland;2026-05-09;Médio;KO/TKO;Nocaute;2;1:10;6,17;Gary Copeland;0;0;0
218;18;UFC 328: Chimaev vs. Strickland;2026-05-09;Meio-médio;Submission;Finalização;2;1:13;6,22;Keith Peterson;0;0;1
219;18;UFC 328: Chimaev vs. Strickland;2026-05-09;Leve;Submission;Finalização;3;4:42;14,7;Mike Beltran;0;0;0
220;18;UFC 328: Chimaev vs. Strickland;2026-05-09;Leve;Submission;Finalização;1;3:29;3,48;Keith Peterson;0;0;1
221;18;UFC 328: Chimaev vs. Strickland;2026-05-09;Médio;Decision - Unanimous;Decisão;3;5:00;15,0;Gasper Oliver;0;0;0
222;18;UFC 328: Chimaev vs. Strickland;2026-05-09;Pena;Decision - Unanimous;Decisão;3;5:00;15,0;Vincent Dudley;0;0;0
223;18;UFC 328: Chimaev vs. Strickland;2026-05-09;Médio;Submission;Finalização;3;4:12;14,2;Gasper Oliver;0;0;0
224;18;UFC 328: Chimaev vs. Strickland;2026-05-09;Mosca;Decision - Unanimous;Decisão;3;5:00;15,0;Giovanna Scano;0;0;0
225;19;UFC Fight Night: Della Maddalena vs. Prates;2026-05-02;Meio-médio;KO/TKO;Nocaute;3;3:17;13,28;Mike Beltran;0;0;1
226;19;UFC Fight Night: Della Maddalena vs. Prates;2026-05-02;Leve;KO/TKO;Nocaute;1;3:29;3,48;Rich Mitchell;0;0;1
227;19;UFC Fight Night: Della Maddalena vs. Prates;2026-05-02;Mosca;Decision - Unanimous;Decisão;3;5:00;15,0;Lukasz Bosacki;0;0;0
228;19;UFC Fight Night: Della Maddalena vs. Prates;2026-05-02;Pena;KO/TKO;Nocaute;1;2:47;2,78;Mike Beltran;0;0;0
229;19;UFC Fight Night: Della Maddalena vs. Prates;2026-05-02;Pesado;KO/TKO;Nocaute;2;3:44;8,73;Daniel Movahedi;0;1;0
230;19;UFC Fight Night: Della Maddalena vs. Prates;2026-05-02;Pesado;Decision - Unanimous;Decisão;3;5:00;15,0;Rich Mitchell;0;0;0
231;19;UFC Fight Night: Della Maddalena vs. Prates;2026-05-02;Médio;Decision - Unanimous;Decisão;3;5:00;15,0;Lukasz Bosacki;0;0;0
232;19;UFC Fight Night: Della Maddalena vs. Prates;2026-05-02;Meio-pesado;KO/TKO;Nocaute;1;2:42;2,7;Matt Wynne;0;0;0
233;19;UFC Fight Night: Della Maddalena vs. Prates;2026-05-02;Médio;Decision - Unanimous;Decisão;3;5:00;15,0;Mike Beltran;0;0;0
234;19;UFC Fight Night: Della Maddalena vs. Prates;2026-05-02;Galo;Decision - Unanimous;Decisão;3;5:00;15,0;Daniel Movahedi;0;0;0
235;19;UFC Fight Night: Della Maddalena vs. Prates;2026-05-02;Médio;Submission;Finalização;3;1:50;11,83;Rich Mitchell;0;0;0
236;19;UFC Fight Night: Della Maddalena vs. Prates;2026-05-02;Meio-médio;Decision - Split;Decisão;3;5:00;15,0;Lukasz Bosacki;0;0;0
237;19;UFC Fight Night: Della Maddalena vs. Prates;2026-05-02;Leve;Submission;Finalização;1;3:56;3,93;Matt Wynne;0;0;0
238;20;UFC Fight Night: Sterling vs. Zalal;2026-04-25;Pena;Decision - Unanimous;Decisão;5;5:00;25,0;Herb Dean;0;0;0
239;20;UFC Fight Night: Sterling vs. Zalal;2026-04-25;Galo (fem.);Decision - Unanimous;Decisão;3;5:00;15,0;Jason Herzog;0;0;0
240;20;UFC Fight Night: Sterling vs. Zalal;2026-04-25;Leve;Decision - Unanimous;Decisão;3;5:00;15,0;Kerry Hatley;0;0;0
241;20;UFC Fight Night: Sterling vs. Zalal;2026-04-25;Galo;Decision - Unanimous;Decisão;3;5:00;15,0;Chris Tognoni;0;1;0
242;20;UFC Fight Night: Sterling vs. Zalal;2026-04-25;Galo;Decision - Split;Decisão;3;5:00;15,0;Jason Herzog;0;0;0
243;20;UFC Fight Night: Sterling vs. Zalal;2026-04-25;Pesado;KO/TKO;Nocaute;2;2:10;7,17;Herb Dean;0;0;1
244;20;UFC Fight Night: Sterling vs. Zalal;2026-04-25;Médio;Decision - Unanimous;Decisão;3;5:00;15,0;Kerry Hatley;0;0;0
245;20;UFC Fight Night: Sterling vs. Zalal;2026-04-25;Médio;Submission;Finalização;1;2:14;2,23;Chris Tognoni;0;0;1
246;20;UFC Fight Night: Sterling vs. Zalal;2026-04-25;Galo (fem.);Decision - Unanimous;Decisão;3;5:00;15,0;Herb Dean;0;0;0
247;20;UFC Fight Night: Sterling vs. Zalal;2026-04-25;Galo;Decision - Unanimous;Decisão;3;5:00;15,0;Jason Herzog;0;0;0
248;20;UFC Fight Night: Sterling vs. Zalal;2026-04-25;Leve;Decision - Unanimous;Decisão;3;5:00;15,0;Kerry Hatley;0;0;0
249;20;UFC Fight Night: Sterling vs. Zalal;2026-04-25;Meio-médio;Decision - Unanimous;Decisão;3;5:00;15,0;Chris Tognoni;0;0;0
250;20;UFC Fight Night: Sterling vs. Zalal;2026-04-25;Palha (fem.);Decision - Unanimous;Decisão;3;5:00;15,0;Jason Herzog;0;0;0
251;21;UFC Fight Night: Burns vs. Malott;2026-04-18;Meio-médio;KO/TKO;Nocaute;3;2:08;12,13;Herb Dean;0;0;1
252;21;UFC Fight Night: Burns vs. Malott;2026-04-18;Galo;Decision - Unanimous;Decisão;3;5:00;15,0;Jerin Valel;0;1;0
253;21;UFC Fight Night: Burns vs. Malott;2026-04-18;Leve;KO/TKO;Nocaute;1;2:05;2,08;Jason Herzog;0;0;0
254;21;UFC Fight Night: Burns vs. Malott;2026-04-18;Mosca (fem.);Decision - Unanimous;Decisão;3;5:00;15,0;Jerin Valel;0;0;0
255;21;UFC Fight Night: Burns vs. Malott;2026-04-18;Leve;Decision - Split;Decisão;3;5:00;15,0;Jason Herzog;0;0;0
256;21;UFC Fight Night: Burns vs. Malott;2026-04-18;Pena;KO/TKO;Nocaute;1;1:20;1,33;Herb Dean;0;0;1
257;21;UFC Fight Night: Burns vs. Malott;2026-04-18;Médio;Submission;Finalização;1;2:22;2,37;Chris Desautels;0;0;0
258;21;UFC Fight Night: Burns vs. Malott;2026-04-18;Pesado;KO/TKO;Nocaute;2;4:43;9,72;Herb Dean;0;0;0
259;21;UFC Fight Night: Burns vs. Malott;2026-04-18;Galo (fem.);Decision - Unanimous;Decisão;3;5:00;15,0;Jerin Valel;0;0;0
260;21;UFC Fight Night: Burns vs. Malott;2026-04-18;Mosca (fem.);Decision - Unanimous;Decisão;3;5:00;15,0;Herb Dean;0;0;0
261;21;UFC Fight Night: Burns vs. Malott;2026-04-18;Peso casado;Decision - Majority;Decisão;3;5:00;15,0;Jason Herzog;0;0;0
262;21;UFC Fight Night: Burns vs. Malott;2026-04-18;Galo;KO/TKO;Nocaute;1;2:43;2,72;Chris Desautels;0;0;0
263;22;UFC 327: Prochazka vs. Ulberg;2026-04-11;Meio-pesado;KO/TKO;Nocaute;1;3:45;3,75;Marc Goddard;1;0;1
264;22;UFC 327: Prochazka vs. Ulberg;2026-04-11;Meio-pesado;KO/TKO;Nocaute;3;1:23;11,38;Keith Peterson;0;0;0
265;22;UFC 327: Prochazka vs. Ulberg;2026-04-11;Pesado;Decision - Unanimous;Decisão;3;5:00;15,0;Herb Dean;0;1;1
266;22;UFC 327: Prochazka vs. Ulberg;2026-04-11;Meio-pesado;Decision - Split;Decisão;3;5:00;15,0;Kevin MacDonald;0;0;0
267;22;UFC 327: Prochazka vs. Ulberg;2026-04-11;Pena;KO/TKO;Nocaute;1;4:06;4,1;Herb Dean;0;0;0
268;22;UFC 327: Prochazka vs. Ulberg;2026-04-11;Pena;Decision - Unanimous;Decisão;3;5:00;15,0;Keith Peterson;0;0;0
269;22;UFC 327: Prochazka vs. Ulberg;2026-04-11;Meio-médio;Decision - Unanimous;Decisão;3;5:00;15,0;Marc Goddard;0;0;0
270;22;UFC 327: Prochazka vs. Ulberg;2026-04-11;Leve;Submission;Finalização;2;4:19;9,32;Kevin MacDonald;0;0;0
271;22;UFC 327: Prochazka vs. Ulberg;2026-04-11;Palha (fem.);Submission;Finalização;2;2:29;7,48;Herb Dean;0;0;0
272;22;UFC 327: Prochazka vs. Ulberg;2026-04-11;Leve;Decision - Majority;Decisão;3;5:00;15,0;Keith Peterson;0;0;0
273;22;UFC 327: Prochazka vs. Ulberg;2026-04-11;Médio;Submission;Finalização;1;4:08;4,13;Kevin MacDonald;0;0;0
274;22;UFC 327: Prochazka vs. Ulberg;2026-04-11;Meio-médio;Decision - Unanimous;Decisão;3;5:00;15,0;Marc Goddard;0;0;0
275;23;UFC Fight Night: Moicano vs. Duncan;2026-04-04;Leve;Submission;Finalização;2;3:14;8,23;Herb Dean;0;0;0
276;23;UFC Fight Night: Moicano vs. Duncan;2026-04-04;Palha (fem.);Decision - Unanimous;Decisão;3;5:00;15,0;Keith Peterson;0;0;0
277;23;UFC Fight Night: Moicano vs. Duncan;2026-04-04;Meio-pesado;Submission;Finalização;1;2:52;2,87;Mike Beltran;0;0;0
278;23;UFC Fight Night: Moicano vs. Duncan;2026-04-04;Galo;KO/TKO;Nocaute;3;1:44;11,73;Chris Tognoni;0;0;0
279;23;UFC Fight Night: Moicano vs. Duncan;2026-04-04;Pena;KO/TKO;Nocaute;1;3:57;3,95;Herb Dean;0;1;0
280;23;UFC Fight Night: Moicano vs. Duncan;2026-04-04;Pena;Decision - Unanimous;Decisão;3;5:00;15,0;Keith Peterson;0;0;0
281;23;UFC Fight Night: Moicano vs. Duncan;2026-04-04;Pesado;Decision - Majority;Decisão;3;5:00;15,0;Mike Beltran;0;0;0
282;23;UFC Fight Night: Moicano vs. Duncan;2026-04-04;Mosca;KO/TKO;Nocaute;2;4:56;9,93;Chris Tognoni;0;0;1
283;23;UFC Fight Night: Moicano vs. Duncan;2026-04-04;Leve;KO/TKO;Nocaute;2;0:52;5,87;Herb Dean;0;0;0
284;23;UFC Fight Night: Moicano vs. Duncan;2026-04-04;Galo (fem.);KO/TKO;Nocaute;2;4:24;9,4;Keith Peterson;0;0;1
285;23;UFC Fight Night: Moicano vs. Duncan;2026-04-04;Médio;Submission;Finalização;3;3:27;13,45;Mike Beltran;0;0;0
286;23;UFC Fight Night: Moicano vs. Duncan;2026-04-04;Mosca (fem.);Decision - Majority;Decisão;3;5:00;15,0;Chris Tognoni;0;0;0
287;23;UFC Fight Night: Moicano vs. Duncan;2026-04-04;Leve;Decision - Split;Decisão;3;5:00;15,0;Keith Peterson;0;0;0
288;24;UFC Fight Night: Adesanya vs. Pyfer;2026-03-28;Médio;KO/TKO;Nocaute;2;4:18;9,3;Herb Dean;0;0;1
289;24;UFC Fight Night: Adesanya vs. Pyfer;2026-03-28;Mosca (fem.);KO/TKO;Nocaute;1;2:42;2,7;Mike Beltran;0;0;1
290;24;UFC Fight Night: Adesanya vs. Pyfer;2026-03-28;Meio-médio;Submission;Finalização;1;1:03;1,05;Keith Peterson;0;0;0
291;24;UFC Fight Night: Adesanya vs. Pyfer;2026-03-28;Pena;KO/TKO;Nocaute;1;3:33;3,55;Blake Grice;0;0;0
292;24;UFC Fight Night: Adesanya vs. Pyfer;2026-03-28;Médio;KO/TKO;Nocaute;3;3:39;13,65;Mike Beltran;0;0;0
293;24;UFC Fight Night: Adesanya vs. Pyfer;2026-03-28;Leve;KO/TKO;Nocaute;1;0:24;0,4;Herb Dean;0;0;0
294;24;UFC Fight Night: Adesanya vs. Pyfer;2026-03-28;Leve;Decision - Unanimous;Decisão;3;5:00;15,0;Bobby  Wombacher;0;1;0
295;24;UFC Fight Night: Adesanya vs. Pyfer;2026-03-28;Leve;KO/TKO;Nocaute;1;2:56;2,93;Blake Grice;0;0;0
296;24;UFC Fight Night: Adesanya vs. Pyfer;2026-03-28;Pesado;Decision - Unanimous;Decisão;3;5:00;15,0;Herb Dean;0;0;0
297;24;UFC Fight Night: Adesanya vs. Pyfer;2026-03-28;Mosca (fem.);KO/TKO;Nocaute;1;3:11;3,18;Mike Beltran;0;0;0
298;24;UFC Fight Night: Adesanya vs. Pyfer;2026-03-28;Meio-pesado;KO/TKO;Nocaute;2;4:05;9,08;Keith Peterson;0;0;0
299;24;UFC Fight Night: Adesanya vs. Pyfer;2026-03-28;Galo;Decision - Majority;Decisão;3;5:00;15,0;Blake Grice;0;0;0
300;24;UFC Fight Night: Adesanya vs. Pyfer;2026-03-28;Palha (fem.);Decision - Unanimous;Decisão;3;5:00;15,0;Bobby  Wombacher;0;0;0
301;25;UFC Fight Night: Evloev vs. Murphy;2026-03-21;Pena;Decision - Majority;Decisão;5;5:00;25,0;Marc Goddard;0;0;0
302;25;UFC Fight Night: Evloev vs. Murphy;2026-03-21;Pena;Decision - Unanimous;Decisão;3;5:00;15,0;Jason Herzog;0;0;0
303;25;UFC Fight Night: Evloev vs. Murphy;2026-03-21;Meio-médio;Decision - Unanimous;Decisão;3;5:00;15,0;Rich Mitchell;0;0;0
304;25;UFC Fight Night: Evloev vs. Murphy;2026-03-21;Meio-pesado;KO/TKO;Nocaute;1;0:28;0,47;Lukasz Bosacki;0;0;1
305;25;UFC Fight Night: Evloev vs. Murphy;2026-03-21;Médio;Decision - Unanimous;Decisão;3;5:00;15,0;Jason Herzog;0;0;0
306;25;UFC Fight Night: Evloev vs. Murphy;2026-03-21;Pena;KO/TKO;Nocaute;2;0:31;5,52;Rich Mitchell;0;0;0
307;25;UFC Fight Night: Evloev vs. Murphy;2026-03-21;Leve;Decision - Unanimous;Decisão;3;5:00;15,0;Marc Goddard;0;1;0
308;25;UFC Fight Night: Evloev vs. Murphy;2026-03-21;Pena;Decision - Split;Decisão;3;5:00;15,0;Jason Herzog;0;0;0
309;25;UFC Fight Night: Evloev vs. Murphy;2026-03-21;Pesado;Decision - Unanimous;Decisão;3;5:00;15,0;Lukasz Bosacki;0;0;0
310;25;UFC Fight Night: Evloev vs. Murphy;2026-03-21;Médio;Decision - Unanimous;Decisão;3;5:00;15,0;Rich Mitchell;0;0;0
311;25;UFC Fight Night: Evloev vs. Murphy;2026-03-21;Pesado;KO/TKO;Nocaute;1;1:48;1,8;Marc Goddard;0;0;0
312;25;UFC Fight Night: Evloev vs. Murphy;2026-03-21;Leve;Decision - Unanimous;Decisão;3;5:00;15,0;Jason Herzog;0;0;0
313;25;UFC Fight Night: Evloev vs. Murphy;2026-03-21;Palha (fem.);KO/TKO;Nocaute;2;1:17;6,28;Lukasz Bosacki;0;0;1
314;26;UFC Fight Night: Emmett vs. Vallejos;2026-03-14;Pena;KO/TKO;Nocaute;1;3:33;3,55;Herb Dean;0;0;1
315;26;UFC Fight Night: Emmett vs. Vallejos;2026-03-14;Palha (fem.);Decision - Unanimous;Decisão;3;5:00;15,0;Keith Peterson;0;0;0
316;26;UFC Fight Night: Emmett vs. Vallejos;2026-03-14;Pena;Decision - Split;Decisão;3;5:00;15,0;Chris Tognoni;0;0;0
317;26;UFC Fight Night: Emmett vs. Vallejos;2026-03-14;Pena;KO/TKO;Nocaute;2;5:00;10,0;Eric McMahon;0;1;0
318;26;UFC Fight Night: Emmett vs. Vallejos;2026-03-14;Meio-pesado;Submission;Finalização;1;4:24;4,4;Herb Dean;0;0;0
319;26;UFC Fight Night: Emmett vs. Vallejos;2026-03-14;Mosca;Decision - Split;Decisão;3;5:00;15,0;Keith Peterson;0;0;0
320;26;UFC Fight Night: Emmett vs. Vallejos;2026-03-14;Meio-médio;Decision - Unanimous;Decisão;3;5:00;15,0;Chris Tognoni;0;0;0
321;26;UFC Fight Night: Emmett vs. Vallejos;2026-03-14;Pesado;Decision - Unanimous;Decisão;3;5:00;15,0;Eric McMahon;0;0;0
322;26;UFC Fight Night: Emmett vs. Vallejos;2026-03-14;Galo;Submission;Finalização;2;1:04;6,07;Herb Dean;0;0;0
323;26;UFC Fight Night: Emmett vs. Vallejos;2026-03-14;Leve;KO/TKO;Nocaute;3;4:12;14,2;Keith Peterson;0;0;1
324;26;UFC Fight Night: Emmett vs. Vallejos;2026-03-14;Médio;Decision - Unanimous;Decisão;3;5:00;15,0;Chris Tognoni;0;0;0
325;26;UFC Fight Night: Emmett vs. Vallejos;2026-03-14;Galo (fem.);Submission;Finalização;1;2:07;2,12;Eric McMahon;0;0;0
326;26;UFC Fight Night: Emmett vs. Vallejos;2026-03-14;Galo;Decision - Unanimous;Decisão;3;5:00;15,0;Keith Peterson;0;0;0
327;26;UFC Fight Night: Emmett vs. Vallejos;2026-03-14;Palha (fem.);Decision - Unanimous;Decisão;3;5:00;15,0;Chris Tognoni;0;0;0
328;27;UFC 326: Holloway vs. Oliveira 2;2026-03-07;Leve;Decision - Unanimous;Decisão;5;5:00;25,0;Marc Goddard;0;0;0
329;27;UFC 326: Holloway vs. Oliveira 2;2026-03-07;Médio;Decision - Unanimous;Decisão;3;5:00;15,0;Herb Dean;0;0;0
330;27;UFC 326: Holloway vs. Oliveira 2;2026-03-07;Galo;Decision - Unanimous;Decisão;3;5:00;15,0;Jason Herzog;0;0;0
331;27;UFC 326: Holloway vs. Oliveira 2;2026-03-07;Leve;KO/TKO;Nocaute;2;1:53;6,88;Kerry Hatley;0;0;1
332;27;UFC 326: Holloway vs. Oliveira 2;2026-03-07;Médio;KO/TKO;Nocaute;1;1:47;1,78;Chris Tognoni;0;0;1
333;27;UFC 326: Holloway vs. Oliveira 2;2026-03-07;Galo;Decision - Unanimous;Decisão;3;5:00;15,0;Herb Dean;0;0;0
334;27;UFC 326: Holloway vs. Oliveira 2;2026-03-07;Médio;Decision - Split;Decisão;3;5:00;15,0;Marc Goddard;0;0;0
335;27;UFC 326: Holloway vs. Oliveira 2;2026-03-07;Pena;Submission;Finalização;2;0:40;5,67;Kerry Hatley;0;0;1
336;27;UFC 326: Holloway vs. Oliveira 2;2026-03-07;Mosca;Decision - Unanimous;Decisão;3;5:00;15,0;Jason Herzog;0;0;0
337;27;UFC 326: Holloway vs. Oliveira 2;2026-03-07;Mosca;Decision - Unanimous;Decisão;3;5:00;15,0;Chris Tognoni;0;0;0
338;27;UFC 326: Holloway vs. Oliveira 2;2026-03-07;Meio-pesado;Decision - Unanimous;Decisão;3;5:00;15,0;Herb Dean;0;0;0
339;27;UFC 326: Holloway vs. Oliveira 2;2026-03-07;Meio-pesado;KO/TKO;Nocaute;1;2:42;2,7;Kerry Hatley;0;0;1
340;28;UFC Fight Night: Moreno vs. Kavanagh;2026-02-28;Mosca;Decision - Unanimous;Decisão;5;5:00;25,0;Herb Dean;0;0;1
341;28;UFC Fight Night: Moreno vs. Kavanagh;2026-02-28;Galo;Decision - Unanimous;Decisão;3;5:00;15,0;Marc Goddard;0;0;0
342;28;UFC Fight Night: Moreno vs. Kavanagh;2026-02-28;Leve;KO/TKO;Nocaute;2;4:55;9,92;Herb Dean;0;0;0
343;28;UFC Fight Night: Moreno vs. Kavanagh;2026-02-28;Mosca;Decision - Split;Decisão;3;5:00;15,0;Marc Goddard;0;0;0
344;28;UFC Fight Night: Moreno vs. Kavanagh;2026-02-28;Mosca;KO/TKO;Nocaute;2;4:21;9,35;Raul Porrata;0;0;1
345;28;UFC Fight Night: Moreno vs. Kavanagh;2026-02-28;Galo;Decision - Unanimous;Decisão;3;5:00;15,0;Fernando Salas Navarro;0;0;0
346;28;UFC Fight Night: Moreno vs. Kavanagh;2026-02-28;Médio;KO/TKO;Nocaute;1;0:41;0,68;Horacio Lopez Villanueva;0;0;0
347;28;UFC Fight Night: Moreno vs. Kavanagh;2026-02-28;Galo (fem.);Decision - Unanimous;Decisão;3;5:00;15,0;Raul Porrata;0;0;0
348;28;UFC Fight Night: Moreno vs. Kavanagh;2026-02-28;Galo;Decision - Unanimous;Decisão;3;5:00;15,0;Marc Goddard;0;0;0
349;28;UFC Fight Night: Moreno vs. Kavanagh;2026-02-28;Pena;KO/TKO;Nocaute;1;4:59;4,98;Herb Dean;0;0;0
350;28;UFC Fight Night: Moreno vs. Kavanagh;2026-02-28;Peso casado;Decision - Unanimous;Decisão;3;5:00;15,0;Raul Porrata;0;1;0
351;28;UFC Fight Night: Moreno vs. Kavanagh;2026-02-28;Pena;Submission;Finalização;1;2:29;2,48;Fernando Salas Navarro;0;0;0
352;28;UFC Fight Night: Moreno vs. Kavanagh;2026-02-28;Médio;KO/TKO;Nocaute;1;2:30;2,5;Horacio Lopez Villanueva;0;0;0
353;29;UFC Fight Night: Strickland vs. Hernandez;2026-02-21;Médio;KO/TKO;Nocaute;3;2:23;12,38;Herb Dean;0;0;1
354;29;UFC Fight Night: Strickland vs. Hernandez;2026-02-21;Meio-médio;KO/TKO;Nocaute;1;1:19;1,32;Kerry Hatley;0;0;1
355;29;UFC Fight Night: Strickland vs. Hernandez;2026-02-21;Pena;KO/TKO;Nocaute;1;4:56;4,93;Jacob Montalvo;0;0;1
356;29;UFC Fight Night: Strickland vs. Hernandez;2026-02-21;Pesado;Decision - Unanimous;Decisão;3;5:00;15,0;Dan Miragliotta;0;0;0
357;29;UFC Fight Night: Strickland vs. Hernandez;2026-02-21;Meio-médio;KO/TKO;Nocaute;1;3:01;3,02;Kerry Hatley;0;0;1
358;29;UFC Fight Night: Strickland vs. Hernandez;2026-02-21;Médio;Decision - Split;Decisão;3;5:00;15,0;Herb Dean;0;0;0
359;29;UFC Fight Night: Strickland vs. Hernandez;2026-02-21;Meio-médio;Decision - Unanimous;Decisão;3;5:00;15,0;Kerry Hatley;0;0;0
360;29;UFC Fight Night: Strickland vs. Hernandez;2026-02-21;Mosca;Overturned;Outro;3;5:00;15,0;Dan Miragliotta;0;0;0
361;29;UFC Fight Night: Strickland vs. Hernandez;2026-02-21;Mosca;Decision - Unanimous;Decisão;3;5:00;15,0;Jeff Rexroad;0;0;0
362;29;UFC Fight Night: Strickland vs. Hernandez;2026-02-21;Galo (fem.);Submission;Finalização;2;2:44;7,73;Jacob Montalvo;0;0;0
363;29;UFC Fight Night: Strickland vs. Hernandez;2026-02-21;Meio-médio;Decision - Unanimous;Decisão;3;5:00;15,0;Dan Miragliotta;0;0;0
364;29;UFC Fight Night: Strickland vs. Hernandez;2026-02-21;Meio-médio;Decision - Split;Decisão;3;5:00;15,0;Herb Dean;0;0;0
365;29;UFC Fight Night: Strickland vs. Hernandez;2026-02-21;Pena;Decision - Unanimous;Decisão;3;5:00;15,0;Kerry Hatley;0;0;0
366;29;UFC Fight Night: Strickland vs. Hernandez;2026-02-21;Mosca (fem.);Decision - Unanimous;Decisão;3;5:00;15,0;Jeff Rexroad;0;0;0
367;30;UFC Fight Night: Bautista vs. Oliveira;2026-02-07;Galo;Submission;Finalização;2;4:46;9,77;Herb Dean;0;0;1
368;30;UFC Fight Night: Bautista vs. Oliveira;2026-02-07;Mosca;Decision - Unanimous;Decisão;3;5:00;15,0;Keith Peterson;0;0;0
369;30;UFC Fight Night: Bautista vs. Oliveira;2026-02-07;Pesado;Decision - Unanimous;Decisão;3;5:00;15,0;Dan Miragliotta;0;0;0
370;30;UFC Fight Night: Bautista vs. Oliveira;2026-02-07;Médio;Decision - Unanimous;Decisão;3;5:00;15,0;Chris Tognoni;0;1;0
371;30;UFC Fight Night: Bautista vs. Oliveira;2026-02-07;Galo;Decision - Split;Decisão;3;5:00;15,0;Herb Dean;0;0;0
372;30;UFC Fight Night: Bautista vs. Oliveira;2026-02-07;Meio-pesado;KO/TKO;Nocaute;2;1:42;6,7;Dan Miragliotta;0;0;0
373;30;UFC Fight Night: Bautista vs. Oliveira;2026-02-07;Meio-médio;Decision - Unanimous;Decisão;3;5:00;15,0;Keith Peterson;0;0;0
374;30;UFC Fight Night: Bautista vs. Oliveira;2026-02-07;Meio-médio;KO/TKO;Nocaute;1;1:42;1,7;Chris Tognoni;0;0;0
375;30;UFC Fight Night: Bautista vs. Oliveira;2026-02-07;Palha (fem.);Decision - Unanimous;Decisão;3;5:00;15,0;Herb Dean;0;0;0
376;30;UFC Fight Night: Bautista vs. Oliveira;2026-02-07;Galo;Decision - Unanimous;Decisão;3;5:00;15,0;Dan Miragliotta;0;0;0
377;30;UFC Fight Night: Bautista vs. Oliveira;2026-02-07;Peso casado;Decision - Unanimous;Decisão;3;5:00;15,0;Keith Peterson;0;0;0
378;30;UFC Fight Night: Bautista vs. Oliveira;2026-02-07;Galo;Submission;Finalização;3;4:59;14,98;Chris Tognoni;0;0;1
379;30;UFC Fight Night: Bautista vs. Oliveira;2026-02-07;Galo (fem.);Decision - Unanimous;Decisão;3;5:00;15,0;Keith Peterson;0;0;0
380;31;UFC 325: Volkanovski vs. Lopes 2;2026-01-31;Pena;Decision - Unanimous;Decisão;5;5:00;25,0;Marc Goddard;1;1;0
381;31;UFC 325: Volkanovski vs. Lopes 2;2026-01-31;Leve;KO/TKO;Nocaute;2;4:45;9,75;Herb Dean;0;0;0
382;31;UFC 325: Volkanovski vs. Lopes 2;2026-01-31;Leve;KO/TKO;Nocaute;2;4:30;9,5;Daniel Movahedi;0;0;1
383;31;UFC 325: Volkanovski vs. Lopes 2;2026-01-31;Pesado;Decision - Unanimous;Decisão;3;5:00;15,0;Marc Goddard;0;0;0
384;31;UFC 325: Volkanovski vs. Lopes 2;2026-01-31;Leve;Submission;Finalização;1;3:02;3,03;Daniel Movahedi;0;0;1
385;31;UFC 325: Volkanovski vs. Lopes 2;2026-01-31;Meio-pesado;Submission;Finalização;2;3:18;8,3;Herb Dean;0;0;0
386;31;UFC 325: Volkanovski vs. Lopes 2;2026-01-31;Médio;KO/TKO;Nocaute;2;4:08;9,13;Jim Perdios;0;0;0
387;31;UFC 325: Volkanovski vs. Lopes 2;2026-01-31;Médio;Decision - Unanimous;Decisão;3;5:00;15,0;Steve Perceval;0;0;0
388;31;UFC 325: Volkanovski vs. Lopes 2;2026-01-31;Meio-médio;Submission;Finalização;2;3:31;8,52;Marc Goddard;0;0;0
389;31;UFC 325: Volkanovski vs. Lopes 2;2026-01-31;Pena;Decision - Majority;Decisão;3;5:00;15,0;Jim Perdios;0;0;0
390;31;UFC 325: Volkanovski vs. Lopes 2;2026-01-31;Leve;Decision - Unanimous;Decisão;3;5:00;15,0;Daniel Movahedi;1;0;0
391;31;UFC 325: Volkanovski vs. Lopes 2;2026-01-31;Pena;KO/TKO;Nocaute;3;3:48;13,8;Herb Dean;1;0;0
392;31;UFC 325: Volkanovski vs. Lopes 2;2026-01-31;Galo;Decision - Split;Decisão;3;5:00;15,0;Jim Perdios;1;0;0
393;32;UFC 324: Gaethje vs. Pimblett;2026-01-24;Leve;Decision - Unanimous;Decisão;5;5:00;25,0;Marc Goddard;1;1;0
394;32;UFC 324: Gaethje vs. Pimblett;2026-01-24;Galo;Decision - Unanimous;Decisão;3;5:00;15,0;Herb Dean;0;0;0
395;32;UFC 324: Gaethje vs. Pimblett;2026-01-24;Pesado;KO/TKO;Nocaute;2;3:14;8,23;Jason Herzog;0;0;0
396;32;UFC 324: Gaethje vs. Pimblett;2026-01-24;Mosca (fem.);Decision - Unanimous;Decisão;3;5:00;15,0;Jason Herzog;0;0;0
397;32;UFC 324: Gaethje vs. Pimblett;2026-01-24;Pena;Decision - Unanimous;Decisão;3;5:00;15,0;Chris Tognoni;0;0;0
398;32;UFC 324: Gaethje vs. Pimblett;2026-01-24;Galo;Decision - Unanimous;Decisão;3;5:00;15,0;Herb Dean;0;0;0
399;32;UFC 324: Gaethje vs. Pimblett;2026-01-24;Médio;Decision - Unanimous;Decisão;3;5:00;15,0;Mark Smith;0;0;0
400;32;UFC 324: Gaethje vs. Pimblett;2026-01-24;Meio-pesado;KO/TKO;Nocaute;3;4:57;14,95;Marc Goddard;0;0;0
401;32;UFC 324: Gaethje vs. Pimblett;2026-01-24;Mosca;KO/TKO;Nocaute;1;3:16;3,27;Jason Herzog;0;0;0
402;32;UFC 324: Gaethje vs. Pimblett;2026-01-24;Pesado;KO/TKO;Nocaute;1;4:59;4,98;Mark Smith;0;0;1
403;32;UFC 324: Gaethje vs. Pimblett;2026-01-24;Meio-médio;KO/TKO;Nocaute;1;4:59;4,98;Chris Tognoni;0;0;1
404;33;UFC Fight Night: Royval vs. Kape;2025-12-13;Mosca;KO/TKO;Nocaute;1;3:18;3,3;Herb Dean;0;0;1
405;33;UFC Fight Night: Royval vs. Kape;2025-12-13;Pena;KO/TKO;Nocaute;2;1:29;6,48;Mark Smith;0;0;1
406;33;UFC Fight Night: Royval vs. Kape;2025-12-13;Médio;Decision - Unanimous;Decisão;3;5:00;15,0;Kerry Hatley;0;0;0
407;33;UFC Fight Night: Royval vs. Kape;2025-12-13;Pena;KO/TKO;Nocaute;1;1:14;1,23;Eric McMahon;0;0;0
408;33;UFC Fight Night: Royval vs. Kape;2025-12-13;Pesado;Decision - Unanimous;Decisão;3;5:00;15,0;Herb Dean;0;0;0
409;33;UFC Fight Night: Royval vs. Kape;2025-12-13;Peso casado;Decision - Split;Decisão;3;5:00;15,0;Mark Smith;0;0;0
410;33;UFC Fight Night: Royval vs. Kape;2025-12-13;Meio-médio;Submission;Finalização;1;3:14;3,23;Herb Dean;0;0;0
411;33;UFC Fight Night: Royval vs. Kape;2025-12-13;Pena;Decision - Unanimous;Decisão;3;5:00;15,0;Eric McMahon;0;0;0
412;33;UFC Fight Night: Royval vs. Kape;2025-12-13;Pesado;KO/TKO;Nocaute;2;3:49;8,82;Mark Smith;0;1;0
413;33;UFC Fight Night: Royval vs. Kape;2025-12-13;Galo (fem.);Decision - Unanimous;Decisão;3;5:00;15,0;Kerry Hatley;0;0;0
414;33;UFC Fight Night: Royval vs. Kape;2025-12-13;Pesado;Decision - Unanimous;Decisão;3;5:00;15,0;Eric McMahon;0;0;0
415;33;UFC Fight Night: Royval vs. Kape;2025-12-13;Mosca (fem.);KO/TKO;Nocaute;1;2:05;2,08;Kerry Hatley;0;0;0
416;34;UFC 323: Dvalishvili vs. Yan 2;2025-12-06;Galo;Decision - Unanimous;Decisão;5;5:00;25,0;Marc Goddard;1;1;0
417;34;UFC 323: Dvalishvili vs. Yan 2;2025-12-06;Mosca;KO/TKO;Nocaute;1;0:26;0,43;Herb Dean;1;0;0
418;34;UFC 323: Dvalishvili vs. Yan 2;2025-12-06;Mosca;KO/TKO;Nocaute;2;2:24;7,4;Mark Smith;0;0;0
419;34;UFC 323: Dvalishvili vs. Yan 2;2025-12-06;Galo;Decision - Unanimous;Decisão;3;5:00;15,0;Chris Tognoni;0;0;0
420;34;UFC 323: Dvalishvili vs. Yan 2;2025-12-06;Meio-pesado;Decision - Majority;Decisão;3;5:00;15,0;Jason Herzog;0;0;0
421;34;UFC 323: Dvalishvili vs. Yan 2;2025-12-06;Leve;KO/TKO;Nocaute;1;2:25;2,42;Herb Dean;0;0;1
422;34;UFC 323: Dvalishvili vs. Yan 2;2025-12-06;Leve;Submission;Finalização;1;2:30;2,5;Marc Goddard;0;0;0
423;34;UFC 323: Dvalishvili vs. Yan 2;2025-12-06;Mosca (fem.);Decision - Unanimous;Decisão;3;5:00;15,0;Mark Smith;0;0;0
424;34;UFC 323: Dvalishvili vs. Yan 2;2025-12-06;Leve;KO/TKO;Nocaute;2;4:59;9,98;Jason Herzog;0;0;0
425;34;UFC 323: Dvalishvili vs. Yan 2;2025-12-06;Médio;Decision - Unanimous;Decisão;3;5:00;15,0;Chris Tognoni;0;0;0
426;34;UFC 323: Dvalishvili vs. Yan 2;2025-12-06;Leve;KO/TKO;Nocaute;1;2:24;2,4;Herb Dean;0;0;0
427;34;UFC 323: Dvalishvili vs. Yan 2;2025-12-06;Meio-pesado;KO/TKO;Nocaute;1;1:29;1,48;Marc Goddard;0;0;1
428;34;UFC 323: Dvalishvili vs. Yan 2;2025-12-06;Médio;Submission;Finalização;1;1:09;1,15;Mark Smith;0;0;0
429;34;UFC 323: Dvalishvili vs. Yan 2;2025-12-06;Pena;KO/TKO;Nocaute;3;0:21;10,35;Mark Smith;0;0;0
430;35;UFC Fight Night: Tsarukyan vs. Hooker;2025-11-22;Leve;Submission;Finalização;2;3:34;8,57;Marc Goddard;0;0;1
431;35;UFC Fight Night: Tsarukyan vs. Hooker;2025-11-22;Meio-médio;Decision - Unanimous;Decisão;3;5:00;15,0;Rich Mitchell;0;0;0
432;35;UFC Fight Night: Tsarukyan vs. Hooker;2025-11-22;Meio-pesado;KO/TKO;Nocaute;1;1:27;1,45;Marc Goddard;0;0;0
433;35;UFC Fight Night: Tsarukyan vs. Hooker;2025-11-22;Meio-médio;KO/TKO;Nocaute;1;2:46;2,77;Daniel Movahedi;0;0;0
434;35;UFC Fight Night: Tsarukyan vs. Hooker;2025-11-22;Pesado;KO/TKO;Nocaute;1;1:22;1,37;Lukasz Bosacki;0;0;1
435;35;UFC Fight Night: Tsarukyan vs. Hooker;2025-11-22;Mosca;Submission;Finalização;3;2:18;12,3;Rich Mitchell;0;0;1
436;35;UFC Fight Night: Tsarukyan vs. Hooker;2025-11-22;Pena;KO/TKO;Nocaute;2;0:30;5,5;Marc Goddard;0;0;1
437;35;UFC Fight Night: Tsarukyan vs. Hooker;2025-11-22;Meio-médio;Decision - Split;Decisão;3;5:00;15,0;Lukasz Bosacki;0;0;0
438;35;UFC Fight Night: Tsarukyan vs. Hooker;2025-11-22;Mosca;Submission;Finalização;3;0:22;10,37;Daniel Movahedi;0;0;0
439;35;UFC Fight Night: Tsarukyan vs. Hooker;2025-11-22;Meio-pesado;Submission;Finalização;1;0:33;0,55;Rich Mitchell;0;0;0
440;35;UFC Fight Night: Tsarukyan vs. Hooker;2025-11-22;Galo;Decision - Unanimous;Decisão;3;5:00;15,0;Marc Goddard;0;0;0
441;35;UFC Fight Night: Tsarukyan vs. Hooker;2025-11-22;Médio;KO/TKO;Nocaute;1;1:26;1,43;Daniel Movahedi;0;0;0
442;35;UFC Fight Night: Tsarukyan vs. Hooker;2025-11-22;Leve;Decision - Unanimous;Decisão;3;5:00;15,0;Lukasz Bosacki;0;0;0
443;35;UFC Fight Night: Tsarukyan vs. Hooker;2025-11-22;Pesado;Decision - Unanimous;Decisão;3;5:00;15,0;Rich Mitchell;0;0;0
444;36;UFC 322: Della Maddalena vs. Makhachev;2025-11-15;Meio-médio;Decision - Unanimous;Decisão;5;5:00;25,0;Herb Dean;1;0;0
445;36;UFC 322: Della Maddalena vs. Makhachev;2025-11-15;Mosca (fem.);Decision - Unanimous;Decisão;5;5:00;25,0;Marc Goddard;1;0;0
446;36;UFC 322: Della Maddalena vs. Makhachev;2025-11-15;Meio-médio;KO/TKO;Nocaute;1;3:27;3,45;Blake Grice;0;0;1
447;36;UFC 322: Della Maddalena vs. Makhachev;2025-11-15;Meio-médio;KO/TKO;Nocaute;2;1:28;6,47;Keith Peterson;0;0;1
448;36;UFC 322: Della Maddalena vs. Makhachev;2025-11-15;Leve;KO/TKO;Nocaute;1;0:16;0,27;Herb Dean;0;0;1
449;36;UFC 322: Della Maddalena vs. Makhachev;2025-11-15;Médio;KO/TKO;Nocaute;3;2:24;12,4;Dan Miragliotta;0;0;1
450;36;UFC 322: Della Maddalena vs. Makhachev;2025-11-15;Médio;Decision - Unanimous;Decisão;3;5:00;15,0;Marc Goddard;0;0;0
451;36;UFC 322: Della Maddalena vs. Makhachev;2025-11-15;Mosca (fem.);Submission;Finalização;2;4:44;9,73;Blake Grice;0;0;0
452;36;UFC 322: Della Maddalena vs. Makhachev;2025-11-15;Pena;Decision - Unanimous;Decisão;3;5:00;15,0;Keith Peterson;0;0;0
453;36;UFC 322: Della Maddalena vs. Makhachev;2025-11-15;Médio;Submission;Finalização;1;0:50;0,83;Herb Dean;0;0;0
454;36;UFC 322: Della Maddalena vs. Makhachev;2025-11-15;Pena;Decision - Unanimous;Decisão;3;5:00;15,0;Dan Miragliotta;0;0;0
455;36;UFC 322: Della Maddalena vs. Makhachev;2025-11-15;Palha (fem.);Decision - Unanimous;Decisão;3;5:00;15,0;Marc Goddard;0;0;0
456;36;UFC 322: Della Maddalena vs. Makhachev;2025-11-15;Médio;KO/TKO;Nocaute;3;1:38;11,63;Blake Grice;0;0;0
457;36;UFC 322: Della Maddalena vs. Makhachev;2025-11-15;Leve;Decision - Unanimous;Decisão;3;5:00;15,0;Keith Peterson;0;0;0
458;37;UFC Fight Night: Bonfim vs. Brown;2025-11-08;Meio-médio;KO/TKO;Nocaute;2;1:40;6,67;Mark Smith;0;0;1
459;37;UFC Fight Night: Bonfim vs. Brown;2025-11-08;Mosca;Submission;Finalização;1;2:54;2,9;Keith Peterson;0;0;0
460;37;UFC Fight Night: Bonfim vs. Brown;2025-11-08;Meio-médio;KO/TKO;Nocaute;1;1:03;1,05;Kerry Hatley;0;0;0
461;37;UFC Fight Night: Bonfim vs. Brown;2025-11-08;Leve;KO/TKO;Nocaute;2;4:30;9,5;Chris Tognoni;0;0;0
462;37;UFC Fight Night: Bonfim vs. Brown;2025-11-08;Médio;KO/TKO;Nocaute;2;3:20;8,33;Mark Smith;0;0;1
463;37;UFC Fight Night: Bonfim vs. Brown;2025-11-08;Pena;Decision - Unanimous;Decisão;3;5:00;15,0;Kerry Hatley;0;0;0
464;37;UFC Fight Night: Bonfim vs. Brown;2025-11-08;Galo;Decision - Unanimous;Decisão;3;5:00;15,0;Keith Peterson;0;0;0
465;37;UFC Fight Night: Bonfim vs. Brown;2025-11-08;Galo (fem.);Decision - Unanimous;Decisão;3;5:00;15,0;Chris Tognoni;0;0;0
466;37;UFC Fight Night: Bonfim vs. Brown;2025-11-08;Pesado;KO/TKO;Nocaute;1;0:56;0,93;Mark Smith;0;0;1
467;37;UFC Fight Night: Bonfim vs. Brown;2025-11-08;Palha (fem.);Decision - Unanimous;Decisão;3;5:00;15,0;Keith Peterson;0;0;0
468;37;UFC Fight Night: Bonfim vs. Brown;2025-11-08;Galo;Submission;Finalização;2;4:23;9,38;Kerry Hatley;0;0;0
469;37;UFC Fight Night: Bonfim vs. Brown;2025-11-08;Peso casado;Submission;Finalização;2;1:38;6,63;Chris Tognoni;0;0;1
470;38;UFC Fight Night: Garcia vs. Onama;2025-11-01;Pena;KO/TKO;Nocaute;1;3:34;3,57;Herb Dean;0;0;1
471;38;UFC Fight Night: Garcia vs. Onama;2025-11-01;Pesado;KO/TKO;Nocaute;1;3:59;3,98;Mark Smith;0;0;1
472;38;UFC Fight Night: Garcia vs. Onama;2025-11-01;Meio-médio;Decision - Unanimous;Decisão;3;5:00;15,0;Chris Tognoni;0;0;0
473;38;UFC Fight Night: Garcia vs. Onama;2025-11-01;Pena;Submission;Finalização;1;3:41;3,68;Eric McMahon;0;0;0
474;38;UFC Fight Night: Garcia vs. Onama;2025-11-01;Meio-médio;Submission;Finalização;3;4:29;14,48;Herb Dean;0;0;0
475;38;UFC Fight Night: Garcia vs. Onama;2025-11-01;Peso casado;Submission;Finalização;2;3:13;8,22;Mark Smith;0;0;1
476;38;UFC Fight Night: Garcia vs. Onama;2025-11-01;Meio-pesado;Submission;Finalização;1;3:33;3,55;Chris Tognoni;0;0;0
477;38;UFC Fight Night: Garcia vs. Onama;2025-11-01;Galo;Decision - Unanimous;Decisão;3;5:00;15,0;Eric McMahon;0;0;0
478;38;UFC Fight Night: Garcia vs. Onama;2025-11-01;Médio;Submission;Finalização;2;1:25;6,42;Herb Dean;0;0;1
479;38;UFC Fight Night: Garcia vs. Onama;2025-11-01;Galo (fem.);Decision - Split;Decisão;3;5:00;15,0;Mark Smith;0;0;0
480;38;UFC Fight Night: Garcia vs. Onama;2025-11-01;Palha (fem.);Decision - Unanimous;Decisão;3;5:00;15,0;Chris Tognoni;0;0;0
481;38;UFC Fight Night: Garcia vs. Onama;2025-11-01;Meio-médio;Decision - Unanimous;Decisão;3;5:00;15,0;Eric McMahon;0;0;0
482;38;UFC Fight Night: Garcia vs. Onama;2025-11-01;Palha (fem.);Submission;Finalização;3;4:36;14,6;Mark Smith;0;0;0
483;39;UFC 321: Aspinall vs. Gane;2025-10-25;Pesado;Could Not Continue;Outro;1;4:35;4,58;Jason Herzog;1;0;0
484;39;UFC 321: Aspinall vs. Gane;2025-10-25;Palha (fem.);Decision - Unanimous;Decisão;5;5:00;25,0;Marc Goddard;1;0;0
485;39;UFC 321: Aspinall vs. Gane;2025-10-25;Galo;Decision - Unanimous;Decisão;3;5:00;15,0;Jason Herzog;0;0;0
486;39;UFC 321: Aspinall vs. Gane;2025-10-25;Pesado;Decision - Split;Decisão;3;5:00;15,0;Marc Goddard;0;0;0
487;39;UFC 321: Aspinall vs. Gane;2025-10-25;Meio-pesado;KO/TKO;Nocaute;1;3:11;3,18;Rich Mitchell;0;0;0
488;39;UFC 321: Aspinall vs. Gane;2025-10-25;Leve;KO/TKO;Nocaute;1;2:30;2,5;Kerry Hatley;0;0;1
489;39;UFC 321: Aspinall vs. Gane;2025-10-25;Médio;Decision - Unanimous;Decisão;3;5:00;15,0;Rich Mitchell;0;0;0
490;39;UFC 321: Aspinall vs. Gane;2025-10-25;Leve;Decision - Majority;Decisão;3;5:00;15,0;Marc Goddard;0;1;0
491;39;UFC 321: Aspinall vs. Gane;2025-10-25;Pesado;Submission;Finalização;1;1:24;1,4;Kerry Hatley;0;0;1
492;39;UFC 321: Aspinall vs. Gane;2025-10-25;Pena;Decision - Unanimous;Decisão;3;5:00;15,0;Jason Herzog;0;0;0
493;39;UFC 321: Aspinall vs. Gane;2025-10-25;Pesado;Decision - Unanimous;Decisão;3;5:00;15,0;Marc Goddard;0;0;0
494;39;UFC 321: Aspinall vs. Gane;2025-10-25;Mosca;Decision - Unanimous;Decisão;3;5:00;15,0;Rich Mitchell;0;0;0
495;39;UFC 321: Aspinall vs. Gane;2025-10-25;Palha (fem.);Decision - Unanimous;Decisão;3;5:00;15,0;Kerry Hatley;0;0;0
496;40;UFC Fight Night: De Ridder vs. Allen;2025-10-18;Médio;KO/TKO;Nocaute;4;5:00;20,0;Jason Herzog;0;0;0
497;40;UFC Fight Night: De Ridder vs. Allen;2025-10-18;Meio-médio;Decision - Unanimous;Decisão;3;5:00;15,0;Dan Miragliotta;0;0;0
498;40;UFC Fight Night: De Ridder vs. Allen;2025-10-18;Galo;Decision - Split;Decisão;3;5:00;15,0;Jason Herzog;0;0;0
499;40;UFC Fight Night: De Ridder vs. Allen;2025-10-18;Mosca (fem.);KO/TKO;Nocaute;1;1:14;1,23;Dan Miragliotta;0;0;0
500;40;UFC Fight Night: De Ridder vs. Allen;2025-10-18;Galo;Submission;Finalização;1;3:05;3,08;Jason Herzog;0;0;1
501;40;UFC Fight Night: De Ridder vs. Allen;2025-10-18;Leve;Decision - Unanimous;Decisão;3;5:00;15,0;Dan Miragliotta;0;0;0
502;40;UFC Fight Night: De Ridder vs. Allen;2025-10-18;Leve;KO/TKO;Nocaute;3;1:16;11,27;John Cooper;0;1;0
503;40;UFC Fight Night: De Ridder vs. Allen;2025-10-18;Galo;KO/TKO;Nocaute;1;0:21;0,35;Mitch Cadlick;0;0;1
504;40;UFC Fight Night: De Ridder vs. Allen;2025-10-18;Mosca;Submission;Finalização;3;2:15;12,25;Sal Ram;0;0;0
505;40;UFC Fight Night: De Ridder vs. Allen;2025-10-18;Médio;Decision - Unanimous;Decisão;3;5:00;15,0;John Cooper;0;0;0
506;40;UFC Fight Night: De Ridder vs. Allen;2025-10-18;Palha (fem.);Submission;Finalização;3;2:50;12,83;Mitch Cadlick;0;0;0
507;40;UFC Fight Night: De Ridder vs. Allen;2025-10-18;Médio;KO/TKO;Nocaute;3;0:55;10,92;Sal Ram;0;0;0
508;40;UFC Fight Night: De Ridder vs. Allen;2025-10-18;Galo (fem.);KO/TKO;Nocaute;3;4:32;14,53;John Cooper;0;0;0
509;41;UFC Fight Night: Oliveira vs. Gamrot;2025-10-11;Leve;Submission;Finalização;2;2:48;7,8;Marc Goddard;0;0;1
510;41;UFC Fight Night: Oliveira vs. Gamrot;2025-10-11;Galo;Decision - Split;Decisão;3;5:00;15,0;Jason Herzog;0;0;0
511;41;UFC Fight Night: Oliveira vs. Gamrot;2025-10-11;Meio-médio;Decision - Unanimous;Decisão;3;5:00;15,0;Osiris Maia;0;0;0
512;41;UFC Fight Night: Oliveira vs. Gamrot;2025-10-11;Pesado;KO/TKO;Nocaute;2;4:10;9,17;Joao Claudio Soares;0;0;0
513;41;UFC Fight Night: Oliveira vs. Gamrot;2025-10-11;Pena;Submission;Finalização;1;3:02;3,03;Marc Goddard;0;0;0
514;41;UFC Fight Night: Oliveira vs. Gamrot;2025-10-11;Pena;KO/TKO;Nocaute;1;1:42;1,7;Jason Herzog;0;0;0
515;41;UFC Fight Night: Oliveira vs. Gamrot;2025-10-11;Mosca;Submission;Finalização;1;4:42;4,7;Osiris Maia;0;0;0
516;41;UFC Fight Night: Oliveira vs. Gamrot;2025-10-11;Pesado;KO/TKO;Nocaute;3;0:26;10,43;Joao Claudio Soares;0;0;1
517;41;UFC Fight Night: Oliveira vs. Gamrot;2025-10-11;Galo (fem.);Submission;Finalização;2;2:14;7,23;Marc Goddard;0;0;1
518;41;UFC Fight Night: Oliveira vs. Gamrot;2025-10-11;Mosca;Decision - Unanimous;Decisão;3;5:00;15,0;Jason Herzog;0;0;0
519;41;UFC Fight Night: Oliveira vs. Gamrot;2025-10-11;Palha (fem.);KO/TKO;Nocaute;3;2:56;12,93;Marc Goddard;0;0;1
520;41;UFC Fight Night: Oliveira vs. Gamrot;2025-10-11;Galo;Submission;Finalização;2;3:55;8,92;Jason Herzog;0;0;0
521;42;UFC 320: Ankalaev vs. Pereira 2;2025-10-04;Meio-pesado;KO/TKO;Nocaute;1;1:20;1,33;Herb Dean;1;0;1
522;42;UFC 320: Ankalaev vs. Pereira 2;2025-10-04;Galo;Decision - Unanimous;Decisão;5;5:00;25,0;Marc Goddard;1;0;0
523;42;UFC 320: Ankalaev vs. Pereira 2;2025-10-04;Meio-pesado;KO/TKO;Nocaute;3;3:04;13,07;Mark Smith;0;0;1
524;42;UFC 320: Ankalaev vs. Pereira 2;2025-10-04;Pena;Submission;Finalização;1;1:38;1,63;Jason Herzog;0;0;0
525;42;UFC 320: Ankalaev vs. Pereira 2;2025-10-04;Médio;Submission;Finalização;2;1:46;6,77;Chris Tognoni;0;0;1
526;42;UFC 320: Ankalaev vs. Pereira 2;2025-10-04;Médio;KO/TKO;Nocaute;1;1:41;1,68;Marc Goddard;0;0;0
527;42;UFC 320: Ankalaev vs. Pereira 2;2025-10-04;Peso casado;KO/TKO;Nocaute;2;0:21;5,35;Herb Dean;0;0;0
528;42;UFC 320: Ankalaev vs. Pereira 2;2025-10-04;Galo;Decision - Split;Decisão;3;5:00;15,0;Jason Herzog;0;0;0
529;42;UFC 320: Ankalaev vs. Pereira 2;2025-10-04;Médio;KO/TKO;Nocaute;1;4:58;4,97;Mark Smith;0;0;0
530;42;UFC 320: Ankalaev vs. Pereira 2;2025-10-04;Meio-médio;Decision - Unanimous;Decisão;3;5:00;15,0;Marc Goddard;0;0;0
531;42;UFC 320: Ankalaev vs. Pereira 2;2025-10-04;Galo (fem.);Decision - Unanimous;Decisão;3;5:00;15,0;Chris Tognoni;0;0;0
532;42;UFC 320: Ankalaev vs. Pereira 2;2025-10-04;Galo;Decision - Unanimous;Decisão;3;5:00;15,0;Herb Dean;0;0;0
533;42;UFC 320: Ankalaev vs. Pereira 2;2025-10-04;Meio-médio;Submission;Finalização;2;2:24;7,4;Mark Smith;0;0;0
534;42;UFC 320: Ankalaev vs. Pereira 2;2025-10-04;Mosca (fem.);Decision - Unanimous;Decisão;3;5:00;15,0;Jason Herzog;0;0;0
535;43;UFC Fight Night: Ulberg vs. Reyes;2025-09-27;Meio-pesado;KO/TKO;Nocaute;1;4:27;4,45;Marc Goddard;0;0;1
536;43;UFC Fight Night: Ulberg vs. Reyes;2025-09-27;Meio-pesado;Submission;Finalização;1;3:19;3,32;Mike Beltran;0;0;1
537;43;UFC Fight Night: Ulberg vs. Reyes;2025-09-27;Pena;Decision - Unanimous;Decisão;3;5:00;15,0;Marc Goddard;0;0;0
538;43;UFC Fight Night: Ulberg vs. Reyes;2025-09-27;Meio-médio;Submission;Finalização;3;3:08;13,13;Jim Perdios;0;0;0
539;43;UFC Fight Night: Ulberg vs. Reyes;2025-09-27;Leve;Submission;Finalização;1;4:08;4,13;Jim Perdios;0;0;1
540;43;UFC Fight Night: Ulberg vs. Reyes;2025-09-27;Meio-pesado;Decision - Unanimous;Decisão;3;5:00;15,0;Mike Beltran;0;0;0
541;43;UFC Fight Night: Ulberg vs. Reyes;2025-09-27;Médio;KO/TKO;Nocaute;1;2:41;2,68;Steve Perceval;0;0;0
542;43;UFC Fight Night: Ulberg vs. Reyes;2025-09-27;Leve;Decision - Unanimous;Decisão;3;5:00;15,0;Matt Wynne;0;0;0
543;43;UFC Fight Night: Ulberg vs. Reyes;2025-09-27;Galo;Decision - Unanimous;Decisão;3;5:00;15,0;Jim Perdios;0;0;0
544;43;UFC Fight Night: Ulberg vs. Reyes;2025-09-27;Galo (fem.);Decision - Unanimous;Decisão;3;5:00;15,0;Steve Perceval;0;0;0
545;43;UFC Fight Night: Ulberg vs. Reyes;2025-09-27;Pesado;KO/TKO;Nocaute;1;1:55;1,92;Mike Beltran;0;0;1
546;43;UFC Fight Night: Ulberg vs. Reyes;2025-09-27;Palha (fem.);Decision - Unanimous;Decisão;3;5:00;15,0;Matt Wynne;0;0;0
547;44;Noche UFC: Lopes vs. Silva;2025-09-13;Pena;KO/TKO;Nocaute;2;4:48;9,8;Mike Beltran;0;1;1
548;44;Noche UFC: Lopes vs. Silva;2025-09-13;Galo;Decision - Unanimous;Decisão;3;5:00;15,0;Dan Miragliotta;0;0;0
549;44;Noche UFC: Lopes vs. Silva;2025-09-13;Leve;KO/TKO;Nocaute;3;2:27;12,45;Kerry Hatley;0;0;0
550;44;Noche UFC: Lopes vs. Silva;2025-09-13;Médio;Decision - Unanimous;Decisão;3;5:00;15,0;Jacob Montalvo;0;0;0
551;44;Noche UFC: Lopes vs. Silva;2025-09-13;Leve;KO/TKO;Nocaute;2;3:46;8,77;Jeff Rexroad;0;0;0
552;44;Noche UFC: Lopes vs. Silva;2025-09-13;Galo;KO/TKO;Nocaute;1;2:48;2,8;Mike Beltran;0;0;1
553;44;Noche UFC: Lopes vs. Silva;2025-09-13;Médio;Submission;Finalização;1;4:21;4,35;Dan Miragliotta;0;0;0
554;44;Noche UFC: Lopes vs. Silva;2025-09-13;Leve;Decision - Split;Decisão;3;5:00;15,0;Kerry Hatley;0;0;0
555;44;Noche UFC: Lopes vs. Silva;2025-09-13;Palha (fem.);Decision - Unanimous;Decisão;3;5:00;15,0;Jeff Rexroad;0;0;0
556;44;Noche UFC: Lopes vs. Silva;2025-09-13;Mosca;Decision - Unanimous;Decisão;3;5:00;15,0;Jacob Montalvo;0;0;0
557;44;Noche UFC: Lopes vs. Silva;2025-09-13;Médio;Could Not Continue;Outro;1;0:51;0,85;Mike Beltran;0;0;0
558;44;Noche UFC: Lopes vs. Silva;2025-09-13;Mosca;KO/TKO;Nocaute;3;0:47;10,78;Dan Miragliotta;0;0;0
559;44;Noche UFC: Lopes vs. Silva;2025-09-13;Galo (fem.);Decision - Split;Decisão;3;5:00;15,0;Jacob Montalvo;0;0;0
560;44;Noche UFC: Lopes vs. Silva;2025-09-13;Meio-médio;KO/TKO;Nocaute;1;4:27;4,45;Kerry Hatley;1;0;0
561;45;UFC Fight Night: Imavov vs. Borralho;2025-09-06;Médio;Decision - Unanimous;Decisão;5;5:00;25,0;Marc Goddard;0;0;0
562;45;UFC Fight Night: Imavov vs. Borralho;2025-09-06;Leve;Submission;Finalização;2;2:56;7,93;Herb Dean;0;0;0
563;45;UFC Fight Night: Imavov vs. Borralho;2025-09-06;Meio-pesado;KO/TKO;Nocaute;1;5:00;5,0;Marc Goddard;0;0;0
564;45;UFC Fight Night: Imavov vs. Borralho;2025-09-06;Leve;KO/TKO;Nocaute;2;3:18;8,3;Rich Mitchell;0;0;0
565;45;UFC Fight Night: Imavov vs. Borralho;2025-09-06;Meio-médio;KO/TKO;Nocaute;3;2:02;12,03;Herb Dean;0;0;0
566;45;UFC Fight Night: Imavov vs. Borralho;2025-09-06;Pena;Decision - Unanimous;Decisão;3;5:00;15,0;Lukasz Bosacki;0;0;0
567;45;UFC Fight Night: Imavov vs. Borralho;2025-09-06;Meio-pesado;KO/TKO;Nocaute;1;4:42;4,7;Patricio Carlos;0;0;0
568;45;UFC Fight Night: Imavov vs. Borralho;2025-09-06;Pesado;KO/TKO;Nocaute;1;2:03;2,05;Marc Goddard;0;0;0
569;45;UFC Fight Night: Imavov vs. Borralho;2025-09-06;Leve;KO/TKO;Nocaute;1;3:21;3,35;Herb Dean;0;0;0
570;45;UFC Fight Night: Imavov vs. Borralho;2025-09-06;Meio-médio;KO/TKO;Nocaute;1;3:01;3,02;Rich Mitchell;0;0;0
571;45;UFC Fight Night: Imavov vs. Borralho;2025-09-06;Médio;KO/TKO;Nocaute;3;1:43;11,72;Lukasz Bosacki;0;0;0
572;45;UFC Fight Night: Imavov vs. Borralho;2025-09-06;Meio-médio;KO/TKO;Nocaute;1;0:54;0,9;Patricio Carlos;0;0;0
573;45;UFC Fight Night: Imavov vs. Borralho;2025-09-06;Palha (fem.);Submission;Finalização;2;1:58;6,97;Lukasz Bosacki;0;0;0
574;46;UFC Fight Night: Walker vs. Zhang;2025-08-23;Meio-pesado;KO/TKO;Nocaute;2;2:37;7,62;Marc Goddard;0;0;1
575;46;UFC Fight Night: Walker vs. Zhang;2025-08-23;Peso casado;Decision - Unanimous;Decisão;5;5:00;25,0;Herb Dean;0;0;0
576;46;UFC Fight Night: Walker vs. Zhang;2025-08-23;Pesado;Decision - Unanimous;Decisão;3;5:00;15,0;Marc Goddard;0;0;0
577;46;UFC Fight Night: Walker vs. Zhang;2025-08-23;Mosca;Decision - Unanimous;Decisão;3;5:00;15,0;Vitor Ribeiro;0;0;0
578;46;UFC Fight Night: Walker vs. Zhang;2025-08-23;Meio-médio;KO/TKO;Nocaute;1;3:33;3,55;Marc Goddard;0;0;0
579;46;UFC Fight Night: Walker vs. Zhang;2025-08-23;Leve;Decision - Unanimous;Decisão;3;5:00;15,0;Herb Dean;0;0;0
580;46;UFC Fight Night: Walker vs. Zhang;2025-08-23;Mosca;KO/TKO;Nocaute;2;4:35;9,58;Jim Perdios;0;0;1
581;46;UFC Fight Night: Walker vs. Zhang;2025-08-23;Leve;Decision - Unanimous;Decisão;3;5:00;15,0;Vitor Ribeiro;0;0;0
582;46;UFC Fight Night: Walker vs. Zhang;2025-08-23;Médio;KO/TKO;Nocaute;1;0:43;0,72;Marc Goddard;0;0;1
583;46;UFC Fight Night: Walker vs. Zhang;2025-08-23;Pena;KO/TKO;Nocaute;1;0:37;0,62;Herb Dean;0;0;0
584;46;UFC Fight Night: Walker vs. Zhang;2025-08-23;Galo;Decision - Unanimous;Decisão;3;5:00;15,0;Jim Perdios;0;0;0
585;46;UFC Fight Night: Walker vs. Zhang;2025-08-23;Meio-pesado;Submission;Finalização;1;2:45;2,75;Vitor Ribeiro;0;0;1
586;47;UFC 319: Du Plessis vs. Chimaev;2025-08-16;Médio;Decision - Unanimous;Decisão;5;5:00;25,0;Marc Goddard;1;0;1
587;47;UFC 319: Du Plessis vs. Chimaev;2025-08-16;Pena;KO/TKO;Nocaute;1;3:21;3,35;Herb Dean;0;0;1
588;47;UFC 319: Du Plessis vs. Chimaev;2025-08-16;Meio-médio;KO/TKO;Nocaute;1;4:59;4,98;Jason Herzog;0;0;1
589;47;UFC 319: Du Plessis vs. Chimaev;2025-08-16;Médio;Decision - Unanimous;Decisão;3;5:00;15,0;Marc Goddard;0;0;0
590;47;UFC 319: Du Plessis vs. Chimaev;2025-08-16;Mosca;Submission;Finalização;2;4:39;9,65;Robert Madrigal;0;0;1
591;47;UFC 319: Du Plessis vs. Chimaev;2025-08-16;Médio;Submission;Finalização;2;2:01;7,02;Jason Herzog;0;0;0
592;47;UFC 319: Du Plessis vs. Chimaev;2025-08-16;Médio;KO/TKO;Nocaute;1;3:03;3,05;Herb Dean;0;0;0
593;47;UFC 319: Du Plessis vs. Chimaev;2025-08-16;Palha (fem.);Decision - Unanimous;Decisão;3;5:00;15,0;Nick Cimmarusti;0;0;0
594;47;UFC 319: Du Plessis vs. Chimaev;2025-08-16;Leve;KO/TKO;Nocaute;1;4:58;4,97;Jason Herzog;0;0;0
595;47;UFC 319: Du Plessis vs. Chimaev;2025-08-16;Leve;Decision - Unanimous;Decisão;3;5:00;15,0;Marc Goddard;0;0;0
596;47;UFC 319: Du Plessis vs. Chimaev;2025-08-16;Mosca (fem.);Decision - Unanimous;Decisão;3;5:00;15,0;Robert Madrigal;0;0;0
597;47;UFC 319: Du Plessis vs. Chimaev;2025-08-16;Mosca;Submission;Finalização;2;3:04;8,07;Nick Cimmarusti;1;0;0
598;48;UFC Fight Night: Dolidze vs. Hernandez;2025-08-09;Médio;Submission;Finalização;4;2:45;17,75;Herb Dean;0;0;1
599;48;UFC Fight Night: Dolidze vs. Hernandez;2025-08-09;Galo;Decision - Unanimous;Decisão;3;5:00;15,0;Mark Smith;0;0;0
600;48;UFC Fight Night: Dolidze vs. Hernandez;2025-08-09;Palha (fem.);Decision - Unanimous;Decisão;3;5:00;15,0;Chris Tognoni;0;0;0
601;48;UFC Fight Night: Dolidze vs. Hernandez;2025-08-09;Pena;Decision - Split;Decisão;3;5:00;15,0;Mike Beltran;0;0;0
602;48;UFC Fight Night: Dolidze vs. Hernandez;2025-08-09;Galo;Decision - Split;Decisão;3;5:00;15,0;Herb Dean;0;0;0
603;48;UFC Fight Night: Dolidze vs. Hernandez;2025-08-09;Médio;KO/TKO;Nocaute;1;3:53;3,88;Mark Smith;0;0;1
604;48;UFC Fight Night: Dolidze vs. Hernandez;2025-08-09;Meio-pesado;Decision - Unanimous;Decisão;3;5:00;15,0;Mike Beltran;0;0;0
605;48;UFC Fight Night: Dolidze vs. Hernandez;2025-08-09;Galo;KO/TKO;Nocaute;1;4:10;4,17;Chris Tognoni;0;0;1
606;48;UFC Fight Night: Dolidze vs. Hernandez;2025-08-09;Galo (fem.);KO/TKO;Nocaute;1;2:24;2,4;Herb Dean;0;0;1
607;48;UFC Fight Night: Dolidze vs. Hernandez;2025-08-09;Meio-médio;KO/TKO;Nocaute;1;1:03;1,05;Mark Smith;0;0;0
608;48;UFC Fight Night: Dolidze vs. Hernandez;2025-08-09;Mosca (fem.);Decision - Unanimous;Decisão;3;5:00;15,0;Mike Beltran;0;0;0
609;48;UFC Fight Night: Dolidze vs. Hernandez;2025-08-09;Meio-pesado;Decision - Split;Decisão;3;5:00;15,0;Chris Tognoni;0;0;0
610;49;UFC Fight Night: Taira vs. Park;2025-08-02;Mosca;Submission;Finalização;2;1:06;6,1;Mark Smith;0;0;0
611;49;UFC Fight Night: Taira vs. Park;2025-08-02;Leve;Decision - Unanimous;Decisão;3;5:00;15,0;Kerry Hatley;0;1;0
612;49;UFC Fight Night: Taira vs. Park;2025-08-02;Leve;Decision - Unanimous;Decisão;3;5:00;15,0;Chris Tognoni;0;1;0
613;49;UFC Fight Night: Taira vs. Park;2025-08-02;Galo (fem.);Decision - Unanimous;Decisão;3;5:00;15,0;Kerry Hatley;0;0;0
614;49;UFC Fight Night: Taira vs. Park;2025-08-02;Meio-médio;KO/TKO;Nocaute;2;4:39;9,65;Mark Smith;0;0;0
615;49;UFC Fight Night: Taira vs. Park;2025-08-02;Pena;Decision - Unanimous;Decisão;3;5:00;15,0;Chris Tognoni;0;0;0
616;49;UFC Fight Night: Taira vs. Park;2025-08-02;Galo;KO/TKO;Nocaute;1;1:02;1,03;Kerry Hatley;0;0;0
617;49;UFC Fight Night: Taira vs. Park;2025-08-02;Médio;Decision - Unanimous;Decisão;3;5:00;15,0;Mark Smith;0;0;0
618;49;UFC Fight Night: Taira vs. Park;2025-08-02;Médio;KO/TKO;Nocaute;2;1:31;6,52;Chris Tognoni;0;0;0
619;49;UFC Fight Night: Taira vs. Park;2025-08-02;Pena;Submission;Finalização;1;3:39;3,65;Mark Smith;0;0;0
620;49;UFC Fight Night: Taira vs. Park;2025-08-02;Mosca;Decision - Unanimous;Decisão;3;5:00;15,0;Kerry Hatley;0;0;0
621;49;UFC Fight Night: Taira vs. Park;2025-08-02;Palha (fem.);Decision - Split;Decisão;3;5:00;15,0;Chris Tognoni;0;0;0
622;50;UFC Fight Night: Whittaker vs. De Ridder;2025-07-26;Médio;Decision - Split;Decisão;5;5:00;25,0;Marc Goddard;0;0;0
623;50;UFC Fight Night: Whittaker vs. De Ridder;2025-07-26;Galo;Decision - Unanimous;Decisão;3;5:00;15,0;Daniel Movahedi;0;0;0
624;50;UFC Fight Night: Whittaker vs. De Ridder;2025-07-26;Médio;Decision - Unanimous;Decisão;3;5:00;15,0;Jim Perdios;0;1;0
625;50;UFC Fight Night: Whittaker vs. De Ridder;2025-07-26;Mosca;Decision - Unanimous;Decisão;3;5:00;15,0;Jason Herzog;0;0;0
626;50;UFC Fight Night: Whittaker vs. De Ridder;2025-07-26;Meio-pesado;KO/TKO;Nocaute;1;4:18;4,3;Marc Goddard;0;0;0
627;50;UFC Fight Night: Whittaker vs. De Ridder;2025-07-26;Galo;Decision - Unanimous;Decisão;3;5:00;15,0;Jim Perdios;0;0;0
628;50;UFC Fight Night: Whittaker vs. De Ridder;2025-07-26;Meio-médio;KO/TKO;Nocaute;1;0:42;0,7;Daniel Movahedi;0;0;1
629;50;UFC Fight Night: Whittaker vs. De Ridder;2025-07-26;Galo;Decision - Unanimous;Decisão;3;5:00;15,0;Jason Herzog;0;0;0
630;50;UFC Fight Night: Whittaker vs. De Ridder;2025-07-26;Palha (fem.);KO/TKO;Nocaute;2;2:59;7,98;Daniel Movahedi;0;0;0
631;50;UFC Fight Night: Whittaker vs. De Ridder;2025-07-26;Meio-pesado;Decision - Unanimous;Decisão;3;5:00;15,0;Jim Perdios;0;0;0
632;50;UFC Fight Night: Whittaker vs. De Ridder;2025-07-26;Pena;KO/TKO;Nocaute;2;5:00;10,0;Jason Herzog;0;0;1
633;50;UFC Fight Night: Whittaker vs. De Ridder;2025-07-26;Pesado;Decision - Unanimous;Decisão;3;5:00;15,0;Jim Perdios;0;0;0
634;51;UFC 318: Holloway vs. Poirier 3;2025-07-19;Leve;Decision - Unanimous;Decisão;5;5:00;25,0;Jason Herzog;0;0;0
635;51;UFC 318: Holloway vs. Poirier 3;2025-07-19;Médio;Decision - Unanimous;Decisão;3;5:00;15,0;Herb Dean;0;0;0
636;51;UFC 318: Holloway vs. Poirier 3;2025-07-19;Meio-médio;Decision - Unanimous;Decisão;3;5:00;15,0;Mike Beltran;0;0;0
637;51;UFC 318: Holloway vs. Poirier 3;2025-07-19;Pena;Decision - Unanimous;Decisão;3;5:00;15,0;Dan Miragliotta;0;0;0
638;51;UFC 318: Holloway vs. Poirier 3;2025-07-19;Leve;Decision - Unanimous;Decisão;3;5:00;15,0;Kerry Hatley;0;0;0
639;51;UFC 318: Holloway vs. Poirier 3;2025-07-19;Galo;Decision - Unanimous;Decisão;3;5:00;15,0;Chris Hill;0;0;0
640;51;UFC 318: Holloway vs. Poirier 3;2025-07-19;Médio;Decision - Unanimous;Decisão;3;5:00;15,0;Bassel Mahgoub;0;1;0
641;51;UFC 318: Holloway vs. Poirier 3;2025-07-19;Meio-médio;Decision - Split;Decisão;3;5:00;15,0;Jason Herzog;0;0;0
642;51;UFC 318: Holloway vs. Poirier 3;2025-07-19;Médio;KO/TKO;Nocaute;1;1:10;1,17;Herb Dean;0;0;1
643;51;UFC 318: Holloway vs. Poirier 3;2025-07-19;Meio-médio;KO/TKO;Nocaute;1;4:06;4,1;Mike Beltran;0;0;1
644;51;UFC 318: Holloway vs. Poirier 3;2025-07-19;Meio-pesado;Submission;Finalização;1;4:42;4,7;Dan Miragliotta;0;0;0
645;51;UFC 318: Holloway vs. Poirier 3;2025-07-19;Pesado;Submission;Finalização;1;2:47;2,78;Chris Hill;0;0;0
646;51;UFC 318: Holloway vs. Poirier 3;2025-07-19;Médio;Submission;Finalização;1;3:35;3,58;Kerry Hatley;0;0;0
647;51;UFC 318: Holloway vs. Poirier 3;2025-07-19;Mosca (fem.);KO/TKO;Nocaute;3;1:30;11,5;Bassel Mahgoub;0;0;1
648;52;UFC Fight Night: Lewis vs. Teixeira;2025-07-12;Pesado;KO/TKO;Nocaute;1;0:35;0,58;Jason Herzog;0;0;0
649;52;UFC Fight Night: Lewis vs. Teixeira;2025-07-12;Meio-médio;Decision - Split;Decisão;3;5:00;15,0;Blake Grice;0;0;0
650;52;UFC Fight Night: Lewis vs. Teixeira;2025-07-12;Pena;Decision - Unanimous;Decisão;3;5:00;15,0;Jason Herzog;0;0;0
651;52;UFC Fight Night: Lewis vs. Teixeira;2025-07-12;Pena;KO/TKO;Nocaute;3;0:27;10,45;Blake Grice;0;1;0
652;52;UFC Fight Night: Lewis vs. Teixeira;2025-07-12;Pesado;Submission;Finalização;1;4:16;4,27;Jimmy Neely;0;0;0
653;52;UFC Fight Night: Lewis vs. Teixeira;2025-07-12;Meio-pesado;Submission;Finalização;2;4:25;9,42;Eric McMahon;0;0;0
654;52;UFC Fight Night: Lewis vs. Teixeira;2025-07-12;Meio-médio;Decision - Split;Decisão;3;5:00;15,0;Justin Brown;0;0;0
655;52;UFC Fight Night: Lewis vs. Teixeira;2025-07-12;Meio-médio;Submission;Finalização;1;1:09;1,15;Jimmy Neely;0;0;0
656;52;UFC Fight Night: Lewis vs. Teixeira;2025-07-12;Mosca (fem.);Decision - Unanimous;Decisão;3;5:00;15,0;Blake Grice;0;0;0
657;52;UFC Fight Night: Lewis vs. Teixeira;2025-07-12;Pesado;Submission;Finalização;1;0:54;0,9;Eric McMahon;0;0;1
658;52;UFC Fight Night: Lewis vs. Teixeira;2025-07-12;Leve;KO/TKO;Nocaute;2;4:08;9,13;Justin Brown;0;0;0
659;52;UFC Fight Night: Lewis vs. Teixeira;2025-07-12;Palha (fem.);KO/TKO;Nocaute;3;2:36;12,6;Jimmy Neely;0;0;1
660;53;UFC 317: Topuria vs. Oliveira;2025-06-28;Leve;KO/TKO;Nocaute;1;2:27;2,45;Marc Goddard;1;0;1
661;53;UFC 317: Topuria vs. Oliveira;2025-06-28;Mosca;Submission;Finalização;3;1:55;11,92;Herb Dean;1;0;0
662;53;UFC 317: Topuria vs. Oliveira;2025-06-28;Mosca;Decision - Unanimous;Decisão;3;5:00;15,0;Jason Herzog;0;1;0
663;53;UFC 317: Topuria vs. Oliveira;2025-06-28;Leve;Decision - Unanimous;Decisão;3;5:00;15,0;Mark Smith;0;0;0
664;53;UFC 317: Topuria vs. Oliveira;2025-06-28;Galo;Decision - Unanimous;Decisão;3;5:00;15,0;Chris Tognoni;0;0;0
665;53;UFC 317: Topuria vs. Oliveira;2025-06-28;Médio;KO/TKO;Nocaute;1;4:21;4,35;Herb Dean;0;0;1
666;53;UFC 317: Topuria vs. Oliveira;2025-06-28;Pena;KO/TKO;Nocaute;1;0:26;0,43;Marc Goddard;0;0;0
667;53;UFC 317: Topuria vs. Oliveira;2025-06-28;Mosca (fem.);Decision - Unanimous;Decisão;3;5:00;15,0;Jason Herzog;0;0;0
668;53;UFC 317: Topuria vs. Oliveira;2025-06-28;Leve;Submission;Finalização;1;0:55;0,92;Chris Tognoni;0;0;0
669;53;UFC 317: Topuria vs. Oliveira;2025-06-28;Meio-médio;Submission;Finalização;2;4:03;9,05;Mark Smith;0;0;0
670;53;UFC 317: Topuria vs. Oliveira;2025-06-28;Pesado;Decision - Unanimous;Decisão;3;5:00;15,0;Herb Dean;0;0;0
671;54;UFC Fight Night: Hill vs. Rountree Jr.;2025-06-21;Meio-pesado;Decision - Unanimous;Decisão;5;5:00;25,0;Herb Dean;0;0;0
672;54;UFC Fight Night: Hill vs. Rountree Jr.;2025-06-21;Leve;Decision - Unanimous;Decisão;3;5:00;15,0;Marc Goddard;0;0;0
673;54;UFC Fight Night: Hill vs. Rountree Jr.;2025-06-21;Pesado;Decision - Split;Decisão;3;5:00;15,0;Herb Dean;0;0;0
674;54;UFC Fight Night: Hill vs. Rountree Jr.;2025-06-21;Peso casado;Submission;Finalização;1;4:35;4,58;Rich Mitchell;0;0;0
675;54;UFC Fight Night: Hill vs. Rountree Jr.;2025-06-21;Leve;KO/TKO;Nocaute;2;4:17;9,28;Lukasz Bosacki;0;1;1
676;54;UFC Fight Night: Hill vs. Rountree Jr.;2025-06-21;Pena;Decision - Unanimous;Decisão;3;5:00;15,0;Marc Goddard;0;0;0
677;54;UFC Fight Night: Hill vs. Rountree Jr.;2025-06-21;Meio-médio;Decision - Unanimous;Decisão;3;5:00;15,0;Herb Dean;0;0;0
678;54;UFC Fight Night: Hill vs. Rountree Jr.;2025-06-21;Médio;Decision - Unanimous;Decisão;3;5:00;15,0;Lukasz Bosacki;0;0;0
679;54;UFC Fight Night: Hill vs. Rountree Jr.;2025-06-21;Galo (fem.);Decision - Unanimous;Decisão;3;5:00;15,0;Rich Mitchell;0;0;0
680;54;UFC Fight Night: Hill vs. Rountree Jr.;2025-06-21;Galo (fem.);Decision - Unanimous;Decisão;3;5:00;15,0;Lukasz Bosacki;0;0;0
681;54;UFC Fight Night: Hill vs. Rountree Jr.;2025-06-21;Mosca;Decision - Unanimous;Decisão;3;5:00;15,0;Rich Mitchell;0;0;0
682;54;UFC Fight Night: Hill vs. Rountree Jr.;2025-06-21;Pesado;Decision - Unanimous;Decisão;3;5:00;15,0;Marc Goddard;0;0;0
683;55;UFC Fight Night: Usman vs. Buckley;2025-06-14;Meio-médio;Decision - Unanimous;Decisão;5;5:00;25,0;Mike Beltran;0;1;0
684;55;UFC Fight Night: Usman vs. Buckley;2025-06-14;Mosca (fem.);Decision - Unanimous;Decisão;3;5:00;15,0;Blake Grice;0;0;0
685;55;UFC Fight Night: Usman vs. Buckley;2025-06-14;Médio;Decision - Unanimous;Decisão;3;5:00;15,0;Kevin MacDonald;0;0;0
686;55;UFC Fight Night: Usman vs. Buckley;2025-06-14;Galo;Decision - Unanimous;Decisão;3;5:00;15,0;Mike Beltran;0;0;0
687;55;UFC Fight Night: Usman vs. Buckley;2025-06-14;Médio;Overturned;Outro;3;0:36;10,6;Brent McKeehan;0;0;0
688;55;UFC Fight Night: Usman vs. Buckley;2025-06-14;Meio-pesado;Decision - Unanimous;Decisão;3;5:00;15,0;Blake Grice;0;0;0
689;55;UFC Fight Night: Usman vs. Buckley;2025-06-14;Meio-pesado;Could Not Continue;Outro;1;4:59;4,98;Kevin MacDonald;0;0;0
690;55;UFC Fight Night: Usman vs. Buckley;2025-06-14;Meio-médio;Decision - Unanimous;Decisão;3;5:00;15,0;Mike Beltran;0;0;0
691;55;UFC Fight Night: Usman vs. Buckley;2025-06-14;Galo;KO/TKO;Nocaute;1;2:37;2,62;Brent McKeehan;0;0;1
692;55;UFC Fight Night: Usman vs. Buckley;2025-06-14;Mosca;KO/TKO;Nocaute;2;0:11;5,18;Kevin MacDonald;0;0;1
693;55;UFC Fight Night: Usman vs. Buckley;2025-06-14;Galo;Decision - Unanimous;Decisão;3;5:00;15,0;Blake Grice;0;0;0
694;55;UFC Fight Night: Usman vs. Buckley;2025-06-14;Meio-médio;KO/TKO;Nocaute;3;4:03;14,05;Brent McKeehan;0;0;0
695;55;UFC Fight Night: Usman vs. Buckley;2025-06-14;Mosca (fem.);Decision - Unanimous;Decisão;3;5:00;15,0;Nate Mann;0;0;0
696;56;UFC 316: Dvalishvili vs. O'Malley 2;2025-06-07;Galo;Submission;Finalização;3;4:42;14,7;Jason Herzog;1;0;1
697;56;UFC 316: Dvalishvili vs. O'Malley 2;2025-06-07;Galo (fem.);Submission;Finalização;2;4:55;9,92;Vitor Ribeiro;1;0;1
698;56;UFC 316: Dvalishvili vs. O'Malley 2;2025-06-07;Médio;Decision - Unanimous;Decisão;3;5:00;15,0;Mike Beltran;0;0;0
699;56;UFC 316: Dvalishvili vs. O'Malley 2;2025-06-07;Galo;Decision - Unanimous;Decisão;3;5:00;15,0;Keith Peterson;0;0;0
700;56;UFC 316: Dvalishvili vs. O'Malley 2;2025-06-07;Meio-médio;Submission;Finalização;2;1:03;6,05;Keith Peterson;0;0;1
701;56;UFC 316: Dvalishvili vs. O'Malley 2;2025-06-07;Mosca;KO/TKO;Nocaute;3;4:01;14,02;Vitor Ribeiro;0;0;0
702;56;UFC 316: Dvalishvili vs. O'Malley 2;2025-06-07;Meio-pesado;KO/TKO;Nocaute;1;3:25;3,42;Mike Beltran;0;0;0
703;56;UFC 316: Dvalishvili vs. O'Malley 2;2025-06-07;Pesado;Decision - Unanimous;Decisão;3;5:00;15,0;Mike Beltran;0;0;0
704;56;UFC 316: Dvalishvili vs. O'Malley 2;2025-06-07;Meio-médio;Decision - Unanimous;Decisão;3;5:00;15,0;Mike Beltran;0;0;0
705;56;UFC 316: Dvalishvili vs. O'Malley 2;2025-06-07;Mosca (fem.);Decision - Unanimous;Decisão;3;5:00;15,0;Gasper Oliver;0;0;0
706;56;UFC 316: Dvalishvili vs. O'Malley 2;2025-06-07;Pena;KO/TKO;Nocaute;1;0:28;0,47;Keith Peterson;0;0;1
707;56;UFC 316: Dvalishvili vs. O'Malley 2;2025-06-07;Leve;Decision - Unanimous;Decisão;3;5:00;15,0;Gasper Oliver;0;0;0
708;56;UFC 316: Dvalishvili vs. O'Malley 2;2025-06-07;Leve;Decision - Unanimous;Decisão;3;5:00;15,0;Jason Herzog;0;0;0
709;57;UFC Fight Night: Blanchfield vs. Barber;2025-05-31;Leve;Decision - Unanimous;Decisão;3;5:00;15,0;Herb Dean;0;0;0
710;57;UFC Fight Night: Blanchfield vs. Barber;2025-05-31;Meio-médio;Submission;Finalização;1;3:16;3,27;Chris Tognoni;0;0;1
711;57;UFC Fight Night: Blanchfield vs. Barber;2025-05-31;Meio-pesado;KO/TKO;Nocaute;1;1:50;1,83;Mike Beltran;0;0;0
712;57;UFC Fight Night: Blanchfield vs. Barber;2025-05-31;Pena (fem.);Decision - Unanimous;Decisão;3;5:00;15,0;Mark Smith;0;0;0
713;57;UFC Fight Night: Blanchfield vs. Barber;2025-05-31;Médio;Decision - Unanimous;Decisão;3;5:00;15,0;Herb Dean;0;0;0
714;57;UFC Fight Night: Blanchfield vs. Barber;2025-05-31;Mosca;Decision - Unanimous;Decisão;3;5:00;15,0;Chris Tognoni;0;0;0
715;57;UFC Fight Night: Blanchfield vs. Barber;2025-05-31;Leve;Submission;Finalização;1;1:39;1,65;Mike Beltran;0;0;1
716;57;UFC Fight Night: Blanchfield vs. Barber;2025-05-31;Leve;Decision - Unanimous;Decisão;3;5:00;15,0;Herb Dean;0;0;0
717;57;UFC Fight Night: Blanchfield vs. Barber;2025-05-31;Palha (fem.);Decision - Unanimous;Decisão;3;5:00;15,0;Chris Tognoni;0;1;0
718;58;UFC Fight Night: Burns vs. Morales;2025-05-17;Meio-médio;KO/TKO;Nocaute;1;3:39;3,65;Herb Dean;0;0;1
719;58;UFC Fight Night: Burns vs. Morales;2025-05-17;Leve;Decision - Unanimous;Decisão;3;5:00;15,0;Kerry Hatley;0;0;0
720;58;UFC Fight Night: Burns vs. Morales;2025-05-17;Médio;Decision - Unanimous;Decisão;3;5:00;15,0;Chris Tognoni;0;0;0
721;58;UFC Fight Night: Burns vs. Morales;2025-05-17;Pena;Decision - Unanimous;Decisão;3;5:00;15,0;Herb Dean;0;1;0
722;58;UFC Fight Night: Burns vs. Morales;2025-05-17;Leve;Submission;Finalização;2;3:43;8,72;Jason Herzog;0;0;0
723;58;UFC Fight Night: Burns vs. Morales;2025-05-17;Leve;KO/TKO;Nocaute;1;3:37;3,62;Kerry Hatley;0;0;0
724;58;UFC Fight Night: Burns vs. Morales;2025-05-17;Pena;Submission;Finalização;1;2:54;2,9;Chris Tognoni;0;0;0
725;58;UFC Fight Night: Burns vs. Morales;2025-05-17;Galo (fem.);Submission;Finalização;2;4:59;9,98;Herb Dean;0;0;0
726;58;UFC Fight Night: Burns vs. Morales;2025-05-17;Palha (fem.);KO/TKO;Nocaute;2;0:30;5,5;Jason Herzog;0;0;1
727;58;UFC Fight Night: Burns vs. Morales;2025-05-17;Mosca;Submission;Finalização;1;2:26;2,43;Kerry Hatley;0;0;0
728;58;UFC Fight Night: Burns vs. Morales;2025-05-17;Palha (fem.);Decision - Unanimous;Decisão;3;5:00;15,0;Chris Tognoni;0;0;0
729;59;UFC 315: Muhammad vs. Della Maddalena;2025-05-10;Meio-médio;Decision - Unanimous;Decisão;5;5:00;25,0;Jason Herzog;1;1;0
730;59;UFC 315: Muhammad vs. Della Maddalena;2025-05-10;Mosca (fem.);Decision - Unanimous;Decisão;5;5:00;25,0;Marc Goddard;1;0;0
731;59;UFC 315: Muhammad vs. Della Maddalena;2025-05-10;Pena;Decision - Unanimous;Decisão;3;5:00;15,0;Dan Miragliotta;0;0;0
732;59;UFC 315: Muhammad vs. Della Maddalena;2025-05-10;Mosca (fem.);Decision - Unanimous;Decisão;3;5:00;15,0;Erick Philippeaux;0;0;0
733;59;UFC 315: Muhammad vs. Della Maddalena;2025-05-10;Leve;Submission;Finalização;2;2:35;7,58;Luc Lefebvre;0;0;0
734;59;UFC 315: Muhammad vs. Della Maddalena;2025-05-10;Meio-médio;KO/TKO;Nocaute;2;0:26;5,43;Marc Goddard;0;0;0
735;59;UFC 315: Muhammad vs. Della Maddalena;2025-05-10;Mosca (fem.);Submission;Finalização;1;2:40;2,67;Jason Herzog;0;0;1
736;59;UFC 315: Muhammad vs. Della Maddalena;2025-05-10;Meio-pesado;Decision - Split;Decisão;3;5:00;15,0;Dan Miragliotta;0;0;0
737;59;UFC 315: Muhammad vs. Della Maddalena;2025-05-10;Meio-pesado;Decision - Unanimous;Decisão;3;5:00;15,0;Erick Philippeaux;0;0;0
738;59;UFC 315: Muhammad vs. Della Maddalena;2025-05-10;Médio;KO/TKO;Nocaute;1;1:27;1,45;Luc Lefebvre;0;0;1
739;59;UFC 315: Muhammad vs. Della Maddalena;2025-05-10;Pena;Decision - Unanimous;Decisão;3;5:00;15,0;Marc Goddard;0;0;0
740;59;UFC 315: Muhammad vs. Della Maddalena;2025-05-10;Galo;KO/TKO;Nocaute;1;1:04;1,07;Jason Herzog;0;0;0
741;60;UFC Fight Night: Sandhagen vs. Figueiredo;2025-05-03;Galo;KO/TKO;Nocaute;2;4:08;9,13;Dan Miragliotta;0;0;1
742;60;UFC Fight Night: Sandhagen vs. Figueiredo;2025-05-03;Médio;KO/TKO;Nocaute;2;1:53;6,88;Mike Beltran;0;0;1
743;60;UFC Fight Night: Sandhagen vs. Figueiredo;2025-05-03;Meio-médio;KO/TKO;Nocaute;3;1:12;11,2;Kevin MacDonald;0;0;0
744;60;UFC Fight Night: Sandhagen vs. Figueiredo;2025-05-03;Galo;Decision - Unanimous;Decisão;3;5:00;15,0;Gary Copeland;0;0;0
745;60;UFC Fight Night: Sandhagen vs. Figueiredo;2025-05-03;Galo;Decision - Unanimous;Decisão;3;5:00;15,0;Dan Miragliotta;0;0;0
746;60;UFC Fight Night: Sandhagen vs. Figueiredo;2025-05-03;Leve;Decision - Unanimous;Decisão;3;5:00;15,0;Mike Beltran;0;0;0
747;60;UFC Fight Night: Sandhagen vs. Figueiredo;2025-05-03;Galo (fem.);Decision - Unanimous;Decisão;3;5:00;15,0;Kevin MacDonald;0;0;0
748;60;UFC Fight Night: Sandhagen vs. Figueiredo;2025-05-03;Médio;KO/TKO;Nocaute;1;2:44;2,73;Gary Copeland;0;0;1
749;60;UFC Fight Night: Sandhagen vs. Figueiredo;2025-05-03;Palha (fem.);KO/TKO;Nocaute;2;2:07;7,12;Bruce Allen;0;0;0
750;60;UFC Fight Night: Sandhagen vs. Figueiredo;2025-05-03;Galo;Submission;Finalização;2;1:54;6,9;Tyrone Roberts;0;0;1
751;60;UFC Fight Night: Sandhagen vs. Figueiredo;2025-05-03;Pesado;Decision - Unanimous;Decisão;3;5:00;15,0;Bruce Allen;0;0;0
752;60;UFC Fight Night: Sandhagen vs. Figueiredo;2025-05-03;Mosca (fem.);Decision - Unanimous;Decisão;3;5:00;15,0;Tyrone Roberts;0;0;0
753;61;UFC Fight Night: Machado Garry vs. Prates;2025-04-26;Meio-médio;Decision - Unanimous;Decisão;5;5:00;25,0;Dan Miragliotta;0;0;0
754;61;UFC Fight Night: Machado Garry vs. Prates;2025-04-26;Meio-pesado;KO/TKO;Nocaute;1;4:03;4,05;Jason Herzog;0;0;1
755;61;UFC Fight Night: Machado Garry vs. Prates;2025-04-26;Pena;Decision - Unanimous;Decisão;3;5:00;15,0;Keith Peterson;0;0;0
756;61;UFC Fight Night: Machado Garry vs. Prates;2025-04-26;Médio;Decision - Unanimous;Decisão;3;5:00;15,0;Nick Berens;0;0;0
757;61;UFC Fight Night: Machado Garry vs. Prates;2025-04-26;Meio-médio;KO/TKO;Nocaute;2;1:39;6,65;Keith Peterson;0;1;0
758;61;UFC Fight Night: Machado Garry vs. Prates;2025-04-26;Médio;KO/TKO;Nocaute;1;4:54;4,9;Jason Herzog;0;0;0
759;61;UFC Fight Night: Machado Garry vs. Prates;2025-04-26;Mosca;Decision - Unanimous;Decisão;3;5:00;15,0;Dan Miragliotta;0;0;0
760;61;UFC Fight Night: Machado Garry vs. Prates;2025-04-26;Leve;Decision - Unanimous;Decisão;3;5:00;15,0;Nick Berens;0;0;0
761;61;UFC Fight Night: Machado Garry vs. Prates;2025-04-26;Pena;Decision - Split;Decisão;3;5:00;15,0;Keith Peterson;0;0;0
762;61;UFC Fight Night: Machado Garry vs. Prates;2025-04-26;Galo;Decision - Unanimous;Decisão;3;5:00;15,0;Jason Herzog;0;0;0
763;61;UFC Fight Night: Machado Garry vs. Prates;2025-04-26;Galo;KO/TKO;Nocaute;1;1:59;1,98;Zach Teiberis;0;0;1
764;61;UFC Fight Night: Machado Garry vs. Prates;2025-04-26;Palha (fem.);Submission;Finalização;2;1:49;6,82;Dan Miragliotta;0;0;0
765;61;UFC Fight Night: Machado Garry vs. Prates;2025-04-26;Pena;KO/TKO;Nocaute;2;3:55;8,92;Nick Berens;0;0;0
766;61;UFC Fight Night: Machado Garry vs. Prates;2025-04-26;Galo (fem.);KO/TKO;Nocaute;1;2:31;2,52;Zach Teiberis;0;0;0
767;62;UFC 314: Volkanovski vs. Lopes;2025-04-12;Pena;Decision - Unanimous;Decisão;5;5:00;25,0;Marc Goddard;1;1;0
768;62;UFC 314: Volkanovski vs. Lopes;2025-04-12;Leve;KO/TKO;Nocaute;3;3:07;13,12;Kerry Hatley;0;0;1
769;62;UFC 314: Volkanovski vs. Lopes;2025-04-12;Pena;Decision - Unanimous;Decisão;3;5:00;15,0;Andrew Glenn;0;0;0
770;62;UFC 314: Volkanovski vs. Lopes;2025-04-12;Pena;Submission;Finalização;2;3:52;8,87;Mike Beltran;0;0;1
771;62;UFC 314: Volkanovski vs. Lopes;2025-04-12;Meio-pesado;KO/TKO;Nocaute;1;2:24;2,4;Marc Goddard;0;0;0
772;62;UFC 314: Volkanovski vs. Lopes;2025-04-12;Pena;KO/TKO;Nocaute;3;1:12;11,2;Andrew Glenn;0;0;0
773;62;UFC 314: Volkanovski vs. Lopes;2025-04-12;Palha (fem.);Decision - Unanimous;Decisão;3;5:00;15,0;Mike Beltran;0;0;0
774;62;UFC 314: Volkanovski vs. Lopes;2025-04-12;Leve;Decision - Unanimous;Decisão;3;5:00;15,0;Kerry Hatley;0;0;0
775;62;UFC 314: Volkanovski vs. Lopes;2025-04-12;Pena;KO/TKO;Nocaute;1;4:15;4,25;Mike Beltran;0;0;0
776;62;UFC 314: Volkanovski vs. Lopes;2025-04-12;Médio;KO/TKO;Nocaute;1;2:49;2,82;Marc Goddard;0;0;0
777;62;UFC 314: Volkanovski vs. Lopes;2025-04-12;Mosca;Decision - Split;Decisão;3;5:00;15,0;Andrew Glenn;0;0;0
778;62;UFC 314: Volkanovski vs. Lopes;2025-04-12;Médio;KO/TKO;Nocaute;2;3:16;8,27;Marc Goddard;0;0;0
779;62;UFC 314: Volkanovski vs. Lopes;2025-04-12;Galo (fem.);Submission;Finalização;2;1:52;6,87;Kerry Hatley;0;0;0
780;63;UFC Fight Night: Emmett vs. Murphy;2025-04-05;Pena;Decision - Unanimous;Decisão;5;5:00;25,0;Jason Herzog;0;0;0
781;63;UFC Fight Night: Emmett vs. Murphy;2025-04-05;Pena;Decision - Unanimous;Decisão;3;5:00;15,0;Keith Peterson;0;0;0
782;63;UFC Fight Night: Emmett vs. Murphy;2025-04-05;Galo;KO/TKO;Nocaute;2;3:48;8,8;Chris Tognoni;0;0;1
783;63;UFC Fight Night: Emmett vs. Murphy;2025-04-05;Médio;Decision - Unanimous;Decisão;3;5:00;15,0;Mike Beltran;0;0;0
784;63;UFC Fight Night: Emmett vs. Murphy;2025-04-05;Mosca;KO/TKO;Nocaute;2;1:54;6,9;Jason Herzog;0;0;1
785;63;UFC Fight Night: Emmett vs. Murphy;2025-04-05;Médio;Decision - Split;Decisão;3;5:00;15,0;Mike Beltran;0;0;0
786;63;UFC Fight Night: Emmett vs. Murphy;2025-04-05;Mosca (fem.);Submission;Finalização;1;4:13;4,22;Keith Peterson;0;0;1
787;63;UFC Fight Night: Emmett vs. Murphy;2025-04-05;Meio-médio;TKO - Doctor's Stoppage;Nocaute;1;5:00;5,0;Jason Herzog;0;0;1
788;63;UFC Fight Night: Emmett vs. Murphy;2025-04-05;Palha (fem.);Decision - Unanimous;Decisão;3;5:00;15,0;Chris Tognoni;0;0;0
789;63;UFC Fight Night: Emmett vs. Murphy;2025-04-05;Galo;Decision - Unanimous;Decisão;3;5:00;15,0;Keith Peterson;0;0;0
790;63;UFC Fight Night: Emmett vs. Murphy;2025-04-05;Pesado;Decision - Unanimous;Decisão;3;5:00;15,0;Mike Beltran;0;0;0
791;63;UFC Fight Night: Emmett vs. Murphy;2025-04-05;Palha (fem.);Decision - Unanimous;Decisão;3;5:00;15,0;Chris Tognoni;0;0;0
792;64;UFC Fight Night: Moreno vs. Erceg;2025-03-29;Mosca;Decision - Unanimous;Decisão;5;5:00;25,0;Herb Dean;0;0;0
793;64;UFC Fight Night: Moreno vs. Erceg;2025-03-29;Leve;KO/TKO;Nocaute;1;1:45;1,75;Mike Beltran;0;0;1
794;64;UFC Fight Night: Moreno vs. Erceg;2025-03-29;Mosca;Submission;Finalização;1;2:30;2,5;Marc Goddard;0;0;1
795;64;UFC Fight Night: Moreno vs. Erceg;2025-03-29;Galo;Decision - Unanimous;Decisão;3;5:00;15,0;Mike Beltran;0;0;0
796;64;UFC Fight Night: Moreno vs. Erceg;2025-03-29;Galo;KO/TKO;Nocaute;1;4:38;4,63;Marc Goddard;0;0;1
797;64;UFC Fight Night: Moreno vs. Erceg;2025-03-29;Mosca;Decision - Unanimous;Decisão;3;5:00;15,0;Herb Dean;0;0;0
798;64;UFC Fight Night: Moreno vs. Erceg;2025-03-29;Médio;KO/TKO;Nocaute;1;3:32;3,53;Raul Porrata;0;0;1
799;64;UFC Fight Night: Moreno vs. Erceg;2025-03-29;Pena;Decision - Unanimous;Decisão;3;5:00;15,0;Fernando Salas Navarro;0;0;0
800;64;UFC Fight Night: Moreno vs. Erceg;2025-03-29;Palha (fem.);Decision - Unanimous;Decisão;3;5:00;15,0;Horacio Lopez Villanueva;0;0;0
801;64;UFC Fight Night: Moreno vs. Erceg;2025-03-29;Leve;Decision - Unanimous;Decisão;3;5:00;15,0;Raul Porrata;0;0;0
802;64;UFC Fight Night: Moreno vs. Erceg;2025-03-29;Pena;KO/TKO;Nocaute;1;4:06;4,1;Fernando Salas Navarro;0;0;0
803;64;UFC Fight Night: Moreno vs. Erceg;2025-03-29;Leve;Decision - Split;Decisão;3;5:00;15,0;Horacio Lopez Villanueva;0;0;0
804;65;UFC Fight Night: Edwards vs. Brady;2025-03-22;Meio-médio;Submission;Finalização;4;1:39;16,65;Jason Herzog;0;0;1
805;65;UFC Fight Night: Edwards vs. Brady;2025-03-22;Meio-pesado;Decision - Unanimous;Decisão;3;5:00;15,0;Marc Goddard;0;0;0
806;65;UFC Fight Night: Edwards vs. Brady;2025-03-22;Meio-médio;Decision - Unanimous;Decisão;3;5:00;15,0;Daniel Movahedi;0;0;1
807;65;UFC Fight Night: Edwards vs. Brady;2025-03-22;Palha (fem.);Submission;Finalização;1;4:32;4,53;Lukasz Bosacki;0;0;1
808;65;UFC Fight Night: Edwards vs. Brady;2025-03-22;Leve;Submission;Finalização;2;3:42;8,7;Jason Herzog;0;0;0
809;65;UFC Fight Night: Edwards vs. Brady;2025-03-22;Pena;Decision - Unanimous;Decisão;3;5:00;15,0;Marc Goddard;0;0;0
810;65;UFC Fight Night: Edwards vs. Brady;2025-03-22;Leve;Decision - Split;Decisão;3;5:00;15,0;Lukasz Bosacki;0;0;0
811;65;UFC Fight Night: Edwards vs. Brady;2025-03-22;Mosca;Decision - Unanimous;Decisão;3;5:00;15,0;Daniel Movahedi;0;0;0
812;65;UFC Fight Night: Edwards vs. Brady;2025-03-22;Pesado;Decision - Unanimous;Decisão;3;5:00;15,0;Marc Goddard;0;0;0
813;65;UFC Fight Night: Edwards vs. Brady;2025-03-22;Médio;Decision - Unanimous;Decisão;3;5:00;15,0;Jason Herzog;0;0;0
814;65;UFC Fight Night: Edwards vs. Brady;2025-03-22;Palha (fem.);Submission;Finalização;2;3:22;8,37;Lukasz Bosacki;0;0;1
815;65;UFC Fight Night: Edwards vs. Brady;2025-03-22;Galo;Decision - Split;Decisão;3;5:00;15,0;Daniel Movahedi;0;0;0
816;65;UFC Fight Night: Edwards vs. Brady;2025-03-22;Leve;Decision - Unanimous;Decisão;3;5:00;15,0;Jason Herzog;0;0;0
817;66;UFC Fight Night: Vettori vs. Dolidze 2;2025-03-15;Médio;Decision - Unanimous;Decisão;5;5:00;25,0;Herb Dean;0;0;0
818;66;UFC Fight Night: Vettori vs. Dolidze 2;2025-03-15;Meio-médio;KO/TKO;Nocaute;2;2:19;7,32;Mark Smith;0;0;0
819;66;UFC Fight Night: Vettori vs. Dolidze 2;2025-03-15;Leve;Decision - Unanimous;Decisão;3;5:00;15,0;Kerry Hatley;0;0;0
820;66;UFC Fight Night: Vettori vs. Dolidze 2;2025-03-15;Galo;Submission;Finalização;2;4:09;9,15;Chris Tognoni;0;0;0
821;66;UFC Fight Night: Vettori vs. Dolidze 2;2025-03-15;Meio-pesado;Submission;Finalização;2;1:28;6,47;Herb Dean;0;0;0
822;66;UFC Fight Night: Vettori vs. Dolidze 2;2025-03-15;Pena;KO/TKO;Nocaute;1;3:09;3,15;Kerry Hatley;0;0;0
823;66;UFC Fight Night: Vettori vs. Dolidze 2;2025-03-15;Pesado;KO/TKO;Nocaute;2;4:48;9,8;Mark Smith;0;0;0
824;66;UFC Fight Night: Vettori vs. Dolidze 2;2025-03-15;Galo;Decision - Unanimous;Decisão;3;5:00;15,0;Chris Tognoni;0;0;0
825;66;UFC Fight Night: Vettori vs. Dolidze 2;2025-03-15;Galo;Submission;Finalização;1;3:16;3,27;Herb Dean;0;0;1
826;66;UFC Fight Night: Vettori vs. Dolidze 2;2025-03-15;Palha (fem.);Decision - Split;Decisão;3;5:00;15,0;Mark Smith;0;0;0
827;66;UFC Fight Night: Vettori vs. Dolidze 2;2025-03-15;Mosca;Submission;Finalização;3;3:05;13,08;Kerry Hatley;0;0;1
828;66;UFC Fight Night: Vettori vs. Dolidze 2;2025-03-15;Galo (fem.);KO/TKO;Nocaute;1;2:46;2,77;Chris Tognoni;0;0;1
829;66;UFC Fight Night: Vettori vs. Dolidze 2;2025-03-15;Mosca (fem.);KO/TKO;Nocaute;1;1:40;1,67;Mark Smith;0;0;1
830;67;UFC 313: Pereira vs. Ankalaev;2025-03-08;Meio-pesado;Decision - Unanimous;Decisão;5;5:00;25,0;Marc Goddard;1;0;0
831;67;UFC 313: Pereira vs. Ankalaev;2025-03-08;Leve;Decision - Unanimous;Decisão;3;5:00;15,0;Jason Herzog;0;1;0
832;67;UFC 313: Pereira vs. Ankalaev;2025-03-08;Leve;Submission;Finalização;1;2:29;2,48;Mark Smith;0;0;1
833;67;UFC 313: Pereira vs. Ankalaev;2025-03-08;Palha (fem.);Decision - Unanimous;Decisão;3;5:00;15,0;Keith Peterson;0;0;0
834;67;UFC 313: Pereira vs. Ankalaev;2025-03-08;Leve;KO/TKO;Nocaute;1;2:07;2,12;Chris Tognoni;0;0;1
835;67;UFC 313: Pereira vs. Ankalaev;2025-03-08;Mosca;Decision - Unanimous;Decisão;3;5:00;15,0;Jason Herzog;0;0;0
836;67;UFC 313: Pereira vs. Ankalaev;2025-03-08;Médio;Submission;Finalização;2;4:27;9,45;Mark Smith;0;0;0
837;67;UFC 313: Pereira vs. Ankalaev;2025-03-08;Meio-médio;KO/TKO;Nocaute;1;4:16;4,27;Keith Peterson;0;0;0
838;67;UFC 313: Pereira vs. Ankalaev;2025-03-08;Pena;Decision - Split;Decisão;3;5:00;15,0;Chris Tognoni;0;0;0
839;67;UFC 313: Pereira vs. Ankalaev;2025-03-08;Médio;Decision - Unanimous;Decisão;3;5:00;15,0;Marc Goddard;0;0;0
840;68;UFC Fight Night: Kape vs. Almabayev;2025-03-01;Mosca;KO/TKO;Nocaute;3;2:16;12,27;Mike Beltran;0;0;1
841;68;UFC Fight Night: Kape vs. Almabayev;2025-03-01;Médio;KO/TKO;Nocaute;1;4:45;4,75;Mark Smith;0;0;0
842;68;UFC Fight Night: Kape vs. Almabayev;2025-03-01;Leve;Decision - Split;Decisão;3;5:00;15,0;Jason Herzog;0;1;0
843;68;UFC Fight Night: Kape vs. Almabayev;2025-03-01;Pena;Decision - Split;Decisão;3;5:00;15,0;Chris Tognoni;0;0;0
844;68;UFC Fight Night: Kape vs. Almabayev;2025-03-01;Meio-médio;KO/TKO;Nocaute;1;3:10;3,17;Mike Beltran;0;0;0
845;68;UFC Fight Night: Kape vs. Almabayev;2025-03-01;Pesado;KO/TKO;Nocaute;2;0:39;5,65;Mark Smith;0;0;1
846;68;UFC Fight Night: Kape vs. Almabayev;2025-03-01;Pena;Decision - Unanimous;Decisão;3;5:00;15,0;Jason Herzog;0;0;0
847;68;UFC Fight Night: Kape vs. Almabayev;2025-03-01;Pena;Decision - Split;Decisão;3;5:00;15,0;Mike Beltran;0;0;0
848;68;UFC Fight Night: Kape vs. Almabayev;2025-03-01;Mosca (fem.);Decision - Unanimous;Decisão;3;5:00;15,0;Chris Tognoni;0;0;0
849;68;UFC Fight Night: Kape vs. Almabayev;2025-03-01;Mosca;Decision - Unanimous;Decisão;3;5:00;15,0;Jason Herzog;0;0;0
850;69;UFC Fight Night: Cejudo vs. Song;2025-02-22;Galo;Decision - Unanimous;Decisão;3;5:00;15,0;Jason Herzog;0;0;0
851;69;UFC Fight Night: Cejudo vs. Song;2025-02-22;Médio;Decision - Unanimous;Decisão;3;5:00;15,0;Mike Beltran;0;0;0
852;69;UFC Fight Night: Cejudo vs. Song;2025-02-22;Peso casado;Decision - Split;Decisão;3;5:00;15,0;Keith Peterson;0;0;0
853;69;UFC Fight Night: Cejudo vs. Song;2025-02-22;Pena;KO/TKO;Nocaute;1;4:15;4,25;Kevin MacDonald;0;0;1
854;69;UFC Fight Night: Cejudo vs. Song;2025-02-22;Meio-pesado;Decision - Split;Decisão;3;5:00;15,0;Jason Herzog;0;1;0
855;69;UFC Fight Night: Cejudo vs. Song;2025-02-22;Meio-pesado;Submission;Finalização;1;2:51;2,85;Kevin MacDonald;0;0;0
856;69;UFC Fight Night: Cejudo vs. Song;2025-02-22;Pena;Submission;Finalização;1;4:30;4,5;Jeff Hoiby;0;0;0
857;69;UFC Fight Night: Cejudo vs. Song;2025-02-22;Médio;KO/TKO;Nocaute;2;3:24;8,4;Jason Herzog;0;0;0
858;69;UFC Fight Night: Cejudo vs. Song;2025-02-22;Galo;KO/TKO;Nocaute;1;3:58;3,97;Mike Beltran;0;0;1
859;69;UFC Fight Night: Cejudo vs. Song;2025-02-22;Peso casado;KO/TKO;Nocaute;2;4:13;9,22;Kevin MacDonald;0;0;0
860;69;UFC Fight Night: Cejudo vs. Song;2025-02-22;Médio;KO/TKO;Nocaute;2;0:33;5,55;Keith Peterson;0;0;0
861;69;UFC Fight Night: Cejudo vs. Song;2025-02-22;Meio-pesado;KO/TKO;Nocaute;1;2:12;2,2;Jeff Hoiby;0;0;0
862;70;UFC Fight Night: Cannonier vs. Rodrigues;2025-02-15;Médio;KO/TKO;Nocaute;4;0:21;15,35;Herb Dean;0;1;0
863;70;UFC Fight Night: Cannonier vs. Rodrigues;2025-02-15;Pena;Decision - Unanimous;Decisão;3;5:00;15,0;Dan Miragliotta;0;0;0
864;70;UFC Fight Night: Cannonier vs. Rodrigues;2025-02-15;Médio;KO/TKO;Nocaute;1;1:35;1,58;Chris Tognoni;0;0;1
865;70;UFC Fight Night: Cannonier vs. Rodrigues;2025-02-15;Leve;TKO - Doctor's Stoppage;Nocaute;1;5:00;5,0;Mark Smith;0;0;0
866;70;UFC Fight Night: Cannonier vs. Rodrigues;2025-02-15;Médio;Decision - Unanimous;Decisão;3;5:00;15,0;Herb Dean;0;0;0
867;70;UFC Fight Night: Cannonier vs. Rodrigues;2025-02-15;Pena;KO/TKO;Nocaute;1;2:58;2,97;Dan Miragliotta;0;0;0
868;70;UFC Fight Night: Cannonier vs. Rodrigues;2025-02-15;Palha (fem.);Decision - Split;Decisão;3;5:00;15,0;Mark Smith;0;0;0
869;70;UFC Fight Night: Cannonier vs. Rodrigues;2025-02-15;Mosca;Decision - Unanimous;Decisão;3;5:00;15,0;Chris Tognoni;0;0;0
870;70;UFC Fight Night: Cannonier vs. Rodrigues;2025-02-15;Meio-médio;Submission;Finalização;2;4:58;9,97;Herb Dean;0;0;1
871;70;UFC Fight Night: Cannonier vs. Rodrigues;2025-02-15;Galo;Decision - Unanimous;Decisão;3;5:00;15,0;Mark Smith;0;0;0
872;70;UFC Fight Night: Cannonier vs. Rodrigues;2025-02-15;Pesado;Submission;Finalização;1;1:17;1,28;Dan Miragliotta;0;0;0
873;70;UFC Fight Night: Cannonier vs. Rodrigues;2025-02-15;Galo (fem.);Decision - Unanimous;Decisão;3;5:00;15,0;Chris Tognoni;0;0;0
874;71;UFC 312: Du Plessis vs. Strickland 2;2025-02-08;Médio;Decision - Unanimous;Decisão;5;5:00;25,0;Marc Goddard;1;0;0
875;71;UFC 312: Du Plessis vs. Strickland 2;2025-02-08;Palha (fem.);Decision - Unanimous;Decisão;5;5:00;25,0;Mike Beltran;1;0;0
876;71;UFC 312: Du Plessis vs. Strickland 2;2025-02-08;Pesado;KO/TKO;Nocaute;1;0:35;0,58;Rich Mitchell;0;0;1
877;71;UFC 312: Du Plessis vs. Strickland 2;2025-02-08;Meio-pesado;Decision - Majority;Decisão;3;5:00;15,0;Marc Goddard;0;0;0
878;71;UFC 312: Du Plessis vs. Strickland 2;2025-02-08;Meio-médio;Decision - Unanimous;Decisão;3;5:00;15,0;Mike Beltran;0;0;0
879;71;UFC 312: Du Plessis vs. Strickland 2;2025-02-08;Pena;Submission;Finalização;3;2:06;12,1;Rich Mitchell;0;0;0
880;71;UFC 312: Du Plessis vs. Strickland 2;2025-02-08;Leve;Decision - Unanimous;Decisão;3;5:00;15,0;Marc Goddard;0;0;0
881;71;UFC 312: Du Plessis vs. Strickland 2;2025-02-08;Mosca (fem.);Decision - Unanimous;Decisão;3;5:00;15,0;Mike Beltran;0;0;0
882;71;UFC 312: Du Plessis vs. Strickland 2;2025-02-08;Galo;Decision - Unanimous;Decisão;3;5:00;15,0;Jim Perdios;0;0;0
883;71;UFC 312: Du Plessis vs. Strickland 2;2025-02-08;Leve;Decision - Unanimous;Decisão;3;5:00;15,0;Steve Perceval;0;1;0
884;71;UFC 312: Du Plessis vs. Strickland 2;2025-02-08;Meio-médio;Decision - Unanimous;Decisão;3;5:00;15,0;Rich Mitchell;0;0;0
885;71;UFC 312: Du Plessis vs. Strickland 2;2025-02-08;Leve;KO/TKO;Nocaute;1;0:19;0,32;Jim Perdios;0;0;1
886;72;UFC Fight Night: Adesanya vs. Imavov;2025-02-01;Médio;KO/TKO;Nocaute;2;0:30;5,5;Marc Goddard;0;0;1
887;72;UFC Fight Night: Adesanya vs. Imavov;2025-02-01;Médio;Decision - Unanimous;Decisão;3;5:00;15,0;Jason Herzog;0;0;0
888;72;UFC Fight Night: Adesanya vs. Imavov;2025-02-01;Pesado;Decision - Unanimous;Decisão;3;5:00;15,0;Mark Smith;0;0;0
889;72;UFC Fight Night: Adesanya vs. Imavov;2025-02-01;Galo;Decision - Unanimous;Decisão;3;5:00;15,0;Kerry Hatley;0;1;0
890;72;UFC Fight Night: Adesanya vs. Imavov;2025-02-01;Leve;Decision - Unanimous;Decisão;3;5:00;15,0;Chris Tognoni;0;0;0
891;72;UFC Fight Night: Adesanya vs. Imavov;2025-02-01;Pena;Decision - Unanimous;Decisão;3;5:00;15,0;Marc Goddard;0;0;0
892;72;UFC Fight Night: Adesanya vs. Imavov;2025-02-01;Pesado;KO/TKO;Nocaute;1;3:12;3,2;Jason Herzog;0;0;0
893;72;UFC Fight Night: Adesanya vs. Imavov;2025-02-01;Leve;KO/TKO;Nocaute;1;2:01;2,02;Jason Herzog;0;0;0
894;72;UFC Fight Night: Adesanya vs. Imavov;2025-02-01;Mosca (fem.);Decision - Unanimous;Decisão;3;5:00;15,0;Mark Smith;0;0;0
895;72;UFC Fight Night: Adesanya vs. Imavov;2025-02-01;Pena;KO/TKO;Nocaute;2;4:22;9,37;Kerry Hatley;0;0;1
896;72;UFC Fight Night: Adesanya vs. Imavov;2025-02-01;Pesado;Decision - Split;Decisão;3;5:00;15,0;Chris Tognoni;0;0;0
897;73;UFC 311: Makhachev vs. Moicano;2025-01-18;Leve;Submission;Finalização;1;4:05;4,08;Herb Dean;1;0;0
898;73;UFC 311: Makhachev vs. Moicano;2025-01-18;Galo;Decision - Unanimous;Decisão;5;5:00;25,0;Jason Herzog;1;1;0
899;73;UFC 311: Makhachev vs. Moicano;2025-01-18;Meio-pesado;KO/TKO;Nocaute;3;3:01;13,02;Mike Beltran;0;0;1
900;73;UFC 311: Makhachev vs. Moicano;2025-01-18;Pesado;KO/TKO;Nocaute;1;4:53;4,88;Jason Herzog;0;0;1
901;73;UFC 311: Makhachev vs. Moicano;2025-01-18;Médio;Submission;Finalização;1;3:31;3,52;Frank Trigg;0;0;0
902;73;UFC 311: Makhachev vs. Moicano;2025-01-18;Galo;Decision - Unanimous;Decisão;3;5:00;15,0;Herb Dean;0;0;0
903;73;UFC 311: Makhachev vs. Moicano;2025-01-18;Médio;KO/TKO;Nocaute;1;3:04;3,07;Blake Grice;0;0;0
904;73;UFC 311: Makhachev vs. Moicano;2025-01-18;Meio-pesado;Submission;Finalização;2;3:33;8,55;Mike Beltran;0;0;0
905;73;UFC 311: Makhachev vs. Moicano;2025-01-18;Leve;Decision - Unanimous;Decisão;3;5:00;15,0;Frank Trigg;0;0;0
906;73;UFC 311: Makhachev vs. Moicano;2025-01-18;Galo (fem.);Decision - Unanimous;Decisão;3;5:00;15,0;Mike Beltran;0;0;0
907;73;UFC 311: Makhachev vs. Moicano;2025-01-18;Galo;Decision - Unanimous;Decisão;3;5:00;15,0;Jason Herzog;0;0;0
908;73;UFC 311: Makhachev vs. Moicano;2025-01-18;Galo;Decision - Unanimous;Decisão;3;5:00;15,0;Frank Trigg;0;0;0
909;73;UFC 311: Makhachev vs. Moicano;2025-01-18;Mosca;Decision - Unanimous;Decisão;3;5:00;15,0;Blake Grice;0;0;0
910;74;UFC Fight Night: Dern vs. Ribas 2;2025-01-11;Palha (fem.);Submission;Finalização;3;4:56;14,93;Mark Smith;0;0;1
911;74;UFC Fight Night: Dern vs. Ribas 2;2025-01-11;Meio-médio;KO/TKO;Nocaute;3;3:13;13,22;Kerry Hatley;0;0;0
912;74;UFC Fight Night: Dern vs. Ribas 2;2025-01-11;Médio;KO/TKO;Nocaute;1;4:16;4,27;Mike Beltran;0;0;1
913;74;UFC Fight Night: Dern vs. Ribas 2;2025-01-11;Médio;KO/TKO;Nocaute;3;4:59;14,98;Mark Smith;0;1;0
914;74;UFC Fight Night: Dern vs. Ribas 2;2025-01-11;Pena;Decision - Unanimous;Decisão;3;5:00;15,0;Chris Tognoni;0;0;0
915;74;UFC Fight Night: Dern vs. Ribas 2;2025-01-11;Meio-médio;KO/TKO;Nocaute;1;0:31;0,52;Mike Beltran;0;0;0
916;74;UFC Fight Night: Dern vs. Ribas 2;2025-01-11;Mosca;Submission;Finalização;1;2:04;2,07;Kerry Hatley;0;0;0
917;74;UFC Fight Night: Dern vs. Ribas 2;2025-01-11;Médio;KO/TKO;Nocaute;1;3:04;3,07;Mark Smith;0;0;0
918;74;UFC Fight Night: Dern vs. Ribas 2;2025-01-11;Leve;Decision - Unanimous;Decisão;3;5:00;15,0;Chris Tognoni;0;0;0
919;74;UFC Fight Night: Dern vs. Ribas 2;2025-01-11;Meio-médio;KO/TKO;Nocaute;1;1:13;1,22;Mike Beltran;0;0;0
920;74;UFC Fight Night: Dern vs. Ribas 2;2025-01-11;Mosca (fem.);Decision - Split;Decisão;3;5:00;15,0;Kerry Hatley;0;0;0
921;74;UFC Fight Night: Dern vs. Ribas 2;2025-01-11;Meio-pesado;Decision - Unanimous;Decisão;3;5:00;15,0;Mark Smith;0;0;0
922;74;UFC Fight Night: Dern vs. Ribas 2;2025-01-11;Palha (fem.);KO/TKO;Nocaute;2;4:27;9,45;Chris Tognoni;0;0;0
923;74;UFC Fight Night: Dern vs. Ribas 2;2025-01-11;Leve;Decision - Unanimous;Decisão;3;5:00;15,0;Kerry Hatley;0;0;0
924;75;UFC Fight Night: Covington vs. Buckley;2024-12-14;Meio-médio;TKO - Doctor's Stoppage;Nocaute;3;4:42;14,7;Dan Miragliotta;0;0;0
925;75;UFC Fight Night: Covington vs. Buckley;2024-12-14;Pena;KO/TKO;Nocaute;3;1:36;11,6;Jason Herzog;0;1;0
926;75;UFC Fight Night: Covington vs. Buckley;2024-12-14;Mosca;KO/TKO;Nocaute;3;1:57;11,95;Keith Peterson;0;0;0
927;75;UFC Fight Night: Covington vs. Buckley;2024-12-14;Meio-pesado;KO/TKO;Nocaute;3;3:44;13,73;Andrew Glenn;0;0;1
928;75;UFC Fight Night: Covington vs. Buckley;2024-12-14;Galo;Decision - Split;Decisão;3;5:00;15,0;Keith Peterson;0;0;0
929;75;UFC Fight Night: Covington vs. Buckley;2024-12-14;Meio-pesado;Decision - Unanimous;Decisão;3;5:00;15,0;Dan Miragliotta;0;0;0
930;75;UFC Fight Night: Covington vs. Buckley;2024-12-14;Leve;KO/TKO;Nocaute;2;2:03;7,05;Jason Herzog;0;0;1
931;75;UFC Fight Night: Covington vs. Buckley;2024-12-14;Leve;KO/TKO;Nocaute;1;2:48;2,8;Dan Miragliotta;0;0;0
932;75;UFC Fight Night: Covington vs. Buckley;2024-12-14;Pena;KO/TKO;Nocaute;1;4:58;4,97;Andrew Glenn;0;0;0
933;75;UFC Fight Night: Covington vs. Buckley;2024-12-14;Pena;Decision - Unanimous;Decisão;3;5:00;15,0;Jason Herzog;0;0;0
934;75;UFC Fight Night: Covington vs. Buckley;2024-12-14;Mosca (fem.);Decision - Unanimous;Decisão;3;5:00;15,0;Andrew Glenn;0;0;0
935;75;UFC Fight Night: Covington vs. Buckley;2024-12-14;Galo;Decision - Unanimous;Decisão;3;5:00;15,0;Keith Peterson;0;0;0
936;75;UFC Fight Night: Covington vs. Buckley;2024-12-14;Palha (fem.);Decision - Unanimous;Decisão;3;5:00;15,0;Jason Herzog;0;0;0
937;76;UFC 310: Pantoja vs. Asakura;2024-12-07;Mosca;Submission;Finalização;2;2:05;7,08;Jason Herzog;1;0;1
938;76;UFC 310: Pantoja vs. Asakura;2024-12-07;Meio-médio;Decision - Unanimous;Decisão;5;5:00;25,0;Marc Goddard;0;0;0
939;76;UFC 310: Pantoja vs. Asakura;2024-12-07;Pesado;Decision - Split;Decisão;3;5:00;15,0;Mark Smith;0;0;0
940;76;UFC 310: Pantoja vs. Asakura;2024-12-07;Pena;KO/TKO;Nocaute;3;0:39;10,65;Keith Peterson;0;0;0
941;76;UFC 310: Pantoja vs. Asakura;2024-12-07;Pena;KO/TKO;Nocaute;3;3:21;13,35;Chris Tognoni;0;0;0
942;76;UFC 310: Pantoja vs. Asakura;2024-12-07;Meio-pesado;KO/TKO;Nocaute;2;4:46;9,77;Marc Goddard;0;0;0
943;76;UFC 310: Pantoja vs. Asakura;2024-12-07;Meio-médio;Submission;Finalização;1;0:52;0,87;Mark Smith;0;0;1
944;76;UFC 310: Pantoja vs. Asakura;2024-12-07;Pena;Decision - Unanimous;Decisão;3;5:00;15,0;Jason Herzog;0;0;0
945;76;UFC 310: Pantoja vs. Asakura;2024-12-07;Meio-médio;Decision - Split;Decisão;3;5:00;15,0;Keith Peterson;0;0;0
946;76;UFC 310: Pantoja vs. Asakura;2024-12-07;Peso casado;KO/TKO;Nocaute;2;4:51;9,85;Mark Smith;0;0;0
947;76;UFC 310: Pantoja vs. Asakura;2024-12-07;Mosca;Decision - Unanimous;Decisão;3;5:00;15,0;Chris Tognoni;0;0;0
948;76;UFC 310: Pantoja vs. Asakura;2024-12-07;Meio-médio;Submission;Finalização;3;1:56;11,93;Marc Goddard;0;0;0
949;76;UFC 310: Pantoja vs. Asakura;2024-12-07;Leve;Submission;Finalização;1;3:41;3,68;Keith Peterson;0;0;1
950;76;UFC 310: Pantoja vs. Asakura;2024-12-07;Pesado;KO/TKO;Nocaute;1;4:51;4,85;Chris Tognoni;0;0;1
951;77;UFC Fight Night: Yan vs. Figueiredo;2024-11-23;Galo;Decision - Unanimous;Decisão;5;5:00;25,0;Mike Beltran;0;0;0
952;77;UFC Fight Night: Yan vs. Figueiredo;2024-11-23;Palha (fem.);Decision - Unanimous;Decisão;3;5:00;15,0;Marc Goddard;0;0;0
953;77;UFC Fight Night: Yan vs. Figueiredo;2024-11-23;Meio-médio;KO/TKO;Nocaute;1;3:49;3,82;Mark Craig;0;0;1
954;77;UFC Fight Night: Yan vs. Figueiredo;2024-11-23;Mosca (fem.);Submission;Finalização;2;3:49;8,82;Marc Goddard;0;0;1
955;77;UFC Fight Night: Yan vs. Figueiredo;2024-11-23;Meio-pesado;Decision - Unanimous;Decisão;3;5:00;15,0;Mike Beltran;0;0;0
956;77;UFC Fight Night: Yan vs. Figueiredo;2024-11-23;Meio-pesado;KO/TKO;Nocaute;1;2:25;2,42;Kevin Sataki;0;0;1
957;77;UFC Fight Night: Yan vs. Figueiredo;2024-11-23;Galo;Decision - Unanimous;Decisão;3;5:00;15,0;Mike Beltran;1;0;0
958;77;UFC Fight Night: Yan vs. Figueiredo;2024-11-23;Mosca;KO/TKO;Nocaute;1;2:36;2,6;Mark Craig;1;0;0
959;77;UFC Fight Night: Yan vs. Figueiredo;2024-11-23;Palha (fem.);KO/TKO;Nocaute;3;0:46;10,77;Kevin Sataki;1;0;1
960;77;UFC Fight Night: Yan vs. Figueiredo;2024-11-23;Mosca;Decision - Split;Decisão;3;5:00;15,0;Marc Goddard;0;0;0
961;77;UFC Fight Night: Yan vs. Figueiredo;2024-11-23;Mosca;Decision - Unanimous;Decisão;3;5:00;15,0;Mark Craig;0;0;0
962;77;UFC Fight Night: Yan vs. Figueiredo;2024-11-23;Galo;KO/TKO;Nocaute;3;1:28;11,47;Mike Beltran;0;0;0
963;77;UFC Fight Night: Yan vs. Figueiredo;2024-11-23;Leve;Decision - Unanimous;Decisão;3;5:00;15,0;Kevin Sataki;0;0;0
964;78;UFC 309: Jones vs. Miocic;2024-11-16;Pesado;KO/TKO;Nocaute;3;4:29;14,48;Herb Dean;1;0;1
965;78;UFC 309: Jones vs. Miocic;2024-11-16;Leve;Decision - Unanimous;Decisão;5;5:00;25,0;Keith Peterson;0;1;0
966;78;UFC 309: Jones vs. Miocic;2024-11-16;Médio;Decision - Unanimous;Decisão;3;5:00;15,0;Dan Miragliotta;0;0;0
967;78;UFC 309: Jones vs. Miocic;2024-11-16;Mosca (fem.);Decision - Unanimous;Decisão;3;5:00;15,0;Marc Goddard;0;0;0
968;78;UFC 309: Jones vs. Miocic;2024-11-16;Peso casado;Decision - Unanimous;Decisão;3;5:00;15,0;Kevin MacDonald;0;0;0
969;78;UFC 309: Jones vs. Miocic;2024-11-16;Galo;Decision - Unanimous;Decisão;3;5:00;15,0;Herb Dean;0;0;0
970;78;UFC 309: Jones vs. Miocic;2024-11-16;Leve;Submission;Finalização;1;2:44;2,73;Keith Peterson;0;0;0
971;78;UFC 309: Jones vs. Miocic;2024-11-16;Leve;Decision - Unanimous;Decisão;3;5:00;15,0;Marc Goddard;0;0;0
972;78;UFC 309: Jones vs. Miocic;2024-11-16;Pesado;TKO - Doctor's Stoppage;Nocaute;2;5:00;10,0;Herb Dean;0;0;0
973;78;UFC 309: Jones vs. Miocic;2024-11-16;Meio-médio;KO/TKO;Nocaute;1;2:55;2,92;Kevin MacDonald;0;0;1
974;78;UFC 309: Jones vs. Miocic;2024-11-16;Meio-médio;KO/TKO;Nocaute;3;0:40;10,67;Marc Goddard;0;0;1
975;78;UFC 309: Jones vs. Miocic;2024-11-16;Mosca (fem.);Decision - Unanimous;Decisão;3;5:00;15,0;Dan Miragliotta;0;0;0
976;79;UFC Fight Night: Magny vs. Prates;2024-11-09;Meio-médio;KO/TKO;Nocaute;1;4:50;4,83;Mark Smith;0;0;1
977;79;UFC Fight Night: Magny vs. Prates;2024-11-09;Médio;Submission;Finalização;3;1:44;11,73;Mike Beltran;0;0;0
978;79;UFC Fight Night: Magny vs. Prates;2024-11-09;Galo;Decision - Unanimous;Decisão;3;5:00;15,0;Kerry Hatley;0;0;0
979;79;UFC Fight Night: Magny vs. Prates;2024-11-09;Palha (fem.);Decision - Unanimous;Decisão;3;5:00;15,0;Chris Tognoni;0;0;0
980;79;UFC Fight Night: Magny vs. Prates;2024-11-09;Médio;KO/TKO;Nocaute;1;2:44;2,73;Mike Beltran;0;0;1
981;79;UFC Fight Night: Magny vs. Prates;2024-11-09;Palha (fem.);Decision - Unanimous;Decisão;3;5:00;15,0;Mark Smith;0;0;0
982;79;UFC Fight Night: Magny vs. Prates;2024-11-09;Meio-médio;KO/TKO;Nocaute;1;1:15;1,25;Chris Tognoni;0;0;0
983;79;UFC Fight Night: Magny vs. Prates;2024-11-09;Meio-médio;KO/TKO;Nocaute;1;0:51;0,85;Kerry Hatley;0;0;1
984;79;UFC Fight Night: Magny vs. Prates;2024-11-09;Galo;Submission;Finalização;1;4:19;4,32;Mike Beltran;0;0;1
985;79;UFC Fight Night: Magny vs. Prates;2024-11-09;Médio;Submission;Finalização;1;1:23;1,38;Kerry Hatley;0;0;0
986;79;UFC Fight Night: Magny vs. Prates;2024-11-09;Galo (fem.);KO/TKO;Nocaute;2;1:20;6,33;Chris Tognoni;0;0;0
987;80;UFC Fight Night: Moreno vs. Albazi;2024-11-02;Mosca;Decision - Unanimous;Decisão;5;5:00;25,0;Marc Goddard;0;0;0
988;80;UFC Fight Night: Moreno vs. Albazi;2024-11-02;Mosca (fem.);Decision - Unanimous;Decisão;5;5:00;25,0;Blake Grice;0;0;0
989;80;UFC Fight Night: Moreno vs. Albazi;2024-11-02;Meio-pesado;Decision - Split;Decisão;3;5:00;15,0;Jerin Valel;0;0;0
990;80;UFC Fight Night: Moreno vs. Albazi;2024-11-02;Mosca (fem.);Submission;Finalização;3;2:28;12,47;Luke Boutin;0;0;1
991;80;UFC Fight Night: Moreno vs. Albazi;2024-11-02;Médio;KO/TKO;Nocaute;1;4:28;4,47;Marc Goddard;0;0;1
992;80;UFC Fight Night: Moreno vs. Albazi;2024-11-02;Meio-médio;Decision - Unanimous;Decisão;3;5:00;15,0;Andy Social;0;0;0
993;80;UFC Fight Night: Moreno vs. Albazi;2024-11-02;Galo;Decision - Unanimous;Decisão;3;5:00;15,0;Jerin Valel;0;0;0
994;80;UFC Fight Night: Moreno vs. Albazi;2024-11-02;Galo;Submission;Finalização;2;3:43;8,72;Blake Grice;0;0;1
995;80;UFC Fight Night: Moreno vs. Albazi;2024-11-02;Pena;Submission;Finalização;2;0:59;5,98;Luke Boutin;0;0;1
996;80;UFC Fight Night: Moreno vs. Albazi;2024-11-02;Pesado;Decision - Unanimous;Decisão;3;5:00;15,0;Marc Goddard;0;0;0
997;80;UFC Fight Night: Moreno vs. Albazi;2024-11-02;Galo;Decision - Split;Decisão;3;5:00;15,0;Andy Social;0;0;0
998;80;UFC Fight Night: Moreno vs. Albazi;2024-11-02;Galo;Decision - Unanimous;Decisão;3;5:00;15,0;Jerin Valel;0;0;0
999;80;UFC Fight Night: Moreno vs. Albazi;2024-11-02;Mosca (fem.);Decision - Split;Decisão;3;5:00;15,0;Blake Grice;0;0;0
1000;81;UFC 308: Topuria vs. Holloway;2024-10-26;Pena;KO/TKO;Nocaute;3;1:34;11,57;Marc Goddard;1;0;1
1001;81;UFC 308: Topuria vs. Holloway;2024-10-26;Médio;Submission;Finalização;1;3:34;3,57;Jason Herzog;0;0;1
1002;81;UFC 308: Topuria vs. Holloway;2024-10-26;Meio-pesado;Decision - Unanimous;Decisão;3;5:00;15,0;Vitor Ribeiro;0;0;0
1003;81;UFC 308: Topuria vs. Holloway;2024-10-26;Pena;Decision - Unanimous;Decisão;3;5:00;15,0;Mark Smith;0;0;0
1004;81;UFC 308: Topuria vs. Holloway;2024-10-26;Médio;KO/TKO;Nocaute;2;4:52;9,87;Kerry Hatley;0;0;1
1005;81;UFC 308: Topuria vs. Holloway;2024-10-26;Meio-pesado;KO/TKO;Nocaute;1;0:51;0,85;Marc Goddard;0;0;0
1006;81;UFC 308: Topuria vs. Holloway;2024-10-26;Meio-médio;KO/TKO;Nocaute;1;1:30;1,5;Mark Smith;0;0;0
1007;81;UFC 308: Topuria vs. Holloway;2024-10-26;Peso casado;Decision - Split;Decisão;3;5:00;15,0;Vitor Ribeiro;0;1;0
1008;81;UFC 308: Topuria vs. Holloway;2024-10-26;Médio;Submission;Finalização;3;3:14;13,23;Marc Goddard;0;0;0
1009;81;UFC 308: Topuria vs. Holloway;2024-10-26;Pesado;KO/TKO;Nocaute;1;4:27;4,45;Jason Herzog;0;0;0
1010;81;UFC 308: Topuria vs. Holloway;2024-10-26;Pena;Decision - Unanimous;Decisão;3;5:00;15,0;Kerry Hatley;0;0;0
1011;81;UFC 308: Topuria vs. Holloway;2024-10-26;Médio;Decision - Unanimous;Decisão;3;5:00;15,0;Mark Smith;0;0;0
1012;81;UFC 308: Topuria vs. Holloway;2024-10-26;Meio-médio;Decision - Unanimous;Decisão;3;5:00;15,0;Vitor Ribeiro;0;0;0
1013;82;UFC Fight Night: Hernandez vs. Pereira;2024-10-19;Médio;KO/TKO;Nocaute;5;2:22;22,37;Herb Dean;0;0;1
1014;82;UFC Fight Night: Hernandez vs. Pereira;2024-10-19;Galo;Decision - Unanimous;Decisão;3;5:00;15,0;Keith Peterson;0;0;0
1015;82;UFC Fight Night: Hernandez vs. Pereira;2024-10-19;Mosca;Decision - Unanimous;Decisão;3;5:00;15,0;Mark Smith;0;0;0
1016;82;UFC Fight Night: Hernandez vs. Pereira;2024-10-19;Galo;Decision - Unanimous;Decisão;3;5:00;15,0;Chris Tognoni;0;0;0
1017;82;UFC Fight Night: Hernandez vs. Pereira;2024-10-19;Pena;Decision - Unanimous;Decisão;3;5:00;15,0;Herb Dean;0;1;0
1018;82;UFC Fight Night: Hernandez vs. Pereira;2024-10-19;Mosca;Decision - Unanimous;Decisão;3;5:00;15,0;Keith Peterson;0;0;0
1019;82;UFC Fight Night: Hernandez vs. Pereira;2024-10-19;Galo;Decision - Unanimous;Decisão;3;5:00;15,0;Mark Smith;0;0;0
1020;82;UFC Fight Night: Hernandez vs. Pereira;2024-10-19;Galo (fem.);Submission;Finalização;3;4:33;14,55;Herb Dean;0;0;0
1021;82;UFC Fight Night: Hernandez vs. Pereira;2024-10-19;Palha (fem.);Decision - Unanimous;Decisão;3;5:00;15,0;Chris Tognoni;0;0;0
1022;82;UFC Fight Night: Hernandez vs. Pereira;2024-10-19;Palha (fem.);Decision - Unanimous;Decisão;3;5:00;15,0;Keith Peterson;0;0;0
1023;82;UFC Fight Night: Hernandez vs. Pereira;2024-10-19;Pesado;Decision - Unanimous;Decisão;3;5:00;15,0;Mark Smith;0;0;0
1024;83;UFC Fight Night: Royval vs. Taira;2024-10-12;Mosca;Decision - Split;Decisão;5;5:00;25,0;Jason Herzog;0;1;0
1025;83;UFC Fight Night: Royval vs. Taira;2024-10-12;Médio;Decision - Split;Decisão;3;5:00;15,0;Herb Dean;0;0;0
1026;83;UFC Fight Night: Royval vs. Taira;2024-10-12;Meio-médio;Decision - Unanimous;Decisão;3;5:00;15,0;Mark Smith;0;0;0
1027;83;UFC Fight Night: Royval vs. Taira;2024-10-12;Leve;KO/TKO;Nocaute;2;1:42;6,7;Chris Tognoni;0;0;0
1028;83;UFC Fight Night: Royval vs. Taira;2024-10-12;Meio-médio;Decision - Split;Decisão;3;5:00;15,0;Herb Dean;0;0;0
1029;83;UFC Fight Night: Royval vs. Taira;2024-10-12;Mosca;KO/TKO;Nocaute;1;2:50;2,83;Jason Herzog;0;0;1
1030;83;UFC Fight Night: Royval vs. Taira;2024-10-12;Pena;Submission;Finalização;1;4:06;4,1;Chris Tognoni;0;0;0
1031;83;UFC Fight Night: Royval vs. Taira;2024-10-12;Meio-médio;Decision - Unanimous;Decisão;3;5:00;15,0;Herb Dean;0;0;0
1032;83;UFC Fight Night: Royval vs. Taira;2024-10-12;Pesado;KO/TKO;Nocaute;2;2:15;7,25;Mark Smith;0;0;0
1033;83;UFC Fight Night: Royval vs. Taira;2024-10-12;Palha (fem.);Decision - Split;Decisão;3;5:00;15,0;Chris Tognoni;0;0;0
1034;83;UFC Fight Night: Royval vs. Taira;2024-10-12;Galo;Decision - Unanimous;Decisão;3;5:00;15,0;Jason Herzog;0;0;0
1035;83;UFC Fight Night: Royval vs. Taira;2024-10-12;Mosca;Submission;Finalização;2;2:12;7,2;Mark Smith;0;0;1
1036;84;UFC 307: Pereira vs. Rountree Jr.;2024-10-05;Meio-pesado;KO/TKO;Nocaute;4;4:32;19,53;Marc Goddard;1;1;0
1037;84;UFC 307: Pereira vs. Rountree Jr.;2024-10-05;Galo (fem.);Decision - Split;Decisão;5;5:00;25,0;Jason Herzog;1;0;0
1038;84;UFC 307: Pereira vs. Rountree Jr.;2024-10-05;Galo;Decision - Split;Decisão;3;5:00;15,0;Mike Beltran;0;0;0
1039;84;UFC 307: Pereira vs. Rountree Jr.;2024-10-05;Médio;KO/TKO;Nocaute;1;5:00;5,0;Jason Herzog;0;0;0
1040;84;UFC 307: Pereira vs. Rountree Jr.;2024-10-05;Galo (fem.);Decision - Unanimous;Decisão;3;5:00;15,0;Marc Goddard;0;0;0
1041;84;UFC 307: Pereira vs. Rountree Jr.;2024-10-05;Meio-médio;KO/TKO;Nocaute;3;2:17;12,28;Mike Beltran;0;0;1
1042;84;UFC 307: Pereira vs. Rountree Jr.;2024-10-05;Palha (fem.);Decision - Split;Decisão;3;5:00;15,0;Marc Goddard;0;0;0
1043;84;UFC 307: Pereira vs. Rountree Jr.;2024-10-05;Leve;Decision - Split;Decisão;3;5:00;15,0;Tyler Tomlinson;0;0;0
1044;84;UFC 307: Pereira vs. Rountree Jr.;2024-10-05;Médio;Decision - Unanimous;Decisão;3;5:00;15,0;Dave Seljestad;0;0;0
1045;84;UFC 307: Pereira vs. Rountree Jr.;2024-10-05;Meio-pesado;Submission;Finalização;1;1:35;1,58;Mike Beltran;0;0;1
1046;84;UFC 307: Pereira vs. Rountree Jr.;2024-10-05;Palha (fem.);Decision - Unanimous;Decisão;3;5:00;15,0;Tyler Tomlinson;0;0;0
1047;84;UFC 307: Pereira vs. Rountree Jr.;2024-10-05;Meio-médio;Submission;Finalização;1;3:19;3,32;Jason Herzog;0;0;0
1048;85;UFC Fight Night: Moicano vs. Saint Denis;2024-09-28;Leve;TKO - Doctor's Stoppage;Nocaute;2;5:00;10,0;Marc Goddard;0;0;0
1049;85;UFC Fight Night: Moicano vs. Saint Denis;2024-09-28;Médio;Decision - Unanimous;Decisão;3;5:00;15,0;Herb Dean;0;0;0
1050;85;UFC Fight Night: Moicano vs. Saint Denis;2024-09-28;Pena;Decision - Split;Decisão;3;5:00;15,0;Rich Mitchell;0;0;0
1051;85;UFC Fight Night: Moicano vs. Saint Denis;2024-09-28;Meio-médio;KO/TKO;Nocaute;2;3:47;8,78;Herb Dean;0;0;1
1052;85;UFC Fight Night: Moicano vs. Saint Denis;2024-09-28;Pena;KO/TKO;Nocaute;2;0:27;5,45;Marc Goddard;0;0;1
1053;85;UFC Fight Night: Moicano vs. Saint Denis;2024-09-28;Leve;KO/TKO;Nocaute;3;2:59;12,98;Loic Pora;0;0;1
1054;85;UFC Fight Night: Moicano vs. Saint Denis;2024-09-28;Meio-pesado;Decision - Split;Decisão;3;5:00;15,0;Herb Dean;0;0;0
1055;85;UFC Fight Night: Moicano vs. Saint Denis;2024-09-28;Meio-pesado;Decision - Unanimous;Decisão;3;5:00;15,0;Rich Mitchell;0;0;0
1056;85;UFC Fight Night: Moicano vs. Saint Denis;2024-09-28;Leve;Decision - Unanimous;Decisão;3;5:00;15,0;Christophe Chapuis;0;0;0
1057;85;UFC Fight Night: Moicano vs. Saint Denis;2024-09-28;Galo;Decision - Unanimous;Decisão;3;5:00;15,0;Marc Goddard;0;0;0
1058;85;UFC Fight Night: Moicano vs. Saint Denis;2024-09-28;Galo (fem.);Submission;Finalização;1;3:52;3,87;Herb Dean;0;0;0
1059;85;UFC Fight Night: Moicano vs. Saint Denis;2024-09-28;Mosca;Decision - Unanimous;Decisão;3;5:00;15,0;Rich Mitchell;0;0;0
1060;85;UFC Fight Night: Moicano vs. Saint Denis;2024-09-28;Galo (fem.);Decision - Split;Decisão;3;5:00;15,0;Christophe Chapuis;0;0;0
1061;85;UFC Fight Night: Moicano vs. Saint Denis;2024-09-28;Leve;Submission;Finalização;1;3:34;3,57;Loic Pora;0;0;1
1062;86;UFC 306: Riyadh Season Noche UFC;2024-09-14;Galo;Decision - Unanimous;Decisão;5;5:00;25,0;Herb Dean;1;0;0
1063;86;UFC 306: Riyadh Season Noche UFC;2024-09-14;Mosca (fem.);Decision - Unanimous;Decisão;5;5:00;25,0;Mark Smith;1;0;0
1064;86;UFC 306: Riyadh Season Noche UFC;2024-09-14;Pena;Decision - Unanimous;Decisão;3;5:00;15,0;Marc Goddard;0;0;0
1065;86;UFC 306: Riyadh Season Noche UFC;2024-09-14;Leve;Decision - Split;Decisão;3;5:00;15,0;Jason Herzog;0;1;0
1066;86;UFC 306: Riyadh Season Noche UFC;2024-09-14;Mosca;Decision - Unanimous;Decisão;3;5:00;15,0;Chris Tognoni;0;0;0
1067;86;UFC 306: Riyadh Season Noche UFC;2024-09-14;Galo (fem.);Decision - Unanimous;Decisão;3;5:00;15,0;Herb Dean;0;0;0
1068;86;UFC 306: Riyadh Season Noche UFC;2024-09-14;Leve;KO/TKO;Nocaute;1;4:02;4,03;Marc Goddard;0;0;1
1069;86;UFC 306: Riyadh Season Noche UFC;2024-09-14;Palha (fem.);Submission;Finalização;1;3:02;3,03;Jason Herzog;0;0;1
1070;86;UFC 306: Riyadh Season Noche UFC;2024-09-14;Mosca;Decision - Unanimous;Decisão;3;5:00;15,0;Mark Smith;0;0;0
1071;86;UFC 306: Riyadh Season Noche UFC;2024-09-14;Galo;Decision - Unanimous;Decisão;3;5:00;15,0;Chris Tognoni;0;0;0
1072;87;UFC Fight Night: Burns vs. Brady;2024-09-07;Meio-médio;Decision - Unanimous;Decisão;5;5:00;25,0;Herb Dean;0;0;0
1073;87;UFC Fight Night: Burns vs. Brady;2024-09-07;Mosca (fem.);Decision - Unanimous;Decisão;3;5:00;15,0;Kerry Hatley;0;1;0
1074;87;UFC Fight Night: Burns vs. Brady;2024-09-07;Pena;KO/TKO;Nocaute;1;3:59;3,98;Mark Smith;0;0;1
1075;87;UFC Fight Night: Burns vs. Brady;2024-09-07;Galo;Submission;Finalização;2;0:29;5,48;Chris Tognoni;0;0;1
1076;87;UFC Fight Night: Burns vs. Brady;2024-09-07;Leve;Decision - Unanimous;Decisão;3;5:00;15,0;Herb Dean;0;0;0
1077;87;UFC Fight Night: Burns vs. Brady;2024-09-07;Leve;TKO - Doctor's Stoppage;Nocaute;2;4:14;9,23;Kerry Hatley;0;0;0
1078;87;UFC Fight Night: Burns vs. Brady;2024-09-07;Pena;Submission;Finalização;2;4:19;9,32;Mark Smith;0;0;0
1079;87;UFC Fight Night: Burns vs. Brady;2024-09-07;Mosca;Decision - Unanimous;Decisão;3;5:00;15,0;Chris Tognoni;0;0;0
1080;87;UFC Fight Night: Burns vs. Brady;2024-09-07;Pena;Decision - Unanimous;Decisão;3;5:00;15,0;Kerry Hatley;0;0;0
1081;87;UFC Fight Night: Burns vs. Brady;2024-09-07;Palha (fem.);Submission;Finalização;1;3:28;3,47;Jacob Montalvo;0;0;0
1082;87;UFC Fight Night: Burns vs. Brady;2024-09-07;Médio;Decision - Unanimous;Decisão;3;5:00;15,0;Mark Smith;0;0;0
1083;87;UFC Fight Night: Burns vs. Brady;2024-09-07;Pena;Submission;Finalização;2;1:14;6,23;Herb Dean;0;0;0
1084;88;UFC Fight Night: Cannonier vs. Borralho;2024-08-24;Médio;Decision - Unanimous;Decisão;5;5:00;25,0;Dan Miragliotta;0;1;0
1085;88;UFC Fight Night: Cannonier vs. Borralho;2024-08-24;Palha (fem.);Decision - Unanimous;Decisão;3;5:00;15,0;Keith Peterson;0;0;0
1086;88;UFC Fight Night: Cannonier vs. Borralho;2024-08-24;Médio;KO/TKO;Nocaute;2;1:49;6,82;Mark Smith;1;0;0
1087;88;UFC Fight Night: Cannonier vs. Borralho;2024-08-24;Pena;KO/TKO;Nocaute;2;1:30;6,5;Chris Tognoni;1;0;0
1088;88;UFC Fight Night: Cannonier vs. Borralho;2024-08-24;Meio-médio;KO/TKO;Nocaute;1;4:39;4,65;Dan Miragliotta;0;0;1
1089;88;UFC Fight Night: Cannonier vs. Borralho;2024-08-24;Médio;Submission;Finalização;2;4:12;9,2;Mark Smith;0;0;1
1090;88;UFC Fight Night: Cannonier vs. Borralho;2024-08-24;Leve;Decision - Split;Decisão;3;5:00;15,0;Keith Peterson;0;0;0
1091;88;UFC Fight Night: Cannonier vs. Borralho;2024-08-24;Médio;Decision - Unanimous;Decisão;3;5:00;15,0;Dan Miragliotta;0;0;0
1092;88;UFC Fight Night: Cannonier vs. Borralho;2024-08-24;Leve;Decision - Split;Decisão;3;5:00;15,0;Chris Tognoni;0;0;0
1093;88;UFC Fight Night: Cannonier vs. Borralho;2024-08-24;Galo (fem.);Decision - Split;Decisão;3;5:00;15,0;Mark Smith;0;0;0
1094;88;UFC Fight Night: Cannonier vs. Borralho;2024-08-24;Mosca (fem.);KO/TKO;Nocaute;1;1:02;1,03;Chris Tognoni;0;0;0
1095;89;UFC 305: Du Plessis vs. Adesanya;2024-08-17;Médio;Submission;Finalização;4;3:38;18,63;Marc Goddard;1;0;0
1096;89;UFC 305: Du Plessis vs. Adesanya;2024-08-17;Mosca;KO/TKO;Nocaute;1;4:04;4,07;Rich Mitchell;0;0;1
1097;89;UFC 305: Du Plessis vs. Adesanya;2024-08-17;Leve;Decision - Split;Decisão;3;5:00;15,0;Jim Perdios;0;1;0
1098;89;UFC 305: Du Plessis vs. Adesanya;2024-08-17;Pesado;Decision - Split;Decisão;3;5:00;15,0;Marc Goddard;0;0;0
1099;89;UFC 305: Du Plessis vs. Adesanya;2024-08-17;Meio-médio;KO/TKO;Nocaute;2;4:02;9,03;Matt Wynne;0;0;1
1100;89;UFC 305: Du Plessis vs. Adesanya;2024-08-17;Pesado;Submission;Finalização;1;4:56;4,93;Steve Perceval;0;0;0
1101;89;UFC 305: Du Plessis vs. Adesanya;2024-08-17;Pena;Decision - Split;Decisão;3;5:00;15,0;Matt Wynne;0;0;0
1102;89;UFC 305: Du Plessis vs. Adesanya;2024-08-17;Mosca (fem.);Decision - Unanimous;Decisão;3;5:00;15,0;Rich Mitchell;0;0;0
1103;89;UFC 305: Du Plessis vs. Adesanya;2024-08-17;Pena;KO/TKO;Nocaute;3;0:48;10,8;Marc Goddard;0;0;0
1104;89;UFC 305: Du Plessis vs. Adesanya;2024-08-17;Leve;Decision - Unanimous;Decisão;3;5:00;15,0;Rich Mitchell;0;0;0
1105;89;UFC 305: Du Plessis vs. Adesanya;2024-08-17;Meio-médio;Decision - Unanimous;Decisão;3;5:00;15,0;Jim Perdios;0;0;0
1106;89;UFC 305: Du Plessis vs. Adesanya;2024-08-17;Mosca;Submission;Finalização;1;2:39;2,65;Steve Perceval;0;0;0
1107;90;UFC Fight Night: Tybura vs. Spivac 2;2024-08-10;Pesado;Submission;Finalização;1;1:44;1,73;Herb Dean;0;0;1
1108;90;UFC Fight Night: Tybura vs. Spivac 2;2024-08-10;Pena;Decision - Unanimous;Decisão;3;5:00;15,0;Jason Herzog;0;0;0
1109;90;UFC Fight Night: Tybura vs. Spivac 2;2024-08-10;Meio-médio;Decision - Split;Decisão;3;5:00;15,0;Mike Beltran;0;0;0
1110;90;UFC Fight Night: Tybura vs. Spivac 2;2024-08-10;Galo;Decision - Unanimous;Decisão;3;5:00;15,0;Chris Tognoni;0;0;0
1111;90;UFC Fight Night: Tybura vs. Spivac 2;2024-08-10;Galo (fem.);Decision - Unanimous;Decisão;3;5:00;15,0;Herb Dean;0;0;0
1112;90;UFC Fight Night: Tybura vs. Spivac 2;2024-08-10;Galo;Submission;Finalização;2;1:55;6,92;Jason Herzog;0;0;1
1113;90;UFC Fight Night: Tybura vs. Spivac 2;2024-08-10;Galo (fem.);Decision - Unanimous;Decisão;3;5:00;15,0;Mike Beltran;0;0;0
1114;90;UFC Fight Night: Tybura vs. Spivac 2;2024-08-10;Pesado;Decision - Unanimous;Decisão;3;5:00;15,0;Chris Tognoni;0;0;0
1115;90;UFC Fight Night: Tybura vs. Spivac 2;2024-08-10;Pena;Submission;Finalização;1;3:52;3,87;Mike Beltran;0;0;1
1116;90;UFC Fight Night: Tybura vs. Spivac 2;2024-08-10;Palha (fem.);Decision - Unanimous;Decisão;3;5:00;15,0;Jerin Valel;0;0;0
1117;91;UFC Fight Night: Sandhagen vs. Nurmagomedov;2024-08-03;Galo;Decision - Unanimous;Decisão;5;5:00;25,0;Marc Goddard;0;0;0
1118;91;UFC Fight Night: Sandhagen vs. Nurmagomedov;2024-08-03;Médio;Decision - Unanimous;Decisão;3;5:00;15,0;Daniel Movahedi;0;1;0
1119;91;UFC Fight Night: Sandhagen vs. Nurmagomedov;2024-08-03;Galo;Decision - Unanimous;Decisão;3;5:00;15,0;Keith Peterson;0;0;0
1120;91;UFC Fight Night: Sandhagen vs. Nurmagomedov;2024-08-03;Meio-médio;Submission;Finalização;1;3:44;3,73;Marc Goddard;0;0;0
1121;91;UFC Fight Night: Sandhagen vs. Nurmagomedov;2024-08-03;Palha (fem.);Decision - Unanimous;Decisão;3;5:00;15,0;Greg Kleynjans;0;0;0
1122;91;UFC Fight Night: Sandhagen vs. Nurmagomedov;2024-08-03;Leve;KO/TKO;Nocaute;3;3:36;13,6;Lukasz Bosacki;0;0;1
1123;91;UFC Fight Night: Sandhagen vs. Nurmagomedov;2024-08-03;Meio-pesado;KO/TKO;Nocaute;2;3:18;8,3;Daniel Movahedi;0;0;1
1124;91;UFC Fight Night: Sandhagen vs. Nurmagomedov;2024-08-03;Leve;KO/TKO;Nocaute;1;4:45;4,75;Marc Goddard;0;0;0
1125;91;UFC Fight Night: Sandhagen vs. Nurmagomedov;2024-08-03;Pesado;Decision - Unanimous;Decisão;3;5:00;15,0;Keith Peterson;0;0;0
1126;91;UFC Fight Night: Sandhagen vs. Nurmagomedov;2024-08-03;Leve;Decision - Unanimous;Decisão;3;5:00;15,0;Greg Kleynjans;0;0;0
1127;91;UFC Fight Night: Sandhagen vs. Nurmagomedov;2024-08-03;Palha (fem.);Decision - Split;Decisão;3;5:00;15,0;Daniel Movahedi;0;0;0
1128;91;UFC Fight Night: Sandhagen vs. Nurmagomedov;2024-08-03;Leve;Decision - Unanimous;Decisão;3;5:00;15,0;Lukasz Bosacki;0;0;0
1129;91;UFC Fight Night: Sandhagen vs. Nurmagomedov;2024-08-03;Médio;Decision - Unanimous;Decisão;3;5:00;15,0;Keith Peterson;0;0;0
1130;92;UFC 304: Edwards vs. Muhammad 2;2024-07-27;Meio-médio;Decision - Unanimous;Decisão;5;5:00;25,0;Mike Beltran;1;0;0
1131;92;UFC 304: Edwards vs. Muhammad 2;2024-07-27;Pesado;KO/TKO;Nocaute;1;1:00;1,0;Marc Goddard;1;0;1
1132;92;UFC 304: Edwards vs. Muhammad 2;2024-07-27;Leve;Submission;Finalização;1;3:22;3,37;Lukasz Bosacki;0;0;1
1133;92;UFC 304: Edwards vs. Muhammad 2;2024-07-27;Médio;Decision - Unanimous;Decisão;3;5:00;15,0;Daniel Movahedi;0;0;0
1134;92;UFC 304: Edwards vs. Muhammad 2;2024-07-27;Pena;Decision - Unanimous;Decisão;3;5:00;15,0;Marc Goddard;0;0;0
1135;92;UFC 304: Edwards vs. Muhammad 2;2024-07-27;Pena;Decision - Unanimous;Decisão;3;5:00;15,0;Mike Beltran;0;0;0
1136;92;UFC 304: Edwards vs. Muhammad 2;2024-07-27;Palha (fem.);Decision - Unanimous;Decisão;3;5:00;15,0;Daniel Movahedi;0;0;0
1137;92;UFC 304: Edwards vs. Muhammad 2;2024-07-27;Galo;Decision - Unanimous;Decisão;3;5:00;15,0;Lukasz Bosacki;0;0;0
1138;92;UFC 304: Edwards vs. Muhammad 2;2024-07-27;Mosca;Decision - Unanimous;Decisão;3;5:00;15,0;Mike Beltran;0;0;0
1139;92;UFC 304: Edwards vs. Muhammad 2;2024-07-27;Meio-médio;Decision - Unanimous;Decisão;3;5:00;15,0;Daniel Movahedi;0;0;0
1140;92;UFC 304: Edwards vs. Muhammad 2;2024-07-27;Meio-pesado;Submission;Finalização;3;3:12;13,2;Marc Goddard;0;0;0
1141;92;UFC 304: Edwards vs. Muhammad 2;2024-07-27;Meio-médio;Submission;Finalização;1;2:50;2,83;Lukasz Bosacki;0;0;0
1142;92;UFC 304: Edwards vs. Muhammad 2;2024-07-27;Pesado;KO/TKO;Nocaute;1;3:23;3,38;Marc Goddard;0;0;1
1143;92;UFC 304: Edwards vs. Muhammad 2;2024-07-27;Palha (fem.);Decision - Split;Decisão;3;5:00;15,0;Mike Beltran;0;0;0
1144;93;UFC Fight Night: Lemos vs. Jandiroba;2024-07-20;Palha (fem.);Submission;Finalização;2;4:48;9,8;Mark Smith;0;0;1
1145;93;UFC Fight Night: Lemos vs. Jandiroba;2024-07-20;Pena;KO/TKO;Nocaute;1;1:36;1,6;Herb Dean;0;0;1
1146;93;UFC Fight Night: Lemos vs. Jandiroba;2024-07-20;Leve;Decision - Unanimous;Decisão;3;5:00;15,0;Kerry Hatley;0;0;0
1147;93;UFC Fight Night: Lemos vs. Jandiroba;2024-07-20;Mosca;KO/TKO;Nocaute;2;2:58;7,97;Chris Tognoni;0;0;1
1148;93;UFC Fight Night: Lemos vs. Jandiroba;2024-07-20;Pena;KO/TKO;Nocaute;2;3:38;8,63;Herb Dean;0;0;0
1149;93;UFC Fight Night: Lemos vs. Jandiroba;2024-07-20;Pena;KO/TKO;Nocaute;1;1:05;1,08;Mark Smith;0;0;1
1150;93;UFC Fight Night: Lemos vs. Jandiroba;2024-07-20;Galo;Submission;Finalização;1;3:58;3,97;Kerry Hatley;0;0;0
1151;93;UFC Fight Night: Lemos vs. Jandiroba;2024-07-20;Mosca (fem.);Decision - Unanimous;Decisão;3;5:00;15,0;Chris Tognoni;0;0;0
1152;93;UFC Fight Night: Lemos vs. Jandiroba;2024-07-20;Leve;Decision - Unanimous;Decisão;3;5:00;15,0;Herb Dean;0;0;0
1153;93;UFC Fight Night: Lemos vs. Jandiroba;2024-07-20;Mosca (fem.);Decision - Unanimous;Decisão;3;5:00;15,0;Mark Smith;0;0;0
1154;93;UFC Fight Night: Lemos vs. Jandiroba;2024-07-20;Pesado;Decision - Unanimous;Decisão;3;5:00;15,0;Kerry Hatley;0;0;0
1155;94;UFC Fight Night: Namajunas vs. Cortez;2024-07-13;Mosca (fem.);Decision - Unanimous;Decisão;5;5:00;25,0;Herb Dean;0;0;0
1156;94;UFC Fight Night: Namajunas vs. Cortez;2024-07-13;Meio-médio;Decision - Split;Decisão;3;5:00;15,0;Dan Miragliotta;0;0;0
1157;94;UFC Fight Night: Namajunas vs. Cortez;2024-07-13;Leve;TKO - Doctor's Stoppage;Nocaute;3;1:28;11,47;Herb Dean;0;1;0
1158;94;UFC Fight Night: Namajunas vs. Cortez;2024-07-13;Meio-médio;Decision - Unanimous;Decisão;3;5:00;15,0;Dan Miragliotta;0;0;0
1159;94;UFC Fight Night: Namajunas vs. Cortez;2024-07-13;Pena;Submission;Finalização;1;4:49;4,82;Nick Berens;0;0;0
1160;94;UFC Fight Night: Namajunas vs. Cortez;2024-07-13;Médio;Could Not Continue;Outro;1;0:37;0,62;Dan Miragliotta;0;0;0
1161;94;UFC Fight Night: Namajunas vs. Cortez;2024-07-13;Mosca;KO/TKO;Nocaute;3;0:20;10,33;Joe Coca;0;0;1
1162;94;UFC Fight Night: Namajunas vs. Cortez;2024-07-13;Mosca (fem.);Decision - Unanimous;Decisão;3;5:00;15,0;Joel Ojeda;0;0;0
1163;94;UFC Fight Night: Namajunas vs. Cortez;2024-07-13;Galo;KO/TKO;Nocaute;1;0:18;0,3;Nick Berens;0;0;1
1164;94;UFC Fight Night: Namajunas vs. Cortez;2024-07-13;Mosca (fem.);Submission;Finalização;1;3:27;3,45;Joe Coca;0;0;0
1165;94;UFC Fight Night: Namajunas vs. Cortez;2024-07-13;Médio;Decision - Unanimous;Decisão;3;5:00;15,0;Nick Berens;0;0;0
1166;94;UFC Fight Night: Namajunas vs. Cortez;2024-07-13;Meio-médio;Submission;Finalização;2;1:46;6,77;Joel Ojeda;0;0;0
1167;95;UFC 303: Pereira vs. Prochazka 2;2024-06-29;Meio-pesado;KO/TKO;Nocaute;2;0:13;5,22;Herb Dean;1;0;1
1168;95;UFC 303: Pereira vs. Prochazka 2;2024-06-29;Peso casado;Decision - Unanimous;Decisão;3;5:00;15,0;Jason Herzog;0;0;0
1169;95;UFC 303: Pereira vs. Prochazka 2;2024-06-29;Meio-pesado;Decision - Unanimous;Decisão;3;5:00;15,0;Marc Goddard;0;0;0
1170;95;UFC 303: Pereira vs. Prochazka 2;2024-06-29;Galo (fem.);TKO - Doctor's Stoppage;Nocaute;2;1:58;6,97;Chris Tognoni;0;0;1
1171;95;UFC 303: Pereira vs. Prochazka 2;2024-06-29;Meio-médio;Decision - Unanimous;Decisão;3;5:00;15,0;Mark Smith;0;0;0
1172;95;UFC 303: Pereira vs. Prochazka 2;2024-06-29;Médio;KO/TKO;Nocaute;1;1:25;1,42;Herb Dean;0;0;1
1173;95;UFC 303: Pereira vs. Prochazka 2;2024-06-29;Pena;Decision - Split;Decisão;3;5:00;15,0;Jason Herzog;0;1;0
1174;95;UFC 303: Pereira vs. Prochazka 2;2024-06-29;Pena;KO/TKO;Nocaute;2;1:22;6,37;Marc Goddard;0;0;0
1175;95;UFC 303: Pereira vs. Prochazka 2;2024-06-29;Galo;KO/TKO;Nocaute;1;0:19;0,32;Chris Tognoni;0;0;1
1176;95;UFC 303: Pereira vs. Prochazka 2;2024-06-29;Palha (fem.);Decision - Unanimous;Decisão;3;5:00;15,0;Jason Herzog;0;0;0
1177;95;UFC 303: Pereira vs. Prochazka 2;2024-06-29;Pesado;Decision - Split;Decisão;3;5:00;15,0;Mark Smith;0;0;0
1178;95;UFC 303: Pereira vs. Prochazka 2;2024-06-29;Mosca;Decision - Unanimous;Decisão;3;5:00;15,0;Marc Goddard;0;0;0
1179;95;UFC 303: Pereira vs. Prochazka 2;2024-06-29;Galo;Decision - Unanimous;Decisão;3;5:00;15,0;Mark Smith;0;0;0
1180;96;UFC Fight Night: Whittaker vs. Aliskerov;2024-06-22;Médio;KO/TKO;Nocaute;1;1:49;1,82;Marc Goddard;0;0;1
1181;96;UFC Fight Night: Whittaker vs. Aliskerov;2024-06-22;Pesado;Decision - Unanimous;Decisão;3;5:00;15,0;Jason Herzog;0;0;0
1182;96;UFC Fight Night: Whittaker vs. Aliskerov;2024-06-22;Médio;Decision - Unanimous;Decisão;3;5:00;15,0;Rich Mitchell;0;0;0
1183;96;UFC Fight Night: Whittaker vs. Aliskerov;2024-06-22;Médio;KO/TKO;Nocaute;3;2:27;12,45;Marc Goddard;0;0;1
1184;96;UFC Fight Night: Whittaker vs. Aliskerov;2024-06-22;Meio-pesado;KO/TKO;Nocaute;1;2:28;2,47;Jason Herzog;0;0;1
1185;96;UFC Fight Night: Whittaker vs. Aliskerov;2024-06-22;Leve;Decision - Split;Decisão;3;5:00;15,0;Rich Mitchell;0;0;0
1186;96;UFC Fight Night: Whittaker vs. Aliskerov;2024-06-22;Pena;Submission;Finalização;3;1:15;11,25;Thomas Fan;0;0;1
1187;96;UFC Fight Night: Whittaker vs. Aliskerov;2024-06-22;Meio-médio;Decision - Split;Decisão;3;5:00;15,0;Thomas Fan;0;0;0
1188;96;UFC Fight Night: Whittaker vs. Aliskerov;2024-06-22;Galo;Decision - Unanimous;Decisão;3;5:00;15,0;Marc Goddard;0;0;0
1189;96;UFC Fight Night: Whittaker vs. Aliskerov;2024-06-22;Meio-pesado;Decision - Majority;Decisão;3;5:00;15,0;Jason Herzog;0;0;0
1190;96;UFC Fight Night: Whittaker vs. Aliskerov;2024-06-22;Galo;Decision - Split;Decisão;3;5:00;15,0;Thomas Fan;0;0;0
1191;97;UFC Fight Night: Perez vs. Taira;2024-06-15;Mosca;KO/TKO;Nocaute;2;2:59;7,98;Herb Dean;0;0;1
1192;97;UFC Fight Night: Perez vs. Taira;2024-06-15;Galo;Decision - Unanimous;Decisão;3;5:00;15,0;Mark Smith;0;0;0
1193;97;UFC Fight Night: Perez vs. Taira;2024-06-15;Pena;Decision - Unanimous;Decisão;3;5:00;15,0;Mike Beltran;0;0;0
1194;97;UFC Fight Night: Perez vs. Taira;2024-06-15;Galo;Submission;Finalização;3;1:52;11,87;Chris Tognoni;0;0;1
1195;97;UFC Fight Night: Perez vs. Taira;2024-06-15;Mosca;Decision - Unanimous;Decisão;3;5:00;15,0;Herb Dean;0;0;0
1196;97;UFC Fight Night: Perez vs. Taira;2024-06-15;Meio-médio;Decision - Split;Decisão;3;5:00;15,0;Mark Smith;0;0;0
1197;97;UFC Fight Night: Perez vs. Taira;2024-06-15;Mosca;Decision - Unanimous;Decisão;3;5:00;15,0;Mike Beltran;0;0;0
1198;97;UFC Fight Night: Perez vs. Taira;2024-06-15;Mosca (fem.);Decision - Split;Decisão;3;5:00;15,0;Chris Tognoni;0;1;0
1199;97;UFC Fight Night: Perez vs. Taira;2024-06-15;Pena;Submission;Finalização;1;1:49;1,82;Mark Smith;0;0;0
1200;97;UFC Fight Night: Perez vs. Taira;2024-06-15;Pena;Submission;Finalização;3;1:50;11,83;Mike Beltran;0;0;0
1201;97;UFC Fight Night: Perez vs. Taira;2024-06-15;Palha (fem.);Decision - Unanimous;Decisão;3;5:00;15,0;Chris Tognoni;0;0;0
1202;98;UFC Fight Night: Cannonier vs. Imavov;2024-06-08;Médio;KO/TKO;Nocaute;4;1:34;16,57;Jason Herzog;0;0;0
1203;98;UFC Fight Night: Cannonier vs. Imavov;2024-06-08;Meio-pesado;KO/TKO;Nocaute;1;2:00;2,0;Dan Miragliotta;0;0;0
1204;98;UFC Fight Night: Cannonier vs. Imavov;2024-06-08;Galo;Submission;Finalização;2;2:22;7,37;Blake Grice;0;0;1
1205;98;UFC Fight Night: Cannonier vs. Imavov;2024-06-08;Médio;KO/TKO;Nocaute;1;4:51;4,85;Jason Herzog;0;0;1
1206;98;UFC Fight Night: Cannonier vs. Imavov;2024-06-08;Médio;KO/TKO;Nocaute;1;0:20;0,33;Dan Miragliotta;0;0;1
1207;98;UFC Fight Night: Cannonier vs. Imavov;2024-06-08;Meio-médio;Decision - Unanimous;Decisão;3;5:00;15,0;Rob Mooney;0;0;0
1208;98;UFC Fight Night: Cannonier vs. Imavov;2024-06-08;Leve;Decision - Unanimous;Decisão;3;5:00;15,0;George Conley;0;0;0
1209;98;UFC Fight Night: Cannonier vs. Imavov;2024-06-08;Meio-médio;KO/TKO;Nocaute;1;4:47;4,78;Blake Grice;0;0;1
1210;98;UFC Fight Night: Cannonier vs. Imavov;2024-06-08;Galo;Decision - Unanimous;Decisão;3;5:00;15,0;Jason Herzog;0;0;0
1211;98;UFC Fight Night: Cannonier vs. Imavov;2024-06-08;Mosca (fem.);Decision - Split;Decisão;3;5:00;15,0;George Conley;0;0;0
1212;98;UFC Fight Night: Cannonier vs. Imavov;2024-06-08;Galo;Decision - Unanimous;Decisão;3;5:00;15,0;Dan Miragliotta;0;0;0
1213;98;UFC Fight Night: Cannonier vs. Imavov;2024-06-08;Palha (fem.);Decision - Split;Decisão;3;5:00;15,0;Rob Mooney;0;0;0
1214;98;UFC Fight Night: Cannonier vs. Imavov;2024-06-08;Galo;Decision - Unanimous;Decisão;3;5:00;15,0;Blake Grice;0;0;0
1215;98;UFC Fight Night: Cannonier vs. Imavov;2024-06-08;Palha (fem.);Decision - Split;Decisão;3;5:00;15,0;George Conley;0;0;0
1216;99;UFC 302: Makhachev vs. Poirier;2024-06-01;Leve;Submission;Finalização;5;2:42;22,7;Keith Peterson;1;1;1
1217;99;UFC 302: Makhachev vs. Poirier;2024-06-01;Médio;Decision - Split;Decisão;5;5:00;25,0;Jason Herzog;0;0;0
1218;99;UFC 302: Makhachev vs. Poirier;2024-06-01;Médio;Submission;Finalização;1;1:34;1,57;Herb Dean;0;0;1
1219;99;UFC 302: Makhachev vs. Poirier;2024-06-01;Meio-médio;Decision - Unanimous;Decisão;3;5:00;15,0;Keith Peterson;0;0;0
1220;99;UFC 302: Makhachev vs. Poirier;2024-06-01;Meio-médio;Decision - Unanimous;Decisão;3;5:00;15,0;Gasper Oliver;0;0;0
1221;99;UFC 302: Makhachev vs. Poirier;2024-06-01;Médio;Decision - Split;Decisão;3;5:00;15,0;Herb Dean;0;0;0
1222;99;UFC 302: Makhachev vs. Poirier;2024-06-01;Pesado;Submission;Finalização;1;2:27;2,45;Vitor Ribeiro;0;0;0
1223;99;UFC 302: Makhachev vs. Poirier;2024-06-01;Leve;Decision - Unanimous;Decisão;3;5:00;15,0;Jason Herzog;0;0;0
1224;99;UFC 302: Makhachev vs. Poirier;2024-06-01;Meio-médio;Decision - Unanimous;Decisão;3;5:00;15,0;Vitor Ribeiro;0;0;0
1225;99;UFC 302: Makhachev vs. Poirier;2024-06-01;Meio-médio;Decision - Unanimous;Decisão;3;5:00;15,0;Jason Herzog;0;0;0
1226;99;UFC 302: Makhachev vs. Poirier;2024-06-01;Galo (fem.);Decision - Unanimous;Decisão;3;5:00;15,0;Gasper Oliver;0;0;0
1227;99;UFC 302: Makhachev vs. Poirier;2024-06-01;Mosca;Decision - Split;Decisão;3;5:00;15,0;Herb Dean;0;0;0
1228;100;UFC Fight Night: Barboza vs. Murphy;2024-05-18;Pena;Decision - Unanimous;Decisão;5;5:00;25,0;Herb Dean;0;1;0
1229;100;UFC Fight Night: Barboza vs. Murphy;2024-05-18;Meio-médio;KO/TKO;Nocaute;1;1:30;1,5;Dan Miragliotta;0;0;1
1230;100;UFC Fight Night: Barboza vs. Murphy;2024-05-18;Meio-médio;Decision - Unanimous;Decisão;3;5:00;15,0;Mark Smith;0;0;0
1231;100;UFC Fight Night: Barboza vs. Murphy;2024-05-18;Galo;KO/TKO;Nocaute;1;2:47;2,78;Chris Tognoni;0;0;0
1232;100;UFC Fight Night: Barboza vs. Murphy;2024-05-18;Palha (fem.);Submission;Finalização;2;4:12;9,2;Herb Dean;0;0;1
1233;100;UFC Fight Night: Barboza vs. Murphy;2024-05-18;Leve;KO/TKO;Nocaute;1;3:50;3,83;Mark Smith;0;0;0
1234;100;UFC Fight Night: Barboza vs. Murphy;2024-05-18;Meio-pesado;Submission;Finalização;1;3:43;3,72;Dan Miragliotta;0;0;0
1235;100;UFC Fight Night: Barboza vs. Murphy;2024-05-18;Galo (fem.);KO/TKO;Nocaute;3;0:37;10,62;Chris Tognoni;0;0;0
1236;100;UFC Fight Night: Barboza vs. Murphy;2024-05-18;Médio;Decision - Unanimous;Decisão;3;5:00;15,0;Dan Miragliotta;0;0;0
1237;100;UFC Fight Night: Barboza vs. Murphy;2024-05-18;Palha (fem.);DQ;Outro;2;3:16;8,27;Mark Smith;0;0;0
1238;100;UFC Fight Night: Barboza vs. Murphy;2024-05-18;Galo;Decision - Unanimous;Decisão;3;5:00;15,0;Herb Dean;0;0;0
1239;100;UFC Fight Night: Barboza vs. Murphy;2024-05-18;Palha (fem.);Decision - Split;Decisão;3;5:00;15,0;Chris Tognoni;0;0;0
1240;101;UFC Fight Night: Lewis vs. Nascimento;2024-05-11;Pesado;KO/TKO;Nocaute;3;0:49;10,82;Jason Herzog;0;0;0
1241;101;UFC Fight Night: Lewis vs. Nascimento;2024-05-11;Meio-médio;Decision - Unanimous;Decisão;3;5:00;15,0;Keith Peterson;0;0;0
1242;101;UFC Fight Night: Lewis vs. Nascimento;2024-05-11;Meio-pesado;KO/TKO;Nocaute;1;0:12;0,2;Nick Berens;0;0;1
1243;101;UFC Fight Night: Lewis vs. Nascimento;2024-05-11;Leve;KO/TKO;Nocaute;3;4:51;14,85;Gary Copeland;0;0;1
1244;101;UFC Fight Night: Lewis vs. Nascimento;2024-05-11;Pena;Decision - Unanimous;Decisão;3;5:00;15,0;Jason Herzog;0;0;0
1245;101;UFC Fight Night: Lewis vs. Nascimento;2024-05-11;Pesado;Decision - Unanimous;Decisão;3;5:00;15,0;Josh Stewart;0;0;0
1246;101;UFC Fight Night: Lewis vs. Nascimento;2024-05-11;Leve;Submission;Finalização;2;3:00;8,0;Keith Peterson;0;0;0
1247;101;UFC Fight Night: Lewis vs. Nascimento;2024-05-11;Leve;KO/TKO;Nocaute;1;0:37;0,62;Gary Copeland;0;0;0
1248;101;UFC Fight Night: Lewis vs. Nascimento;2024-05-11;Palha (fem.);Decision - Split;Decisão;3;5:00;15,0;Nick Berens;0;0;0
1249;101;UFC Fight Night: Lewis vs. Nascimento;2024-05-11;Meio-médio;Decision - Unanimous;Decisão;3;5:00;15,0;Josh Stewart;0;1;0
1250;101;UFC Fight Night: Lewis vs. Nascimento;2024-05-11;Mosca;Decision - Unanimous;Decisão;3;5:00;15,0;Gary Copeland;0;0;0
1251;101;UFC Fight Night: Lewis vs. Nascimento;2024-05-11;Mosca (fem.);Decision - Unanimous;Decisão;3;5:00;15,0;Josh Stewart;0;0;0
1252;102;UFC 301: Pantoja vs. Erceg;2024-05-04;Mosca;Decision - Unanimous;Decisão;5;5:00;25,0;Marc Goddard;1;0;0
1253;102;UFC 301: Pantoja vs. Erceg;2024-05-04;Galo;Decision - Unanimous;Decisão;3;5:00;15,0;Mike Beltran;0;0;0
1254;102;UFC 301: Pantoja vs. Erceg;2024-05-04;Meio-pesado;Submission;Finalização;1;2:00;2,0;Osiris Maia;0;0;0
1255;102;UFC 301: Pantoja vs. Erceg;2024-05-04;Médio;Submission;Finalização;1;0:54;0,9;Fernando Portella;0;0;1
1256;102;UFC 301: Pantoja vs. Erceg;2024-05-04;Médio;KO/TKO;Nocaute;2;2:10;7,17;Marc Goddard;0;0;1
1257;102;UFC 301: Pantoja vs. Erceg;2024-05-04;Pena;TKO - Doctor's Stoppage;Nocaute;2;3:35;8,58;Joao Claudio Soares;0;0;0
1258;102;UFC 301: Pantoja vs. Erceg;2024-05-04;Palha (fem.);Decision - Unanimous;Decisão;3;5:00;15,0;Osiris Maia;0;0;0
1259;102;UFC 301: Pantoja vs. Erceg;2024-05-04;Leve;Decision - Unanimous;Decisão;3;5:00;15,0;Fernando Portella;0;0;0
1260;102;UFC 301: Pantoja vs. Erceg;2024-05-04;Leve;Decision - Unanimous;Decisão;3;5:00;15,0;Marc Goddard;0;0;0
1261;102;UFC 301: Pantoja vs. Erceg;2024-05-04;Leve;KO/TKO;Nocaute;1;4:42;4,7;Osiris Maia;0;0;1
1262;102;UFC 301: Pantoja vs. Erceg;2024-05-04;Mosca (fem.);Decision - Unanimous;Decisão;3;5:00;15,0;Fernando Portella;0;0;0
1263;102;UFC 301: Pantoja vs. Erceg;2024-05-04;Leve;Decision - Unanimous;Decisão;3;5:00;15,0;Mike Beltran;0;0;0
1264;102;UFC 301: Pantoja vs. Erceg;2024-05-04;Mosca;KO/TKO;Nocaute;2;1:35;6,58;Joao Claudio Soares;0;0;1
1265;103;UFC Fight Night: Nicolau vs. Perez;2024-04-27;Mosca;KO/TKO;Nocaute;2;2:16;7,27;Mark Smith;0;0;1
1266;103;UFC Fight Night: Nicolau vs. Perez;2024-04-27;Meio-pesado;KO/TKO;Nocaute;2;3:16;8,27;Herb Dean;0;0;1
1267;103;UFC Fight Night: Nicolau vs. Perez;2024-04-27;Mosca (fem.);Decision - Unanimous;Decisão;3;5:00;15,0;Jason Herzog;0;0;0
1268;103;UFC Fight Night: Nicolau vs. Perez;2024-04-27;Pesado;KO/TKO;Nocaute;2;2:12;7,2;Mark Smith;0;0;1
1269;103;UFC Fight Night: Nicolau vs. Perez;2024-04-27;Pena;Decision - Unanimous;Decisão;3;5:00;15,0;Chris Tognoni;0;0;0
1270;103;UFC Fight Night: Nicolau vs. Perez;2024-04-27;Meio-médio;KO/TKO;Nocaute;1;2:09;2,15;Herb Dean;0;0;1
1271;103;UFC Fight Night: Nicolau vs. Perez;2024-04-27;Galo;KO/TKO;Nocaute;3;2:36;12,6;Jason Herzog;0;0;0
1272;103;UFC Fight Night: Nicolau vs. Perez;2024-04-27;Leve;Decision - Unanimous;Decisão;3;5:00;15,0;Chris Tognoni;0;0;0
1273;103;UFC Fight Night: Nicolau vs. Perez;2024-04-27;Pesado;Decision - Unanimous;Decisão;3;5:00;15,0;Mark Smith;0;0;0
1274;103;UFC Fight Night: Nicolau vs. Perez;2024-04-27;Palha (fem.);Decision - Unanimous;Decisão;3;5:00;15,0;Jason Herzog;0;0;0
1275;103;UFC Fight Night: Nicolau vs. Perez;2024-04-27;Leve;Submission;Finalização;1;4:33;4,55;Herb Dean;0;0;0
1276;103;UFC Fight Night: Nicolau vs. Perez;2024-04-27;Mosca (fem.);Submission;Finalização;3;1:29;11,48;Chris Tognoni;0;0;0
1277;103;UFC Fight Night: Nicolau vs. Perez;2024-04-27;Leve;Decision - Split;Decisão;3;5:00;15,0;Jason Herzog;0;0;0
1278;104;UFC 300: Pereira vs. Hill;2024-04-13;Meio-pesado;KO/TKO;Nocaute;1;3:14;3,23;Jason Herzog;1;0;0
1279;104;UFC 300: Pereira vs. Hill;2024-04-13;Palha (fem.);Decision - Unanimous;Decisão;5;5:00;25,0;Jason Herzog;1;0;0
1280;104;UFC 300: Pereira vs. Hill;2024-04-13;Leve;KO/TKO;Nocaute;5;4:59;24,98;Marc Goddard;0;1;1
1281;104;UFC 300: Pereira vs. Hill;2024-04-13;Leve;Decision - Split;Decisão;3;5:00;15,0;Mark Smith;0;0;0
1282;104;UFC 300: Pereira vs. Hill;2024-04-13;Médio;Submission;Finalização;2;3:38;8,63;Chris Tognoni;0;0;0
1283;104;UFC 300: Pereira vs. Hill;2024-04-13;Meio-pesado;KO/TKO;Nocaute;2;3:17;8,28;Herb Dean;0;0;1
1284;104;UFC 300: Pereira vs. Hill;2024-04-13;Pena;Decision - Unanimous;Decisão;3;5:00;15,0;Jason Herzog;0;0;0
1285;104;UFC 300: Pereira vs. Hill;2024-04-13;Galo (fem.);Submission;Finalização;2;1:47;6,78;Marc Goddard;0;0;0
1286;104;UFC 300: Pereira vs. Hill;2024-04-13;Pena;KO/TKO;Nocaute;1;1:29;1,48;Mark Smith;0;0;0
1287;104;UFC 300: Pereira vs. Hill;2024-04-13;Leve;KO/TKO;Nocaute;2;4:11;9,18;Herb Dean;0;0;0
1288;104;UFC 300: Pereira vs. Hill;2024-04-13;Palha (fem.);Decision - Split;Decisão;3;5:00;15,0;Chris Tognoni;0;0;0
1289;104;UFC 300: Pereira vs. Hill;2024-04-13;Leve;Decision - Unanimous;Decisão;3;5:00;15,0;Marc Goddard;0;0;0
1290;104;UFC 300: Pereira vs. Hill;2024-04-13;Galo;Submission;Finalização;2;4:02;9,03;Mark Smith;0;0;0
1291;105;UFC Fight Night: Allen vs. Curtis 2;2024-04-06;Médio;Decision - Split;Decisão;5;5:00;25,0;Mark Smith;0;0;0
1292;105;UFC Fight Night: Allen vs. Curtis 2;2024-04-06;Pena;Decision - Split;Decisão;3;5:00;15,0;Jason Herzog;0;0;0
1293;105;UFC Fight Night: Allen vs. Curtis 2;2024-04-06;Pena;Decision - Split;Decisão;3;5:00;15,0;Keith Peterson;0;1;0
1294;105;UFC Fight Night: Allen vs. Curtis 2;2024-04-06;Leve;KO/TKO;Nocaute;1;3:34;3,57;Chris Tognoni;0;0;1
1295;105;UFC Fight Night: Allen vs. Curtis 2;2024-04-06;Leve;Decision - Unanimous;Decisão;3;5:00;15,0;Keith Peterson;0;0;0
1296;105;UFC Fight Night: Allen vs. Curtis 2;2024-04-06;Meio-médio;Decision - Unanimous;Decisão;3;5:00;15,0;Jason Herzog;0;0;0
1297;105;UFC Fight Night: Allen vs. Curtis 2;2024-04-06;Pesado;Decision - Unanimous;Decisão;3;5:00;15,0;Mark Smith;0;0;0
1298;105;UFC Fight Night: Allen vs. Curtis 2;2024-04-06;Galo (fem.);Decision - Unanimous;Decisão;3;5:00;15,0;Keith Peterson;0;0;0
1299;105;UFC Fight Night: Allen vs. Curtis 2;2024-04-06;Galo;Decision - Unanimous;Decisão;3;5:00;15,0;Chris Tognoni;0;0;0
1300;105;UFC Fight Night: Allen vs. Curtis 2;2024-04-06;Galo;Submission;Finalização;2;4:59;9,98;Jason Herzog;0;0;0
1301;105;UFC Fight Night: Allen vs. Curtis 2;2024-04-06;Médio;KO/TKO;Nocaute;2;2:13;7,22;Mark Smith;0;0;1
1302;105;UFC Fight Night: Allen vs. Curtis 2;2024-04-06;Galo (fem.);KO/TKO;Nocaute;2;3:06;8,1;Chris Tognoni;0;0;0
1303;106;UFC Fight Night: Blanchfield vs. Fiorot;2024-03-30;Mosca (fem.);Decision - Unanimous;Decisão;5;5:00;25,0;Vitor Ribeiro;0;0;0
1304;106;UFC Fight Night: Blanchfield vs. Fiorot;2024-03-30;Meio-médio;KO/TKO;Nocaute;2;3:17;8,28;Keith Peterson;0;0;0
1305;106;UFC Fight Night: Blanchfield vs. Fiorot;2024-03-30;Médio;Decision - Unanimous;Decisão;3;2:18;12,3;Gary Copeland;0;0;0
1306;106;UFC Fight Night: Blanchfield vs. Fiorot;2024-03-30;Médio;KO/TKO;Nocaute;1;3:18;3,3;Vitor Ribeiro;0;0;0
1307;106;UFC Fight Night: Blanchfield vs. Fiorot;2024-03-30;Pena;KO/TKO;Nocaute;1;4:00;4,0;Gary Copeland;0;0;0
1308;106;UFC Fight Night: Blanchfield vs. Fiorot;2024-03-30;Meio-médio;Decision - Split;Decisão;3;5:00;15,0;Keith Peterson;0;0;0
1309;106;UFC Fight Night: Blanchfield vs. Fiorot;2024-03-30;Pena;KO/TKO;Nocaute;1;4:43;4,72;Keith Peterson;0;0;1
1310;106;UFC Fight Night: Blanchfield vs. Fiorot;2024-03-30;Palha (fem.);Decision - Unanimous;Decisão;3;5:00;15,0;Vitor Ribeiro;0;0;0
1311;106;UFC Fight Night: Blanchfield vs. Fiorot;2024-03-30;Pena;KO/TKO;Nocaute;2;2:00;7,0;Gary Copeland;0;0;0
1312;106;UFC Fight Night: Blanchfield vs. Fiorot;2024-03-30;Pena;KO/TKO;Nocaute;3;0:22;10,37;Keith Peterson;0;0;1
1313;106;UFC Fight Night: Blanchfield vs. Fiorot;2024-03-30;Meio-pesado;KO/TKO;Nocaute;3;1:32;11,53;Gary Copeland;0;1;0
1314;106;UFC Fight Night: Blanchfield vs. Fiorot;2024-03-30;Médio;KO/TKO;Nocaute;2;0:39;5,65;Gary Copeland;0;0;0
1315;106;UFC Fight Night: Blanchfield vs. Fiorot;2024-03-30;Galo;Decision - Unanimous;Decisão;3;5:00;15,0;Vitor Ribeiro;0;0;0
1316;107;UFC Fight Night: Ribas vs. Namajunas;2024-03-23;Mosca (fem.);Decision - Unanimous;Decisão;5;5:00;25,0;Jason Herzog;0;0;0
1317;107;UFC Fight Night: Ribas vs. Namajunas;2024-03-23;Pesado;Decision - Unanimous;Decisão;3;5:00;15,0;Herb Dean;0;0;0
1318;107;UFC Fight Night: Ribas vs. Namajunas;2024-03-23;Médio;KO/TKO;Nocaute;1;4:33;4,55;Mark Smith;0;0;0
1319;107;UFC Fight Night: Ribas vs. Namajunas;2024-03-23;Galo;KO/TKO;Nocaute;2;0:21;5,35;Chris Tognoni;0;0;1
1320;107;UFC Fight Night: Ribas vs. Namajunas;2024-03-23;Pena;Submission;Finalização;2;1:50;6,83;Herb Dean;0;0;0
1321;107;UFC Fight Night: Ribas vs. Namajunas;2024-03-23;Pena;Submission;Finalização;1;2:45;2,75;Jason Herzog;0;0;1
1322;107;UFC Fight Night: Ribas vs. Namajunas;2024-03-23;Leve;Decision - Unanimous;Decisão;3;5:00;15,0;Mark Smith;0;0;0
1323;107;UFC Fight Night: Ribas vs. Namajunas;2024-03-23;Pena;Submission;Finalização;1;2:15;2,25;Chris Tognoni;0;0;0
1324;107;UFC Fight Night: Ribas vs. Namajunas;2024-03-23;Galo;Decision - Unanimous;Decisão;3;5:00;15,0;Herb Dean;0;0;0
1325;107;UFC Fight Night: Ribas vs. Namajunas;2024-03-23;Pena;Decision - Unanimous;Decisão;3;5:00;15,0;Mark Smith;0;1;0
1326;107;UFC Fight Night: Ribas vs. Namajunas;2024-03-23;Galo (fem.);Decision - Unanimous;Decisão;3;5:00;15,0;Jason Herzog;0;0;0
1327;107;UFC Fight Night: Ribas vs. Namajunas;2024-03-23;Mosca;DQ;Outro;2;2:52;7,87;Chris Tognoni;0;0;0
1328;107;UFC Fight Night: Ribas vs. Namajunas;2024-03-23;Pesado;Decision - Unanimous;Decisão;3;5:00;15,0;Mark Smith;0;0;0
1329;108;UFC Fight Night: Tuivasa vs. Tybura;2024-03-16;Pesado;Submission;Finalização;1;4:08;4,13;Herb Dean;0;0;1
1330;108;UFC Fight Night: Tuivasa vs. Tybura;2024-03-16;Meio-médio;Could Not Continue;Outro;2;1:00;6,0;Mike Beltran;0;0;0
1331;108;UFC Fight Night: Tuivasa vs. Tybura;2024-03-16;Meio-pesado;Decision - Split;Decisão;3;5:00;15,0;Mark Smith;0;0;0
1332;108;UFC Fight Night: Tuivasa vs. Tybura;2024-03-16;Pena;Decision - Split;Decisão;3;5:00;15,0;Chris Tognoni;0;0;0
1333;108;UFC Fight Night: Tuivasa vs. Tybura;2024-03-16;Galo (fem.);Submission;Finalização;1;3:54;3,9;Mark Smith;0;0;1
1334;108;UFC Fight Night: Tuivasa vs. Tybura;2024-03-16;Médio;Submission;Finalização;2;4:23;9,38;Herb Dean;0;0;0
1335;108;UFC Fight Night: Tuivasa vs. Tybura;2024-03-16;Leve;Submission;Finalização;2;1:43;6,72;Mike Beltran;0;0;0
1336;108;UFC Fight Night: Tuivasa vs. Tybura;2024-03-16;Galo (fem.);Decision - Unanimous;Decisão;3;5:00;15,0;Chris Tognoni;0;0;0
1337;108;UFC Fight Night: Tuivasa vs. Tybura;2024-03-16;Mosca;Submission;Finalização;1;4:27;4,45;Herb Dean;0;0;1
1338;108;UFC Fight Night: Tuivasa vs. Tybura;2024-03-16;Pena;Decision - Split;Decisão;3;5:00;15,0;Mark Smith;0;0;0
1339;108;UFC Fight Night: Tuivasa vs. Tybura;2024-03-16;Palha (fem.);Submission;Finalização;1;1:38;1,63;Mike Beltran;0;0;1
1340;108;UFC Fight Night: Tuivasa vs. Tybura;2024-03-16;Leve;KO/TKO;Nocaute;3;0:15;10,25;Mark Smith;0;0;0
1341;108;UFC Fight Night: Tuivasa vs. Tybura;2024-03-16;Galo;Decision - Unanimous;Decisão;3;5:00;15,0;Chris Tognoni;0;0;0
1342;109;UFC 299: O'Malley vs. Vera 2;2024-03-09;Galo;Decision - Unanimous;Decisão;5;5:00;25,0;Keith Peterson;1;0;1
1343;109;UFC 299: O'Malley vs. Vera 2;2024-03-09;Leve;KO/TKO;Nocaute;2;2:32;7,53;Mike Beltran;0;1;0
1344;109;UFC 299: O'Malley vs. Vera 2;2024-03-09;Meio-médio;Decision - Unanimous;Decisão;3;5:00;15,0;Dan Miragliotta;0;0;0
1345;109;UFC 299: O'Malley vs. Vera 2;2024-03-09;Meio-médio;KO/TKO;Nocaute;3;3:43;13,72;Dan Miragliotta;0;0;1
1346;109;UFC 299: O'Malley vs. Vera 2;2024-03-09;Galo;Decision - Unanimous;Decisão;3;5:00;15,0;Keith Peterson;0;0;0
1347;109;UFC 299: O'Malley vs. Vera 2;2024-03-09;Pesado;KO/TKO;Nocaute;2;0:36;5,6;Mike Beltran;0;0;1
1348;109;UFC 299: O'Malley vs. Vera 2;2024-03-09;Mosca (fem.);Decision - Unanimous;Decisão;3;5:00;15,0;Andrew Glenn;0;0;0
1349;109;UFC 299: O'Malley vs. Vera 2;2024-03-09;Leve;Decision - Unanimous;Decisão;3;5:00;15,0;Dan Miragliotta;0;0;0
1350;109;UFC 299: O'Malley vs. Vera 2;2024-03-09;Galo;Decision - Unanimous;Decisão;3;5:00;15,0;Keith Peterson;0;0;0
1351;109;UFC 299: O'Malley vs. Vera 2;2024-03-09;Meio-pesado;Decision - Unanimous;Decisão;3;5:00;15,0;Mike Beltran;0;0;0
1352;109;UFC 299: O'Malley vs. Vera 2;2024-03-09;Médio;Submission;Finalização;1;1:01;1,02;Dan Miragliotta;0;0;1
1353;109;UFC 299: O'Malley vs. Vera 2;2024-03-09;Pesado;KO/TKO;Nocaute;1;0:18;0,3;Andrew Glenn;0;0;1
1354;109;UFC 299: O'Malley vs. Vera 2;2024-03-09;Mosca;Decision - Unanimous;Decisão;3;5:00;15,0;Keith Peterson;0;0;0
1355;109;UFC 299: O'Malley vs. Vera 2;2024-03-09;Mosca (fem.);Decision - Split;Decisão;3;5:00;15,0;Mike Beltran;0;0;0
1356;110;UFC Fight Night: Rozenstruik vs. Gaziev;2024-03-02;Pesado;KO/TKO;Nocaute;4;5:00;20,0;Marc Goddard;0;0;0
1357;110;UFC Fight Night: Rozenstruik vs. Gaziev;2024-03-02;Meio-pesado;Decision - Unanimous;Decisão;3;5:00;15,0;Mark Smith;0;0;0
1358;110;UFC Fight Night: Rozenstruik vs. Gaziev;2024-03-02;Mosca;Decision - Unanimous;Decisão;3;5:00;15,0;Keith Peterson;0;0;0
1359;110;UFC Fight Night: Rozenstruik vs. Gaziev;2024-03-02;Galo;Decision - Unanimous;Decisão;3;5:00;15,0;Marc Goddard;0;0;0
1360;110;UFC Fight Night: Rozenstruik vs. Gaziev;2024-03-02;Mosca;KO/TKO;Nocaute;2;0:26;5,43;Chris Tognoni;0;0;1
1361;110;UFC Fight Night: Rozenstruik vs. Gaziev;2024-03-02;Médio;Decision - Unanimous;Decisão;3;5:00;15,0;Mark Smith;0;0;0
1362;110;UFC Fight Night: Rozenstruik vs. Gaziev;2024-03-02;Galo;KO/TKO;Nocaute;3;4:41;14,68;Keith Peterson;0;1;1
1363;110;UFC Fight Night: Rozenstruik vs. Gaziev;2024-03-02;Galo;Decision - Unanimous;Decisão;3;5:00;15,0;Chris Tognoni;0;0;0
1364;110;UFC Fight Night: Rozenstruik vs. Gaziev;2024-03-02;Médio;KO/TKO;Nocaute;2;1:57;6,95;Mark Smith;0;0;0
1365;110;UFC Fight Night: Rozenstruik vs. Gaziev;2024-03-02;Leve;KO/TKO;Nocaute;1;4:36;4,6;Keith Peterson;0;0;0
1366;110;UFC Fight Night: Rozenstruik vs. Gaziev;2024-03-02;Leve;KO/TKO;Nocaute;3;0:49;10,82;Chris Tognoni;0;0;0
1367;111;UFC Fight Night: Moreno vs. Royval 2;2024-02-24;Mosca;Decision - Split;Decisão;5;5:00;25,0;Herb Dean;0;0;0
1368;111;UFC Fight Night: Moreno vs. Royval 2;2024-02-24;Pena;Submission;Finalização;3;0:58;10,97;Marc Goddard;0;0;1
1369;111;UFC Fight Night: Moreno vs. Royval 2;2024-02-24;Leve;Decision - Unanimous;Decisão;3;5:00;15,0;Mike Beltran;0;1;0
1370;111;UFC Fight Night: Moreno vs. Royval 2;2024-02-24;Palha (fem.);Decision - Unanimous;Decisão;3;5:00;15,0;Herb Dean;0;0;0
1371;111;UFC Fight Night: Moreno vs. Royval 2;2024-02-24;Leve;Submission;Finalização;1;1:46;1,77;Mike Beltran;0;0;1
1372;111;UFC Fight Night: Moreno vs. Royval 2;2024-02-24;Galo;Submission;Finalização;3;2:04;12,07;Bladimir Puga;0;0;0
1373;111;UFC Fight Night: Moreno vs. Royval 2;2024-02-24;Mosca;Decision - Split;Decisão;3;5:00;15,0;Fernando Salas Navarro;0;0;0
1374;111;UFC Fight Night: Moreno vs. Royval 2;2024-02-24;Mosca;Submission;Finalização;1;2:17;2,28;Marc Goddard;0;0;0
1375;111;UFC Fight Night: Moreno vs. Royval 2;2024-02-24;Leve;Decision - Split;Decisão;3;5:00;15,0;Herb Dean;0;0;0
1376;111;UFC Fight Night: Moreno vs. Royval 2;2024-02-24;Mosca;Submission;Finalização;2;4:59;9,98;Mike Beltran;0;0;0
1377;111;UFC Fight Night: Moreno vs. Royval 2;2024-02-24;Mosca;Decision - Split;Decisão;3;5:00;15,0;Bladimir Puga;0;0;0
1378;111;UFC Fight Night: Moreno vs. Royval 2;2024-02-24;Pena;KO/TKO;Nocaute;1;0:44;0,73;Fernando Salas Navarro;0;0;0
1379;112;UFC 298: Volkanovski vs. Topuria;2024-02-17;Pena;KO/TKO;Nocaute;2;3:32;8,53;Jason Herzog;1;0;1
1380;112;UFC 298: Volkanovski vs. Topuria;2024-02-17;Médio;Decision - Unanimous;Decisão;3;5:00;15,0;Mike Beltran;0;0;0
1381;112;UFC 298: Volkanovski vs. Topuria;2024-02-17;Meio-médio;Decision - Split;Decisão;3;5:00;15,0;Frank Trigg;0;0;0
1382;112;UFC 298: Volkanovski vs. Topuria;2024-02-17;Galo;Decision - Unanimous;Decisão;3;5:00;15,0;Jonathan Romero;0;0;0
1383;112;UFC 298: Volkanovski vs. Topuria;2024-02-17;Médio;Submission;Finalização;2;3:23;8,38;Jason Herzog;0;0;1
1384;112;UFC 298: Volkanovski vs. Topuria;2024-02-17;Palha (fem.);Decision - Unanimous;Decisão;3;5:00;15,0;Mike Beltran;0;1;0
1385;112;UFC 298: Volkanovski vs. Topuria;2024-02-17;Pesado;KO/TKO;Nocaute;2;1:14;6,23;Frank Trigg;0;0;0
1386;112;UFC 298: Volkanovski vs. Topuria;2024-02-17;Galo;Decision - Unanimous;Decisão;3;5:00;15,0;Jonathan Romero;0;0;0
1387;112;UFC 298: Volkanovski vs. Topuria;2024-02-17;Meio-pesado;KO/TKO;Nocaute;1;1:41;1,68;Mike Beltran;0;0;1
1388;112;UFC 298: Volkanovski vs. Topuria;2024-02-17;Meio-médio;KO/TKO;Nocaute;3;1:18;11,3;Jason Herzog;0;0;0
1389;112;UFC 298: Volkanovski vs. Topuria;2024-02-17;Meio-médio;Decision - Unanimous;Decisão;3;5:00;15,0;Jonathan Romero;0;0;0
1390;112;UFC 298: Volkanovski vs. Topuria;2024-02-17;Mosca (fem.);Decision - Unanimous;Decisão;3;5:00;15,0;Frank Trigg;0;0;0
1391;113;UFC Fight Night: Hermansson vs. Pyfer;2024-02-10;Médio;Decision - Unanimous;Decisão;5;5:00;25,0;Mark Smith;0;0;0
1392;113;UFC Fight Night: Hermansson vs. Pyfer;2024-02-10;Pena;KO/TKO;Nocaute;1;2:43;2,72;Jason Herzog;0;0;1
1393;113;UFC Fight Night: Hermansson vs. Pyfer;2024-02-10;Médio;Decision - Unanimous;Decisão;3;5:00;15,0;Mike Beltran;0;0;0
1394;113;UFC Fight Night: Hermansson vs. Pyfer;2024-02-10;Médio;KO/TKO;Nocaute;3;0:55;10,92;Jason Herzog;0;0;0
1395;113;UFC Fight Night: Hermansson vs. Pyfer;2024-02-10;Leve;Decision - Unanimous;Decisão;3;5:00;15,0;Chris Tognoni;0;0;0
1396;113;UFC Fight Night: Hermansson vs. Pyfer;2024-02-10;Médio;Submission;Finalização;1;4:48;4,8;Mark Smith;0;0;1
1397;113;UFC Fight Night: Hermansson vs. Pyfer;2024-02-10;Meio-médio;KO/TKO;Nocaute;2;4:03;9,05;Mike Beltran;0;0;1
1398;113;UFC Fight Night: Hermansson vs. Pyfer;2024-02-10;Leve;Decision - Split;Decisão;3;5:00;15,0;Chris Tognoni;0;0;0
1399;113;UFC Fight Night: Hermansson vs. Pyfer;2024-02-10;Palha (fem.);Decision - Unanimous;Decisão;3;5:00;15,0;Jason Herzog;0;0;0
1400;113;UFC Fight Night: Hermansson vs. Pyfer;2024-02-10;Meio-pesado;Decision - Unanimous;Decisão;3;5:00;15,0;Mark Smith;0;0;0
1401;113;UFC Fight Night: Hermansson vs. Pyfer;2024-02-10;Meio-médio;Decision - Split;Decisão;3;5:00;15,0;Chris Tognoni;0;0;0
1402;113;UFC Fight Night: Hermansson vs. Pyfer;2024-02-10;Meio-pesado;KO/TKO;Nocaute;1;3:38;3,63;Mike Beltran;0;0;1
1403;113;UFC Fight Night: Hermansson vs. Pyfer;2024-02-10;Pena;KO/TKO;Nocaute;2;2:12;7,2;Mark Smith;0;0;0
1404;113;UFC Fight Night: Hermansson vs. Pyfer;2024-02-10;Galo;Could Not Continue;Outro;2;3:28;8,47;Jason Herzog;0;0;0
1405;114;UFC Fight Night: Dolidze vs. Imavov;2024-02-03;Médio;Decision - Majority;Decisão;5;5:00;25,0;Herb Dean;0;0;0
1406;114;UFC Fight Night: Dolidze vs. Imavov;2024-02-03;Leve;Decision - Unanimous;Decisão;3;5:00;15,0;Mark Smith;0;0;0
1407;114;UFC Fight Night: Dolidze vs. Imavov;2024-02-03;Meio-médio;KO/TKO;Nocaute;1;3:17;3,28;Kerry Hatley;0;0;1
1408;114;UFC Fight Night: Dolidze vs. Imavov;2024-02-03;Mosca (fem.);Decision - Unanimous;Decisão;3;5:00;15,0;Mark Smith;0;0;0
1409;114;UFC Fight Night: Dolidze vs. Imavov;2024-02-03;Médio;Could Not Continue;Outro;1;0:11;0,18;Herb Dean;0;0;0
1410;114;UFC Fight Night: Dolidze vs. Imavov;2024-02-03;Meio-médio;KO/TKO;Nocaute;1;4:47;4,78;Mark Smith;0;0;0
1411;114;UFC Fight Night: Dolidze vs. Imavov;2024-02-03;Palha (fem.);Submission;Finalização;1;4:59;4,98;Kerry Hatley;0;0;1
1412;114;UFC Fight Night: Dolidze vs. Imavov;2024-02-03;Mosca;Decision - Unanimous;Decisão;3;5:00;15,0;Eric McMahon;0;1;0
1413;114;UFC Fight Night: Dolidze vs. Imavov;2024-02-03;Meio-médio;KO/TKO;Nocaute;1;0:32;0,53;Herb Dean;0;0;0
1414;114;UFC Fight Night: Dolidze vs. Imavov;2024-02-03;Pena;Decision - Unanimous;Decisão;3;5:00;15,0;Mark Smith;0;0;0
1415;114;UFC Fight Night: Dolidze vs. Imavov;2024-02-03;Mosca (fem.);KO/TKO;Nocaute;3;4:52;14,87;Eric McMahon;0;0;0
1416;114;UFC Fight Night: Dolidze vs. Imavov;2024-02-03;Leve;Decision - Unanimous;Decisão;3;5:00;15,0;Kerry Hatley;0;0;0
1417;114;UFC Fight Night: Dolidze vs. Imavov;2024-02-03;Pesado;Decision - Unanimous;Decisão;3;5:00;15,0;Eric McMahon;0;0;0
1418;115;UFC 297: Strickland vs. Du Plessis;2024-01-20;Médio;Decision - Split;Decisão;5;5:00;25,0;Marc Goddard;1;1;0
1419;115;UFC 297: Strickland vs. Du Plessis;2024-01-20;Galo (fem.);Decision - Unanimous;Decisão;5;5:00;25,0;Jerin Valel;1;0;0
1420;115;UFC 297: Strickland vs. Du Plessis;2024-01-20;Meio-médio;KO/TKO;Nocaute;3;4:45;14,75;Kevin MacDonald;0;0;0
1421;115;UFC 297: Strickland vs. Du Plessis;2024-01-20;Médio;Decision - Split;Decisão;3;5:00;15,0;Todd Ronald Anderson;0;0;0
1422;115;UFC 297: Strickland vs. Du Plessis;2024-01-20;Pena;Decision - Unanimous;Decisão;3;5:00;15,0;Marc Goddard;0;0;0
1423;115;UFC 297: Strickland vs. Du Plessis;2024-01-20;Galo;Decision - Unanimous;Decisão;3;5:00;15,0;Kevin MacDonald;0;0;0
1424;115;UFC 297: Strickland vs. Du Plessis;2024-01-20;Pena;Decision - Split;Decisão;3;5:00;15,0;Jerin Valel;0;0;0
1425;115;UFC 297: Strickland vs. Du Plessis;2024-01-20;Galo;Decision - Split;Decisão;3;5:00;15,0;Todd Ronald Anderson;0;0;0
1426;115;UFC 297: Strickland vs. Du Plessis;2024-01-20;Palha (fem.);KO/TKO;Nocaute;2;3:12;8,2;Kevin MacDonald;0;0;1
1427;115;UFC 297: Strickland vs. Du Plessis;2024-01-20;Meio-médio;Submission;Finalização;1;2:03;2,05;Brian Beauchamp;0;0;0
1428;115;UFC 297: Strickland vs. Du Plessis;2024-01-20;Galo (fem.);Submission;Finalização;3;4:21;14,35;Mathew  Rocca;0;0;1
1429;115;UFC 297: Strickland vs. Du Plessis;2024-01-20;Mosca;Submission;Finalização;2;1:17;6,28;Todd Ronald Anderson;0;0;0
1430;116;UFC Fight Night: Ankalaev vs. Walker 2;2024-01-13;Meio-pesado;KO/TKO;Nocaute;2;2:42;7,7;Marc Goddard;0;0;1
1431;116;UFC Fight Night: Ankalaev vs. Walker 2;2024-01-13;Leve;Submission;Finalização;3;3:25;13,42;Dan Miragliotta;0;0;1
1432;116;UFC Fight Night: Ankalaev vs. Walker 2;2024-01-13;Galo;Decision - Unanimous;Decisão;3;5:00;15,0;Mark Smith;0;0;0
1433;116;UFC Fight Night: Ankalaev vs. Walker 2;2024-01-13;Médio;KO/TKO;Nocaute;1;4:55;4,92;Chris Tognoni;0;0;1
1434;116;UFC Fight Night: Ankalaev vs. Walker 2;2024-01-13;Pesado;Decision - Unanimous;Decisão;3;5:00;15,0;Marc Goddard;0;0;0
1435;116;UFC Fight Night: Ankalaev vs. Walker 2;2024-01-13;Meio-médio;Decision - Unanimous;Decisão;3;5:00;15,0;Dan Miragliotta;0;0;0
1436;116;UFC Fight Night: Ankalaev vs. Walker 2;2024-01-13;Galo;KO/TKO;Nocaute;2;3:29;8,48;Mark Smith;0;0;1
1437;116;UFC Fight Night: Ankalaev vs. Walker 2;2024-01-13;Galo;Decision - Unanimous;Decisão;3;5:00;15,0;Chris Tognoni;0;0;0
1438;116;UFC Fight Night: Ankalaev vs. Walker 2;2024-01-13;Pena;KO/TKO;Nocaute;1;4:12;4,2;Marc Goddard;0;0;0
1439;116;UFC Fight Night: Ankalaev vs. Walker 2;2024-01-13;Leve;KO/TKO;Nocaute;1;1:03;1,05;Dan Miragliotta;0;0;0
1440;116;UFC Fight Night: Ankalaev vs. Walker 2;2024-01-13;Mosca;KO/TKO;Nocaute;2;4:31;9,52;Mark Smith;0;0;0
1441;117;UFC 296: Edwards vs. Covington;2023-12-16;Meio-médio;Decision - Unanimous;Decisão;5;5:00;25,0;Herb Dean;1;0;0
1442;117;UFC 296: Edwards vs. Covington;2023-12-16;Mosca;Decision - Unanimous;Decisão;5;5:00;25,0;Marc Goddard;1;0;0
1443;117;UFC 296: Edwards vs. Covington;2023-12-16;Meio-médio;Submission;Finalização;2;4:56;9,93;Jason Herzog;0;0;0
1444;117;UFC 296: Edwards vs. Covington;2023-12-16;Leve;Decision - Unanimous;Decisão;3;5:00;15,0;Mark Smith;0;0;0
1445;117;UFC 296: Edwards vs. Covington;2023-12-16;Pena;KO/TKO;Nocaute;1;1:57;1,95;Herb Dean;0;0;1
1446;117;UFC 296: Edwards vs. Covington;2023-12-16;Meio-pesado;Decision - Unanimous;Decisão;3;5:00;15,0;Chris Tognoni;0;0;0
1447;117;UFC 296: Edwards vs. Covington;2023-12-16;Galo (fem.);Decision - Unanimous;Decisão;3;5:00;15,0;Jason Herzog;0;1;0
1448;117;UFC 296: Edwards vs. Covington;2023-12-16;Galo;KO/TKO;Nocaute;1;3:42;3,7;Marc Goddard;0;0;0
1449;117;UFC 296: Edwards vs. Covington;2023-12-16;Mosca (fem.);Submission;Finalização;2;1:18;6,3;Mark Smith;0;0;1
1450;117;UFC 296: Edwards vs. Covington;2023-12-16;Mosca;Submission;Finalização;2;4:25;9,42;Chris Tognoni;0;0;0
1451;117;UFC 296: Edwards vs. Covington;2023-12-16;Pena;KO/TKO;Nocaute;1;3:32;3,53;Jason Herzog;0;0;0
1452;117;UFC 296: Edwards vs. Covington;2023-12-16;Pesado;KO/TKO;Nocaute;2;0:56;5,93;Mark Smith;0;0;1
1453;118;UFC Fight Night: Song vs. Gutierrez;2023-12-09;Galo;Decision - Unanimous;Decisão;5;5:00;25,0;Herb Dean;0;0;0
1454;118;UFC Fight Night: Song vs. Gutierrez;2023-12-09;Meio-pesado;KO/TKO;Nocaute;3;0:56;10,93;Mark Smith;0;0;1
1455;118;UFC Fight Night: Song vs. Gutierrez;2023-12-09;Leve;KO/TKO;Nocaute;1;1:44;1,73;Keith Peterson;0;0;1
1456;118;UFC Fight Night: Song vs. Gutierrez;2023-12-09;Galo;Submission;Finalização;1;4:02;4,03;Herb Dean;0;0;1
1457;118;UFC Fight Night: Song vs. Gutierrez;2023-12-09;Médio;Decision - Split;Decisão;3;5:00;15,0;Chris Tognoni;0;0;0
1458;118;UFC Fight Night: Song vs. Gutierrez;2023-12-09;Meio-médio;Decision - Unanimous;Decisão;3;5:00;15,0;Mark Smith;0;0;0
1459;118;UFC Fight Night: Song vs. Gutierrez;2023-12-09;Mosca;KO/TKO;Nocaute;2;3:59;8,98;Keith Peterson;0;0;1
1460;118;UFC Fight Night: Song vs. Gutierrez;2023-12-09;Leve;KO/TKO;Nocaute;2;1:01;6,02;Chris Tognoni;0;0;0
1461;118;UFC Fight Night: Song vs. Gutierrez;2023-12-09;Galo (fem.);Decision - Unanimous;Decisão;3;5:00;15,0;Herb Dean;0;0;0
1462;118;UFC Fight Night: Song vs. Gutierrez;2023-12-09;Mosca;KO/TKO;Nocaute;2;0:55;5,92;Mark Smith;0;0;0
1463;118;UFC Fight Night: Song vs. Gutierrez;2023-12-09;Palha (fem.);Decision - Split;Decisão;3;5:00;15,0;Keith Peterson;0;0;0
1464;119;UFC Fight Night: Dariush vs. Tsarukyan;2023-12-02;Leve;KO/TKO;Nocaute;1;1:04;1,07;Mark Smith;0;0;1
1465;119;UFC Fight Night: Dariush vs. Tsarukyan;2023-12-02;Leve;KO/TKO;Nocaute;1;2:49;2,82;Kerry Hatley;0;0;1
1466;119;UFC Fight Night: Dariush vs. Tsarukyan;2023-12-02;Galo;Decision - Unanimous;Decisão;3;5:00;15,0;Jeff Rexroad;0;0;0
1467;119;UFC Fight Night: Dariush vs. Tsarukyan;2023-12-02;Meio-médio;Submission;Finalização;3;1:43;11,72;Jacob Montalvo;0;0;1
1468;119;UFC Fight Night: Dariush vs. Tsarukyan;2023-12-02;Leve;Decision - Unanimous;Decisão;3;5:00;15,0;Mark Smith;0;0;0
1469;119;UFC Fight Night: Dariush vs. Tsarukyan;2023-12-02;Médio;Submission;Finalização;2;4:10;9,17;Kerry Hatley;0;0;1
1470;119;UFC Fight Night: Dariush vs. Tsarukyan;2023-12-02;Galo (fem.);Submission;Finalização;3;1:15;11,25;Jacob Montalvo;0;0;1
1471;119;UFC Fight Night: Dariush vs. Tsarukyan;2023-12-02;Médio;KO/TKO;Nocaute;1;1:49;1,82;Jeff Rexroad;0;0;1
1472;119;UFC Fight Night: Dariush vs. Tsarukyan;2023-12-02;Leve;KO/TKO;Nocaute;1;1:41;1,68;Mark Smith;0;0;1
1473;119;UFC Fight Night: Dariush vs. Tsarukyan;2023-12-02;Meio-pesado;KO/TKO;Nocaute;2;4:17;9,28;Jacob Montalvo;0;1;0
1474;119;UFC Fight Night: Dariush vs. Tsarukyan;2023-12-02;Meio-médio;Submission;Finalização;2;1:11;6,18;Jeff Rexroad;0;0;1
1475;119;UFC Fight Night: Dariush vs. Tsarukyan;2023-12-02;Mosca (fem.);Decision - Split;Decisão;3;5:00;15,0;Mark Smith;0;0;0
1476;120;UFC Fight Night: Allen vs. Craig;2023-11-18;Médio;Submission;Finalização;3;0:38;10,63;Mark Smith;0;0;1
1477;120;UFC Fight Night: Allen vs. Craig;2023-11-18;Meio-médio;Decision - Unanimous;Decisão;3;5:00;15,0;Herb Dean;0;0;0
1478;120;UFC Fight Night: Allen vs. Craig;2023-11-18;Leve;Submission;Finalização;1;2:58;2,97;Mike Beltran;0;0;0
1479;120;UFC Fight Night: Allen vs. Craig;2023-11-18;Galo;Submission;Finalização;3;0:58;10,97;Mark Smith;0;0;0
1480;120;UFC Fight Night: Allen vs. Craig;2023-11-18;Palha (fem.);KO/TKO;Nocaute;3;3:53;13,88;Chris Tognoni;0;0;1
1481;120;UFC Fight Night: Allen vs. Craig;2023-11-18;Meio-médio;Submission;Finalização;2;4:12;9,2;Mike Beltran;0;0;0
1482;120;UFC Fight Night: Allen vs. Craig;2023-11-18;Pena;Submission;Finalização;2;3:54;8,9;Herb Dean;0;0;1
1483;120;UFC Fight Night: Allen vs. Craig;2023-11-18;Galo;Submission;Finalização;3;4:49;14,82;Chris Tognoni;0;0;0
1484;120;UFC Fight Night: Allen vs. Craig;2023-11-18;Médio;KO/TKO;Nocaute;2;4:24;9,4;Mike Beltran;0;0;0
1485;120;UFC Fight Night: Allen vs. Craig;2023-11-18;Pesado;Decision - Unanimous;Decisão;3;5:00;15,0;Mark Smith;0;0;0
1486;120;UFC Fight Night: Allen vs. Craig;2023-11-18;Pena;KO/TKO;Nocaute;1;1:31;1,52;Herb Dean;0;0;1
1487;120;UFC Fight Night: Allen vs. Craig;2023-11-18;Galo (fem.);Decision - Unanimous;Decisão;3;5:00;15,0;Chris Tognoni;0;0;0
1488;120;UFC Fight Night: Allen vs. Craig;2023-11-18;Leve;Overturned;Outro;3;3:11;13,18;Mike Beltran;0;0;0
1489;120;UFC Fight Night: Allen vs. Craig;2023-11-18;Mosca;Decision - Unanimous;Decisão;3;5:00;15,0;Chris Tognoni;0;0;0
1490;121;UFC 295: Prochazka vs. Pereira;2023-11-11;Meio-pesado;KO/TKO;Nocaute;2;4:08;9,13;Marc Goddard;1;0;1
1491;121;UFC 295: Prochazka vs. Pereira;2023-11-11;Pesado;KO/TKO;Nocaute;1;1:09;1,15;Dan Miragliotta;1;0;1
1492;121;UFC 295: Prochazka vs. Pereira;2023-11-11;Palha (fem.);KO/TKO;Nocaute;2;3:15;8,25;Keith Peterson;0;0;1
1493;121;UFC 295: Prochazka vs. Pereira;2023-11-11;Leve;KO/TKO;Nocaute;1;1:31;1,52;Mike Beltran;0;0;1
1494;121;UFC 295: Prochazka vs. Pereira;2023-11-11;Pena;KO/TKO;Nocaute;1;1:30;1,5;Keith Peterson;0;0;1
1495;121;UFC 295: Prochazka vs. Pereira;2023-11-11;Mosca;Decision - Unanimous;Decisão;3;5:00;15,0;Marc Goddard;0;0;0
1496;121;UFC 295: Prochazka vs. Pereira;2023-11-11;Palha (fem.);Decision - Split;Decisão;3;5:00;15,0;Dan Miragliotta;0;0;0
1497;121;UFC 295: Prochazka vs. Pereira;2023-11-11;Leve;Submission;Finalização;1;3:08;3,13;Mike Beltran;0;0;0
1498;121;UFC 295: Prochazka vs. Pereira;2023-11-11;Leve;Decision - Majority;Decisão;3;5:00;15,0;Keith Peterson;0;1;0
1499;121;UFC 295: Prochazka vs. Pereira;2023-11-11;Leve;KO/TKO;Nocaute;1;4:42;4,7;Marc Goddard;0;0;0
1500;121;UFC 295: Prochazka vs. Pereira;2023-11-11;Peso casado;Decision - Unanimous;Decisão;3;5:00;15,0;Dan Miragliotta;0;0;0
1501;121;UFC 295: Prochazka vs. Pereira;2023-11-11;Mosca;Decision - Unanimous;Decisão;3;5:00;15,0;Mike Beltran;0;0;0
1502;121;UFC 295: Prochazka vs. Pereira;2023-11-11;Pena;KO/TKO;Nocaute;1;0:49;0,82;Keith Peterson;0;0;0
1503;122;UFC Fight Night: Almeida vs. Lewis;2023-11-04;Pesado;Decision - Unanimous;Decisão;5;5:00;25,0;Marc Goddard;0;0;0
1504;122;UFC Fight Night: Almeida vs. Lewis;2023-11-04;Meio-médio;KO/TKO;Nocaute;2;4:33;9,55;Jason Herzog;0;1;0
1505;122;UFC Fight Night: Almeida vs. Lewis;2023-11-04;Pesado;Decision - Unanimous;Decisão;3;5:00;15,0;Osiris Maia;0;0;0
1506;122;UFC Fight Night: Almeida vs. Lewis;2023-11-04;Médio;Decision - Unanimous;Decisão;3;5:00;15,0;Marc Goddard;0;0;0
1507;122;UFC Fight Night: Almeida vs. Lewis;2023-11-04;Peso casado;KO/TKO;Nocaute;1;4:01;4,02;Osiris Maia;0;0;1
1508;122;UFC Fight Night: Almeida vs. Lewis;2023-11-04;Meio-médio;Decision - Majority;Decisão;3;5:00;15,0;Fernando Portella;0;0;0
1509;122;UFC Fight Night: Almeida vs. Lewis;2023-11-04;Meio-pesado;KO/TKO;Nocaute;2;1:03;6,05;Marc Goddard;0;0;1
1510;122;UFC Fight Night: Almeida vs. Lewis;2023-11-04;Palha (fem.);Decision - Unanimous;Decisão;3;5:00;15,0;Fernando Portella;0;0;0
1511;122;UFC Fight Night: Almeida vs. Lewis;2023-11-04;Palha (fem.);KO/TKO;Nocaute;2;2:14;7,23;Joao Claudio Soares;0;0;0
1512;122;UFC Fight Night: Almeida vs. Lewis;2023-11-04;Leve;Decision - Split;Decisão;3;5:00;15,0;Jason Herzog;0;0;0
1513;123;UFC 294: Makhachev vs. Volkanovski 2;2023-10-21;Leve;KO/TKO;Nocaute;1;3:06;3,1;Marc Goddard;1;0;1
1514;123;UFC 294: Makhachev vs. Volkanovski 2;2023-10-21;Médio;Decision - Majority;Decisão;3;5:00;15,0;Jason Herzog;0;0;0
1515;123;UFC 294: Makhachev vs. Volkanovski 2;2023-10-21;Meio-pesado;Could Not Continue;Outro;1;3:13;3,22;Daniel Movahedi;0;0;0
1516;123;UFC 294: Makhachev vs. Volkanovski 2;2023-10-21;Médio;KO/TKO;Nocaute;1;2:07;2,12;Lukasz Bosacki;0;0;1
1517;123;UFC 294: Makhachev vs. Volkanovski 2;2023-10-21;Galo;Submission;Finalização;1;1:13;1,22;Marc Goddard;0;0;1
1518;123;UFC 294: Makhachev vs. Volkanovski 2;2023-10-21;Mosca;Submission;Finalização;3;3:03;13,05;Jason Herzog;0;0;1
1519;123;UFC 294: Makhachev vs. Volkanovski 2;2023-10-21;Leve;Decision - Unanimous;Decisão;3;5:00;15,0;Daniel Movahedi;0;0;0
1520;123;UFC 294: Makhachev vs. Volkanovski 2;2023-10-21;Galo;Could Not Continue;Outro;2;0:15;5,25;Lukasz Bosacki;0;0;0
1521;123;UFC 294: Makhachev vs. Volkanovski 2;2023-10-21;Médio;Decision - Unanimous;Decisão;3;5:00;15,0;Jason Herzog;0;0;0
1522;123;UFC 294: Makhachev vs. Volkanovski 2;2023-10-21;Leve;KO/TKO;Nocaute;3;3:00;13,0;Marc Goddard;0;0;0
1523;123;UFC 294: Makhachev vs. Volkanovski 2;2023-10-21;Pena;Decision - Unanimous;Decisão;3;5:00;15,0;Lukasz Bosacki;0;0;0
1524;123;UFC 294: Makhachev vs. Volkanovski 2;2023-10-21;Palha (fem.);Decision - Unanimous;Decisão;3;5:00;15,0;Daniel Movahedi;0;0;0
1525;123;UFC 294: Makhachev vs. Volkanovski 2;2023-10-21;Médio;Decision - Unanimous;Decisão;3;5:00;15,0;Jason Herzog;0;0;0
1526;124;UFC Fight Night: Yusuff vs. Barboza;2023-10-14;Pena;Decision - Unanimous;Decisão;5;5:00;25,0;Herb Dean;0;1;0
1527;124;UFC Fight Night: Yusuff vs. Barboza;2023-10-14;Mosca (fem.);Decision - Unanimous;Decisão;3;5:00;15,0;Mark Smith;0;0;0
1528;124;UFC Fight Night: Yusuff vs. Barboza;2023-10-14;Galo;KO/TKO;Nocaute;2;2:26;7,43;Kerry Hatley;0;0;1
1529;124;UFC Fight Night: Yusuff vs. Barboza;2023-10-14;Médio;KO/TKO;Nocaute;1;1:06;1,1;Chris Tognoni;0;0;1
1530;124;UFC Fight Night: Yusuff vs. Barboza;2023-10-14;Galo;Decision - Unanimous;Decisão;3;5:00;15,0;Mark Smith;0;0;0
1531;124;UFC Fight Night: Yusuff vs. Barboza;2023-10-14;Pena;Submission;Finalização;3;2:23;12,38;Kerry Hatley;0;0;0
1532;124;UFC Fight Night: Yusuff vs. Barboza;2023-10-14;Galo (fem.);Decision - Unanimous;Decisão;3;5:00;15,0;Chris Tognoni;0;0;0
1533;124;UFC Fight Night: Yusuff vs. Barboza;2023-10-14;Leve;KO/TKO;Nocaute;1;0:20;0,33;Herb Dean;0;0;0
1534;124;UFC Fight Night: Yusuff vs. Barboza;2023-10-14;Galo (fem.);Decision - Unanimous;Decisão;3;5:00;15,0;Mark Smith;0;0;0
1535;124;UFC Fight Night: Yusuff vs. Barboza;2023-10-14;Galo;Decision - Unanimous;Decisão;3;5:00;15,0;Kerry Hatley;0;0;0
1536;124;UFC Fight Night: Yusuff vs. Barboza;2023-10-14;Palha (fem.);Decision - Unanimous;Decisão;3;5:00;15,0;Chris Tognoni;0;0;0
1537;125;UFC Fight Night: Dawson vs. Green;2023-10-07;Leve;KO/TKO;Nocaute;1;0:33;0,55;Keith Peterson;0;0;1
1538;125;UFC Fight Night: Dawson vs. Green;2023-10-07;Médio;Submission;Finalização;2;2:05;7,08;Mark Smith;0;0;1
1539;125;UFC Fight Night: Dawson vs. Green;2023-10-07;Meio-médio;Decision - Unanimous;Decisão;3;5:00;15,0;Kerry Hatley;0;0;0
1540;125;UFC Fight Night: Dawson vs. Green;2023-10-07;Leve;KO/TKO;Nocaute;1;2:36;2,6;Chris Tognoni;0;0;1
1541;125;UFC Fight Night: Dawson vs. Green;2023-10-07;Pena;Decision - Unanimous;Decisão;3;5:00;15,0;Keith Peterson;0;0;0
1542;125;UFC Fight Night: Dawson vs. Green;2023-10-07;Palha (fem.);Decision - Unanimous;Decisão;3;5:00;15,0;Kerry Hatley;0;0;0
1543;125;UFC Fight Night: Dawson vs. Green;2023-10-07;Mosca;KO/TKO;Nocaute;1;4:40;4,67;Chris Tognoni;0;0;1
1544;125;UFC Fight Night: Dawson vs. Green;2023-10-07;Palha (fem.);Decision - Unanimous;Decisão;3;5:00;15,0;Mark Smith;0;0;0
1545;125;UFC Fight Night: Dawson vs. Green;2023-10-07;Galo;Decision - Unanimous;Decisão;3;5:00;15,0;Keith Peterson;0;0;0
1546;125;UFC Fight Night: Dawson vs. Green;2023-10-07;Mosca (fem.);Decision - Unanimous;Decisão;3;5:00;15,0;Jacob Montalvo;0;0;0
1547;126;UFC Fight Night: Fiziev vs. Gamrot;2023-09-23;Leve;KO/TKO;Nocaute;2;2:03;7,05;Herb Dean;0;0;0
1548;126;UFC Fight Night: Fiziev vs. Gamrot;2023-09-23;Pena;Decision - Unanimous;Decisão;3;5:00;15,0;Mark Smith;0;0;0
1549;126;UFC Fight Night: Fiziev vs. Gamrot;2023-09-23;Palha (fem.);KO/TKO;Nocaute;2;2:42;7,7;Kerry Hatley;0;0;1
1550;126;UFC Fight Night: Fiziev vs. Gamrot;2023-09-23;Meio-médio;Submission;Finalização;2;4:32;9,53;Dan Miragliotta;0;0;0
1551;126;UFC Fight Night: Fiziev vs. Gamrot;2023-09-23;Pena;Submission;Finalização;1;3:12;3,2;Herb Dean;0;0;1
1552;126;UFC Fight Night: Fiziev vs. Gamrot;2023-09-23;Galo;Overturned;Outro;3;5:00;15,0;Kerry Hatley;0;0;0
1553;126;UFC Fight Night: Fiziev vs. Gamrot;2023-09-23;Meio-médio;KO/TKO;Nocaute;3;1:15;11,25;Dan Miragliotta;0;1;0
1554;126;UFC Fight Night: Fiziev vs. Gamrot;2023-09-23;Médio;DQ;Outro;1;4:15;4,25;Mark Smith;0;0;0
1555;126;UFC Fight Night: Fiziev vs. Gamrot;2023-09-23;Pesado;Decision - Unanimous;Decisão;3;5:00;15,0;Dan Miragliotta;0;0;0
1556;126;UFC Fight Night: Fiziev vs. Gamrot;2023-09-23;Palha (fem.);Decision - Unanimous;Decisão;3;5:00;15,0;Mark Smith;0;0;0
1557;126;UFC Fight Night: Fiziev vs. Gamrot;2023-09-23;Galo (fem.);Decision - Split;Decisão;3;5:00;15,0;Kerry Hatley;0;0;0
1558;127;Noche UFC: Grasso vs. Shevchenko 2;2023-09-16;Mosca (fem.);Decision - Split;Decisão;5;5:00;25,0;Herb Dean;1;0;0
1559;127;Noche UFC: Grasso vs. Shevchenko 2;2023-09-16;Meio-médio;Decision - Split;Decisão;3;5:00;15,0;Jason Herzog;0;0;0
1560;127;Noche UFC: Grasso vs. Shevchenko 2;2023-09-16;Galo;KO/TKO;Nocaute;1;0:54;0,9;Mark Smith;0;0;1
1561;127;Noche UFC: Grasso vs. Shevchenko 2;2023-09-16;Leve;Submission;Finalização;2;3:26;8,43;Jason Herzog;0;0;1
1562;127;Noche UFC: Grasso vs. Shevchenko 2;2023-09-16;Pena;Decision - Unanimous;Decisão;3;5:00;15,0;Chris Tognoni;0;0;0
1563;127;Noche UFC: Grasso vs. Shevchenko 2;2023-09-16;Palha (fem.);Submission;Finalização;2;3:38;8,63;Herb Dean;0;0;1
1564;127;Noche UFC: Grasso vs. Shevchenko 2;2023-09-16;Médio;KO/TKO;Nocaute;2;4:44;9,73;Mark Smith;0;0;1
1565;127;Noche UFC: Grasso vs. Shevchenko 2;2023-09-16;Mosca;Overturned;Outro;1;3:47;3,78;Chris Tognoni;0;0;0
1566;127;Noche UFC: Grasso vs. Shevchenko 2;2023-09-16;Mosca (fem.);Decision - Unanimous;Decisão;3;5:00;15,0;Jason Herzog;0;0;0
1567;127;Noche UFC: Grasso vs. Shevchenko 2;2023-09-16;Leve;KO/TKO;Nocaute;1;3:38;3,63;Mark Smith;0;0;1
1568;127;Noche UFC: Grasso vs. Shevchenko 2;2023-09-16;Palha (fem.);Decision - Unanimous;Decisão;3;5:00;15,0;Chris Tognoni;0;0;0
1569;128;UFC 293: Adesanya vs. Strickland;2023-09-09;Médio;Decision - Unanimous;Decisão;5;5:00;25,0;Marc Goddard;1;0;1
1570;128;UFC 293: Adesanya vs. Strickland;2023-09-09;Pesado;Submission;Finalização;2;4:37;9,62;Herb Dean;0;0;0
1571;128;UFC 293: Adesanya vs. Strickland;2023-09-09;Mosca;Decision - Unanimous;Decisão;3;5:00;15,0;Greg Kleynjans;0;1;0
1572;128;UFC 293: Adesanya vs. Strickland;2023-09-09;Pesado;KO/TKO;Nocaute;1;1:22;1,37;Jim Perdios;0;0;1
1573;128;UFC 293: Adesanya vs. Strickland;2023-09-09;Meio-pesado;KO/TKO;Nocaute;1;2:12;2,2;Marc Goddard;0;0;0
1574;128;UFC 293: Adesanya vs. Strickland;2023-09-09;Meio-pesado;Submission;Finalização;3;4:49;14,82;Herb Dean;0;0;0
1575;128;UFC 293: Adesanya vs. Strickland;2023-09-09;Pena;KO/TKO;Nocaute;2;3:19;8,32;Greg Kleynjans;0;0;0
1576;128;UFC 293: Adesanya vs. Strickland;2023-09-09;Leve;Decision - Unanimous;Decisão;3;5:00;15,0;Jim Perdios;0;0;0
1577;128;UFC 293: Adesanya vs. Strickland;2023-09-09;Leve;Decision - Unanimous;Decisão;3;5:00;15,0;Marc Goddard;0;0;0
1578;128;UFC 293: Adesanya vs. Strickland;2023-09-09;Meio-médio;Decision - Unanimous;Decisão;3;5:00;15,0;Herb Dean;0;0;0
1579;128;UFC 293: Adesanya vs. Strickland;2023-09-09;Pena;Submission;Finalização;1;0:59;0,98;Greg Kleynjans;0;0;0
1580;128;UFC 293: Adesanya vs. Strickland;2023-09-09;Meio-médio;Submission;Finalização;1;4:49;4,82;Jim Perdios;0;0;0
1581;129;UFC Fight Night: Gane vs. Spivac;2023-09-02;Pesado;KO/TKO;Nocaute;2;3:44;8,73;Marc Goddard;0;0;1
1582;129;UFC Fight Night: Gane vs. Spivac;2023-09-02;Mosca (fem.);Decision - Unanimous;Decisão;3;5:00;15,0;Rich Mitchell;0;0;0
1583;129;UFC Fight Night: Gane vs. Spivac;2023-09-02;Leve;KO/TKO;Nocaute;2;4:44;9,73;Lukasz Bosacki;0;1;0
1584;129;UFC Fight Night: Gane vs. Spivac;2023-09-02;Meio-pesado;Submission;Finalização;1;3:46;3,77;Marc Goddard;0;0;0
1585;129;UFC Fight Night: Gane vs. Spivac;2023-09-02;Pena;KO/TKO;Nocaute;3;2:20;12,33;Loic Pora;0;0;0
1586;129;UFC Fight Night: Gane vs. Spivac;2023-09-02;Pena;KO/TKO;Nocaute;1;3:51;3,85;Rich Mitchell;0;0;1
1587;129;UFC Fight Night: Gane vs. Spivac;2023-09-02;Galo;Decision - Unanimous;Decisão;3;5:00;15,0;Lukasz Bosacki;0;0;0
1588;129;UFC Fight Night: Gane vs. Spivac;2023-09-02;Meio-médio;Decision - Unanimous;Decisão;3;5:00;15,0;Loic Pora;0;0;0
1589;129;UFC Fight Night: Gane vs. Spivac;2023-09-02;Galo (fem.);Decision - Unanimous;Decisão;3;5:00;15,0;Lukasz Bosacki;0;0;0
1590;129;UFC Fight Night: Gane vs. Spivac;2023-09-02;Galo;Submission;Finalização;1;4:15;4,25;Loic Pora;0;0;0
1591;129;UFC Fight Night: Gane vs. Spivac;2023-09-02;Peso casado;Decision - Unanimous;Decisão;3;5:00;15,0;Rich Mitchell;0;0;0
1592;130;UFC Fight Night: Holloway vs. The Korean Zombie;2023-08-26;Pena;KO/TKO;Nocaute;3;0:23;10,38;Marc Goddard;0;1;0
1593;130;UFC Fight Night: Holloway vs. The Korean Zombie;2023-08-26;Meio-pesado;Decision - Split;Decisão;3;5:00;15,0;Mark Craig;0;0;0
1594;130;UFC Fight Night: Holloway vs. The Korean Zombie;2023-08-26;Pena;Decision - Unanimous;Decisão;3;5:00;15,0;Marc Goddard;0;0;0
1595;130;UFC Fight Night: Holloway vs. The Korean Zombie;2023-08-26;Galo;Decision - Unanimous;Decisão;3;5:00;15,0;Kevin Sataki;0;0;0
1596;130;UFC Fight Night: Holloway vs. The Korean Zombie;2023-08-26;Mosca (fem.);Decision - Unanimous;Decisão;3;5:00;15,0;Thomas Fan;0;0;0
1597;130;UFC Fight Night: Holloway vs. The Korean Zombie;2023-08-26;Pesado;KO/TKO;Nocaute;1;1:24;1,4;Marc Goddard;0;0;1
1598;130;UFC Fight Night: Holloway vs. The Korean Zombie;2023-08-26;Pesado;KO/TKO;Nocaute;1;3:01;3,02;Mark Craig;0;0;0
1599;130;UFC Fight Night: Holloway vs. The Korean Zombie;2023-08-26;Galo;KO/TKO;Nocaute;1;4:16;4,27;Kevin Sataki;0;0;0
1600;130;UFC Fight Night: Holloway vs. The Korean Zombie;2023-08-26;Médio;KO/TKO;Nocaute;1;4:16;4,27;Thomas Fan;0;0;1
1601;130;UFC Fight Night: Holloway vs. The Korean Zombie;2023-08-26;Meio-médio;Decision - Unanimous;Decisão;3;5:00;15,0;Marc Goddard;0;0;0
1602;130;UFC Fight Night: Holloway vs. The Korean Zombie;2023-08-26;Meio-médio;KO/TKO;Nocaute;1;3:49;3,82;Mark Craig;0;0;0
1603;130;UFC Fight Night: Holloway vs. The Korean Zombie;2023-08-26;Mosca (fem.);KO/TKO;Nocaute;2;4:49;9,82;Kevin Sataki;0;0;0
1604;130;UFC Fight Night: Holloway vs. The Korean Zombie;2023-08-26;Pena;Decision - Unanimous;Decisão;3;5:00;15,0;Thomas Fan;0;0;0
1605;131;UFC 292: Sterling vs. O'Malley;2023-08-19;Galo;KO/TKO;Nocaute;2;0:51;5,85;Marc Goddard;1;0;1
1606;131;UFC 292: Sterling vs. O'Malley;2023-08-19;Palha (fem.);Decision - Unanimous;Decisão;5;5:00;25,0;Kevin MacDonald;1;0;1
1607;131;UFC 292: Sterling vs. O'Malley;2023-08-19;Meio-médio;Decision - Unanimous;Decisão;3;5:00;15,0;Keith Peterson;0;0;0
1608;131;UFC 292: Sterling vs. O'Malley;2023-08-19;Galo;Decision - Unanimous;Decisão;3;5:00;15,0;Bryan Miner;0;0;0
1609;131;UFC 292: Sterling vs. O'Malley;2023-08-19;Galo;Decision - Unanimous;Decisão;3;5:00;15,0;Herb Dean;0;0;0
1610;131;UFC 292: Sterling vs. O'Malley;2023-08-19;Médio;Decision - Unanimous;Decisão;3;5:00;15,0;Keith Peterson;0;0;0
1611;131;UFC 292: Sterling vs. O'Malley;2023-08-19;Médio;KO/TKO;Nocaute;1;1:43;1,72;Bryan Miner;0;0;0
1612;131;UFC 292: Sterling vs. O'Malley;2023-08-19;Leve;Submission;Finalização;2;2:39;7,65;John English;1;0;0
1613;131;UFC 292: Sterling vs. O'Malley;2023-08-19;Galo;Decision - Unanimous;Decisão;3;5:00;15,0;Marc Goddard;1;1;0
1614;131;UFC 292: Sterling vs. O'Malley;2023-08-19;Médio;Decision - Split;Decisão;3;5:00;15,0;Herb Dean;0;0;0
1615;131;UFC 292: Sterling vs. O'Malley;2023-08-19;Mosca (fem.);Decision - Unanimous;Decisão;3;5:00;15,0;Kevin MacDonald;0;0;0
1616;131;UFC 292: Sterling vs. O'Malley;2023-08-19;Mosca (fem.);Submission;Finalização;1;4:59;4,98;John English;0;0;0
1617;132;UFC Fight Night: Luque vs. Dos Anjos;2023-08-12;Meio-médio;Decision - Unanimous;Decisão;5;5:00;25,0;Mark Smith;0;0;0
1618;132;UFC Fight Night: Luque vs. Dos Anjos;2023-08-12;Pena;Decision - Unanimous;Decisão;3;5:00;15,0;Jason Herzog;0;0;0
1619;132;UFC Fight Night: Luque vs. Dos Anjos;2023-08-12;Meio-pesado;KO/TKO;Nocaute;1;2:40;2,67;Herb Dean;0;0;1
1620;132;UFC Fight Night: Luque vs. Dos Anjos;2023-08-12;Palha (fem.);Submission;Finalização;2;3:42;8,7;Chris Tognoni;0;0;1
1621;132;UFC Fight Night: Luque vs. Dos Anjos;2023-08-12;Médio;Decision - Unanimous;Decisão;3;5:00;15,0;Herb Dean;0;0;0
1622;132;UFC Fight Night: Luque vs. Dos Anjos;2023-08-12;Médio;Decision - Unanimous;Decisão;3;5:00;15,0;Mark Smith;0;0;0
1623;132;UFC Fight Night: Luque vs. Dos Anjos;2023-08-12;Galo;KO/TKO;Nocaute;1;2:19;2,32;Jason Herzog;0;0;1
1624;132;UFC Fight Night: Luque vs. Dos Anjos;2023-08-12;Leve;KO/TKO;Nocaute;1;1:25;1,42;Chris Tognoni;0;0;0
1625;132;UFC Fight Night: Luque vs. Dos Anjos;2023-08-12;Pena;KO/TKO;Nocaute;1;4:48;4,8;Jason Herzog;0;0;0
1626;132;UFC Fight Night: Luque vs. Dos Anjos;2023-08-12;Pesado;Submission;Finalização;1;4:11;4,18;Herb Dean;0;0;0
1627;132;UFC Fight Night: Luque vs. Dos Anjos;2023-08-12;Palha (fem.);KO/TKO;Nocaute;3;3:41;13,68;Chris Tognoni;0;0;0
1628;132;UFC Fight Night: Luque vs. Dos Anjos;2023-08-12;Galo;Submission;Finalização;1;3:47;3,78;Mark Smith;0;0;1
1629;132;UFC Fight Night: Luque vs. Dos Anjos;2023-08-12;Mosca (fem.);KO/TKO;Nocaute;1;3:41;3,68;Jason Herzog;0;0;0
1630;133;UFC Fight Night: Sandhagen vs. Font;2023-08-05;Peso casado;Decision - Unanimous;Decisão;5;5:00;25,0;Jason Herzog;0;0;0
1631;133;UFC Fight Night: Sandhagen vs. Font;2023-08-05;Palha (fem.);Submission;Finalização;2;1:31;6,52;Kevin MacDonald;0;0;1
1632;133;UFC Fight Night: Sandhagen vs. Font;2023-08-05;Meio-pesado;KO/TKO;Nocaute;1;1:22;1,37;Gary Copeland;0;0;1
1633;133;UFC Fight Night: Sandhagen vs. Font;2023-08-05;Pena;Submission;Finalização;1;1:38;1,63;Jimmy Neely;0;0;1
1634;133;UFC Fight Night: Sandhagen vs. Font;2023-08-05;Meio-pesado;Decision - Unanimous;Decisão;3;5:00;15,0;Justin Brown;0;0;0
1635;133;UFC Fight Night: Sandhagen vs. Font;2023-08-05;Leve;Decision - Unanimous;Decisão;3;5:00;15,0;Jason Herzog;0;0;0
1636;133;UFC Fight Night: Sandhagen vs. Font;2023-08-05;Galo;Decision - Unanimous;Decisão;3;5:00;15,0;Kevin MacDonald;0;0;0
1637;133;UFC Fight Night: Sandhagen vs. Font;2023-08-05;Meio-médio;Submission;Finalização;3;1:50;11,83;Jason Herzog;0;0;1
1638;133;UFC Fight Night: Sandhagen vs. Font;2023-08-05;Pena;Decision - Unanimous;Decisão;3;5:00;15,0;Kevin MacDonald;0;0;0
1639;133;UFC Fight Night: Sandhagen vs. Font;2023-08-05;Mosca;Decision - Unanimous;Decisão;3;5:00;15,0;Jimmy Neely;0;0;0
1640;133;UFC Fight Night: Sandhagen vs. Font;2023-08-05;Pena;Decision - Unanimous;Decisão;3;5:00;15,0;Justin Brown;0;0;0
1641;133;UFC Fight Night: Sandhagen vs. Font;2023-08-05;Mosca;Submission;Finalização;2;3:11;8,18;Gary Copeland;0;0;1
1642;134;UFC 291: Poirier vs. Gaethje 2;2023-07-29;Leve;KO/TKO;Nocaute;2;1:00;6,0;Herb Dean;0;0;1
1643;134;UFC 291: Poirier vs. Gaethje 2;2023-07-29;Meio-pesado;Decision - Split;Decisão;3;5:00;15,0;Marc Goddard;0;0;0
1644;134;UFC 291: Poirier vs. Gaethje 2;2023-07-29;Pesado;KO/TKO;Nocaute;1;0:33;0,55;Dan Miragliotta;0;0;1
1645;134;UFC 291: Poirier vs. Gaethje 2;2023-07-29;Leve;Submission;Finalização;3;4:54;14,9;Dan Miragliotta;0;0;1
1646;134;UFC 291: Poirier vs. Gaethje 2;2023-07-29;Meio-médio;Submission;Finalização;1;2:39;2,65;Marc Goddard;0;0;1
1647;134;UFC 291: Poirier vs. Gaethje 2;2023-07-29;Meio-médio;Submission;Finalização;1;1:13;1,22;Herb Dean;0;0;0
1648;134;UFC 291: Poirier vs. Gaethje 2;2023-07-29;Mosca;Decision - Unanimous;Decisão;3;5:00;15,0;Dave Seljestad;0;0;0
1649;134;UFC 291: Poirier vs. Gaethje 2;2023-07-29;Médio;KO/TKO;Nocaute;2;0:33;5,55;Marc Goddard;0;0;0
1650;134;UFC 291: Poirier vs. Gaethje 2;2023-07-29;Meio-médio;Submission;Finalização;2;2:37;7,62;Tyler Tomlinson;0;0;0
1651;134;UFC 291: Poirier vs. Gaethje 2;2023-07-29;Meio-médio;KO/TKO;Nocaute;3;2:36;12,6;Tyler Tomlinson;0;0;0
1652;134;UFC 291: Poirier vs. Gaethje 2;2023-07-29;Mosca (fem.);Submission;Finalização;3;2:11;12,18;Dave Seljestad;0;0;0
1653;135;UFC Fight Night: Aspinall vs. Tybura;2023-07-22;Pesado;KO/TKO;Nocaute;1;1:13;1,22;Marc Goddard;0;0;1
1654;135;UFC Fight Night: Aspinall vs. Tybura;2023-07-22;Mosca (fem.);Submission;Finalização;1;1:55;1,92;Jason Herzog;0;0;0
1655;135;UFC Fight Night: Aspinall vs. Tybura;2023-07-22;Pena;Decision - Unanimous;Decisão;3;5:00;15,0;Marc Goddard;0;0;0
1656;135;UFC Fight Night: Aspinall vs. Tybura;2023-07-22;Médio;KO/TKO;Nocaute;2;4:40;9,67;Daniel Movahedi;0;0;1
1657;135;UFC Fight Night: Aspinall vs. Tybura;2023-07-22;Leve;Decision - Unanimous;Decisão;3;5:00;15,0;Jason Herzog;0;0;0
1658;135;UFC Fight Night: Aspinall vs. Tybura;2023-07-22;Pena;Decision - Unanimous;Decisão;3;5:00;15,0;Loic Pora;0;0;0
1659;135;UFC Fight Night: Aspinall vs. Tybura;2023-07-22;Galo;Decision - Split;Decisão;3;5:00;15,0;Marc Goddard;0;0;0
1660;135;UFC Fight Night: Aspinall vs. Tybura;2023-07-22;Meio-médio;KO/TKO;Nocaute;2;4:57;9,95;Jason Herzog;0;1;0
1661;135;UFC Fight Night: Aspinall vs. Tybura;2023-07-22;Leve;Submission;Finalização;2;4:26;9,43;Daniel Movahedi;0;0;0
1662;135;UFC Fight Night: Aspinall vs. Tybura;2023-07-22;Pesado;Decision - Unanimous;Decisão;3;5:00;15,0;Loic Pora;0;0;0
1663;135;UFC Fight Night: Aspinall vs. Tybura;2023-07-22;Médio;Decision - Unanimous;Decisão;3;5:00;15,0;Marc Goddard;0;0;0
1664;135;UFC Fight Night: Aspinall vs. Tybura;2023-07-22;Galo (fem.);Decision - Unanimous;Decisão;3;5:00;15,0;Jason Herzog;0;0;0
1665;135;UFC Fight Night: Aspinall vs. Tybura;2023-07-22;Leve;Decision - Unanimous;Decisão;3;5:00;15,0;Loic Pora;0;0;0
1666;135;UFC Fight Night: Aspinall vs. Tybura;2023-07-22;Palha (fem.);Decision - Unanimous;Decisão;3;5:00;15,0;Daniel Movahedi;0;0;0
1667;135;UFC Fight Night: Aspinall vs. Tybura;2023-07-22;Mosca;Submission;Finalização;1;3:26;3,43;Marc Goddard;0;0;0
1668;136;UFC Fight Night: Holm vs. Bueno Silva;2023-07-15;Galo (fem.);Overturned;Outro;2;0:38;5,63;Keith Peterson;0;0;1
1669;136;UFC Fight Night: Holm vs. Bueno Silva;2023-07-15;Meio-médio;Decision - Split;Decisão;3;5:00;15,0;Mark Smith;0;1;0
1670;136;UFC Fight Night: Holm vs. Bueno Silva;2023-07-15;Leve;KO/TKO;Nocaute;1;4:05;4,08;Chris Tognoni;0;0;1
1671;136;UFC Fight Night: Holm vs. Bueno Silva;2023-07-15;Médio;Submission;Finalização;2;4:45;9,75;Mark Smith;0;0;0
1672;136;UFC Fight Night: Holm vs. Bueno Silva;2023-07-15;Pena (fem.);Decision - Unanimous;Decisão;3;5:00;15,0;Jacob Montalvo;0;0;0
1673;136;UFC Fight Night: Holm vs. Bueno Silva;2023-07-15;Leve;Submission;Finalização;2;1:07;6,12;Keith Peterson;0;0;0
1674;136;UFC Fight Night: Holm vs. Bueno Silva;2023-07-15;Pena;Decision - Unanimous;Decisão;3;5:00;15,0;Jacob Montalvo;0;0;0
1675;136;UFC Fight Night: Holm vs. Bueno Silva;2023-07-15;Palha (fem.);KO/TKO;Nocaute;1;0:34;0,57;Chris Tognoni;0;0;0
1676;136;UFC Fight Night: Holm vs. Bueno Silva;2023-07-15;Pena;Decision - Unanimous;Decisão;3;5:00;15,0;Keith Peterson;0;0;0
1677;136;UFC Fight Night: Holm vs. Bueno Silva;2023-07-15;Leve;Decision - Unanimous;Decisão;3;5:00;15,0;Mark Smith;0;0;0
1678;136;UFC Fight Night: Holm vs. Bueno Silva;2023-07-15;Mosca;Decision - Split;Decisão;3;5:00;15,0;Keith Peterson;0;0;0
1679;136;UFC Fight Night: Holm vs. Bueno Silva;2023-07-15;Leve;Decision - Unanimous;Decisão;3;5:00;15,0;Jacob Montalvo;0;0;0
1680;136;UFC Fight Night: Holm vs. Bueno Silva;2023-07-15;Galo (fem.);Decision - Unanimous;Decisão;3;5:00;15,0;Chris Tognoni;0;0;0
1681;137;UFC 290: Volkanovski vs. Rodriguez;2023-07-08;Pena;KO/TKO;Nocaute;3;4:19;14,32;Herb Dean;1;0;0
1682;137;UFC 290: Volkanovski vs. Rodriguez;2023-07-08;Mosca;Decision - Split;Decisão;5;5:00;25,0;Jason Herzog;1;1;0
1683;137;UFC 290: Volkanovski vs. Rodriguez;2023-07-08;Médio;KO/TKO;Nocaute;2;2:23;7,38;Marc Goddard;0;0;1
1684;137;UFC 290: Volkanovski vs. Rodriguez;2023-07-08;Leve;Decision - Split;Decisão;3;5:00;15,0;Mark Smith;0;0;0
1685;137;UFC 290: Volkanovski vs. Rodriguez;2023-07-08;Médio;KO/TKO;Nocaute;1;0:38;0,63;Chris Tognoni;0;0;0
1686;137;UFC 290: Volkanovski vs. Rodriguez;2023-07-08;Meio-médio;KO/TKO;Nocaute;1;0:38;0,63;Marc Goddard;0;0;0
1687;137;UFC 290: Volkanovski vs. Rodriguez;2023-07-08;Peso casado;Decision - Unanimous;Decisão;3;5:00;15,0;Herb Dean;0;0;0
1688;137;UFC 290: Volkanovski vs. Rodriguez;2023-07-08;Palha (fem.);KO/TKO;Nocaute;1;0:20;0,33;Jason Herzog;0;0;1
1689;137;UFC 290: Volkanovski vs. Rodriguez;2023-07-08;Meio-pesado;Submission;Finalização;2;1:55;6,92;Mark Smith;0;0;0
1690;137;UFC 290: Volkanovski vs. Rodriguez;2023-07-08;Meio-pesado;Submission;Finalização;3;3:42;13,7;Marc Goddard;0;0;0
1691;137;UFC 290: Volkanovski vs. Rodriguez;2023-07-08;Galo;KO/TKO;Nocaute;1;3:10;3,17;Mark Smith;0;0;0
1692;137;UFC 290: Volkanovski vs. Rodriguez;2023-07-08;Mosca;KO/TKO;Nocaute;1;0:17;0,28;Jason Herzog;0;0;0
1693;137;UFC 290: Volkanovski vs. Rodriguez;2023-07-08;Leve;Decision - Unanimous;Decisão;3;5:00;15,0;Chris Tognoni;0;0;0
1694;138;UFC Fight Night: Strickland vs. Magomedov;2023-07-01;Médio;KO/TKO;Nocaute;2;4:20;9,33;Mark Smith;0;0;1
1695;138;UFC Fight Night: Strickland vs. Magomedov;2023-07-01;Leve;Decision - Unanimous;Decisão;3;5:00;15,0;Herb Dean;0;0;0
1696;138;UFC Fight Night: Strickland vs. Magomedov;2023-07-01;Meio-médio;Decision - Unanimous;Decisão;3;5:00;15,0;Kerry Hatley;0;0;0
1697;138;UFC Fight Night: Strickland vs. Magomedov;2023-07-01;Mosca (fem.);Decision - Split;Decisão;3;5:00;15,0;Chris Tognoni;0;0;0
1698;138;UFC Fight Night: Strickland vs. Magomedov;2023-07-01;Leve;Submission;Finalização;1;4:48;4,8;Herb Dean;0;0;0
1699;138;UFC Fight Night: Strickland vs. Magomedov;2023-07-01;Médio;KO/TKO;Nocaute;1;1:17;1,28;Mark Smith;0;0;1
1700;138;UFC Fight Night: Strickland vs. Magomedov;2023-07-01;Meio-médio;Submission;Finalização;1;0:55;0,92;Herb Dean;0;0;0
1701;138;UFC Fight Night: Strickland vs. Magomedov;2023-07-01;Pena;KO/TKO;Nocaute;1;2:54;2,9;Chris Tognoni;0;0;0
1702;138;UFC Fight Night: Strickland vs. Magomedov;2023-07-01;Pena (fem.);Decision - Split;Decisão;3;5:00;15,0;Kerry Hatley;0;0;0
1703;138;UFC Fight Night: Strickland vs. Magomedov;2023-07-01;Leve;KO/TKO;Nocaute;3;3:17;13,28;Chris Tognoni;0;1;0
1704;138;UFC Fight Night: Strickland vs. Magomedov;2023-07-01;Mosca (fem.);Decision - Unanimous;Decisão;3;5:00;15,0;Mark Smith;0;0;0
1705;138;UFC Fight Night: Strickland vs. Magomedov;2023-07-01;Pesado;Decision - Unanimous;Decisão;3;5:00;15,0;Kerry Hatley;0;0;0
1706;139;UFC Fight Night: Emmett vs. Topuria;2023-06-24;Pena;Decision - Unanimous;Decisão;5;5:00;25,0;Marc Goddard;0;1;0
1707;139;UFC Fight Night: Emmett vs. Topuria;2023-06-24;Mosca (fem.);KO/TKO;Nocaute;2;3:42;8,7;Keith Peterson;0;0;1
1708;139;UFC Fight Night: Emmett vs. Topuria;2023-06-24;Pesado;Could Not Continue;Outro;1;0:29;0,48;Dan Miragliotta;0;0;0
1709;139;UFC Fight Night: Emmett vs. Topuria;2023-06-24;Pena;KO/TKO;Nocaute;2;4:13;9,22;Keith Peterson;0;0;1
1710;139;UFC Fight Night: Emmett vs. Topuria;2023-06-24;Médio;Submission;Finalização;1;4:39;4,65;Marc Goddard;0;0;0
1711;139;UFC Fight Night: Emmett vs. Topuria;2023-06-24;Meio-médio;Decision - Split;Decisão;3;5:00;15,0;Dan Miragliotta;0;0;0
1712;139;UFC Fight Night: Emmett vs. Topuria;2023-06-24;Meio-médio;Decision - Unanimous;Decisão;3;5:00;15,0;Andrew Glenn;0;0;0
1713;139;UFC Fight Night: Emmett vs. Topuria;2023-06-24;Leve;KO/TKO;Nocaute;2;2:36;7,6;Larry Folsom;0;0;0
1714;139;UFC Fight Night: Emmett vs. Topuria;2023-06-24;Palha (fem.);Decision - Unanimous;Decisão;3;5:00;15,0;Keith Peterson;0;0;0
1715;139;UFC Fight Night: Emmett vs. Topuria;2023-06-24;Mosca;Decision - Split;Decisão;3;5:00;15,0;Andrew Glenn;0;0;0
1716;139;UFC Fight Night: Emmett vs. Topuria;2023-06-24;Leve;Decision - Unanimous;Decisão;3;5:00;15,0;Larry Folsom;0;0;0
1717;139;UFC Fight Night: Emmett vs. Topuria;2023-06-24;Pena;Decision - Split;Decisão;3;5:00;15,0;Andrew Glenn;0;0;0
1718;139;UFC Fight Night: Emmett vs. Topuria;2023-06-24;Médio;Decision - Unanimous;Decisão;3;5:00;15,0;Dan Miragliotta;0;0;0
1719;140;UFC Fight Night: Vettori vs. Cannonier;2023-06-17;Médio;Decision - Unanimous;Decisão;5;5:00;25,0;Herb Dean;0;1;0
1720;140;UFC Fight Night: Vettori vs. Cannonier;2023-06-17;Leve;KO/TKO;Nocaute;3;3:25;13,42;Keith Peterson;0;0;0
1721;140;UFC Fight Night: Vettori vs. Cannonier;2023-06-17;Médio;Decision - Unanimous;Decisão;3;5:00;15,0;Mark Smith;0;0;0
1722;140;UFC Fight Night: Vettori vs. Cannonier;2023-06-17;Pena;Submission;Finalização;2;1:48;6,8;Chris Tognoni;0;0;0
1723;140;UFC Fight Night: Vettori vs. Cannonier;2023-06-17;Leve;KO/TKO;Nocaute;1;1:50;1,83;Herb Dean;0;0;1
1724;140;UFC Fight Night: Vettori vs. Cannonier;2023-06-17;Meio-médio;Decision - Unanimous;Decisão;3;5:00;15,0;Mark Smith;0;0;0
1725;140;UFC Fight Night: Vettori vs. Cannonier;2023-06-17;Mosca;KO/TKO;Nocaute;2;1:03;6,05;Keith Peterson;0;0;1
1726;140;UFC Fight Night: Vettori vs. Cannonier;2023-06-17;Galo;Submission;Finalização;1;2:25;2,42;Chris Tognoni;0;0;0
1727;140;UFC Fight Night: Vettori vs. Cannonier;2023-06-17;Mosca;Decision - Unanimous;Decisão;3;4:59;14,98;Jerin Valel;0;0;0
1728;140;UFC Fight Night: Vettori vs. Cannonier;2023-06-17;Mosca (fem.);Decision - Unanimous;Decisão;3;5:00;15,0;Chris Tognoni;0;0;0
1729;140;UFC Fight Night: Vettori vs. Cannonier;2023-06-17;Galo;Overturned;Outro;1;2:20;2,33;Keith Peterson;0;0;0
1730;140;UFC Fight Night: Vettori vs. Cannonier;2023-06-17;Meio-pesado;Decision - Unanimous;Decisão;3;5:00;15,0;Mark Smith;0;0;0
1731;141;UFC 289: Nunes vs. Aldana;2023-06-10;Galo (fem.);Decision - Unanimous;Decisão;5;5:00;25,0;Dan Miragliotta;1;0;0
1732;141;UFC 289: Nunes vs. Aldana;2023-06-10;Leve;KO/TKO;Nocaute;1;4:10;4,17;Jason Herzog;0;0;1
1733;141;UFC 289: Nunes vs. Aldana;2023-06-10;Meio-médio;Submission;Finalização;2;1:06;6,1;Dan Miragliotta;0;0;1
1734;141;UFC 289: Nunes vs. Aldana;2023-06-10;Pena;Decision - Unanimous;Decisão;3;5:00;15,0;Jason Herzog;0;0;0
1735;141;UFC 289: Nunes vs. Aldana;2023-06-10;Médio;Decision - Unanimous;Decisão;3;5:00;15,0;Jerin Valel;0;1;0
1736;141;UFC 289: Nunes vs. Aldana;2023-06-10;Médio;Could Not Continue;Outro;2;3:04;8,07;Jason Herzog;0;0;0
1737;141;UFC 289: Nunes vs. Aldana;2023-06-10;Mosca (fem.);Decision - Unanimous;Decisão;3;5:00;15,0;Jerin Valel;0;0;0
1738;141;UFC 289: Nunes vs. Aldana;2023-06-10;Galo;KO/TKO;Nocaute;1;1:04;1,07;John Cooper;0;0;0
1739;141;UFC 289: Nunes vs. Aldana;2023-06-10;Pena;Decision - Unanimous;Decisão;3;5:00;15,0;Sal Ram;0;0;0
1740;141;UFC 289: Nunes vs. Aldana;2023-06-10;Mosca;Decision - Unanimous;Decisão;3;5:00;15,0;Mitch Cadlick;0;0;1
1741;141;UFC 289: Nunes vs. Aldana;2023-06-10;Palha (fem.);Decision - Unanimous;Decisão;3;5:00;15,0;Phil Koldyk;0;0;0
1742;142;UFC Fight Night: Kara-France vs. Albazi;2023-06-03;Mosca;Decision - Split;Decisão;5;5:00;25,0;Herb Dean;0;0;0
1743;142;UFC Fight Night: Kara-France vs. Albazi;2023-06-03;Pena;Decision - Unanimous;Decisão;3;5:00;15,0;Mark Smith;0;1;0
1744;142;UFC Fight Night: Kara-France vs. Albazi;2023-06-03;Leve;KO/TKO;Nocaute;1;0:23;0,38;Dan Miragliotta;0;0;1
1745;142;UFC Fight Night: Kara-France vs. Albazi;2023-06-03;Mosca;Decision - Unanimous;Decisão;3;5:00;15,0;Mark Smith;0;0;0
1746;142;UFC Fight Night: Kara-France vs. Albazi;2023-06-03;Mosca (fem.);Submission;Finalização;1;1:45;1,75;Chris Tognoni;0;0;0
1747;142;UFC Fight Night: Kara-France vs. Albazi;2023-06-03;Meio-médio;Decision - Split;Decisão;3;5:00;15,0;Dan Miragliotta;0;0;0
1748;142;UFC Fight Night: Kara-France vs. Albazi;2023-06-03;Galo;Decision - Unanimous;Decisão;3;5:00;15,0;Herb Dean;0;0;0
1749;142;UFC Fight Night: Kara-France vs. Albazi;2023-06-03;Pesado;KO/TKO;Nocaute;2;3:17;8,28;Mark Smith;0;0;0
1750;142;UFC Fight Night: Kara-France vs. Albazi;2023-06-03;Galo;Decision - Unanimous;Decisão;3;5:00;15,0;Chris Tognoni;0;0;0
1751;142;UFC Fight Night: Kara-France vs. Albazi;2023-06-03;Leve;KO/TKO;Nocaute;2;2:59;7,98;Herb Dean;0;0;1
1752;142;UFC Fight Night: Kara-France vs. Albazi;2023-06-03;Palha (fem.);Decision - Unanimous;Decisão;3;5:00;15,0;Mark Smith;0;0;0
1753;142;UFC Fight Night: Kara-France vs. Albazi;2023-06-03;Galo;KO/TKO;Nocaute;2;3:54;8,9;Chris Tognoni;0;0;0
1754;142;UFC Fight Night: Kara-France vs. Albazi;2023-06-03;Meio-pesado;Decision - Unanimous;Decisão;3;5:00;15,0;Dan Miragliotta;0;0;0
1755;143;UFC Fight Night: Dern vs. Hill;2023-05-20;Palha (fem.);Decision - Unanimous;Decisão;5;5:00;25,0;Jason Herzog;0;1;0
1756;143;UFC Fight Night: Dern vs. Hill;2023-05-20;Médio;KO/TKO;Nocaute;3;1:01;11,02;Herb Dean;0;0;0
1757;143;UFC Fight Night: Dern vs. Hill;2023-05-20;Peso casado;Decision - Unanimous;Decisão;3;5:00;15,0;Chris Tognoni;0;0;0
1758;143;UFC Fight Night: Dern vs. Hill;2023-05-20;Meio-médio;KO/TKO;Nocaute;2;4:15;9,25;Kerry Hatley;0;0;0
1759;143;UFC Fight Night: Dern vs. Hill;2023-05-20;Leve;KO/TKO;Nocaute;2;1:50;6,83;Herb Dean;0;0;1
1760;143;UFC Fight Night: Dern vs. Hill;2023-05-20;Leve;KO/TKO;Nocaute;2;2:37;7,62;Jason Herzog;0;0;1
1761;143;UFC Fight Night: Dern vs. Hill;2023-05-20;Palha (fem.);Decision - Unanimous;Decisão;3;5:00;15,0;Chris Tognoni;0;0;0
1762;143;UFC Fight Night: Dern vs. Hill;2023-05-20;Meio-médio;KO/TKO;Nocaute;2;2:55;7,92;Kerry Hatley;0;0;0
1763;143;UFC Fight Night: Dern vs. Hill;2023-05-20;Pesado;Decision - Split;Decisão;3;5:00;15,0;Herb Dean;0;0;0
1764;143;UFC Fight Night: Dern vs. Hill;2023-05-20;Leve;Decision - Unanimous;Decisão;3;5:00;15,0;Jason Herzog;0;0;0
1765;143;UFC Fight Night: Dern vs. Hill;2023-05-20;Mosca (fem.);KO/TKO;Nocaute;1;2:58;2,97;Kerry Hatley;0;0;0
1766;143;UFC Fight Night: Dern vs. Hill;2023-05-20;Meio-médio;Decision - Unanimous;Decisão;3;5:00;15,0;Chris Tognoni;0;0;0
1767;144;UFC Fight Night: Rozenstruik vs. Almeida;2023-05-13;Pesado;Submission;Finalização;1;3:43;3,72;Dan Miragliotta;0;0;1
1768;144;UFC Fight Night: Rozenstruik vs. Almeida;2023-05-13;Meio-pesado;Decision - Unanimous;Decisão;3;5:00;15,0;Keith Peterson;0;0;0
1769;144;UFC Fight Night: Rozenstruik vs. Almeida;2023-05-13;Meio-médio;KO/TKO;Nocaute;1;2:57;2,95;Dan Miragliotta;0;0;1
1770;144;UFC Fight Night: Rozenstruik vs. Almeida;2023-05-13;Meio-pesado;KO/TKO;Nocaute;1;2:09;2,15;Keith Peterson;0;0;1
1771;144;UFC Fight Night: Rozenstruik vs. Almeida;2023-05-13;Meio-médio;Submission;Finalização;2;2:09;7,15;Wayne Spinola;0;0;0
1772;144;UFC Fight Night: Rozenstruik vs. Almeida;2023-05-13;Meio-médio;KO/TKO;Nocaute;1;4:09;4,15;Dan Miragliotta;0;0;1
1773;144;UFC Fight Night: Rozenstruik vs. Almeida;2023-05-13;Pesado;Decision - Unanimous;Decisão;3;5:00;15,0;Keith Peterson;0;0;0
1774;144;UFC Fight Night: Rozenstruik vs. Almeida;2023-05-13;Peso casado;Decision - Unanimous;Decisão;3;5:00;15,0;Wayne Spinola;0;0;0
1775;144;UFC Fight Night: Rozenstruik vs. Almeida;2023-05-13;Mosca (fem.);Decision - Split;Decisão;3;1:55;11,92;Larry Carter;0;0;0
1776;144;UFC Fight Night: Rozenstruik vs. Almeida;2023-05-13;Meio-médio;KO/TKO;Nocaute;1;0:14;0,23;Wayne Spinola;0;0;0
1777;144;UFC Fight Night: Rozenstruik vs. Almeida;2023-05-13;Galo (fem.);Submission;Finalização;3;4:20;14,33;Larry Carter;0;0;0
1778;145;UFC 288: Sterling vs. Cejudo;2023-05-06;Galo;Decision - Split;Decisão;5;5:00;25,0;Herb Dean;1;0;0
1779;145;UFC 288: Sterling vs. Cejudo;2023-05-06;Meio-médio;Decision - Unanimous;Decisão;5;5:00;25,0;Keith Peterson;0;0;0
1780;145;UFC 288: Sterling vs. Cejudo;2023-05-06;Palha (fem.);KO/TKO;Nocaute;1;2:20;2,33;Vitor Ribeiro;0;0;1
1781;145;UFC 288: Sterling vs. Cejudo;2023-05-06;Pena;Decision - Unanimous;Decisão;3;5:00;15,0;Keith Peterson;0;1;0
1782;145;UFC 288: Sterling vs. Cejudo;2023-05-06;Pena;Decision - Unanimous;Decisão;3;5:00;15,0;Gary Copeland;0;0;0
1783;145;UFC 288: Sterling vs. Cejudo;2023-05-06;Leve;KO/TKO;Nocaute;1;4:08;4,13;Herb Dean;0;0;1
1784;145;UFC 288: Sterling vs. Cejudo;2023-05-06;Meio-pesado;Submission;Finalização;2;2:28;7,47;Gasper Oliver;0;0;0
1785;145;UFC 288: Sterling vs. Cejudo;2023-05-06;Meio-médio;Decision - Split;Decisão;3;5:00;15,0;Keith Peterson;0;0;0
1786;145;UFC 288: Sterling vs. Cejudo;2023-05-06;Palha (fem.);Decision - Unanimous;Decisão;3;5:00;15,0;Vitor Ribeiro;0;0;0
1787;145;UFC 288: Sterling vs. Cejudo;2023-05-06;Pesado;KO/TKO;Nocaute;1;2:10;2,17;Gary Copeland;0;0;0
1788;145;UFC 288: Sterling vs. Cejudo;2023-05-06;Médio;KO/TKO;Nocaute;1;2:10;2,17;Gasper Oliver;0;0;0
1789;145;UFC 288: Sterling vs. Cejudo;2023-05-06;Médio;KO/TKO;Nocaute;2;3:21;8,35;Gary Copeland;0;0;0
1790;146;UFC Fight Night: Song vs. Simon;2023-04-29;Galo;KO/TKO;Nocaute;5;1:10;21,17;Herb Dean;0;0;1
1791;146;UFC Fight Night: Song vs. Simon;2023-04-29;Médio;Submission;Finalização;2;2:49;7,82;Jason Herzog;0;0;1
1792;146;UFC Fight Night: Song vs. Simon;2023-04-29;Médio;Submission;Finalização;2;1:28;6,47;Mark Smith;0;0;1
1793;146;UFC Fight Night: Song vs. Simon;2023-04-29;Pena;KO/TKO;Nocaute;1;1:41;1,68;Chris Tognoni;0;0;0
1794;146;UFC Fight Night: Song vs. Simon;2023-04-29;Pesado;Decision - Unanimous;Decisão;3;5:00;15,0;Herb Dean;0;0;0
1795;146;UFC Fight Night: Song vs. Simon;2023-04-29;Meio-médio;Decision - Unanimous;Decisão;3;5:00;15,0;Jason Herzog;0;0;0
1796;146;UFC Fight Night: Song vs. Simon;2023-04-29;Pesado;Decision - Unanimous;Decisão;3;5:00;15,0;Mark Smith;0;0;0
1797;146;UFC Fight Night: Song vs. Simon;2023-04-29;Mosca;Decision - Unanimous;Decisão;3;5:00;15,0;Chris Tognoni;0;0;0
1798;146;UFC Fight Night: Song vs. Simon;2023-04-29;Galo (fem.);Submission;Finalização;1;2:11;2,18;Jason Herzog;0;0;0
1799;146;UFC Fight Night: Song vs. Simon;2023-04-29;Peso casado;Submission;Finalização;2;2:03;7,05;Mark Smith;0;0;1
1800;146;UFC Fight Night: Song vs. Simon;2023-04-29;Galo (fem.);Decision - Unanimous;Decisão;3;5:00;15,0;Chris Tognoni;0;0;0
1801;147;UFC Fight Night: Pavlovich vs. Blaydes;2023-04-22;Pesado;KO/TKO;Nocaute;1;3:08;3,13;Marc Goddard;0;0;1
1802;147;UFC Fight Night: Pavlovich vs. Blaydes;2023-04-22;Médio;KO/TKO;Nocaute;1;3:35;3,58;Mark Smith;0;0;1
1803;147;UFC Fight Night: Pavlovich vs. Blaydes;2023-04-22;Leve;Could Not Continue;Outro;1;4:35;4,58;Keith Peterson;0;0;0
1804;147;UFC Fight Night: Pavlovich vs. Blaydes;2023-04-22;Mosca (fem.);Decision - Unanimous;Decisão;3;5:00;15,0;Chris Tognoni;0;0;0
1805;147;UFC Fight Night: Pavlovich vs. Blaydes;2023-04-22;Meio-médio;Decision - Split;Decisão;3;5:00;15,0;Marc Goddard;0;0;0
1806;147;UFC Fight Night: Pavlovich vs. Blaydes;2023-04-22;Leve;KO/TKO;Nocaute;1;1:35;1,58;Jacob Montalvo;0;0;1
1807;147;UFC Fight Night: Pavlovich vs. Blaydes;2023-04-22;Galo;KO/TKO;Nocaute;1;3:42;3,7;Keith Peterson;0;0;1
1808;147;UFC Fight Night: Pavlovich vs. Blaydes;2023-04-22;Pena (fem.);Decision - Unanimous;Decisão;3;5:00;15,0;Chris Tognoni;0;0;0
1809;147;UFC Fight Night: Pavlovich vs. Blaydes;2023-04-22;Pesado;Decision - Unanimous;Decisão;3;5:00;15,0;Mark Smith;0;0;0
1810;147;UFC Fight Night: Pavlovich vs. Blaydes;2023-04-22;Pena;Decision - Split;Decisão;3;5:00;15,0;Keith Peterson;0;0;0
1811;147;UFC Fight Night: Pavlovich vs. Blaydes;2023-04-22;Galo;KO/TKO;Nocaute;3;4:21;14,35;Jerin Valel;0;0;0
1812;148;UFC Fight Night: Holloway vs. Allen;2023-04-15;Pena;Decision - Unanimous;Decisão;5;5:00;25,0;Jason Herzog;0;0;0
1813;148;UFC Fight Night: Holloway vs. Allen;2023-04-15;Pena;KO/TKO;Nocaute;1;2:37;2,62;Keith Peterson;0;0;1
1814;148;UFC Fight Night: Holloway vs. Allen;2023-04-15;Meio-pesado;Decision - Unanimous;Decisão;3;5:00;15,0;Nick Berens;0;0;0
1815;148;UFC Fight Night: Holloway vs. Allen;2023-04-15;Meio-pesado;KO/TKO;Nocaute;1;2:05;2,08;Keith Peterson;0;0;0
1816;148;UFC Fight Night: Holloway vs. Allen;2023-04-15;Galo;Decision - Unanimous;Decisão;3;5:00;15,0;Jason Herzog;0;0;0
1817;148;UFC Fight Night: Holloway vs. Allen;2023-04-15;Leve;Decision - Unanimous;Decisão;3;5:00;15,0;Dwayne Bess;0;0;0
1818;148;UFC Fight Night: Holloway vs. Allen;2023-04-15;Pena;Submission;Finalização;2;1:40;6,67;Jason Herzog;0;1;0
1819;148;UFC Fight Night: Holloway vs. Allen;2023-04-15;Mosca;KO/TKO;Nocaute;1;2:09;2,15;Nick Berens;0;0;1
1820;148;UFC Fight Night: Holloway vs. Allen;2023-04-15;Meio-pesado;KO/TKO;Nocaute;3;4:13;14,22;Dwayne Bess;0;0;0
1821;148;UFC Fight Night: Holloway vs. Allen;2023-04-15;Palha (fem.);Submission;Finalização;2;4:21;9,35;Keith Peterson;0;0;1
1822;148;UFC Fight Night: Holloway vs. Allen;2023-04-15;Leve;Decision - Unanimous;Decisão;3;5:00;15,0;Jason Herzog;0;0;0
1823;148;UFC Fight Night: Holloway vs. Allen;2023-04-15;Palha (fem.);KO/TKO;Nocaute;2;2:42;7,7;Dwayne Bess;0;0;0
1824;148;UFC Fight Night: Holloway vs. Allen;2023-04-15;Galo;Decision - Unanimous;Decisão;3;5:00;15,0;Nick Berens;0;0;0
1825;148;UFC Fight Night: Holloway vs. Allen;2023-04-15;Galo (fem.);Decision - Split;Decisão;3;5:00;15,0;Dwayne Bess;0;0;0
1826;149;UFC 287: Pereira vs. Adesanya 2;2023-04-08;Médio;KO/TKO;Nocaute;2;4:21;9,35;Dan Miragliotta;1;0;1
1827;149;UFC 287: Pereira vs. Adesanya 2;2023-04-08;Meio-médio;Decision - Unanimous;Decisão;3;5:00;15,0;Marc Goddard;0;0;0
1828;149;UFC 287: Pereira vs. Adesanya 2;2023-04-08;Galo;KO/TKO;Nocaute;1;2:57;2,95;Keith Peterson;0;0;1
1829;149;UFC 287: Pereira vs. Adesanya 2;2023-04-08;Meio-médio;KO/TKO;Nocaute;3;3:16;13,27;Dan Miragliotta;0;0;0
1830;149;UFC 287: Pereira vs. Adesanya 2;2023-04-08;Galo;Decision - Unanimous;Decisão;3;5:00;15,0;Keith Peterson;0;0;0
1831;149;UFC 287: Pereira vs. Adesanya 2;2023-04-08;Médio;Decision - Unanimous;Decisão;3;5:00;15,0;Marc Goddard;0;1;0
1832;149;UFC 287: Pereira vs. Adesanya 2;2023-04-08;Palha (fem.);Decision - Split;Decisão;3;5:00;15,0;Larry Folsom;0;0;0
1833;149;UFC 287: Pereira vs. Adesanya 2;2023-04-08;Médio;KO/TKO;Nocaute;1;3:15;3,25;Marc Goddard;0;0;0
1834;149;UFC 287: Pereira vs. Adesanya 2;2023-04-08;Palha (fem.);Decision - Split;Decisão;3;5:00;15,0;Larry Folsom;0;0;0
1835;149;UFC 287: Pereira vs. Adesanya 2;2023-04-08;Peso casado;Decision - Unanimous;Decisão;3;5:00;15,0;Andrew Glenn;0;0;0
1836;149;UFC 287: Pereira vs. Adesanya 2;2023-04-08;Pena;KO/TKO;Nocaute;2;0:36;5,6;Larry Folsom;0;0;0
1837;149;UFC 287: Pereira vs. Adesanya 2;2023-04-08;Palha (fem.);Decision - Unanimous;Decisão;3;5:00;15,0;Andrew Glenn;0;0;0
