luta_id;lutador_id;round;kd;sig_acertados;sig_tentados;total_acertados;total_tentados;quedas;quedas_tentadas;tent_finalizacao;reversoes;controle_seg;cabeca;corpo;perna;distancia;clinch;chao
1;1;1;0;13;27;46;61;0;0;0;1;45;13;0;0;9;4;0
1;1;2;0;37;64;48;76;0;0;0;0;20;27;7;3;31;6;0
1;1;3;0;65;98;67;101;0;0;0;0;14;54;9;2;58;7;0
1;1;4;0;14;28;41;57;0;0;0;0;0;13;1;0;14;0;0
1;1;5;1;52;88;57;97;0;0;1;0;54;51;0;1;48;0;4
1;2;1;0;27;45;30;48;2;3;0;0;145;20;4;3;18;4;5
1;2;2;0;32;76;33;78;1;5;0;0;91;21;9;2;23;8;1
1;2;3;0;36;71;37;72;1;6;0;0;77;25;7;4;33;3;0
1;2;4;0;14;22;21;32;1;2;0;0;238;11;1;2;13;0;1
1;2;5;0;38;70;38;70;0;2;0;0;0;14;9;15;37;1;0
2;3;1;1;8;19;9;20;1;10;0;0;180;7;0;1;3;5;0
2;4;1;0;4;10;22;28;0;0;0;0;6;3;1;0;2;2;0
3;5;1;1;38;75;38;75;0;0;0;0;5;29;9;0;26;3;9
3;6;1;0;20;46;20;46;0;0;0;0;0;17;3;0;18;2;0
4;7;1;0;1;2;1;2;0;0;0;0;0;0;0;1;1;0;0
4;8;1;1;3;6;3;6;0;0;0;0;2;3;0;0;1;0;2
5;9;1;0;10;42;10;42;0;1;0;0;28;9;0;1;9;1;0
5;9;2;0;34;81;49;102;0;2;0;0;38;31;2;1;26;8;0
5;9;3;0;18;39;81;102;1;2;0;0;108;16;2;0;7;11;0
5;10;1;0;17;42;25;52;1;1;0;0;79;15;2;0;15;1;1
5;10;2;0;33;50;35;52;0;0;0;0;63;26;7;0;26;7;0
5;10;3;0;17;29;29;42;0;2;0;0;117;11;4;2;9;8;0
6;11;1;0;21;38;25;42;2;2;0;0;76;12;6;3;8;11;2
6;11;2;2;38;66;42;72;1;1;0;0;57;21;11;6;20;6;12
6;11;3;1;13;24;13;24;0;0;0;0;2;5;5;3;9;4;0
6;12;1;0;28;42;43;58;0;1;0;0;0;5;15;8;20;8;0
6;12;2;0;40;59;48;67;0;0;0;0;0;18;16;6;29;11;0
6;12;3;0;15;26;17;28;0;0;0;0;0;4;7;4;10;5;0
7;13;1;0;15;29;26;40;1;3;0;0;128;8;7;0;4;1;10
7;13;2;0;7;17;13;23;0;2;0;0;142;3;1;3;2;5;0
7;13;3;0;9;22;15;30;0;1;0;0;148;6;1;2;6;3;0
7;14;1;0;19;39;33;53;0;0;0;0;108;19;0;0;12;1;6
7;14;2;0;3;12;15;26;1;1;0;0;99;2;1;0;3;0;0
7;14;3;0;8;18;35;49;1;1;0;0;101;8;0;0;3;5;0
8;15;1;0;28;59;30;61;0;0;0;0;1;17;2;9;25;3;0
8;15;2;0;23;46;26;51;0;1;0;0;50;12;2;9;19;4;0
8;15;3;0;19;40;37;59;0;0;0;0;20;11;1;7;18;1;0
8;16;1;0;23;58;23;58;0;1;0;0;4;15;3;5;23;0;0
8;16;2;0;14;35;16;37;0;1;0;0;2;13;0;1;14;0;0
8;16;3;0;9;36;12;40;1;2;0;0;132;7;1;1;7;2;0
9;17;1;1;16;34;16;34;0;0;0;0;3;13;1;2;10;0;6
9;18;1;0;3;4;3;4;0;0;0;0;0;1;1;1;3;0;0
10;19;1;0;21;35;21;35;0;0;0;0;0;4;3;14;21;0;0
10;19;2;0;15;33;15;33;0;0;0;0;0;7;4;4;15;0;0
10;19;3;1;25;42;27;44;1;3;0;0;57;18;4;3;20;4;1
10;20;1;0;2;10;2;10;0;0;0;0;0;2;0;0;2;0;0
10;20;2;0;15;43;15;43;0;0;0;0;0;6;0;9;15;0;0
10;20;3;0;15;55;16;56;0;0;0;0;0;8;1;6;13;2;0
11;21;1;0;1;4;1;4;0;0;1;0;0;0;0;1;1;0;0
11;22;1;0;3;7;13;20;0;0;1;0;192;3;0;0;1;0;2
12;23;1;0;7;12;13;18;0;0;0;0;0;3;4;0;7;0;0
12;24;1;0;20;27;24;31;0;0;0;0;39;18;0;2;3;0;17
13;25;1;0;3;5;3;5;0;1;0;0;11;2;1;0;3;0;0
13;25;2;0;23;50;24;51;1;1;0;0;62;18;5;0;17;3;3
13;25;3;1;13;22;13;22;0;0;1;0;24;7;4;2;12;0;1
13;26;1;0;17;34;18;35;0;0;0;0;21;4;2;11;16;1;0
13;26;2;0;14;48;14;48;0;0;0;0;0;8;3;3;10;4;0
13;26;3;0;9;26;9;26;0;1;0;0;0;5;0;4;9;0;0
14;27;1;0;27;72;29;74;0;0;0;0;13;16;10;1;26;1;0
14;27;2;0;25;70;25;70;0;0;0;0;0;13;8;4;24;1;0
14;27;3;0;15;38;17;40;2;2;0;0;141;6;4;5;11;2;2
14;28;1;0;29;76;29;76;1;2;0;0;21;23;3;3;24;5;0
14;28;2;0;26;71;26;71;0;3;0;0;0;22;3;1;25;1;0
14;28;3;0;16;36;22;42;0;3;0;0;14;13;3;0;12;1;3
15;29;1;0;29;87;29;87;1;1;0;0;21;20;4;5;29;0;0
15;29;2;0;38;97;47;106;2;2;1;0;45;22;11;5;34;4;0
15;29;3;1;22;53;52;87;2;2;2;0;227;14;6;2;15;5;2
15;30;1;0;23;76;23;76;0;0;0;0;0;9;8;6;23;0;0
15;30;2;1;46;81;46;81;0;1;0;0;2;32;12;2;39;7;0
15;30;3;0;10;21;11;22;1;1;0;0;5;5;4;1;7;3;0
16;31;1;0;21;75;22;76;0;0;0;0;2;15;5;1;20;1;0
16;31;2;0;24;79;24;79;0;0;0;0;0;17;6;1;24;0;0
16;31;3;0;27;72;27;72;0;0;0;0;0;19;8;0;26;1;0
16;32;1;1;33;74;48;90;0;0;0;0;43;29;0;4;26;4;3
16;32;2;0;23;63;23;63;0;0;0;0;0;17;1;5;23;0;0
16;32;3;0;24;59;25;60;0;0;0;0;14;17;4;3;20;4;0
17;33;1;0;7;23;8;24;0;0;0;0;0;5;0;2;7;0;0
17;33;2;0;9;36;9;36;0;0;0;0;0;7;0;2;9;0;0
17;33;3;0;12;36;13;37;0;0;0;0;0;9;0;3;12;0;0
17;34;1;0;7;27;7;27;1;3;0;0;73;1;2;4;6;0;1
17;34;2;0;9;24;16;31;2;3;0;0;87;3;1;5;9;0;0
17;34;3;0;8;23;9;24;1;4;0;0;58;1;1;6;8;0;0
18;35;1;0;17;34;17;34;0;0;0;0;0;6;4;7;17;0;0
18;35;2;0;14;55;14;55;0;0;0;0;0;6;4;4;14;0;0
18;35;3;0;21;50;27;57;1;1;0;0;19;13;2;6;21;0;0
18;36;1;0;5;43;5;43;0;0;0;0;2;4;0;1;4;1;0
18;36;2;0;9;35;9;35;0;1;0;0;3;5;1;3;9;0;0
18;36;3;0;13;46;13;46;0;0;0;0;0;10;3;0;13;0;0
19;37;1;0;27;63;48;85;1;3;0;0;72;18;5;4;21;1;5
19;37;2;0;13;39;44;95;2;3;0;0;200;12;0;1;10;0;3
19;37;3;0;24;102;50;129;2;5;0;0;82;22;1;1;12;4;8
19;38;1;0;25;58;26;59;0;0;0;0;0;19;6;0;24;0;1
19;38;2;0;12;21;23;32;0;0;0;0;0;5;3;4;12;0;0
19;38;3;0;21;45;21;45;0;0;1;0;4;17;2;2;20;1;0
20;39;1;0;23;55;23;55;0;0;0;0;0;12;5;6;23;0;0
20;39;2;0;28;53;30;55;0;0;0;0;0;11;7;10;26;2;0
20;39;3;0;27;52;38;65;0;0;0;0;0;16;5;6;17;0;10
20;40;1;0;13;31;13;31;0;2;0;0;2;2;2;9;12;0;1
20;40;2;0;13;30;13;30;1;4;0;0;13;3;3;7;13;0;0
20;40;3;0;16;36;18;41;2;2;0;0;61;7;5;4;13;0;3
21;41;1;1;46;81;46;81;0;0;0;0;0;16;18;12;45;1;0
21;42;1;0;16;48;16;48;0;0;0;0;0;13;0;3;16;0;0
22;43;1;0;3;5;30;33;0;0;0;0;0;1;2;0;1;2;0
22;43;2;0;11;22;45;57;0;0;0;0;2;4;5;2;3;8;0
22;43;3;0;1;3;12;18;0;0;0;1;19;1;0;0;1;0;0
22;44;1;0;22;28;43;51;1;2;0;0;240;3;19;0;1;21;0
22;44;2;0;18;35;29;48;0;3;0;0;222;6;9;3;4;14;0
22;44;3;0;16;19;23;27;1;3;1;0;133;15;0;1;2;0;14
23;45;1;0;21;50;21;50;1;1;0;0;28;18;1;2;18;2;1
23;45;2;0;23;69;25;71;0;2;0;0;23;18;2;3;17;6;0
23;45;3;0;29;70;31;72;0;6;0;0;24;28;1;0;25;4;0
23;46;1;0;29;69;29;69;0;0;0;0;0;19;2;8;28;1;0
23;46;2;0;39;79;40;80;0;0;0;0;0;26;3;10;39;0;0
23;46;3;0;41;99;41;99;0;0;0;0;0;33;4;4;41;0;0
24;47;1;0;7;13;7;13;1;1;0;0;4;4;1;2;4;0;3
24;48;1;0;3;6;3;6;0;0;0;0;0;0;1;2;3;0;0
25;49;1;0;21;37;29;45;0;1;0;0;33;12;7;2;14;7;0
25;49;2;0;18;40;20;42;0;2;0;0;0;11;3;4;16;2;0
25;49;3;0;24;41;25;42;0;1;0;0;8;16;4;4;16;8;0
25;50;1;0;22;52;25;55;0;0;0;0;0;12;6;4;12;10;0
25;50;2;0;27;70;28;71;0;0;0;0;4;17;8;2;23;4;0
25;50;3;0;28;68;34;74;0;0;0;0;5;16;6;6;22;6;0
26;51;1;0;14;31;14;31;0;0;0;0;0;0;2;12;14;0;0
26;52;1;1;12;17;12;17;0;0;0;0;2;7;2;3;9;0;3
27;53;1;0;7;13;7;13;0;0;0;0;0;0;2;5;7;0;0
27;54;1;1;9;13;9;13;0;0;0;0;2;7;2;0;6;0;3
28;55;1;0;4;5;18;20;0;1;1;0;0;2;1;1;3;1;0
28;55;2;0;5;13;17;25;0;1;0;0;49;2;1;2;5;0;0
28;55;3;0;3;10;14;21;0;0;0;0;17;3;0;0;3;0;0
28;56;1;0;4;6;16;18;1;1;0;0;260;4;0;0;0;0;4
28;56;2;0;2;14;2;14;0;1;0;0;1;0;1;1;2;0;0
28;56;3;0;2;9;3;10;1;1;0;0;67;1;1;0;1;1;0
29;57;1;1;37;53;50;67;0;0;0;0;39;18;12;7;25;4;8
29;57;2;0;33;52;33;52;0;1;0;0;0;15;9;9;32;1;0
29;57;3;0;13;32;37;61;0;0;0;0;2;13;0;0;7;6;0
29;58;1;0;5;22;5;22;0;3;0;0;5;5;0;0;4;1;0
29;58;2;0;6;47;6;47;1;2;0;0;11;5;1;0;4;2;0
29;58;3;0;4;15;32;46;3;6;1;0;196;2;2;0;3;1;0
30;59;1;0;34;47;42;57;7;12;0;0;211;28;5;1;9;1;24
30;59;2;0;4;4;26;34;3;6;0;0;280;3;1;0;2;0;2
30;59;3;0;6;10;11;17;3;6;1;0;129;5;1;0;6;0;0
30;60;1;0;6;18;7;19;0;0;0;0;0;3;1;2;5;1;0
30;60;2;0;2;5;5;8;0;0;0;0;0;0;2;0;1;1;0
30;60;3;0;4;12;5;13;0;0;0;0;0;2;1;1;4;0;0
31;61;1;2;18;30;19;31;0;0;0;0;20;16;2;0;10;0;8
31;62;1;0;4;24;4;24;0;0;0;0;0;2;2;0;4;0;0
32;63;1;0;17;67;18;68;0;1;1;0;12;11;6;0;17;0;0
32;63;2;0;11;54;12;55;0;2;0;0;0;9;2;0;11;0;0
32;63;3;0;8;25;8;25;0;0;0;0;19;4;3;1;8;0;0
32;64;1;0;27;66;28;67;1;1;0;0;6;20;4;3;27;0;0
32;64;2;0;48;79;49;80;1;1;0;0;7;36;10;2;45;3;0
32;64;3;0;37;73;38;74;0;0;0;0;0;26;4;7;35;2;0
33;65;1;0;36;54;78;96;5;6;0;0;170;35;1;0;9;4;23
33;65;2;0;12;13;36;41;1;1;0;0;43;12;0;0;1;2;9
33;66;1;0;13;33;16;36;0;1;1;0;20;10;3;0;6;7;0
33;66;2;0;0;1;0;1;0;0;0;0;0;0;0;0;0;0;0
34;67;1;0;34;53;43;64;1;3;1;0;188;25;2;7;10;0;24
34;67;2;0;5;6;5;7;2;5;0;0;120;2;3;0;1;3;1
34;68;1;0;2;17;5;20;0;0;0;0;0;2;0;0;1;1;0
34;68;2;1;20;29;24;36;0;0;0;0;95;20;0;0;0;5;15
35;69;1;0;8;32;15;39;0;0;0;0;0;3;3;2;8;0;0
35;69;2;1;15;43;16;45;0;0;0;0;9;10;3;2;14;1;0
35;69;3;0;5;11;26;34;0;0;0;0;0;4;1;0;4;1;0
35;70;1;0;14;34;16;36;1;4;0;0;55;11;2;1;10;3;1
35;70;2;0;17;37;21;41;2;10;1;0;91;15;1;1;13;3;1
35;70;3;0;19;34;32;54;1;5;0;0;220;18;1;0;10;3;6
36;71;1;0;3;15;21;35;0;2;0;0;115;1;0;2;2;1;0
36;71;2;0;2;11;10;19;0;1;0;0;40;1;0;1;1;1;0
36;71;3;0;5;6;39;45;0;0;1;1;109;3;1;1;2;0;3
36;72;1;0;6;15;11;21;1;3;0;0;51;0;5;1;2;4;0
36;72;2;0;19;27;36;48;1;3;2;0;159;12;6;1;8;2;9
36;72;3;0;3;7;14;19;1;2;1;0;169;3;0;0;0;0;3
37;73;1;0;14;25;22;35;1;3;0;0;170;4;9;1;4;10;0
37;73;2;0;12;23;22;34;1;1;0;0;172;7;4;1;3;7;2
37;73;3;0;8;15;16;24;2;3;1;0;197;5;3;0;6;2;0
37;74;1;0;8;23;47;66;0;1;0;0;66;5;3;0;5;3;0
37;74;2;0;5;15;15;27;0;0;0;0;88;2;3;0;2;3;0
37;74;3;0;10;26;41;58;0;0;0;1;41;9;1;0;6;3;1
38;75;1;1;18;43;20;47;0;0;0;0;5;13;4;1;16;1;1
38;76;1;0;22;50;23;51;0;0;0;0;33;15;4;3;19;3;0
39;77;1;0;74;140;74;140;0;0;0;0;0;52;16;6;69;5;0
39;77;2;1;72;109;80;122;0;0;1;0;101;52;13;7;37;5;30
39;78;1;0;47;131;47;131;0;0;0;0;0;34;9;4;46;1;0
39;78;2;0;25;66;25;68;0;0;0;0;0;18;2;5;22;3;0
40;79;1;0;7;10;17;21;1;1;0;0;118;3;0;4;7;0;0
40;79;2;0;6;11;6;11;0;2;0;0;0;4;0;2;6;0;0
40;80;1;0;5;10;18;23;0;0;1;0;0;1;2;2;5;0;0
40;80;2;1;6;13;6;13;0;0;0;0;2;4;1;1;4;0;2
41;81;1;0;19;59;19;59;0;0;0;0;0;11;3;5;18;1;0
41;82;1;1;18;48;20;50;0;0;0;0;0;12;3;3;16;0;2
42;83;1;0;13;25;17;29;0;0;0;0;0;5;4;4;13;0;0
42;83;2;0;1;3;1;3;0;0;0;0;0;0;1;0;1;0;0
42;84;1;0;15;34;17;36;0;1;0;0;33;9;3;3;14;1;0
42;84;2;1;12;16;12;16;0;0;0;0;6;10;2;0;7;0;5
43;85;1;0;3;21;13;32;1;1;0;0;91;2;0;1;3;0;0
43;85;2;0;3;11;31;41;3;3;0;0;186;2;0;1;3;0;0
43;85;3;0;4;11;8;15;0;4;0;0;163;2;2;0;4;0;0
43;86;1;0;12;28;25;41;0;0;0;0;0;2;2;8;12;0;0
43;86;2;0;11;20;16;27;0;0;0;0;0;3;1;7;11;0;0
43;86;3;0;18;32;44;58;0;2;0;0;14;13;2;3;16;2;0
44;87;1;2;59;82;60;83;0;0;0;0;4;42;9;8;54;5;0
44;88;1;0;28;57;28;57;0;2;0;0;44;23;2;3;27;1;0
45;89;1;0;38;88;41;96;1;1;0;0;63;18;16;4;24;8;6
45;89;2;1;15;41;15;41;0;0;0;0;0;10;4;1;14;0;1
45;90;1;0;17;38;21;42;0;0;0;0;3;8;9;0;13;4;0
45;90;2;0;16;28;16;28;0;0;0;0;0;9;4;3;15;1;0
46;91;1;0;12;44;12;44;0;0;0;0;0;5;3;4;12;0;0
46;91;2;0;31;77;31;77;0;0;0;0;0;17;5;9;29;2;0
46;91;3;0;8;20;8;20;0;1;0;0;8;2;1;5;8;0;0
46;92;1;0;14;20;14;20;0;0;0;0;0;7;2;5;14;0;0
46;92;2;0;25;42;25;42;0;0;0;0;0;14;5;6;25;0;0
46;92;3;0;8;15;8;15;0;0;1;1;13;2;2;4;8;0;0
47;93;1;0;39;67;71;101;2;4;1;0;238;39;0;0;0;0;39
47;94;1;0;0;0;1;3;0;0;0;0;0;0;0;0;0;0;0
48;95;1;0;13;36;13;36;0;0;0;0;0;5;0;8;13;0;0
48;95;2;0;7;10;35;43;0;1;1;1;197;5;2;0;3;2;2
48;95;3;0;23;49;24;51;0;4;0;0;90;8;7;8;16;7;0
48;96;1;0;25;60;25;60;0;0;0;0;0;12;4;9;25;0;0
48;96;2;0;2;6;45;52;0;2;0;0;71;0;0;2;2;0;0
48;96;3;0;31;63;60;92;0;0;0;0;0;21;6;4;25;6;0
49;97;1;0;4;7;4;7;0;0;0;0;0;0;2;2;4;0;0
49;98;1;1;11;20;12;21;0;0;0;0;2;9;2;0;6;3;2
50;99;1;0;25;47;25;47;0;1;0;0;1;13;3;9;24;1;0
50;99;2;0;7;12;7;12;0;0;0;0;0;7;0;0;7;0;0
50;100;1;0;20;86;22;88;0;0;0;0;1;14;6;0;20;0;0
50;100;2;1;10;25;10;25;0;0;0;0;6;10;0;0;6;0;4
51;101;1;0;16;42;16;44;0;0;0;0;0;7;5;4;12;4;0
51;102;1;1;16;25;16;25;0;0;0;0;0;9;6;1;13;3;0
52;103;1;0;13;30;23;41;0;0;0;0;0;3;3;7;13;0;0
52;103;2;0;12;27;26;42;0;0;0;0;0;4;2;6;12;0;0
52;103;3;0;14;22;23;33;0;1;0;0;70;5;8;1;9;5;0
52;104;1;0;18;26;19;28;1;1;0;0;114;13;0;5;6;0;12
52;104;2;0;20;39;23;43;2;2;0;0;162;16;1;3;7;0;13
52;104;3;0;3;5;5;9;1;8;0;0;118;3;0;0;2;1;0
53;105;1;0;10;19;10;19;0;7;0;0;168;10;0;0;5;5;0
53;105;2;0;19;39;19;39;1;2;0;0;62;19;0;0;18;1;0
53;105;3;0;12;20;17;26;1;9;0;0;229;12;0;0;4;5;3
53;105;4;0;25;50;26;51;1;6;0;0;80;24;1;0;21;4;0
53;105;5;0;24;31;39;49;0;5;0;0;101;24;0;0;16;5;3
53;106;1;0;25;33;52;62;0;0;0;0;4;15;10;0;14;9;2
53;106;2;2;52;83;66;98;0;0;0;0;72;26;14;12;41;5;6
53;106;3;0;12;23;20;31;0;0;0;0;0;10;1;1;5;7;0
53;106;4;0;58;95;62;99;0;0;0;0;0;42;8;8;54;4;0
53;106;5;1;27;49;43;69;0;0;0;0;84;18;6;3;21;6;0
54;107;1;0;7;29;7;29;0;0;0;0;0;7;0;0;7;0;0
54;107;2;0;3;5;12;14;0;1;0;1;22;3;0;0;1;0;2
54;107;3;0;13;33;14;34;0;1;0;0;0;12;1;0;13;0;0
54;108;1;0;23;41;23;41;0;0;0;0;0;3;8;12;23;0;0
54;108;2;0;19;24;70;90;1;2;0;0;249;15;3;1;1;2;16
54;108;3;0;22;34;33;46;3;4;0;0;118;12;2;8;19;2;1
55;109;1;0;71;83;106;119;0;0;0;0;221;70;1;0;3;0;68
55;110;1;0;1;4;4;8;0;0;0;0;0;0;0;1;1;0;0
56;111;1;0;41;58;50;67;0;3;0;1;50;26;3;12;38;3;0
56;111;2;1;32;48;32;48;0;1;0;0;4;26;2;4;27;5;0
56;112;1;0;48;97;55;104;1;1;0;0;30;32;13;3;36;8;4
56;112;2;0;29;54;29;54;0;0;0;0;0;21;6;2;22;7;0
57;113;1;1;16;35;16;35;0;0;0;0;2;9;7;0;12;2;2
57;114;1;0;10;28;10;28;0;0;0;0;0;4;5;1;9;1;0
58;115;1;0;5;9;46;50;1;3;1;0;162;2;1;2;4;0;1
58;116;1;0;1;4;2;5;0;0;1;0;2;1;0;0;1;0;0
59;117;1;1;17;29;17;29;0;0;0;0;2;10;2;5;14;1;2
59;118;1;0;14;27;14;27;0;0;0;0;0;6;1;7;14;0;0
60;119;1;0;3;7;3;7;0;0;0;0;0;3;0;0;3;0;0
60;120;1;1;2;5;2;5;0;0;0;0;0;2;0;0;2;0;0
61;121;1;0;27;43;27;43;0;0;0;0;0;7;6;14;27;0;0
61;121;2;0;46;83;46;83;0;2;0;0;2;16;11;19;43;3;0
61;121;3;1;52;101;52;101;1;1;1;0;43;40;4;8;37;5;10
61;122;1;0;13;36;13;36;0;0;0;0;0;5;7;1;13;0;0
61;122;2;0;29;64;29;64;0;0;0;0;0;20;9;0;25;4;0
61;122;3;0;29;68;31;70;0;2;0;0;0;18;8;3;20;9;0
62;123;1;1;11;25;11;25;0;0;0;0;12;8;3;0;10;1;0
62;124;1;0;5;21;5;21;0;5;0;0;0;4;0;1;5;0;0
63;125;1;0;48;91;62;106;1;2;0;0;73;32;7;9;38;3;7
63;125;2;0;48;92;50;94;0;1;0;0;27;28;15;5;45;3;0
63;125;3;0;41;70;41;70;2;6;0;0;59;33;7;1;39;2;0
63;126;1;0;23;81;23;81;0;2;0;0;1;19;2;2;18;5;0
63;126;2;0;50;116;55;121;1;3;0;0;40;42;5;3;38;11;1
63;126;3;0;50;101;55;107;1;2;0;0;48;45;4;1;33;17;0
64;127;1;0;24;43;28;48;1;1;1;0;65;11;12;1;20;4;0
64;128;1;1;38;78;40;80;0;0;0;0;14;32;6;0;34;1;3
65;129;1;0;37;63;38;64;0;0;0;0;38;19;8;10;32;5;0
65;129;2;0;66;98;67;99;1;1;0;0;46;39;19;8;50;16;0
65;129;3;0;33;56;34;57;0;0;0;0;0;26;2;5;32;1;0
65;130;1;0;19;40;28;50;0;0;0;0;6;3;10;6;17;2;0
65;130;2;0;20;43;21;44;0;0;0;0;9;7;6;7;17;3;0
65;130;3;0;10;21;10;21;0;0;0;0;3;3;5;2;10;0;0
66;131;1;0;3;5;23;25;1;5;0;0;218;1;0;2;2;0;1
66;131;2;1;11;20;24;35;1;1;0;0;139;6;2;3;6;5;0
66;131;3;0;5;10;5;10;1;2;0;0;16;1;1;3;5;0;0
66;131;4;0;3;6;7;10;2;5;0;0;185;1;0;2;2;1;0
66;131;5;0;0;3;19;34;2;2;0;0;192;0;0;0;0;0;0
66;132;1;0;0;2;10;17;0;0;0;0;0;0;0;0;0;0;0
66;132;2;0;6;18;7;20;0;0;0;0;17;1;4;1;3;3;0
66;132;3;0;9;25;12;28;0;0;0;0;5;3;3;3;9;0;0
66;132;4;0;7;11;41;49;0;0;0;0;12;1;5;1;3;4;0
66;132;5;0;7;9;19;27;0;0;0;0;0;2;4;1;7;0;0
67;133;1;0;19;60;31;75;1;1;1;0;148;11;3;5;16;0;3
67;133;2;0;3;9;11;22;1;1;0;0;199;2;1;0;2;0;1
67;133;3;0;30;70;36;76;1;2;0;0;99;18;7;5;27;1;2
67;133;4;0;5;15;20;32;1;2;0;0;202;4;0;1;3;0;2
67;133;5;0;8;14;24;34;0;0;0;0;0;5;3;0;7;1;0
67;134;1;0;3;27;4;29;0;2;0;0;6;1;2;0;2;1;0
67;134;2;0;0;6;26;35;0;0;0;1;55;0;0;0;0;0;0
67;134;3;0;26;63;29;67;0;0;0;0;0;18;5;3;19;7;0
67;134;4;0;6;11;30;37;0;0;0;1;78;6;0;0;0;0;6
67;134;5;0;14;24;47;69;1;1;0;0;268;12;2;0;3;0;11
68;135;1;1;9;14;9;14;0;0;0;0;5;8;1;0;1;0;8
68;136;1;0;2;4;2;4;0;0;0;0;0;1;0;1;2;0;0
69;137;1;0;12;28;12;29;0;0;0;0;0;5;2;5;12;0;0
69;137;2;0;22;39;22;39;1;1;0;0;37;14;7;1;10;9;3
69;138;1;0;29;46;35;53;2;3;0;0;84;14;9;6;11;8;10
69;138;2;0;14;24;26;39;0;4;1;0;98;11;3;0;4;6;4
70;139;1;0;24;49;24;49;0;0;0;0;0;8;10;6;23;1;0
70;139;2;0;6;15;6;15;0;0;0;0;0;5;1;0;6;0;0
70;140;1;0;41;89;47;95;0;0;0;0;13;26;4;11;37;4;0
70;140;2;0;22;37;23;38;0;0;0;0;6;15;6;1;12;10;0
71;141;1;0;46;69;46;69;0;0;0;0;0;7;17;22;46;0;0
71;141;2;0;48;70;48;70;0;1;0;0;0;19;14;15;48;0;0
71;141;3;0;61;90;65;94;0;0;0;0;12;25;25;11;55;6;0
71;142;1;0;22;50;22;50;0;0;0;0;0;9;4;9;22;0;0
71;142;2;0;25;52;25;52;0;0;0;0;0;18;2;5;25;0;0
71;142;3;0;27;62;29;64;0;0;0;0;26;10;13;4;25;2;0
72;143;1;0;16;39;17;40;0;3;0;0;0;6;3;7;16;0;0
72;143;2;0;30;66;31;67;0;2;0;0;0;20;7;3;29;1;0
72;143;3;0;20;37;22;39;0;0;1;0;13;14;4;2;18;0;2
72;144;1;0;22;51;22;51;1;1;0;0;36;8;6;8;18;2;2
72;144;2;1;25;59;29;65;0;2;0;0;31;11;5;9;23;0;2
72;144;3;0;8;21;8;21;0;1;0;0;5;3;2;3;8;0;0
73;145;1;1;11;31;11;31;0;0;0;0;0;9;1;1;9;0;2
73;146;1;0;6;15;6;15;0;1;0;0;3;4;1;1;5;1;0
74;147;1;0;26;56;26;56;0;0;0;0;0;15;4;7;24;2;0
74;147;2;0;6;15;10;20;0;1;1;0;44;5;0;1;6;0;0
74;147;3;0;14;51;14;51;0;0;0;0;0;11;3;0;13;1;0
74;148;1;0;22;60;24;62;0;0;0;0;0;15;1;6;21;1;0
74;148;2;0;24;34;51;69;0;1;1;0;194;24;0;0;2;0;22
74;148;3;0;19;42;23;48;0;1;0;0;31;14;1;4;16;3;0
75;149;1;0;7;25;8;27;1;1;0;0;50;4;3;0;5;1;1
75;149;2;0;6;23;6;23;0;0;0;0;5;1;2;3;6;0;0
75;149;3;0;0;8;0;8;0;0;0;0;0;0;0;0;0;0;0
75;150;1;0;27;47;27;47;0;0;0;0;0;12;11;4;26;1;0
75;150;2;1;28;45;28;45;0;0;0;0;7;16;5;7;28;0;0
75;150;3;1;14;23;14;23;0;0;0;0;2;9;2;3;12;0;2
76;151;1;0;7;11;18;22;0;0;0;0;0;3;1;3;7;0;0
76;151;2;0;17;27;43;56;0;1;1;1;59;17;0;0;2;2;13
76;152;1;0;4;6;14;17;1;1;0;0;258;1;0;3;3;0;1
76;152;2;0;3;3;6;7;0;2;0;1;127;1;1;1;2;0;1
77;153;1;0;11;22;20;31;0;0;0;0;14;9;2;0;11;0;0
77;153;2;0;3;10;6;13;0;0;0;1;9;3;0;0;3;0;0
77;153;3;0;2;13;2;13;1;1;1;0;0;2;0;0;2;0;0
77;154;1;0;20;24;47;57;1;1;0;0;194;18;2;0;4;0;16
77;154;2;0;4;7;18;22;3;4;0;0;184;4;0;0;1;0;3
77;154;3;0;2;4;2;4;0;1;0;0;2;0;2;0;2;0;0
78;155;1;0;3;10;3;10;0;1;2;0;20;3;0;0;3;0;0
78;156;1;0;10;24;20;35;1;1;1;0;122;8;1;1;6;3;1
79;157;1;0;31;65;39;75;1;1;0;0;109;24;6;1;23;3;5
79;157;2;0;46;97;46;97;2;3;0;0;27;36;10;0;44;2;0
79;157;3;0;39;74;39;74;1;5;0;0;31;34;4;1;34;3;2
79;158;1;0;12;45;19;52;0;1;0;0;6;8;2;2;9;3;0
79;158;2;0;32;91;38;97;0;0;0;0;12;20;7;5;32;0;0
79;158;3;0;29;72;56;100;1;2;0;0;90;22;7;0;27;0;2
80;159;1;0;0;2;0;2;0;1;0;0;0;0;0;0;0;0;0
80;160;1;1;5;6;5;6;0;0;0;0;9;4;0;1;2;1;2
81;161;1;0;17;36;23;42;0;1;0;0;11;2;12;3;14;3;0
81;161;2;0;20;34;25;42;0;1;0;0;0;12;2;6;20;0;0
81;161;3;0;19;30;20;31;0;0;0;0;11;15;3;1;18;1;0
81;162;1;0;27;38;69;80;0;3;0;0;157;3;16;8;13;14;0
81;162;2;0;24;44;49;70;1;2;0;0;142;13;3;8;16;7;1
81;162;3;0;30;43;81;96;1;1;0;0;164;19;3;8;23;3;4
82;163;1;0;16;31;25;40;0;8;0;0;166;6;8;2;9;7;0
82;163;2;0;8;25;9;26;0;0;0;0;0;2;3;3;8;0;0
82;163;3;0;1;1;1;1;0;0;0;0;0;0;0;1;1;0;0
82;164;1;0;22;48;43;69;0;0;0;0;0;20;2;0;17;5;0
82;164;2;1;107;168;116;177;0;0;0;0;59;97;9;1;71;9;27
82;164;3;1;4;5;4;5;0;0;0;0;1;4;0;0;4;0;0
83;165;1;1;38;49;65;79;0;0;0;0;140;33;2;3;14;4;20
83;165;2;1;12;32;27;47;0;0;0;0;76;6;4;2;6;6;0
83;165;3;0;16;28;42;54;0;1;1;0;68;12;3;1;7;9;0
83;166;1;0;13;17;26;30;0;0;0;0;59;4;5;4;10;3;0
83;166;2;1;18;30;24;36;0;0;0;0;53;12;4;2;15;3;0
83;166;3;0;14;29;22;37;0;0;0;0;58;9;4;1;11;3;0
84;167;1;2;48;70;48;70;0;0;0;0;8;17;14;17;34;2;12
84;168;1;0;14;25;14;25;1;1;0;0;3;2;4;8;14;0;0
85;169;1;0;3;4;3;4;0;1;0;0;11;1;0;2;3;0;0
85;170;1;0;2;7;7;12;1;2;1;0;61;2;0;0;1;1;0
86;171;1;0;7;16;14;23;0;0;0;0;64;4;1;2;4;3;0
86;171;2;1;36;50;41;55;1;1;0;0;57;24;2;10;26;5;5
86;171;3;0;24;53;34;63;0;0;0;0;48;15;2;7;19;5;0
86;172;1;0;17;30;65;91;1;1;0;0;147;15;2;0;3;3;11
86;172;2;0;12;35;27;50;0;4;0;0;31;10;1;1;11;1;0
86;172;3;0;17;54;34;72;0;4;0;0;53;16;1;0;14;3;0
87;173;1;1;12;28;12;28;0;0;0;0;4;11;0;1;8;0;4
87;174;1;0;7;25;7;25;0;0;0;0;0;4;1;2;7;0;0
88;175;1;0;21;38;40;62;1;2;0;0;217;16;5;0;4;5;12
88;175;2;0;3;6;5;8;1;2;1;0;65;3;0;0;2;0;1
88;176;1;0;7;13;18;25;0;0;0;0;6;2;2;3;5;2;0
88;176;2;0;0;5;0;5;0;0;0;0;0;0;0;0;0;0;0
89;177;1;0;24;50;24;50;0;1;0;0;0;15;2;7;23;1;0
89;177;2;0;2;6;48;58;1;1;0;0;277;1;1;0;0;0;2
89;177;3;0;30;51;30;51;3;5;1;0;93;25;3;2;29;1;0
89;178;1;0;43;73;43;73;0;0;0;0;0;21;12;10;43;0;0
89;178;2;0;0;2;0;2;0;0;0;0;0;0;0;0;0;0;0
89;178;3;0;63;98;82;117;0;0;0;1;50;43;18;2;48;8;7
90;179;1;1;11;14;11;14;0;0;0;0;4;9;1;1;5;0;6
90;180;1;0;1;3;1;3;0;0;0;0;0;0;0;1;1;0;0
91;181;1;0;3;7;6;11;0;0;0;0;4;1;2;0;3;0;0
91;182;1;0;35;46;36;47;0;1;0;0;64;22;3;10;15;0;20
92;183;1;0;36;60;36;60;0;0;0;0;0;13;12;11;36;0;0
92;183;2;0;18;43;18;44;0;0;0;0;0;7;9;2;18;0;0
92;183;3;0;17;33;29;45;0;0;0;0;191;8;6;3;12;5;0
92;184;1;0;10;56;10;56;0;1;0;0;0;6;3;1;10;0;0
92;184;2;0;14;50;14;50;0;0;0;0;0;6;4;4;13;1;0
92;184;3;0;9;23;13;27;0;1;0;0;0;6;1;2;6;3;0
93;185;1;0;1;1;1;1;2;3;0;0;60;0;0;1;1;0;0
93;186;1;0;1;3;13;15;1;1;2;1;157;0;1;0;1;0;0
94;187;1;0;7;24;7;24;0;0;0;0;0;5;2;0;7;0;0
94;188;1;1;30;48;36;54;0;0;0;0;22;27;2;1;8;0;22
95;189;1;0;6;19;7;20;0;0;0;0;0;5;1;0;6;0;0
95;190;1;0;5;11;6;13;0;0;1;0;40;1;0;4;5;0;0
96;191;1;0;21;42;21;42;0;0;0;0;0;9;8;4;21;0;0
96;191;2;0;25;45;26;46;0;1;0;0;0;15;9;1;23;2;0
96;192;1;0;17;44;21;48;0;1;0;0;20;6;3;8;17;0;0
96;192;2;1;29;66;38;80;0;0;0;0;42;20;7;2;25;1;3
97;193;1;0;6;11;6;11;0;1;0;0;0;4;1;1;6;0;0
97;194;1;2;14;25;18;29;0;0;0;0;15;13;1;0;4;0;10
98;195;1;0;11;34;12;35;1;1;0;0;28;6;1;4;10;0;1
98;195;2;0;18;63;24;69;0;0;0;1;41;18;0;0;18;0;0
98;195;3;0;28;50;51;85;0;0;2;0;176;27;1;0;13;3;12
98;196;1;1;14;39;14;39;2;2;0;0;62;8;2;4;8;6;0
98;196;2;0;22;48;23;49;1;3;0;0;4;16;4;2;22;0;0
98;196;3;0;6;15;6;15;0;3;0;0;5;2;1;3;6;0;0
99;197;1;0;22;39;27;44;0;0;0;0;0;17;3;2;21;1;0
99;197;2;0;24;50;41;67;0;0;0;0;0;18;6;0;23;1;0
99;198;1;0;27;40;45;60;3;6;1;0;164;22;2;3;11;2;14
99;198;2;0;17;34;22;40;1;6;1;0;100;10;5;2;13;4;0
100;199;1;0;75;98;132;174;1;1;0;0;244;71;4;0;7;0;68
100;200;1;0;2;13;11;23;0;0;0;0;0;1;1;0;1;0;1
101;201;1;1;21;39;21;39;0;0;0;0;0;14;7;0;16;5;0
101;202;1;0;13;48;13;48;0;2;0;0;0;7;5;1;12;1;0
102;203;1;1;10;16;10;16;0;0;0;0;2;8;1;1;6;2;2
102;204;1;0;8;18;8;18;0;0;0;0;0;2;1;5;8;0;0
103;205;1;0;25;53;25;53;0;0;0;0;0;18;1;6;25;0;0
103;206;1;0;20;47;22;49;1;2;1;0;26;14;0;6;20;0;0
104;207;1;0;19;39;19;39;0;1;0;0;0;2;13;4;19;0;0
104;207;2;0;14;29;29;44;0;1;0;0;81;6;8;0;10;4;0
104;207;3;0;15;33;15;33;0;0;0;0;0;5;5;5;15;0;0
104;207;4;0;3;5;56;69;1;1;3;0;290;3;0;0;0;0;3
104;207;5;0;3;7;37;50;1;1;0;0;135;3;0;0;0;0;3
104;208;1;0;11;22;11;22;0;0;0;0;0;0;1;10;11;0;0
104;208;2;0;12;17;15;21;0;0;0;0;0;2;2;8;12;0;0
104;208;3;0;15;22;15;22;0;0;0;0;0;0;0;15;15;0;0
104;208;4;0;1;1;4;4;0;0;0;0;0;0;0;1;1;0;0
104;208;5;0;0;1;0;1;0;0;1;0;0;0;0;0;0;0;0
105;209;1;0;11;42;11;42;0;1;0;0;8;9;2;0;10;1;0
105;210;1;2;27;61;32;67;0;0;0;0;6;25;1;1;25;0;2
106;211;1;0;22;43;36;57;0;1;0;0;19;9;4;9;17;5;0
106;211;2;0;29;49;44;65;1;1;0;0;29;21;4;4;18;11;0
106;211;3;0;23;39;29;45;1;4;0;0;6;16;0;7;18;5;0
106;212;1;0;7;16;16;25;1;1;0;0;124;3;2;2;7;0;0
106;212;2;0;4;18;8;24;0;2;0;0;99;0;2;2;4;0;0
106;212;3;0;5;28;8;31;0;4;0;0;79;3;0;2;4;1;0
107;213;1;0;24;49;25;50;0;0;0;0;28;14;10;0;14;10;0
107;213;2;0;34;58;34;58;0;0;0;0;110;25;9;0;18;16;0
107;213;3;1;8;13;9;14;0;0;0;0;3;7;1;0;3;4;1
107;214;1;0;10;23;13;26;0;0;0;0;0;6;0;4;8;2;0
107;214;2;0;8;16;14;22;0;2;0;0;0;5;3;0;1;7;0
107;214;3;0;2;4;2;4;0;0;0;0;0;1;1;0;1;1;0
108;215;1;0;3;6;30;35;2;4;0;0;247;2;1;0;0;1;2
108;215;2;0;20;45;36;61;0;2;0;0;127;10;6;4;14;6;0
108;215;3;0;4;19;25;42;2;4;0;0;92;4;0;0;4;0;0
108;216;1;0;7;12;26;31;0;1;0;0;16;1;3;3;4;3;0
108;216;2;0;13;37;25;49;1;3;0;0;32;4;3;6;9;4;0
108;216;3;0;13;34;22;44;1;3;3;0;118;11;1;1;10;1;2
109;217;1;0;1;1;3;3;0;0;2;0;9;0;1;0;1;0;0
109;218;1;0;0;1;6;7;0;1;0;0;37;0;0;0;0;0;0
110;219;1;0;17;44;17;44;0;0;0;0;0;3;0;14;17;0;0
110;219;2;0;17;49;17;49;0;0;0;0;0;5;3;9;17;0;0
110;220;1;0;16;50;16;50;0;0;0;0;0;7;5;4;16;0;0
110;220;2;2;44;83;44;83;0;0;0;0;2;34;4;6;36;4;4
111;221;1;0;10;52;10;52;0;1;0;0;0;7;0;3;10;0;0
111;221;2;0;4;34;4;34;0;0;0;0;0;3;1;0;4;0;0
111;222;1;0;29;75;29;75;0;0;0;0;0;25;4;0;29;0;0
111;222;2;2;35;57;36;58;0;0;0;0;8;33;2;0;30;0;5
112;223;1;0;1;3;1;3;1;3;0;0;123;0;0;1;1;0;0
112;54;1;1;33;44;77;96;0;0;1;0;123;31;2;0;2;25;6
113;224;1;0;9;23;9;23;0;1;0;0;0;2;0;7;9;0;0
113;224;2;0;22;45;24;47;2;7;0;0;44;8;4;10;21;0;1
113;224;3;0;4;12;24;40;6;6;1;0;216;2;1;1;4;0;0
113;225;1;0;18;51;18;51;0;0;0;0;0;9;1;8;17;0;1
113;225;2;0;13;50;14;51;0;0;0;0;0;3;3;7;13;0;0
113;225;3;0;8;17;17;28;0;1;0;0;8;6;0;2;7;0;1
114;226;1;0;2;4;18;21;4;5;0;1;269;2;0;0;0;0;2
114;226;2;0;10;25;38;55;2;3;0;0;249;10;0;0;4;0;6
114;226;3;0;1;5;25;30;2;5;1;0;227;0;1;0;0;1;0
114;227;1;0;5;5;16;17;0;0;1;0;18;4;1;0;0;1;4
114;227;2;0;10;18;17;25;0;0;1;0;0;2;8;0;5;0;5
114;227;3;0;7;14;22;29;0;0;0;0;18;3;2;2;4;1;2
115;228;1;0;21;49;28;57;1;3;3;0;66;12;6;3;15;5;1
115;228;2;0;3;6;4;9;0;0;0;0;0;0;2;1;3;0;0
115;228;3;0;20;26;21;28;0;0;0;0;10;1;17;2;4;16;0
115;229;1;0;30;47;30;49;0;1;0;1;62;28;2;0;22;8;0
115;229;2;1;13;24;25;38;0;0;2;0;284;12;1;0;1;0;12
115;229;3;0;22;28;36;46;1;1;1;1;121;18;4;0;15;3;4
116;230;1;0;29;62;30;63;0;0;0;0;0;22;2;5;28;1;0
116;230;2;0;36;70;38;73;0;0;0;0;6;32;2;2;34;2;0
116;230;3;0;25;43;25;43;0;0;0;0;0;17;6;2;25;0;0
116;230;4;0;24;51;24;52;0;0;0;0;0;18;6;0;23;1;0
116;230;5;0;22;47;22;47;0;2;0;0;0;13;8;1;22;0;0
116;231;1;0;17;41;18;42;0;1;0;0;0;8;7;2;17;0;0
116;231;2;0;14;39;19;46;0;1;0;0;15;8;6;0;11;3;0
116;231;3;0;17;38;17;38;0;1;0;0;2;8;9;0;17;0;0
116;231;4;0;21;49;21;50;0;3;0;0;0;11;8;2;21;0;0
116;231;5;0;23;67;24;68;0;1;0;0;7;14;7;2;22;1;0
117;232;1;0;2;8;5;12;1;3;0;0;122;0;2;0;2;0;0
117;232;2;0;10;25;15;30;1;2;0;0;139;7;2;1;3;6;1
117;232;3;0;3;13;16;27;3;3;0;0;111;0;2;1;1;2;0
117;233;1;0;27;42;37;56;1;1;0;0;69;13;10;4;14;13;0
117;233;2;0;16;31;26;42;0;1;0;1;44;11;3;2;10;6;0
117;233;3;0;25;44;31;50;0;1;0;0;23;13;4;8;19;6;0
118;234;1;0;3;7;4;8;1;2;1;0;87;2;0;1;3;0;0
118;235;1;0;1;1;3;3;0;0;0;0;0;0;0;1;1;0;0
119;236;1;0;5;31;6;33;0;3;0;0;1;4;1;0;4;1;0
119;236;2;0;7;34;7;34;0;4;0;0;0;6;1;0;6;1;0
119;236;3;0;12;37;13;41;1;1;0;0;29;8;3;1;12;0;0
119;237;1;0;13;55;14;60;3;3;0;0;99;9;4;0;10;3;0
119;237;2;0;24;48;30;55;2;3;1;0;133;16;7;1;21;3;0
119;237;3;0;29;61;42;80;2;3;0;1;68;16;9;4;25;3;1
120;29;1;0;74;170;74;170;0;0;0;0;31;56;10;8;71;0;3
120;29;2;0;97;197;97;198;0;0;0;0;0;68;26;3;89;8;0
120;29;3;2;81;146;84;149;0;0;0;0;26;61;16;4;74;3;4
120;238;1;0;23;56;23;56;0;0;0;0;0;21;1;1;23;0;0
120;238;2;0;26;64;26;64;0;0;0;0;0;21;3;2;26;0;0
120;238;3;0;7;27;7;27;0;0;0;0;0;6;0;1;7;0;0
121;239;1;0;10;28;11;29;1;6;0;0;40;7;3;0;9;1;0
121;239;2;0;7;27;13;33;2;5;0;0;70;4;1;2;5;2;0
121;239;3;0;15;32;30;49;0;3;1;1;80;12;3;0;12;1;2
121;26;1;1;12;29;38;60;0;0;0;0;84;6;4;2;9;2;1
121;26;2;0;13;28;15;30;0;0;0;0;11;9;3;1;12;1;0
121;26;3;0;10;28;17;36;1;3;0;0;19;7;2;1;8;2;0
122;240;1;0;15;51;18;54;1;1;1;0;30;9;2;4;14;1;0
122;240;2;0;15;34;27;47;1;1;1;0;72;10;3;2;11;4;0
122;240;3;0;22;67;22;67;1;2;0;0;27;16;5;1;16;6;0
122;241;1;0;25;61;27;63;0;2;0;0;14;18;3;4;24;1;0
122;241;2;0;17;49;28;63;0;1;0;1;93;14;3;0;13;1;3
122;241;3;0;24;58;25;60;0;1;0;0;0;23;1;0;24;0;0
123;88;1;0;11;28;26;48;0;0;0;0;0;7;0;4;11;0;0
123;88;2;0;0;4;0;4;0;0;0;0;0;0;0;0;0;0;0
123;242;1;0;16;25;25;37;2;4;0;0;147;15;1;0;9;0;7
123;242;2;0;23;31;27;35;1;2;0;0;84;23;0;0;3;0;20
124;243;1;0;1;6;4;9;4;7;0;0;221;0;0;1;1;0;0
124;243;2;0;5;5;5;5;4;5;3;0;243;4;1;0;1;0;4
124;243;3;0;0;0;12;15;4;6;0;0;197;0;0;0;0;0;0
124;244;1;0;4;9;14;20;0;1;1;0;0;3;1;0;2;1;1
124;244;2;0;2;4;2;4;0;1;0;0;0;1;1;0;0;2;0
124;244;3;0;1;7;7;13;0;0;0;0;47;1;0;0;0;0;1
125;245;1;0;14;39;15;40;0;1;0;0;9;11;3;0;14;0;0
125;245;2;0;14;34;23;44;1;1;1;0;65;9;4;1;12;1;1
125;245;3;0;16;54;22;60;2;3;3;0;63;15;1;0;16;0;0
125;246;1;0;9;39;10;40;3;4;0;0;63;7;1;1;9;0;0
125;246;2;0;13;28;13;28;1;3;0;0;87;8;2;3;13;0;0
125;246;3;0;6;23;9;26;1;2;0;0;107;5;1;0;6;0;0
126;247;1;1;15;26;17;28;0;0;0;0;10;12;0;3;7;0;8
126;248;1;0;11;25;11;25;0;0;0;0;0;0;2;9;11;0;0
127;249;1;0;2;6;6;10;0;0;0;0;0;1;0;1;2;0;0
127;250;1;0;5;7;22;29;1;2;2;0;211;2;3;0;1;2;2
128;251;1;0;0;6;5;11;0;0;0;0;0;0;0;0;0;0;0
128;252;1;0;12;19;14;22;0;0;0;0;37;8;0;4;5;0;7
129;253;1;0;1;3;1;3;0;1;0;0;4;1;0;0;1;0;0
129;254;1;0;4;5;4;5;0;0;1;0;37;2;0;2;4;0;0
130;255;1;0;39;71;43;78;0;2;0;0;23;23;7;9;31;8;0
130;255;2;0;39;77;44;82;0;0;0;0;9;38;1;0;33;6;0
130;255;3;0;11;28;17;36;1;2;0;0;41;9;1;1;9;2;0
130;256;1;0;35;52;42;59;1;4;2;0;37;24;5;6;31;4;0
130;256;2;0;39;79;44;84;0;5;0;0;18;20;9;10;32;7;0
130;256;3;1;40;54;57;72;7;11;1;0;146;32;6;2;19;6;15
131;257;1;0;32;59;49;76;1;2;0;0;75;27;3;2;20;4;8
131;257;2;0;31;66;58;95;1;3;0;0;34;30;1;0;25;3;3
131;257;3;0;21;27;39;47;1;1;2;0;184;21;0;0;10;4;7
131;258;1;0;19;34;19;34;1;1;0;0;16;7;6;6;17;1;1
131;258;2;1;34;55;39;60;0;1;0;0;113;22;11;1;14;9;11
131;258;3;0;3;5;5;7;0;0;1;0;0;2;0;1;3;0;0
132;259;1;1;43;72;57;86;0;0;0;0;3;18;20;5;35;0;8
132;260;1;0;45;80;59;96;1;1;0;0;132;40;5;0;25;2;18
133;261;1;0;20;40;26;47;3;5;0;0;130;10;7;3;17;3;0
133;261;2;0;28;52;28;52;0;1;0;0;0;10;8;10;25;3;0
133;261;3;0;3;7;3;7;0;0;0;0;0;1;2;0;3;0;0
133;262;1;0;20;38;21;39;0;0;0;0;0;20;0;0;17;3;0
133;262;2;0;29;61;29;61;0;0;0;0;0;29;0;0;29;0;0
133;262;3;0;5;12;5;12;0;0;0;0;0;5;0;0;5;0;0
134;7;1;1;41;57;41;57;0;1;0;0;10;25;12;4;28;12;1
134;263;1;0;13;33;14;34;0;0;0;0;0;10;3;0;9;4;0
135;264;1;0;13;32;13;32;0;1;0;0;0;10;2;1;12;1;0
135;265;1;1;16;30;16;30;0;0;0;0;0;13;2;1;12;4;0
136;266;1;1;43;67;43;67;0;0;0;0;2;30;9;4;35;6;2
136;267;1;0;23;41;23;41;0;0;0;0;0;9;4;10;23;0;0
137;268;1;0;21;44;21;44;1;4;0;0;13;14;4;3;18;3;0
137;268;2;0;27;56;29;58;0;2;0;0;0;17;5;5;26;1;0
137;268;3;0;24;56;24;56;0;3;0;0;18;17;3;4;22;2;0
137;269;1;0;41;63;49;71;0;0;0;0;37;21;4;16;37;4;0
137;269;2;0;52;85;55;88;0;0;0;0;29;33;10;9;47;1;4
137;269;3;0;44;67;49;72;0;0;0;0;16;23;14;7;42;1;1
138;270;1;1;25;33;28;37;0;1;0;0;3;12;5;8;24;0;1
138;271;1;0;37;50;39;52;1;1;0;0;33;8;15;14;37;0;0
139;272;1;0;23;35;24;36;2;4;0;0;96;16;2;5;21;1;1
139;272;2;0;26;36;28;38;2;10;0;0;66;21;2;3;23;1;2
139;272;3;0;37;63;43;71;1;8;0;0;80;28;2;7;24;3;10
139;273;1;0;15;47;20;52;0;0;0;1;7;8;7;0;14;1;0
139;273;2;0;33;76;37;80;0;0;0;0;5;21;12;0;21;12;0
139;273;3;0;34;64;35;65;0;0;0;0;1;26;8;0;31;3;0
140;17;1;1;10;20;10;20;0;0;0;0;5;8;2;0;5;0;5
140;274;1;0;5;10;5;10;0;0;0;0;0;3;1;1;5;0;0
141;275;1;0;16;37;16;37;0;0;0;0;0;11;4;1;16;0;0
141;275;2;0;5;12;9;16;0;0;2;0;61;4;0;1;3;0;2
141;276;1;0;17;53;19;55;0;2;0;0;12;12;2;3;16;1;0
141;276;2;0;11;20;11;20;0;0;0;0;0;9;0;2;11;0;0
142;277;1;0;15;25;18;29;2;2;0;0;36;4;1;10;14;0;1
142;277;2;1;10;14;10;14;0;0;0;0;6;9;1;0;2;3;5
142;278;1;0;21;51;25;55;0;0;0;0;6;15;4;2;20;1;0
142;278;2;0;1;1;1;1;0;0;0;0;0;1;0;0;0;1;0
143;279;1;0;6;7;53;71;0;0;0;1;42;3;0;3;4;0;2
143;279;2;0;20;35;20;35;0;0;0;0;0;4;7;9;19;1;0
143;279;3;0;26;43;39;59;0;0;0;0;11;9;11;6;21;4;1
143;280;1;1;16;30;37;56;0;0;0;0;204;14;2;0;1;0;15
143;280;2;0;6;17;6;17;0;0;0;0;0;3;2;1;6;0;0
143;280;3;0;13;35;18;40;0;2;0;0;40;4;5;4;12;1;0
144;281;1;0;0;16;0;16;0;0;0;0;0;0;0;0;0;0;0
144;282;1;1;4;10;4;10;0;0;0;0;3;3;0;1;2;0;2
145;283;1;0;8;17;23;36;3;4;0;0;199;6;0;2;5;0;3
145;283;2;0;14;27;26;40;2;4;0;0;146;5;6;3;10;1;3
145;283;3;0;6;7;24;26;1;1;1;0;183;4;1;1;3;0;3
145;143;1;0;4;11;8;16;0;0;0;0;0;0;4;0;2;2;0
145;143;2;0;15;30;19;34;0;0;0;0;0;4;4;7;14;1;0
145;143;3;0;2;4;5;7;0;0;1;0;0;1;0;1;2;0;0
146;284;1;0;15;29;39;57;2;3;0;0;164;9;2;4;14;0;1
146;284;2;0;20;39;24;45;2;2;0;0;150;13;5;2;17;0;3
146;284;3;0;12;30;51;77;1;1;1;0;219;10;2;0;5;0;7
146;20;1;0;6;10;7;12;0;0;0;0;0;3;1;2;6;0;0
146;20;2;0;10;26;11;28;0;1;0;0;7;8;1;1;10;0;0
146;20;3;0;3;19;5;21;0;0;0;0;0;2;1;0;3;0;0
147;285;1;1;10;27;10;27;0;0;1;0;36;5;4;1;9;1;0
147;286;1;0;5;19;5;19;0;0;0;0;3;1;2;2;5;0;0
148;287;1;0;1;4;16;23;9;12;0;0;267;1;0;0;0;0;1
148;287;2;0;10;17;18;31;5;11;0;0;213;10;0;0;9;0;1
148;287;3;0;10;20;19;33;3;4;0;0;192;9;1;0;10;0;0
148;288;1;0;0;5;4;10;0;0;0;0;0;0;0;0;0;0;0
148;288;2;0;7;21;11;25;0;0;0;0;3;7;0;0;7;0;0
148;288;3;0;8;25;14;32;0;0;0;0;0;7;1;0;8;0;0
149;289;1;1;6;8;6;8;0;0;0;0;3;6;0;0;1;0;5
149;290;1;0;0;1;0;1;0;0;0;0;0;0;0;0;0;0;0
150;56;1;0;1;3;13;18;2;2;1;0;148;0;1;0;1;0;0
150;291;1;0;2;6;15;23;0;0;0;0;0;0;2;0;2;0;0
151;292;1;1;17;26;42;53;0;0;1;0;32;9;4;4;13;0;4
151;293;1;0;7;35;7;35;0;0;0;0;0;3;2;2;7;0;0
152;57;1;0;57;82;58;83;0;0;0;0;20;9;25;23;51;6;0
152;57;2;2;14;25;15;26;0;0;0;0;7;7;1;6;10;4;0
152;294;1;0;17;47;23;54;0;0;0;0;17;12;4;1;14;3;0
152;294;2;0;6;17;6;17;0;0;0;0;0;3;3;0;6;0;0
153;295;1;1;21;37;21;37;0;0;0;0;2;17;3;1;20;1;0
153;295;2;0;28;65;29;66;0;0;0;0;0;24;4;0;27;1;0
153;295;3;0;20;57;20;57;0;0;0;0;0;18;2;0;18;2;0
153;296;1;0;20;52;25;57;1;4;0;0;37;8;3;9;16;1;3
153;296;2;0;33;95;35;97;0;4;0;0;32;21;6;6;30;3;0
153;296;3;0;26;82;29;87;1;2;0;0;29;15;2;9;24;2;0
154;297;1;0;5;20;5;20;0;1;0;0;0;2;1;2;4;1;0
154;297;2;0;6;24;6;24;0;1;0;0;0;4;1;1;6;0;0
154;297;3;0;26;43;49;67;2;4;0;0;192;20;6;0;4;3;19
154;298;1;0;7;15;7;15;0;1;0;0;25;1;5;1;6;1;0
154;298;2;0;15;34;15;34;0;0;0;0;0;7;5;3;15;0;0
154;298;3;0;13;23;32;51;0;0;0;0;8;3;9;1;12;1;0
155;299;1;0;5;19;8;22;0;0;0;0;0;1;1;3;5;0;0
155;299;2;0;2;5;26;31;0;0;0;0;0;0;1;1;2;0;0
155;299;3;1;12;32;13;35;0;0;0;0;10;10;0;2;6;0;6
155;300;1;0;8;15;9;17;1;3;0;0;15;4;2;2;8;0;0
155;300;2;0;11;15;36;49;1;1;0;0;225;9;2;0;4;0;7
155;300;3;0;8;23;8;23;0;1;0;0;0;8;0;0;8;0;0
156;301;1;0;6;26;34;55;2;2;1;1;113;4;1;1;5;1;0
156;301;2;0;13;22;24;33;3;5;0;1;68;6;2;5;9;1;3
156;182;1;0;16;24;23;31;0;0;0;0;70;9;6;1;15;1;0
156;182;2;0;36;46;36;46;0;1;0;2;43;29;5;2;16;0;20
157;302;1;0;23;48;23;48;0;1;0;0;0;11;7;5;19;4;0
157;303;1;1;20;38;23;43;1;3;1;0;23;17;3;0;18;0;2
158;304;1;0;3;13;3;13;0;0;0;0;0;0;3;0;3;0;0
158;305;1;0;5;7;7;9;1;2;1;0;27;3;0;2;5;0;0
159;306;1;0;27;43;27;43;0;1;0;0;15;6;7;14;26;1;0
159;306;2;1;78;109;78;109;0;0;0;0;2;41;21;16;63;9;6
159;307;1;0;22;53;22;53;0;0;0;0;0;17;5;0;21;1;0
159;307;2;0;18;60;18;60;0;1;0;0;0;14;4;0;17;1;0
160;92;1;0;20;42;20;42;0;0;0;0;0;5;5;10;20;0;0
160;92;2;0;16;40;17;41;0;0;0;0;33;5;5;6;15;1;0
160;92;3;0;15;32;21;38;0;2;0;0;68;6;3;6;14;1;0
160;94;1;0;18;51;18;51;0;0;0;0;0;14;3;1;18;0;0
160;94;2;0;18;46;18;46;0;1;0;0;7;7;9;2;17;1;0
160;94;3;0;15;39;16;40;0;0;0;0;1;11;4;0;13;2;0
161;308;1;0;3;10;28;37;0;0;1;0;12;2;1;0;3;0;0
161;309;1;0;10;25;13;28;1;1;0;0;87;8;2;0;8;2;0
162;310;1;0;14;54;15;56;0;3;0;0;24;5;6;3;12;2;0
162;310;2;0;20;48;20;50;0;1;0;0;26;7;9;4;17;3;0
162;310;3;1;24;40;63;89;0;0;0;0;211;16;6;2;12;5;7
162;311;1;0;15;32;17;34;0;0;0;0;14;12;3;0;15;0;0
162;311;2;0;19;48;20;49;0;0;0;0;12;13;6;0;18;1;0
162;311;3;0;4;9;17;25;0;1;0;0;21;4;0;0;4;0;0
163;312;1;0;29;74;29;74;0;0;0;0;0;15;9;5;29;0;0
163;312;2;0;36;71;37;74;1;1;0;0;22;13;15;8;36;0;0
163;312;3;0;22;48;28;54;0;1;0;0;0;7;10;5;21;1;0
163;15;1;0;47;100;47;100;0;1;0;0;0;37;9;1;46;1;0
163;15;2;0;30;80;34;85;0;2;0;0;1;24;6;0;29;1;0
163;15;3;0;28;72;34;82;0;0;0;0;65;25;3;0;20;7;1
164;313;1;0;0;1;0;1;0;0;0;0;0;0;0;0;0;0;0
164;314;1;1;6;11;6;11;0;0;0;0;1;3;1;2;6;0;0
165;315;1;0;4;16;55;67;0;0;0;0;0;2;0;2;4;0;0
165;315;2;0;2;3;59;61;0;0;0;0;0;1;1;0;1;0;1
165;315;3;0;1;7;12;19;0;0;0;0;0;1;0;0;1;0;0
165;316;1;0;7;9;36;38;1;5;0;0;196;4;3;0;6;1;0
165;316;2;0;2;2;59;64;0;0;0;0;277;2;0;0;0;0;2
165;316;3;0;0;0;15;18;1;5;0;0;268;0;0;0;0;0;0
166;317;1;0;23;47;33;58;0;2;1;0;42;11;8;4;20;3;0
166;317;2;0;21;38;42;60;0;2;1;0;45;14;6;1;21;0;0
166;317;3;0;32;53;36;57;0;2;1;0;67;21;9;2;25;7;0
166;318;1;0;20;27;24;31;1;1;0;0;74;11;5;4;15;5;0
166;318;2;0;16;22;23;29;2;4;0;0;100;11;5;0;11;5;0
166;318;3;0;22;40;27;45;2;4;0;0;80;16;5;1;15;7;0
167;319;1;0;29;58;29;58;0;0;0;0;0;19;7;3;25;4;0
167;319;2;1;44;60;52;69;0;0;0;0;122;19;24;1;29;10;5
167;319;3;0;7;15;10;18;0;1;0;0;5;5;2;0;3;4;0
167;319;4;0;17;29;20;32;1;2;0;0;25;12;4;1;11;4;2
167;320;1;0;32;68;35;71;0;3;0;0;0;30;2;0;28;4;0
167;320;2;0;12;35;13;37;0;1;0;0;0;11;1;0;11;1;0
167;320;3;0;22;36;31;46;0;0;0;0;47;19;2;1;16;6;0
167;320;4;0;25;53;40;74;0;1;0;0;45;19;3;3;18;4;3
168;321;1;0;11;26;11;26;0;0;0;0;0;2;1;8;11;0;0
168;321;2;0;1;7;1;7;0;0;0;0;0;1;0;0;1;0;0
168;322;1;0;23;45;23;45;0;1;0;0;0;10;4;9;23;0;0
168;322;2;1;31;41;31;41;0;1;0;0;12;29;0;2;13;3;15
169;323;1;0;14;35;14;35;0;0;0;0;0;7;6;1;14;0;0
169;323;2;1;27;46;27;46;0;0;0;0;2;25;1;1;27;0;0
169;324;1;0;8;16;8;16;0;0;0;0;0;3;0;5;8;0;0
169;324;2;0;24;40;24;40;0;0;0;0;0;3;0;21;24;0;0
170;325;1;0;41;55;54;69;2;2;1;0;181;32;4;5;11;0;30
170;325;2;1;45;62;51;69;0;1;0;0;63;42;3;0;28;11;6
170;326;1;0;1;5;1;5;0;0;0;0;0;1;0;0;1;0;0
170;326;2;0;6;35;7;36;0;1;0;0;0;4;2;0;3;3;0
171;4;1;2;19;40;20;41;0;0;0;0;13;16;1;2;17;0;2
171;327;1;0;3;12;3;12;0;3;0;0;0;2;0;1;3;0;0
172;328;1;1;16;24;44;53;1;1;0;0;194;15;0;1;7;0;9
172;329;1;0;2;7;26;31;0;0;0;0;0;1;0;1;2;0;0
173;330;1;0;6;32;6;32;0;1;0;0;0;4;1;1;6;0;0
173;330;2;1;18;34;18;34;0;0;0;0;5;17;1;0;11;0;7
173;331;1;0;23;57;23;57;0;0;0;0;0;12;3;8;23;0;0
173;331;2;0;24;47;24;47;0;0;0;0;0;21;0;3;24;0;0
174;332;1;0;13;36;13;36;0;0;0;0;0;9;0;4;13;0;0
174;332;2;0;20;54;20;54;0;0;0;0;0;12;5;3;20;0;0
174;332;3;0;14;39;14;39;0;2;0;0;8;8;6;0;14;0;0
174;332;4;0;17;65;17;65;0;0;0;0;0;8;7;2;17;0;0
174;332;5;0;22;81;22;81;0;0;0;0;0;15;4;3;22;0;0
174;333;1;0;14;37;14;37;0;0;0;0;0;4;3;7;14;0;0
174;333;2;0;30;60;30;60;0;1;0;0;0;14;1;15;30;0;0
174;333;3;0;23;50;23;51;0;0;0;0;0;13;3;7;23;0;0
174;333;4;0;26;53;26;53;0;0;0;0;0;22;2;2;26;0;0
174;333;5;0;35;60;35;60;0;0;0;0;0;30;2;3;33;2;0
175;334;1;0;20;50;21;51;0;2;0;0;16;9;4;7;19;1;0
175;334;2;0;28;64;29;65;0;1;0;0;2;17;3;8;24;4;0
175;334;3;0;41;80;41;80;1;1;0;0;10;35;3;3;36;5;0
175;19;1;0;22;38;22;38;0;0;0;0;0;18;2;2;19;3;0
175;19;2;0;32;59;32;59;0;0;0;0;0;32;0;0;31;1;0
175;19;3;0;36;83;36;83;0;1;0;0;8;33;2;1;35;1;0
176;53;1;0;6;13;14;23;1;2;0;1;98;5;0;1;5;1;0
176;53;2;0;6;13;14;22;0;1;1;0;49;3;2;1;5;1;0
176;53;3;0;4;6;20;25;2;2;0;0;160;3;1;0;2;1;1
176;335;1;0;13;25;24;42;2;2;0;0;125;6;3;4;8;0;5
176;335;2;0;12;19;26;37;0;2;0;0;190;4;5;3;4;5;3
176;335;3;0;6;22;15;37;0;2;0;1;92;3;3;0;1;2;3
177;336;1;0;11;13;18;20;0;1;0;0;248;6;2;3;7;0;4
177;336;2;0;9;22;20;36;2;3;0;0;221;1;8;0;3;6;0
177;336;3;0;2;6;16;21;0;1;2;1;231;2;0;0;2;0;0
177;337;1;0;3;4;58;59;0;1;0;0;4;2;1;0;3;0;0
177;337;2;0;3;12;15;25;0;0;0;1;24;2;0;1;3;0;0
177;337;3;0;3;9;39;46;0;0;1;0;46;0;3;0;3;0;0
178;10;1;1;6;22;6;22;0;1;0;0;17;2;1;3;4;0;2
178;338;1;0;0;8;0;8;0;0;0;0;0;0;0;0;0;0;0
179;339;1;0;8;21;8;21;0;0;0;0;0;5;1;2;8;0;0
179;275;1;1;19;23;19;23;0;0;0;0;5;16;2;1;7;0;12
180;340;1;0;14;51;14;51;0;0;0;0;0;11;2;1;14;0;0
180;340;2;0;35;93;35;93;0;0;0;0;0;27;6;2;35;0;0
180;340;3;0;30;58;30;58;0;2;0;0;0;22;5;3;30;0;0
180;341;1;0;13;40;13;40;0;0;0;0;0;3;7;3;13;0;0
180;341;2;0;30;45;30;45;0;0;0;0;0;17;10;3;30;0;0
180;341;3;0;12;30;12;30;0;0;0;0;0;7;3;2;11;1;0
181;342;1;0;17;29;17;29;0;3;0;0;0;11;3;3;17;0;0
181;38;1;2;24;44;24;44;0;0;1;0;24;20;2;2;21;0;3
182;343;1;0;7;13;9;16;1;1;0;0;23;6;0;1;6;0;1
182;344;1;1;11;25;24;41;0;0;1;0;112;9;2;0;9;2;0
183;345;1;0;7;9;27;29;0;5;1;1;141;3;4;0;3;4;0
183;24;1;0;5;13;15;24;0;0;1;0;77;3;2;0;3;2;0
184;114;1;0;28;53;31;56;0;0;0;0;0;11;10;7;24;4;0
184;114;2;0;18;25;38;52;1;3;1;0;181;11;5;2;7;5;6
184;114;3;0;18;21;23;28;2;3;0;0;88;13;5;0;5;6;7
184;346;1;0;26;56;39;69;1;2;0;0;37;14;6;6;23;3;0
184;346;2;0;12;20;25;33;0;1;0;0;26;9;3;0;11;1;0
184;346;3;0;24;36;46;63;1;1;0;1;135;18;5;1;10;4;10
185;347;1;1;13;17;13;17;0;0;0;0;3;11;0;2;12;0;1
185;348;1;0;8;21;8;21;0;0;0;0;0;4;3;1;8;0;0
186;80;1;0;9;22;14;27;0;0;0;0;0;0;1;8;9;0;0
186;80;2;0;15;30;16;31;1;1;1;0;3;6;3;6;14;1;0
186;349;1;0;6;6;14;15;0;2;0;0;28;1;4;1;6;0;0
186;349;2;0;3;11;3;11;1;2;0;0;7;1;1;1;3;0;0
187;350;1;0;16;37;28;51;0;0;0;0;43;2;13;1;7;9;0
187;9;1;2;28;52;42;68;0;0;0;0;107;26;0;2;23;2;3
188;351;1;1;7;9;10;13;0;0;0;0;5;7;0;0;6;0;1
188;352;1;0;0;4;0;4;0;0;0;0;0;0;0;0;0;0;0
189;84;1;1;9;21;9;21;0;0;0;0;3;6;2;1;8;0;1
189;353;1;0;3;7;3;7;0;0;0;0;0;3;0;0;3;0;0
190;354;1;0;46;83;46;83;0;0;0;0;20;37;9;0;46;0;0
190;354;2;0;1;1;22;26;0;0;0;0;265;1;0;0;0;0;1
190;354;3;1;8;12;41;64;0;0;0;0;285;8;0;0;3;0;5
190;355;1;0;25;69;25;69;0;2;0;0;0;10;11;4;25;0;0
190;355;2;0;0;0;7;7;0;1;0;1;27;0;0;0;0;0;0
190;355;3;0;2;6;8;12;0;0;0;0;0;2;0;0;2;0;0
191;85;1;0;9;39;18;48;0;1;1;0;32;4;3;2;8;1;0
191;85;2;0;0;6;4;10;0;1;0;0;0;0;0;0;0;0;0
191;86;1;0;16;35;21;40;1;2;0;0;21;8;3;5;15;1;0
191;86;2;1;10;18;10;18;0;0;0;0;50;7;2;1;5;0;5
192;356;1;0;10;25;10;25;0;0;0;0;0;3;1;6;10;0;0
192;76;1;1;21;40;21;40;0;0;0;0;3;14;3;4;18;0;3
193;103;1;0;24;40;24;40;0;0;0;0;0;4;5;15;24;0;0
193;103;2;0;26;51;26;51;0;0;0;0;0;4;2;20;25;1;0
193;103;3;0;13;55;13;55;0;0;0;0;0;5;1;7;13;0;0
193;357;1;0;20;43;20;43;0;0;0;0;0;18;0;2;20;0;0
193;357;2;0;23;51;23;51;0;0;0;0;0;20;3;0;22;1;0
193;357;3;0;29;59;29;59;0;0;0;0;0;23;4;2;29;0;0
194;83;1;0;2;3;6;7;0;0;0;0;0;1;1;0;2;0;0
194;83;2;0;4;8;6;10;0;0;1;0;0;3;1;0;4;0;0
194;358;1;0;40;48;64;80;2;3;0;0;253;34;6;0;1;0;39
194;358;2;1;17;22;20;25;0;3;0;0;77;12;4;1;7;4;6
195;93;1;0;17;27;20;30;1;3;1;0;137;17;0;0;3;0;14
195;359;1;0;1;2;1;2;0;0;0;0;0;0;0;1;1;0;0
196;360;1;0;36;57;42;64;0;1;0;0;57;19;17;0;22;14;0
196;360;2;0;42;68;43;69;1;1;1;0;41;31;10;1;36;6;0
196;360;3;0;44;72;51;79;0;2;0;0;28;27;16;1;36;8;0
196;101;1;0;23;64;40;82;0;0;0;0;7;11;7;5;18;5;0
196;101;2;0;25;72;29;77;0;0;0;0;0;10;10;5;21;4;0
196;101;3;0;20;62;22;65;0;0;0;0;0;12;4;4;19;1;0
197;361;1;0;7;14;12;19;0;0;0;0;0;2;2;3;7;0;0
197;362;1;1;17;29;25;38;1;1;0;0;41;13;1;3;7;1;9
198;363;1;0;3;7;10;16;0;0;0;0;8;1;0;2;2;1;0
198;364;1;0;0;7;5;15;0;2;3;1;178;0;0;0;0;0;0
199;365;1;1;9;9;18;20;2;2;0;0;104;8;0;1;4;0;5
199;365;2;0;23;38;28;44;0;0;0;0;36;16;2;5;23;0;0
199;365;3;0;32;52;44;66;0;0;0;0;82;27;2;3;25;0;7
199;365;4;0;23;36;26;41;1;1;0;0;103;20;1;2;23;0;0
199;365;5;0;11;17;40;51;4;4;0;0;243;10;1;0;4;0;7
199;366;1;0;10;14;19;25;0;2;0;0;105;5;3;2;7;0;3
199;366;2;0;26;78;28;81;0;0;0;0;0;8;5;13;26;0;0
199;366;3;0;30;71;30;72;0;1;0;0;0;14;7;9;30;0;0
199;366;4;0;23;63;24;67;0;0;0;0;0;10;4;9;23;0;0
199;366;5;0;11;28;17;35;0;1;0;0;0;10;1;0;11;0;0
200;6;1;0;28;59;29;60;0;0;0;0;1;20;6;2;26;2;0
200;6;2;1;44;79;50;85;0;0;0;0;10;36;7;1;41;1;2
200;367;1;0;47;106;48;109;0;4;0;0;12;35;12;0;40;7;0
200;367;2;0;25;76;26;77;0;2;0;0;42;19;3;3;24;1;0
201;368;1;0;10;23;10;24;0;0;0;0;0;1;7;2;9;1;0
201;368;2;0;5;10;5;10;0;0;0;0;0;2;2;1;5;0;0
201;369;1;0;6;16;9;19;2;4;0;0;88;2;2;2;4;1;1
201;369;2;0;7;9;9;13;3;4;1;0;140;1;1;5;6;1;0
202;68;1;0;10;29;19;38;0;0;0;0;0;4;4;2;8;2;0
202;68;2;0;16;28;18;32;0;0;0;0;135;14;1;1;15;1;0
202;68;3;0;10;23;15;29;0;0;0;0;0;3;5;2;7;3;0
202;370;1;0;11;30;20;40;0;2;0;0;107;2;6;3;9;2;0
202;370;2;0;11;22;11;22;0;0;0;0;8;3;7;1;7;4;0
202;370;3;0;14;19;20;27;0;2;0;0;147;8;4;2;11;3;0
203;371;1;0;20;60;20;60;0;0;0;0;8;7;6;7;20;0;0
203;371;2;0;9;20;9;20;0;0;0;0;3;5;3;1;9;0;0
203;372;1;0;11;20;17;28;1;2;1;0;52;9;0;2;11;0;0
203;372;2;1;26;36;49;64;0;1;1;0;62;25;0;1;3;0;23
204;373;1;0;13;25;20;33;0;0;0;0;0;8;3;2;12;1;0
204;374;1;1;21;56;36;73;0;0;0;0;54;9;7;5;20;1;0
205;375;1;0;40;84;42;86;0;3;1;0;69;30;5;5;39;1;0
205;375;2;0;10;25;11;26;0;2;0;0;0;8;1;1;9;1;0
205;375;3;0;4;14;4;14;0;1;0;0;0;2;2;0;4;0;0
205;376;1;0;25;40;42;59;0;0;0;0;65;24;1;0;20;4;1
205;376;2;0;7;20;37;54;0;0;0;0;205;6;1;0;4;0;3
205;376;3;0;5;6;39;53;2;3;0;0;241;5;0;0;4;0;1
206;44;1;0;5;10;33;38;3;11;0;0;204;0;5;0;0;5;0
206;44;2;0;23;28;39;46;3;6;0;0;111;19;4;0;3;5;15
206;377;1;0;5;7;25;27;0;0;0;0;23;0;5;0;0;5;0
206;377;2;0;3;6;3;6;0;1;0;0;30;2;0;1;3;0;0
207;378;1;0;11;47;11;47;0;0;0;0;0;9;1;1;11;0;0
207;378;2;0;2;6;38;72;1;3;0;0;282;1;1;0;1;0;1
207;378;3;0;17;39;17;39;0;1;0;0;0;17;0;0;17;0;0
207;379;1;0;24;46;24;46;0;0;0;0;0;6;4;14;24;0;0
207;379;2;0;1;3;20;23;0;0;0;0;0;0;0;1;1;0;0
207;379;3;0;28;61;28;61;0;0;0;0;0;9;12;7;28;0;0
208;380;1;0;6;10;6;10;0;0;0;0;2;3;2;1;6;0;0
208;380;2;1;37;50;38;52;0;0;0;0;32;37;0;0;2;0;35
208;381;1;0;8;16;21;29;1;1;0;0;116;2;1;5;7;0;1
208;381;2;0;0;1;0;1;0;0;0;0;0;0;0;0;0;0;0
209;382;1;0;41;85;44;89;0;0;0;0;0;21;9;11;40;1;0
209;382;2;0;5;9;36;50;1;1;1;0;245;1;1;3;5;0;0
209;383;1;0;31;71;31;73;0;0;0;0;13;9;12;10;26;5;0
209;383;2;0;3;4;49;64;0;0;0;0;0;0;1;2;3;0;0
210;384;1;0;20;41;22;44;1;2;0;0;48;11;3;6;16;4;0
210;384;2;0;42;69;43;70;0;1;0;0;0;27;9;6;41;1;0
210;384;3;0;51;136;52;138;0;0;0;0;0;41;8;2;51;0;0
210;359;1;0;25;55;30;62;0;1;1;1;81;21;2;2;22;3;0
210;359;2;0;51;107;69;125;1;3;0;0;44;45;1;5;49;2;0
210;359;3;0;73;137;79;148;0;1;0;0;21;63;5;5;62;11;0
211;385;1;0;2;7;82;88;0;0;0;0;9;1;0;1;2;0;0
211;385;2;0;20;28;64;76;0;0;0;0;101;13;7;0;10;1;9
211;385;3;0;7;14;12;19;0;1;0;0;0;2;2;3;7;0;0
211;386;1;0;6;9;25;28;2;2;0;0;273;5;1;0;4;0;2
211;386;2;0;6;14;10;18;1;6;0;0;155;5;1;0;1;1;4
211;386;3;0;8;15;15;22;1;1;1;0;130;8;0;0;3;1;4
212;387;1;0;0;3;17;23;2;2;0;0;287;0;0;0;0;0;0
212;387;2;0;10;19;18;28;0;2;0;0;4;5;4;1;10;0;0
212;387;3;0;29;89;29;89;0;0;0;0;0;17;10;2;29;0;0
212;387;4;0;37;72;45;80;1;2;0;0;54;20;11;6;37;0;0
212;387;5;0;22;57;28;63;6;7;0;0;91;10;10;2;20;2;0
212;388;1;0;0;0;12;13;0;0;0;0;0;0;0;0;0;0;0
212;388;2;0;15;38;29;57;0;0;0;0;181;15;0;0;12;0;3
212;388;3;0;43;100;43;100;0;0;0;0;0;42;1;0;43;0;0
212;388;4;0;34;86;38;90;0;0;0;0;0;33;1;0;34;0;0
212;388;5;0;31;88;38;95;0;1;0;0;0;28;3;0;30;1;0
213;1;1;0;7;13;21;28;0;0;0;0;0;7;0;0;7;0;0
213;1;2;1;21;32;47;58;0;1;0;0;27;20;0;1;14;1;6
213;1;3;1;57;89;64;96;1;1;2;0;50;54;3;0;41;4;12
213;1;4;0;19;37;31;49;0;0;0;0;4;19;0;0;18;1;0
213;1;5;0;27;38;27;38;0;0;0;0;0;18;9;0;24;3;0
213;389;1;0;16;26;20;31;4;5;0;0;220;12;1;3;9;2;5
213;389;2;0;5;19;16;32;1;3;0;0;173;3;2;0;3;2;0
213;389;3;0;14;49;16;51;2;7;0;0;42;13;0;1;14;0;0
213;389;4;0;13;34;41;62;1;3;0;0;195;10;0;3;10;0;3
213;389;5;0;7;23;7;23;0;3;0;0;8;7;0;0;7;0;0
214;390;1;0;33;44;33;44;0;0;0;0;0;4;8;21;33;0;0
214;390;2;0;34;56;34;56;0;1;0;0;0;13;7;14;34;0;0
214;390;3;0;21;43;21;43;0;0;0;0;3;5;8;8;21;0;0
214;33;1;0;15;33;15;33;0;0;0;0;0;7;2;6;15;0;0
214;33;2;0;22;47;22;47;0;0;0;0;0;8;3;11;22;0;0
214;33;3;0;17;50;17;50;0;1;0;0;1;15;1;1;16;1;0
215;391;1;0;34;68;51;89;1;3;0;0;192;34;0;0;2;0;32
215;391;2;0;18;52;90;161;2;4;0;0;273;18;0;0;1;0;17
215;391;3;0;25;60;104;166;1;3;0;0;264;24;0;1;3;0;22
215;392;1;0;1;8;1;8;0;0;0;0;0;0;0;1;1;0;0
215;392;2;0;4;16;11;28;0;0;0;0;0;2;2;0;4;0;0
215;392;3;0;0;7;9;17;0;0;0;0;0;0;0;0;0;0;0
216;259;1;0;57;87;64;95;1;1;1;0;94;44;9;4;22;0;35
216;393;1;0;5;13;7;15;0;0;1;0;7;3;0;2;4;1;0
217;394;1;0;12;55;16;59;0;0;0;0;0;8;2;2;11;1;0
217;394;2;1;11;27;11;27;0;0;0;0;0;7;4;0;9;0;2
217;18;1;0;4;12;6;14;0;3;0;0;63;4;0;0;4;0;0
217;18;2;0;2;8;2;8;0;0;0;0;0;1;1;0;2;0;0
218;142;1;0;2;6;3;7;0;0;0;0;0;2;0;0;2;0;0
218;142;2;0;6;16;6;16;0;0;0;0;0;5;1;0;6;0;0
218;395;1;0;10;17;16;23;5;9;0;0;223;8;0;2;3;5;2
218;395;2;0;6;11;6;11;1;2;1;0;9;3;1;2;6;0;0
219;396;1;0;13;21;24;35;0;0;1;0;157;7;6;0;4;5;4
219;396;2;0;20;69;21;70;0;2;0;0;14;10;8;2;19;1;0
219;396;3;0;2;4;26;31;1;1;3;0;257;2;0;0;1;0;1
219;199;1;0;8;11;9;12;0;2;0;1;50;7;0;1;4;4;0
219;199;2;1;24;51;34;62;1;3;0;0;89;20;1;3;22;0;2
219;199;3;0;1;2;6;7;0;0;0;0;3;0;0;1;1;0;0
220;397;1;0;9;17;10;18;0;0;1;0;0;5;3;1;9;0;0
220;398;1;0;7;16;8;17;2;2;0;0;44;4;2;1;7;0;0
221;399;1;0;15;39;15;39;0;0;0;0;0;6;7;2;15;0;0
221;399;2;1;22;44;23;45;0;0;0;0;45;19;2;1;16;0;6
221;399;3;2;24;41;31;48;1;1;0;0;109;21;3;0;15;4;5
221;400;1;0;22;61;22;61;0;0;0;0;0;7;8;7;22;0;0
221;400;2;0;26;57;36;67;0;0;0;0;0;11;7;8;26;0;0
221;400;3;0;14;42;22;50;0;0;0;0;0;10;3;1;14;0;0
222;401;1;0;3;11;16;24;1;6;0;0;276;2;1;0;0;3;0
222;401;2;0;8;30;31;54;1;7;0;0;197;2;2;4;7;1;0
222;401;3;0;14;29;31;47;1;7;0;0;199;3;3;8;11;3;0
222;402;1;0;2;4;8;11;0;0;0;0;0;1;1;0;0;2;0
222;402;2;0;10;30;20;40;0;0;0;0;0;5;4;1;7;3;0
222;402;3;0;11;30;26;47;0;0;0;0;0;6;3;2;6;5;0
223;403;1;0;21;58;21;58;0;1;0;0;0;6;7;8;21;0;0
223;403;2;0;56;104;66;114;0;0;0;0;0;29;17;10;54;2;0
223;403;3;0;30;51;49;70;1;4;1;0;136;21;7;2;23;0;7
223;42;1;0;19;58;19;58;0;0;0;0;0;15;1;3;18;1;0
223;42;2;0;45;108;51;114;0;1;0;0;21;42;2;1;40;5;0
223;42;3;0;14;45;19;50;0;0;0;0;0;12;2;0;12;2;0
224;404;1;0;23;49;25;51;0;3;0;0;7;8;10;5;19;4;0
224;404;2;0;25;54;25;54;0;2;0;0;0;12;4;9;25;0;0
224;404;3;0;20;50;20;50;1;2;0;0;60;4;11;5;17;2;1
224;405;1;1;54;98;60;104;0;2;0;0;44;28;14;12;49;1;4
224;405;2;0;51;94;51;94;0;0;0;0;25;23;19;9;44;6;1
224;405;3;0;48;77;69;98;0;0;0;0;0;28;12;8;47;1;0
225;406;1;0;15;30;23;40;1;1;0;0;33;5;5;5;15;0;0
225;406;2;0;25;39;29;43;1;2;0;0;33;19;3;3;25;0;0
225;406;3;0;1;7;1;7;0;2;0;0;7;1;0;0;1;0;0
225;407;1;0;22;45;22;45;0;0;0;0;0;13;3;6;22;0;0
225;407;2;1;36;79;36;79;0;0;0;0;2;27;5;4;35;0;1
225;407;3;2;46;69;46;69;0;0;0;0;40;39;3;4;32;1;13
226;408;1;0;3;9;4;10;2;5;0;0;152;2;0;1;3;0;0
226;156;1;1;12;19;15;24;0;2;0;0;20;11;1;0;7;2;3
227;37;1;0;39;91;40;93;2;3;0;0;18;20;5;14;39;0;0
227;37;2;0;27;78;28;79;0;4;0;0;16;10;4;13;24;3;0
227;37;3;0;24;92;25;93;0;4;0;0;0;14;2;8;24;0;0
227;209;1;0;24;55;24;55;0;0;0;0;0;21;3;0;21;3;0
227;209;2;0;47;85;47;85;1;2;0;0;29;44;3;0;44;3;0
227;209;3;0;65;114;65;114;0;1;0;0;0;57;8;0;64;1;0
228;30;1;1;22;40;22;40;0;0;0;0;4;14;2;6;19;0;3
228;409;1;0;9;30;9;30;0;0;0;0;0;0;3;6;9;0;0
229;120;1;0;25;47;34;56;1;2;0;0;166;15;10;0;18;7;0
229;120;2;0;16;53;17;54;0;0;0;0;50;15;1;0;16;0;0
229;410;1;0;42;87;52;100;0;0;0;0;0;33;4;5;35;7;0
229;410;2;1;47;76;48;77;0;0;0;0;0;29;10;8;46;1;0
230;13;1;0;6;9;8;11;0;0;0;0;10;5;0;1;1;2;3
230;13;2;0;3;4;9;10;0;0;0;0;0;3;0;0;0;3;0
230;13;3;0;4;9;10;16;0;0;0;0;32;4;0;0;1;0;3
230;169;1;0;9;12;32;38;1;4;0;1;220;7;0;2;2;4;3
230;169;2;0;7;7;42;48;3;4;0;0;276;5;0;2;2;0;5
230;169;3;0;5;6;37;44;1;3;0;1;209;3;0;2;3;0;2
231;411;1;0;24;56;29;67;1;3;0;0;123;19;3;2;17;0;7
231;411;2;0;32;56;45;74;1;3;0;0;240;29;1;2;9;1;22
231;411;3;0;23;38;51;76;1;1;0;0;247;21;2;0;6;1;16
231;412;1;0;8;17;17;28;0;0;0;0;5;1;4;3;8;0;0
231;412;2;0;7;15;10;19;0;0;0;0;0;3;3;1;7;0;0
231;412;3;0;2;5;12;18;0;0;1;0;0;1;1;0;2;0;0
232;338;1;0;21;31;22;32;0;0;0;0;9;20;0;1;10;1;10
232;413;1;0;13;21;13;21;0;2;0;0;0;2;2;9;13;0;0
233;414;1;0;6;12;11;17;1;1;0;0;13;5;1;0;6;0;0
233;414;2;0;18;42;30;57;0;0;0;0;83;16;2;0;18;0;0
233;414;3;0;12;28;13;29;2;2;0;0;41;9;3;0;12;0;0
233;415;1;0;4;5;15;18;0;0;1;1;236;3;1;0;3;0;1
233;415;2;0;16;32;18;35;0;1;0;0;0;11;3;2;16;0;0
233;415;3;0;12;39;20;47;0;2;2;1;27;9;2;1;12;0;0
234;416;1;0;6;14;13;23;0;2;4;1;140;2;2;2;5;1;0
234;416;2;0;27;54;29;56;0;3;0;0;41;8;15;4;27;0;0
234;416;3;0;13;49;15;53;0;1;0;0;0;5;4;4;11;2;0
234;417;1;0;5;15;7;18;1;1;0;1;104;4;1;0;4;1;0
234;417;2;0;18;55;19;57;0;0;0;0;0;14;3;1;16;2;0
234;417;3;0;25;51;30;59;1;1;0;0;110;19;5;1;22;2;1
235;418;1;0;7;8;16;18;0;0;0;0;266;6;1;0;0;1;6
235;418;2;0;3;3;20;21;0;0;0;1;216;3;0;0;0;0;3
235;418;3;0;2;5;2;5;2;2;0;0;74;2;0;0;0;1;1
235;127;1;0;3;3;8;10;0;3;0;0;23;0;3;0;0;3;0
235;127;2;1;2;3;6;10;0;0;3;1;74;1;1;0;0;2;0
235;127;3;0;7;11;8;12;0;0;2;0;0;5;2;0;6;1;0
236;419;1;0;6;20;11;26;1;1;0;0;131;2;3;1;3;2;1
236;419;2;0;4;7;7;15;0;3;0;1;57;1;3;0;1;2;1
236;419;3;0;45;85;65;106;0;0;0;0;18;36;7;2;42;3;0
236;420;1;0;11;23;23;35;0;0;0;0;49;5;1;5;9;2;0
236;420;2;0;5;15;23;40;1;2;0;0;221;5;0;0;2;0;3
236;420;3;0;23;52;28;57;1;3;0;0;55;12;2;9;23;0;0
237;421;1;0;1;2;3;5;0;0;0;1;28;0;0;1;1;0;0
237;422;1;0;1;1;19;25;1;1;1;0;104;1;0;0;1;0;0
238;423;1;0;8;24;15;31;1;2;0;0;139;5;2;1;5;0;3
238;423;2;0;15;29;67;88;1;3;0;0;145;6;5;4;10;5;0
238;423;3;0;2;3;11;14;2;2;0;0;47;1;1;0;1;1;0
238;423;4;0;16;22;81;101;1;2;1;0;256;9;4;3;6;8;2
238;423;5;0;5;11;46;59;1;2;0;0;242;4;0;1;3;1;1
238;424;1;0;4;16;17;33;0;0;0;0;0;3;0;1;4;0;0
238;424;2;0;15;23;16;24;0;0;0;0;0;11;2;2;15;0;0
238;424;3;0;3;4;4;6;0;0;1;0;228;2;0;1;3;0;0
238;424;4;0;3;4;3;4;0;0;0;0;11;1;2;0;1;2;0
238;424;5;0;10;18;21;30;0;0;0;0;0;8;2;0;9;1;0
239;425;1;0;6;14;14;23;0;1;0;0;129;0;4;2;2;4;0
239;425;2;0;24;45;29;50;0;0;0;0;0;9;5;10;23;1;0
239;425;3;0;21;41;23;44;0;0;0;0;0;11;7;3;19;2;0
239;426;1;0;6;13;37;48;0;2;0;1;91;2;3;1;5;0;1
239;426;2;0;27;61;39;73;0;1;0;0;20;6;9;12;26;1;0
239;426;3;0;37;78;45;86;0;0;0;0;30;12;20;5;37;0;0
240;45;1;0;10;40;15;45;2;2;0;0;28;6;0;4;10;0;0
240;45;2;0;20;66;20;66;0;1;0;0;10;19;0;1;19;1;0
240;45;3;0;29;63;44;83;2;4;0;0;72;27;1;1;28;1;0
240;427;1;0;8;27;8;27;0;1;0;0;0;5;3;0;8;0;0
240;427;2;0;18;38;18;38;0;0;0;0;0;14;3;1;18;0;0
240;427;3;0;24;80;28;84;0;0;0;0;0;21;3;0;24;0;0
241;428;1;0;44;89;46;91;0;1;0;0;2;8;12;24;41;3;0
241;428;2;0;54;105;54;105;0;0;0;0;0;18;15;21;50;4;0
241;428;3;0;64;113;64;113;0;0;0;0;0;30;18;16;57;7;0
241;429;1;0;18;41;18;41;0;1;0;0;0;6;7;5;18;0;0
241;429;2;0;38;79;38;79;0;1;0;0;6;19;16;3;35;3;0
241;429;3;0;43;76;44;79;1;3;0;0;37;23;14;6;38;5;0
242;430;1;1;14;24;46;57;0;0;0;0;23;10;4;0;7;1;6
242;430;2;0;13;19;15;21;0;0;0;0;0;9;3;1;11;2;0
242;430;3;0;8;23;11;26;0;0;0;0;0;7;1;0;8;0;0
242;431;1;0;3;4;7;8;2;4;1;0;169;0;2;1;2;0;1
242;431;2;0;8;17;15;25;1;7;1;0;134;2;3;3;6;2;0
242;431;3;0;10;17;11;18;3;7;0;0;162;5;3;2;5;5;0
243;432;1;0;4;6;4;6;1;6;1;0;65;1;1;2;3;0;1
243;432;2;0;4;7;4;7;0;1;0;0;4;3;0;1;4;0;0
243;66;1;0;10;18;15;26;0;0;0;0;149;7;3;0;3;0;7
243;66;2;1;5;9;5;9;0;0;0;0;27;4;0;1;5;0;0
244;433;1;1;10;13;15;19;4;9;1;0;195;4;2;4;8;2;0
244;433;2;0;20;33;27;42;0;3;0;0;108;8;7;5;17;3;0
244;433;3;0;10;24;16;32;0;3;0;0;81;3;2;5;10;0;0
244;146;1;0;11;14;19;22;2;2;0;0;21;5;4;2;9;2;0
244;146;2;0;20;46;24;51;0;0;0;0;0;16;2;2;18;2;0
244;146;3;0;23;42;30;50;0;0;0;0;30;21;2;0;22;1;0
245;128;1;1;21;29;38;50;0;0;1;0;123;16;5;0;2;5;14
245;434;1;0;3;4;9;11;0;0;0;0;2;0;2;1;1;2;0
246;435;1;0;0;0;0;0;0;0;0;0;0;0;0;0;0;0;0
246;435;2;0;20;37;24;41;0;0;1;0;29;8;8;4;16;3;1
246;435;3;0;6;8;10;12;0;0;0;1;70;3;2;1;6;0;0
246;436;1;0;16;20;46;51;1;1;0;0;296;16;0;0;1;0;15
246;436;2;0;18;43;21;46;0;4;0;1;121;17;1;0;18;0;0
246;436;3;0;8;20;41;64;1;1;0;1;197;8;0;0;2;0;6
247;437;1;0;3;12;9;18;1;1;0;1;120;1;1;1;3;0;0
247;437;2;0;8;28;17;39;1;1;0;0;44;2;2;4;7;1;0
247;437;3;0;12;23;24;36;0;1;0;0;24;7;4;1;6;6;0
247;276;1;0;11;23;36;50;2;2;0;0;80;8;2;1;3;2;6
247;276;2;0;15;34;21;41;2;2;0;0;37;6;1;8;14;1;0
247;276;3;0;8;15;34;45;1;1;1;0;197;7;1;0;7;0;1
248;438;1;0;9;16;16;24;1;1;0;0;208;7;0;2;7;1;1
248;438;2;0;8;10;27;31;1;1;0;0;188;7;1;0;6;2;0
248;438;3;0;16;43;17;44;0;1;0;0;0;12;2;2;15;1;0
248;439;1;0;2;8;9;16;0;2;1;0;13;1;0;1;2;0;0
248;439;2;0;1;7;5;11;0;1;0;0;34;1;0;0;1;0;0
248;439;3;0;6;21;6;21;0;3;0;0;0;2;2;2;6;0;0
249;440;1;0;10;24;11;25;1;1;0;0;21;10;0;0;10;0;0
249;440;2;0;10;27;10;27;2;4;0;0;19;7;0;3;8;2;0
249;440;3;0;20;38;22;42;1;4;0;0;23;19;1;0;19;1;0
249;441;1;0;12;29;12;29;0;1;0;0;0;5;5;2;12;0;0
249;441;2;0;12;28;12;28;1;1;0;0;32;6;4;2;12;0;0
249;441;3;0;29;60;29;60;0;0;0;0;4;22;6;1;26;3;0
250;442;1;0;12;49;16;53;2;2;0;0;60;3;4;5;9;0;3
250;442;2;0;20;65;36;82;1;3;0;0;87;14;6;0;17;1;2
250;442;3;0;28;81;28;81;0;0;0;0;0;17;9;2;28;0;0
250;102;1;0;21;26;27;34;0;0;0;0;4;8;5;8;17;4;0
250;102;2;0;27;40;30;46;0;0;0;0;0;18;5;4;27;0;0
250;102;3;0;30;45;30;45;0;0;0;0;0;22;2;6;28;2;0
251;443;1;0;11;38;12;39;0;4;0;0;0;3;5;3;10;1;0
251;443;2;0;23;37;24;38;0;2;0;0;0;11;3;9;23;0;0
251;443;3;0;6;17;6;17;0;1;0;0;1;2;2;2;6;0;0
251;444;1;0;13;34;13;34;0;0;0;0;0;10;1;2;13;0;0
251;444;2;0;22;53;22;53;0;0;0;0;0;21;1;0;22;0;0
251;444;3;2;21;34;21;34;0;0;0;0;14;20;1;0;9;1;11
252;445;1;0;6;12;14;21;3;4;0;0;231;5;0;1;4;0;2
252;445;2;0;10;22;12;26;2;4;0;0;96;6;4;0;10;0;0
252;445;3;0;20;43;22;45;2;5;0;0;106;17;2;1;20;0;0
252;12;1;0;5;10;15;22;0;0;0;0;0;3;2;0;4;1;0
252;12;2;0;22;42;38;63;1;1;0;1;21;8;12;2;13;9;0
252;12;3;0;31;52;35;57;0;3;0;0;0;17;12;2;24;7;0
253;446;1;1;16;31;16;31;0;0;0;0;10;13;1;2;15;1;0
253;447;1;2;19;28;30;43;0;0;0;0;27;18;0;1;7;0;12
254;448;1;0;1;17;5;22;1;2;0;0;109;0;1;0;1;0;0
254;448;2;0;9;37;20;50;1;2;0;0;140;4;3;2;8;1;0
254;448;3;0;8;22;47;66;1;1;0;0;240;7;1;0;8;0;0
254;449;1;0;7;12;36;45;0;0;0;0;0;2;1;4;6;1;0
254;449;2;0;4;21;12;31;0;0;1;0;0;2;0;2;4;0;0
254;449;3;0;4;10;40;51;0;0;1;0;0;1;0;3;4;0;0
255;450;1;0;8;13;9;15;2;6;0;0;142;4;1;3;6;1;1
255;450;2;0;14;38;14;38;0;4;0;0;11;9;0;5;14;0;0
255;450;3;0;23;50;23;50;0;5;0;0;0;21;0;2;22;1;0
255;125;1;0;9;23;13;29;0;0;0;1;17;2;0;7;9;0;0
255;125;2;0;44;88;44;88;0;0;0;0;8;19;12;13;43;1;0
255;125;3;1;69;115;74;120;0;0;0;0;42;41;15;13;62;1;6
256;197;1;0;5;13;5;13;0;0;0;0;0;0;2;3;5;0;0
256;123;1;1;4;8;4;8;0;0;0;0;0;4;0;0;4;0;0
257;451;1;0;4;6;4;6;0;0;0;0;0;1;2;1;4;0;0
257;186;1;0;7;13;14;20;1;1;1;0;102;1;2;4;7;0;0
258;452;1;0;27;45;35;54;0;0;0;0;32;11;7;9;23;4;0
258;452;2;0;33;52;42;63;0;1;0;0;58;19;2;12;24;9;0
258;453;1;0;28;66;38;76;0;4;0;0;70;20;5;3;19;9;0
258;453;2;1;29;55;41;69;0;0;0;0;10;20;3;6;20;1;8
259;454;1;0;15;46;15;46;0;2;0;0;16;9;4;2;13;2;0
259;454;2;0;27;56;31;61;1;2;0;0;99;21;2;4;20;7;0
259;454;3;0;27;51;46;78;3;4;1;0;197;21;6;0;10;8;9
259;455;1;0;14;40;22;48;0;0;0;0;0;9;2;3;11;3;0
259;455;2;0;14;45;20;54;0;0;0;0;0;9;4;1;12;2;0
259;455;3;0;13;33;39;61;0;0;0;0;0;12;1;0;12;1;0
260;49;1;0;7;43;9;48;0;1;0;0;44;5;0;2;7;0;0
260;49;2;0;16;46;16;46;0;0;0;0;0;11;2;3;16;0;0
260;49;3;0;27;60;27;60;0;1;0;0;0;19;3;5;27;0;0
260;456;1;0;21;54;23;56;0;0;0;0;0;11;8;2;21;0;0
260;456;2;0;21;88;22;89;0;0;0;0;0;7;5;9;21;0;0
260;456;3;0;28;88;28;88;0;0;0;0;0;10;12;6;28;0;0
261;457;1;0;25;44;28;47;0;0;0;0;32;8;4;13;25;0;0
261;457;2;0;45;86;49;90;0;0;0;0;11;24;3;18;44;1;0
261;457;3;0;65;123;83;142;0;0;0;0;32;47;12;6;55;9;1
261;196;1;0;24;52;29;57;0;0;0;0;5;10;6;8;23;1;0
261;196;2;0;38;69;38;69;0;3;0;0;25;23;13;2;37;1;0
261;196;3;0;29;96;29;96;1;3;0;0;1;20;7;2;24;5;0
262;458;1;0;6;24;6;24;0;2;0;0;0;4;2;0;6;0;0
262;341;1;1;21;34;21;34;0;0;0;0;9;12;8;1;16;0;5
263;459;1;0;14;20;14;20;0;0;0;0;0;6;1;7;14;0;0
263;460;1;1;27;42;27;42;0;0;0;0;4;21;1;5;16;0;11
264;461;1;0;7;26;7;26;0;0;0;0;0;6;1;0;6;1;0
264;461;2;0;23;38;23;38;1;2;1;0;20;16;7;0;20;3;0
264;461;3;0;4;6;4;6;0;0;0;0;0;4;0;0;4;0;0
264;462;1;0;21;31;23;33;0;0;0;0;31;8;5;8;14;2;5
264;462;2;0;19;31;23;35;0;1;0;1;49;9;7;3;15;4;0
264;462;3;1;15;18;15;18;0;0;0;0;0;10;4;1;15;0;0
265;34;1;0;58;108;77;128;2;4;0;0;125;54;3;1;31;25;2
265;34;2;0;56;91;69;106;0;2;0;0;0;42;12;2;31;25;0
265;34;3;0;60;103;68;111;0;1;0;0;0;55;2;3;50;10;0
265;325;1;0;41;80;41;80;0;1;0;0;0;41;0;0;37;4;0
265;325;2;0;54;86;55;87;0;0;0;0;20;49;5;0;46;8;0
265;325;3;0;82;127;85;131;0;0;0;0;11;74;8;0;63;19;0
266;463;1;0;10;19;10;19;0;0;0;0;0;5;2;3;10;0;0
266;463;2;0;9;19;9;19;0;0;0;0;0;4;3;2;9;0;0
266;463;3;0;15;35;15;35;0;0;0;0;0;1;2;12;15;0;0
266;464;1;0;17;28;17;28;0;0;0;0;0;2;2;13;17;0;0
266;464;2;0;13;28;13;28;0;1;0;0;10;3;1;9;12;1;0
266;464;3;0;12;24;12;24;0;0;0;0;0;2;3;7;12;0;0
267;465;1;2;37;49;40;52;0;0;0;0;6;23;7;7;35;0;2
267;466;1;0;15;30;15;30;0;0;0;0;0;9;1;5;15;0;0
268;5;1;0;17;28;17;28;0;0;0;0;0;12;3;2;15;2;0
268;5;2;0;19;33;19;33;0;0;0;0;0;11;4;4;16;3;0
268;5;3;0;13;27;13;27;0;0;0;0;0;5;7;1;6;7;0
268;467;1;0;22;56;25;59;1;4;0;0;47;17;1;4;21;1;0
268;467;2;0;49;77;49;77;2;4;0;0;41;40;5;4;43;2;4
268;467;3;0;29;48;30;49;3;5;0;0;117;22;5;2;26;3;0
269;468;1;0;20;34;48;62;0;0;0;0;101;9;1;10;14;0;6
269;468;2;0;19;31;25;37;0;2;2;0;102;6;4;9;16;3;0
269;468;3;0;17;26;64;77;0;1;0;0;42;9;5;3;9;8;0
269;469;1;0;18;39;23;46;0;0;0;0;0;8;5;5;14;1;3
269;469;2;0;14;26;19;32;0;2;0;0;18;8;5;1;10;4;0
269;469;3;0;14;30;25;43;0;2;0;0;145;9;4;1;7;7;0
270;155;1;0;14;21;24;33;2;3;0;0;235;11;3;0;3;0;11
270;155;2;0;4;13;14;23;2;3;1;0;175;4;0;0;1;0;3
270;140;1;0;1;12;3;15;0;0;0;0;0;0;0;1;1;0;0
270;140;2;0;3;9;13;19;0;0;0;0;0;2;0;1;3;0;0
271;470;1;0;7;13;50;63;1;1;0;0;219;4;3;0;0;1;6
271;470;2;0;5;13;6;14;2;2;1;0;93;0;5;0;1;4;0
271;471;1;0;17;22;23;29;2;2;0;0;23;15;1;1;2;5;10
271;471;2;0;1;3;2;4;0;0;0;0;0;1;0;0;0;1;0
272;121;1;0;40;66;44;71;0;1;0;0;58;20;8;12;31;9;0
272;121;2;0;63;119;71;129;0;1;0;0;14;23;11;29;61;2;0
272;121;3;0;44;86;49;91;1;2;0;0;57;28;11;5;32;11;1
272;111;1;0;27;41;28;43;0;3;0;0;15;14;6;7;20;7;0
272;111;2;0;44;75;46;77;1;2;0;0;1;32;3;9;42;2;0
272;111;3;0;41;64;43;66;0;1;0;0;0;35;3;3;29;12;0
273;472;1;0;9;20;12;23;1;1;0;0;76;4;4;1;8;1;0
273;147;1;1;12;28;16;34;0;0;1;0;64;6;1;5;8;0;4
274;473;1;0;7;11;40;49;2;2;0;0;230;7;0;0;2;0;5
274;473;2;0;5;8;41;54;1;1;0;0;129;5;0;0;3;0;2
274;473;3;0;12;28;40;61;1;2;0;0;188;12;0;0;9;1;2
274;474;1;0;8;10;9;11;0;0;1;0;0;2;3;3;8;0;0
274;474;2;0;10;22;17;30;0;0;0;1;100;7;3;0;1;0;9
274;474;3;0;11;34;15;38;0;0;1;1;10;7;3;1;8;1;2
275;475;1;0;14;20;16;22;0;2;0;0;73;10;3;1;13;1;0
275;475;2;0;7;16;46;62;1;2;1;0;123;6;1;0;7;0;0
275;476;1;0;17;38;19;41;0;1;0;0;1;3;3;11;15;2;0
275;476;2;0;10;24;11;25;0;1;0;0;0;5;2;3;10;0;0
276;477;1;0;3;10;26;34;3;6;0;0;180;3;0;0;3;0;0
276;477;2;0;9;16;61;79;2;2;0;0;213;8;1;0;7;1;1
276;477;3;0;14;38;35;61;1;4;0;0;87;8;6;0;14;0;0
276;236;1;0;7;13;9;16;0;1;0;0;0;5;1;1;7;0;0
276;236;2;0;6;14;50;62;0;0;0;0;16;3;1;2;4;2;0
276;236;3;0;24;55;30;66;1;1;0;1;47;19;3;2;22;2;0
277;289;1;0;7;15;23;38;2;3;1;0;116;6;1;0;3;0;4
277;225;1;0;8;17;8;17;0;0;0;0;0;5;1;2;8;0;0
278;478;1;0;20;47;21;49;0;0;0;0;15;16;1;3;17;2;1
278;478;2;0;67;109;68;110;0;0;0;0;4;49;16;2;64;3;0
278;478;3;1;27;41;27;41;0;0;0;0;3;23;3;1;26;0;1
278;479;1;0;17;63;17;63;0;4;0;0;0;13;1;3;17;0;0
278;479;2;0;14;79;15;80;0;4;0;0;0;13;1;0;14;0;0
278;479;3;0;13;43;13;43;0;0;0;0;0;9;1;3;13;0;0
279;29;1;1;74;134;76;138;0;0;0;0;6;51;23;0;62;9;3
279;480;1;0;20;61;21;64;0;0;0;0;15;14;6;0;19;1;0
280;481;1;0;21;42;26;47;0;1;0;0;0;10;10;1;16;5;0
280;481;2;0;44;65;51;72;0;1;0;0;0;36;7;1;34;10;0
280;481;3;0;42;65;50;74;0;3;0;0;38;25;17;0;34;8;0
280;482;1;0;25;62;25;62;0;1;0;0;35;12;9;4;24;1;0
280;482;2;0;20;65;20;65;0;1;0;0;3;9;8;3;16;4;0
280;482;3;0;22;71;24;73;0;1;0;0;30;19;3;0;20;2;0
281;166;1;0;8;11;8;11;0;0;0;0;0;3;1;4;8;0;0
281;166;2;0;7;17;12;22;0;0;0;0;0;4;2;1;6;1;0
281;166;3;0;2;3;5;9;0;0;0;0;0;2;0;0;2;0;0
281;218;1;0;4;9;28;35;0;3;0;0;123;2;0;2;3;1;0
281;218;2;0;8;12;27;33;0;1;0;0;115;5;1;2;7;1;0
281;218;3;1;16;20;109;131;0;1;0;0;278;15;1;0;0;2;14
282;275;1;0;20;46;20;46;0;0;0;0;0;11;4;5;20;0;0
282;275;2;1;23;43;27;51;2;3;0;0;78;15;7;1;21;1;1
282;246;1;0;27;59;27;59;0;1;0;0;2;13;5;9;27;0;0
282;246;2;0;20;40;20;40;0;4;0;0;4;13;7;0;20;0;0
283;483;1;0;22;29;26;35;2;6;0;0;136;17;4;1;15;3;4
283;483;2;0;5;7;5;7;0;1;0;0;0;2;1;2;5;0;0
283;484;1;0;17;30;35;53;1;1;1;0;18;9;3;5;12;1;4
283;484;2;0;3;6;9;16;1;1;0;0;5;1;1;1;3;0;0
284;485;1;0;24;50;37;63;0;0;0;0;0;14;9;1;21;3;0
284;485;2;1;8;21;49;65;0;0;0;0;3;7;1;0;6;0;2
284;202;1;0;18;44;30;59;1;2;0;0;67;11;7;0;11;7;0
284;202;2;0;13;20;26;38;1;1;0;0;189;6;3;4;12;0;1
285;486;1;0;35;61;46;73;0;1;0;0;19;11;19;5;29;6;0
285;486;2;1;30;46;54;71;2;3;0;0;98;20;9;1;15;5;10
285;486;3;0;5;8;28;31;0;1;0;0;0;2;2;1;5;0;0
285;148;1;0;33;46;34;48;0;1;0;0;36;22;3;8;30;3;0
285;148;2;0;25;40;40;57;1;1;0;0;98;17;3;5;17;6;2
285;148;3;0;20;27;24;31;1;1;1;0;115;12;2;6;15;0;5
286;250;1;0;16;37;35;58;0;3;0;0;75;12;2;2;12;3;1
286;250;2;0;9;20;34;51;2;2;0;0;140;6;3;0;4;2;3
286;250;3;0;5;10;39;45;1;1;1;1;151;1;4;0;0;0;5
286;487;1;0;21;48;27;59;1;5;0;0;71;7;7;7;20;1;0
286;487;2;0;5;7;23;30;2;6;0;0;115;2;1;2;4;1;0
286;487;3;0;7;12;14;20;0;1;0;1;102;5;1;1;6;0;1
287;267;1;0;21;36;31;46;0;0;0;0;5;4;10;7;18;3;0
287;267;2;0;41;54;59;72;0;1;0;0;10;18;19;4;32;9;0
287;267;3;0;43;69;54;81;0;0;0;0;8;22;18;3;33;10;0
287;488;1;1;42;89;66;117;0;0;0;0;35;23;19;0;19;22;1
287;488;2;0;32;83;44;95;0;0;0;0;19;19;13;0;20;12;0
287;488;3;0;32;86;45;100;1;3;0;0;24;20;11;1;22;10;0
288;489;1;0;24;42;37;56;0;0;0;0;0;13;2;9;24;0;0
288;489;2;0;18;33;21;36;0;2;0;0;0;9;6;3;18;0;0
288;490;1;0;9;23;9;23;1;4;0;0;61;7;1;1;6;1;2
288;490;2;0;27;47;43;67;1;4;0;0;103;26;1;0;12;1;14
289;32;1;1;12;38;12;38;0;0;1;0;2;8;0;4;11;0;1
289;491;1;0;5;25;5;25;0;0;0;0;0;4;0;1;5;0;0
290;492;1;0;0;1;0;1;1;2;1;0;23;0;0;0;0;0;0
290;493;1;0;1;3;1;3;1;1;0;0;8;0;1;0;0;1;0
291;494;1;0;17;46;18;47;0;0;0;0;3;13;2;2;16;1;0
291;118;1;2;29;48;30;49;0;0;0;0;5;18;3;8;25;2;2
292;137;1;0;7;24;7;24;0;0;0;0;0;3;1;3;7;0;0
292;137;2;0;7;20;7;21;2;4;0;0;80;5;2;0;5;2;0
292;137;3;0;2;16;2;16;1;4;0;0;47;2;0;0;2;0;0
292;41;1;0;22;47;22;47;0;0;0;0;0;3;6;13;22;0;0
292;41;2;1;44;63;55;74;0;0;0;0;51;30;10;4;31;11;2
292;41;3;1;28;46;30;49;0;0;0;0;8;21;6;1;22;6;0
293;260;1;0;13;27;15;29;0;0;0;0;13;12;1;0;5;0;8
293;495;1;0;1;3;1;3;0;0;0;0;0;0;0;1;1;0;0
294;39;1;0;20;39;21;45;0;0;0;0;0;6;8;6;18;2;0
294;39;2;1;9;16;19;28;0;1;2;0;10;7;2;0;2;2;5
294;39;3;0;3;7;6;10;0;0;0;1;67;3;0;0;2;0;1
294;192;1;0;11;32;20;42;1;3;0;0;38;6;3;2;8;2;1
294;192;2;0;17;29;44;74;1;1;0;0;258;15;2;0;1;0;16
294;192;3;0;6;11;29;51;1;1;0;1;175;6;0;0;3;0;3
295;234;1;0;11;32;13;34;0;2;0;0;6;3;5;3;11;0;0
295;496;1;1;13;22;19;28;0;0;0;0;7;6;2;5;7;6;0
296;184;1;0;8;22;13;28;0;0;0;0;0;5;2;1;4;4;0
296;184;2;0;19;50;21;52;0;0;0;0;0;8;7;4;17;2;0
296;184;3;0;20;38;51;73;0;1;0;0;41;9;11;0;15;5;0
296;214;1;0;9;15;18;26;1;2;0;0;183;8;1;0;2;2;5
296;214;2;0;13;26;13;26;0;0;0;0;0;11;2;0;12;1;0
296;214;3;0;8;18;18;29;2;3;0;0;124;5;3;0;4;3;1
297;21;1;1;25;66;25;66;0;0;0;0;0;16;3;6;25;0;0
297;497;1;0;8;33;8;33;0;0;0;0;0;3;3;2;8;0;0
298;182;1;0;22;54;23;57;0;0;0;0;8;5;13;4;21;1;0
298;182;2;1;41;65;67;100;0;0;0;0;83;25;8;8;22;1;18
298;168;1;0;16;36;23;43;0;4;0;0;50;9;3;4;12;4;0
298;168;2;0;12;27;13;28;0;4;0;0;10;6;3;3;11;1;0
299;498;1;0;12;55;12;55;0;1;0;0;0;9;1;2;12;0;0
299;498;2;0;15;35;23;45;2;3;0;0;126;13;1;1;9;2;4
299;498;3;0;17;49;17;49;0;1;0;0;0;11;5;1;17;0;0
299;265;1;0;16;46;16;46;0;0;0;0;0;15;1;0;16;0;0
299;265;2;0;15;29;16;30;0;0;0;0;0;13;2;0;15;0;0
299;265;3;1;40;94;41;95;0;0;0;0;6;35;3;2;36;0;4
300;162;1;0;29;59;41;75;3;5;1;0;136;11;8;10;25;2;2
300;162;2;0;28;51;59;85;1;3;0;0;225;14;12;2;18;6;4
300;162;3;0;16;40;37;67;2;3;1;0;213;7;5;4;10;4;2
300;499;1;0;16;23;25;33;0;0;0;0;0;5;5;6;15;1;0
300;499;2;0;15;20;33;39;0;1;0;0;0;4;10;1;10;5;0
300;499;3;0;6;13;14;22;0;0;0;0;0;4;0;2;6;0;0
301;500;1;0;11;31;11;31;0;0;0;0;0;3;6;2;11;0;0
301;500;2;0;17;37;17;37;0;0;0;0;0;9;7;1;17;0;0
301;500;3;0;25;50;26;52;1;1;0;0;23;12;11;2;25;0;0
301;500;4;0;21;35;30;45;3;4;0;0;79;16;5;0;15;1;5
301;500;5;0;12;36;40;69;5;5;0;0;132;7;4;1;12;0;0
301;501;1;0;14;49;14;49;0;0;0;0;0;6;4;4;14;0;0
301;501;2;0;24;57;24;57;0;0;0;0;0;12;7;5;24;0;0
301;501;3;0;23;48;23;48;0;0;0;0;0;12;8;3;23;0;0
301;501;4;0;16;39;16;39;0;0;0;0;0;6;5;5;16;0;0
301;501;5;0;12;46;12;46;0;0;0;0;0;9;0;3;12;0;0
302;266;1;0;33;56;45;68;0;0;0;0;0;22;10;1;30;3;0
302;266;2;0;35;70;35;70;0;0;0;0;0;22;10;3;34;1;0
302;266;3;0;32;51;33;54;0;0;0;0;0;21;11;0;26;6;0
302;15;1;0;20;59;54;95;0;0;0;0;65;17;3;0;18;2;0
302;15;2;0;30;81;36;87;0;0;0;0;29;22;8;0;29;1;0
302;15;3;0;11;40;17;51;1;1;0;0;75;9;2;0;11;0;0
303;55;1;0;5;12;5;12;0;0;0;0;0;3;1;1;5;0;0
303;55;2;0;10;24;11;25;0;0;0;0;0;6;3;1;10;0;0
303;55;3;0;12;19;17;24;0;0;0;0;26;8;0;4;12;0;0
303;222;1;0;4;11;4;11;0;0;0;0;0;2;1;1;4;0;0
303;222;2;0;2;26;5;29;0;0;0;0;44;1;0;1;2;0;0
303;222;3;0;6;27;16;38;0;2;0;0;123;1;3;2;4;2;0
304;10;1;1;10;13;10;13;0;0;0;0;4;9;0;1;2;0;8
304;502;1;0;0;4;0;4;0;0;0;0;0;0;0;0;0;0;0
305;110;1;0;2;6;3;7;2;2;0;0;153;2;0;0;2;0;0
305;110;2;0;5;19;9;24;0;1;0;0;93;4;0;1;4;1;0
305;110;3;0;3;9;28;63;1;1;0;0;181;2;0;1;3;0;0
305;233;1;0;16;29;23;36;0;1;0;0;37;5;2;9;13;1;2
305;233;2;0;20;44;28;54;0;0;0;0;31;6;3;11;20;0;0
305;233;3;0;18;26;27;35;0;1;0;0;0;7;1;10;18;0;0
306;59;1;0;15;36;15;38;2;5;0;0;116;10;2;3;13;2;0
306;59;2;0;2;5;2;5;0;0;0;0;0;2;0;0;2;0;0
306;503;1;0;6;20;9;23;1;1;0;1;56;3;2;1;5;0;1
306;503;2;2;10;12;11;13;0;0;0;0;9;8;2;0;6;4;0
307;112;1;0;18;46;27;55;0;0;0;0;0;12;4;2;16;2;0
307;112;2;0;34;73;35;76;0;0;0;0;0;26;5;3;30;4;0
307;112;3;0;58;117;61;120;0;0;0;0;5;38;20;0;37;20;1
307;54;1;0;15;32;18;38;2;4;0;0;105;13;2;0;14;1;0
307;54;2;0;22;51;22;51;0;0;0;0;23;14;8;0;22;0;0
307;54;3;0;28;52;28;52;1;3;0;0;11;22;6;0;25;3;0
308;69;1;0;17;56;17;56;0;1;0;0;0;7;2;8;17;0;0
308;69;2;0;19;56;19;56;0;0;0;0;0;9;0;10;19;0;0
308;69;3;0;31;66;31;66;0;0;0;0;0;16;0;15;31;0;0
308;61;1;0;11;26;11;26;0;0;0;0;0;8;3;0;11;0;0
308;61;2;0;23;42;23;42;0;0;0;0;0;14;7;2;23;0;0
308;61;3;0;18;51;18;51;0;0;0;0;0;14;3;1;18;0;0
309;65;1;0;16;28;37;49;0;2;0;0;28;12;2;2;12;4;0
309;65;2;0;9;20;39;53;1;5;0;0;140;6;2;1;6;3;0
309;65;3;0;9;10;61;64;1;7;0;0;207;7;2;0;2;6;1
309;242;1;0;9;25;16;32;0;0;0;0;0;6;2;1;8;1;0
309;242;2;0;3;19;11;27;0;1;0;0;0;1;2;0;2;1;0
309;242;3;0;9;16;33;41;0;0;0;0;0;6;3;0;3;6;0
310;504;1;0;28;42;41;56;0;0;0;0;112;19;9;0;19;9;0
310;504;2;1;39;47;73;88;1;2;1;0;217;35;4;0;16;7;16
310;504;3;0;8;18;21;33;1;2;0;0;37;7;1;0;7;1;0
310;505;1;0;6;14;9;19;0;1;0;0;93;2;2;2;4;2;0
310;505;2;0;5;10;7;12;0;4;0;0;8;3;0;2;5;0;0
310;505;3;0;6;15;13;23;1;7;0;0;202;5;1;0;6;0;0
311;169;1;0;9;18;9;18;1;3;0;0;40;5;2;2;7;2;0
311;410;1;0;19;26;34;46;0;0;0;0;19;13;6;0;5;9;5
312;506;1;0;17;46;22;51;0;1;0;0;30;10;4;3;15;1;1
312;506;2;0;11;36;11;36;0;3;0;0;24;7;3;1;10;1;0
312;506;3;0;19;46;19;47;1;2;0;0;1;9;9;1;18;1;0
312;507;1;0;27;52;28;53;0;1;0;0;2;16;2;9;25;2;0
312;507;2;0;25;50;48;76;0;0;0;0;10;14;5;6;24;1;0
312;507;3;0;29;44;29;44;0;3;0;0;7;18;6;5;22;5;2
313;129;1;0;32;47;33;48;0;0;0;0;28;13;8;11;28;4;0
313;129;2;0;17;31;17;31;1;1;0;0;6;9;5;3;7;4;6
313;176;1;0;20;67;26;73;0;1;0;0;5;11;8;1;18;2;0
313;176;2;0;6;13;6;13;0;0;0;0;7;5;1;0;6;0;0
314;508;1;0;3;12;3;12;0;1;0;0;0;2;1;0;3;0;0
314;509;1;2;36;55;43;68;0;0;0;0;38;30;4;2;12;10;14
315;161;1;0;25;37;27;39;0;0;0;1;100;18;6;1;12;1;12
315;161;2;0;10;19;11;22;1;1;0;0;14;7;1;2;9;0;1
315;161;3;0;7;17;13;23;0;0;1;0;10;6;1;0;6;1;0
315;134;1;0;5;15;9;20;1;2;0;1;98;2;1;2;5;0;0
315;134;2;0;2;3;26;28;1;1;0;0;246;0;0;2;2;0;0
315;134;3;0;5;8;29;33;1;4;0;1;213;3;1;1;3;1;1
316;307;1;0;19;39;19;39;1;1;0;0;23;15;2;2;19;0;0
316;307;2;0;18;39;19;41;1;1;0;1;11;16;2;0;18;0;0
316;307;3;0;25;63;32;74;2;4;0;0;25;15;7;3;24;0;1
316;26;1;0;23;46;26;49;0;1;0;0;0;7;7;9;23;0;0
316;26;2;0;30;62;34;66;1;2;0;0;31;9;15;6;22;6;2
316;26;3;0;41;61;43;64;0;0;0;0;5;21;12;8;38;3;0
317;30;1;0;44;83;44;83;0;0;0;0;0;26;7;11;44;0;0
317;30;2;0;46;81;49;88;0;0;0;0;95;34;11;1;44;2;0
317;510;1;0;40;94;44;102;0;0;0;0;36;23;7;10;40;0;0
317;510;2;0;25;55;32;62;0;1;0;0;8;16;4;5;25;0;0
318;301;1;0;14;20;40;49;1;2;1;0;147;4;4;6;10;1;3
318;67;1;0;5;11;5;11;0;1;0;0;18;1;0;4;5;0;0
319;143;1;0;18;34;18;36;0;2;0;0;0;7;7;4;11;7;0
319;143;2;0;33;60;38;65;0;1;0;0;0;17;10;6;29;4;0
319;143;3;0;34;68;54;88;0;3;0;0;6;19;13;2;21;13;0
319;342;1;0;12;19;15;22;0;2;0;0;53;6;2;4;12;0;0
319;342;2;0;27;53;37;66;0;3;0;0;81;18;6;3;27;0;0
319;342;3;0;34;64;49;83;0;3;0;0;89;28;6;0;32;2;0
320;511;1;0;2;10;12;20;0;0;0;0;0;1;1;0;2;0;0
320;511;2;0;6;13;20;28;0;0;0;0;6;4;2;0;4;1;1
320;511;3;0;4;8;25;33;0;0;0;0;0;1;3;0;3;1;0
320;154;1;0;16;21;49;65;7;8;0;0;242;13;2;1;3;0;13
320;154;2;0;2;3;25;26;7;9;0;0;253;0;0;2;0;1;1
320;154;3;0;2;4;9;11;5;7;0;0;258;0;1;1;2;0;0
321;108;1;0;19;37;19;38;0;3;0;0;23;14;2;3;19;0;0
321;108;2;0;34;52;34;52;0;1;0;0;54;25;3;6;34;0;0
321;108;3;0;39;72;39;72;0;0;0;0;0;20;13;6;39;0;0
321;165;1;1;20;45;32;59;0;0;0;0;12;14;3;3;17;1;2
321;165;2;0;14;50;14;50;0;0;0;0;0;12;1;1;14;0;0
321;165;3;0;27;63;27;63;0;0;0;0;0;22;0;5;27;0;0
322;512;1;0;3;6;5;8;0;0;0;1;79;1;1;1;2;1;0
322;512;2;1;13;21;13;21;0;0;1;0;16;13;0;0;3;2;8
322;513;1;0;1;1;18;24;4;7;0;0;162;1;0;0;1;0;0
322;513;2;0;2;2;3;3;0;1;0;0;0;2;0;0;2;0;0
323;514;1;0;20;26;42;50;1;1;0;0;171;8;9;3;3;12;5
323;514;2;0;32;72;34;74;0;1;0;0;28;16;11;5;28;4;0
323;514;3;0;32;72;32;72;0;0;0;0;4;18;8;6;31;1;0
323;171;1;1;10;21;23;35;0;0;1;0;59;8;2;0;4;5;1
323;171;2;0;13;66;15;68;0;2;0;0;0;7;4;2;12;1;0
323;171;3;1;48;92;48;93;0;1;0;0;10;33;10;5;46;2;0
324;515;1;0;18;35;18;35;0;0;0;0;0;7;10;1;6;12;0
324;515;2;1;18;31;21;34;0;0;0;0;29;11;6;1;13;2;3
324;515;3;0;12;20;16;26;0;1;0;0;0;11;1;0;12;0;0
324;516;1;0;20;41;33;56;0;4;0;0;190;17;3;0;4;16;0
324;516;2;0;11;31;22;52;0;1;0;1;145;6;5;0;7;3;1
324;516;3;0;4;12;13;25;3;4;0;0;225;3;1;0;4;0;0
325;308;1;0;18;27;31;40;1;1;1;0;106;16;1;1;6;0;12
325;517;1;0;0;8;0;8;0;0;0;0;0;0;0;0;0;0;0
326;518;1;0;19;43;22;47;2;3;0;0;104;9;7;3;13;6;0
326;518;2;0;23;64;24;67;0;3;0;0;34;15;8;0;22;1;0
326;518;3;0;20;61;26;68;2;5;0;0;48;11;7;2;18;2;0
326;519;1;0;22;50;33;64;0;0;0;0;6;15;2;5;20;2;0
326;519;2;0;42;90;49;100;0;0;0;0;10;25;13;4;34;8;0
326;519;3;0;40;81;55;99;0;0;0;0;18;27;10;3;34;6;0
327;520;1;0;40;85;41;87;0;3;0;0;64;18;16;6;29;11;0
327;520;2;0;30;63;32;66;1;1;0;0;74;15;13;2;17;12;1
327;520;3;0;37;83;38;84;0;2;0;0;17;19;16;2;26;11;0
327;521;1;0;33;43;37;47;0;4;0;0;22;13;9;11;30;3;0
327;521;2;0;22;37;27;44;0;2;0;0;0;16;2;4;18;4;0
327;521;3;0;22;64;27;69;0;1;0;0;0;18;2;2;17;5;0
328;252;1;0;8;13;11;16;0;0;0;0;0;5;2;1;8;0;0
328;252;2;0;5;7;16;18;0;0;0;0;0;3;2;0;5;0;0
328;252;3;0;2;5;10;13;0;0;0;0;0;1;1;0;2;0;0
328;252;4;0;6;11;8;13;0;0;0;0;0;6;0;0;6;0;0
328;252;5;0;5;9;28;32;0;0;0;0;96;3;1;1;4;1;0
328;522;1;0;10;14;19;25;1;1;2;0;270;7;0;3;6;1;3
328;522;2;0;13;15;24;26;1;2;2;0;280;11;2;0;2;0;11
328;522;3;0;9;14;18;23;1;4;0;0;269;7;1;1;3;1;5
328;522;4;0;9;11;25;36;1;3;0;0;256;6;2;1;4;0;5
328;522;5;0;9;12;24;27;1;3;0;0;174;6;2;1;9;0;0
329;523;1;0;24;42;24;42;0;0;0;0;0;14;3;7;23;0;1
329;523;2;0;14;25;22;33;0;0;0;0;41;6;2;6;14;0;0
329;523;3;0;19;31;25;37;1;1;0;0;131;12;4;3;18;0;1
329;109;1;0;19;51;30;62;2;5;0;0;86;9;3;7;19;0;0
329;109;2;0;17;43;23;50;0;3;0;0;80;12;4;1;15;2;0
329;109;3;0;19;47;58;87;0;0;0;0;0;16;3;0;19;0;0
330;524;1;0;7;20;8;21;0;1;0;0;0;4;1;2;7;0;0
330;524;2;0;0;2;8;10;0;0;0;1;13;0;0;0;0;0;0
330;524;3;0;3;9;13;19;0;0;0;0;0;2;1;0;3;0;0
330;525;1;0;5;22;12;29;5;6;0;0;131;2;0;3;5;0;0
330;525;2;0;1;5;17;23;3;3;0;1;247;1;0;0;1;0;0
330;525;3;0;2;6;18;23;8;9;0;0;227;2;0;0;2;0;0
331;526;1;0;11;29;11;29;0;0;0;0;0;2;5;4;11;0;0
331;526;2;1;11;26;11;26;0;0;0;0;0;7;2;2;10;0;1
331;527;1;0;18;51;18;51;0;0;0;0;0;9;0;9;18;0;0
331;527;2;0;9;25;9;25;0;0;0;0;0;9;0;0;9;0;0
332;106;1;1;2;6;2;6;0;0;0;0;0;1;1;0;2;0;0
332;20;1;0;2;5;2;5;0;0;0;0;0;1;0;1;2;0;0
333;264;1;0;10;20;10;20;0;2;0;0;27;6;2;2;7;3;0
333;264;2;0;7;15;7;15;0;1;0;0;11;4;2;1;5;2;0
333;264;3;0;11;19;11;19;0;5;0;0;15;3;7;1;5;6;0
333;97;1;0;20;31;20;31;0;0;0;0;0;3;2;15;20;0;0
333;97;2;0;21;41;22;42;0;1;0;0;0;3;6;12;21;0;0
333;97;3;0;18;36;28;46;1;1;0;0;47;5;11;2;10;3;5
334;145;1;0;10;25;29;44;0;0;0;0;0;8;1;1;10;0;0
334;145;2;0;13;30;28;46;0;0;0;1;181;12;0;1;3;0;10
334;145;3;0;22;51;27;56;0;0;0;0;31;15;3;4;22;0;0
334;380;1;0;5;20;6;23;1;2;0;0;201;4;0;1;5;0;0
334;380;2;0;6;14;8;16;1;2;0;0;45;1;2;3;6;0;0
334;380;3;0;20;49;20;49;0;3;0;0;16;14;0;6;20;0;0
335;528;1;0;19;53;33;67;0;2;0;0;114;13;2;4;17;2;0
335;528;2;0;3;7;3;7;0;1;0;0;0;1;1;1;3;0;0
335;238;1;0;26;47;33;54;0;0;0;0;9;16;8;2;20;6;0
335;238;2;0;6;11;6;11;0;0;1;0;12;3;2;1;6;0;0
336;276;1;0;4;8;21;25;3;6;0;0;111;1;0;3;3;1;0
336;276;2;0;4;11;8;15;0;1;0;1;37;4;0;0;4;0;0
336;276;3;0;0;2;25;29;0;1;0;2;142;0;0;0;0;0;0
336;529;1;0;9;13;15;19;1;1;1;0;97;5;1;3;3;1;5
336;529;2;0;12;22;20;30;2;2;0;0;171;11;0;1;4;0;8
336;529;3;0;4;7;8;11;1;1;0;2;144;4;0;0;0;0;4
337;86;1;0;16;44;19;47;1;1;0;0;13;10;1;5;16;0;0
337;86;2;0;17;47;19;50;1;1;0;0;82;9;6;2;14;0;3
337;86;3;0;29;57;31;59;2;3;0;0;61;25;4;0;25;3;1
337;530;1;0;13;35;16;38;0;1;0;0;59;4;4;5;12;1;0
337;530;2;0;6;27;10;34;0;2;0;0;0;1;1;4;6;0;0
337;530;3;0;12;44;16;48;1;2;0;0;66;7;3;2;12;0;0
338;149;1;0;10;38;10;38;0;0;0;0;0;5;3;2;9;1;0
338;149;2;0;16;34;28;46;1;6;0;0;104;16;0;0;7;0;9
338;149;3;0;13;29;14;30;1;2;1;0;47;8;4;1;10;3;0
338;167;1;0;36;57;36;58;0;0;0;0;18;13;14;9;31;4;1
338;167;2;0;27;46;32;51;0;0;0;1;63;14;9;4;19;1;7
338;167;3;0;31;40;32;41;0;1;0;0;7;6;14;11;31;0;0
339;531;1;0;16;33;26;43;0;0;0;0;22;12;3;1;9;7;0
339;532;1;1;30;46;32;48;0;0;0;0;11;24;4;2;9;1;20
340;27;1;0;19;40;19;40;0;0;0;0;0;14;3;2;19;0;0
340;27;2;0;24;54;24;54;0;1;0;0;0;13;6;5;23;1;0
340;27;3;0;16;40;31;56;0;3;0;0;81;13;2;1;16;0;0
340;27;4;0;9;15;31;42;0;2;0;0;188;5;1;3;5;4;0
340;27;5;0;11;19;29;37;0;2;0;0;171;6;3;2;6;5;0
340;258;1;0;18;45;18;45;0;0;0;0;0;10;3;5;18;0;0
340;258;2;0;42;83;42;83;0;0;0;0;0;30;5;7;39;3;0
340;258;3;0;17;44;20;47;0;0;0;0;0;11;5;1;17;0;0
340;258;4;0;8;14;29;35;0;0;0;0;0;4;1;3;7;1;0
340;258;5;0;12;19;27;35;0;1;0;0;0;5;4;3;11;1;0
341;11;1;0;5;39;13;48;0;0;0;0;0;0;2;3;5;0;0
341;11;2;0;13;40;14;41;0;0;0;0;0;10;1;2;13;0;0
341;11;3;0;24;66;25;67;0;0;0;0;4;16;8;0;23;1;0
341;35;1;0;19;41;26;51;1;1;0;0;45;10;5;4;16;0;3
341;35;2;0;21;43;29;51;1;2;0;0;45;13;6;2;21;0;0
341;35;3;0;31;71;31;71;0;1;0;0;13;25;5;1;30;1;0
342;533;1;0;11;46;11;46;0;0;0;0;0;3;3;5;11;0;0
342;533;2;0;6;32;6;32;0;0;1;0;0;4;1;1;6;0;0
342;259;1;0;41;64;41;64;2;2;0;0;4;10;15;16;36;5;0
342;259;2;1;45;70;59;84;1;1;0;0;121;29;6;10;35;0;10
343;38;1;0;4;9;6;11;0;0;0;0;0;1;1;2;3;0;1
343;38;2;0;21;52;21;52;0;0;0;0;0;14;6;1;20;1;0
343;38;3;0;41;75;42;76;0;0;0;0;0;26;11;4;40;0;1
343;534;1;0;5;13;64;81;0;1;0;0;206;3;1;1;3;2;0
343;534;2;0;20;53;20;53;0;1;0;0;0;15;2;3;20;0;0
343;534;3;0;29;66;29;68;1;1;0;0;24;26;2;1;29;0;0
344;535;1;0;12;22;21;31;1;1;0;0;208;9;1;2;6;0;6
344;535;2;1;34;62;34;62;0;2;0;0;5;26;6;2;24;2;8
344;94;1;2;12;23;14;25;0;0;0;0;0;10;2;0;10;2;0
344;94;2;0;10;29;10;29;0;0;0;0;0;7;1;2;10;0;0
345;337;1;0;26;56;31;61;2;2;0;0;50;15;9;2;16;9;1
345;337;2;0;56;92;63;103;2;2;0;0;91;44;11;1;46;6;4
345;337;3;0;49;79;61;93;1;1;1;0;62;38;10;1;40;9;0
345;536;1;0;25;74;26;75;0;0;0;0;0;20;3;2;24;1;0
345;536;2;0;14;68;23;77;0;0;0;0;0;7;7;0;12;2;0
345;536;3;0;17;74;28;86;1;1;0;0;43;14;3;0;16;1;0
346;17;1;1;14;29;14;29;0;0;0;0;0;14;0;0;13;0;1
346;537;1;0;0;3;0;3;0;0;0;0;0;0;0;0;0;0;0
347;538;1;0;6;7;10;11;2;2;0;0;79;4;0;2;1;1;4
347;538;2;0;13;20;25;35;3;5;0;0;116;4;7;2;6;6;1
347;538;3;0;8;11;33;37;1;3;0;0;261;6;2;0;1;3;4
347;539;1;0;4;5;24;41;0;0;0;2;168;4;0;0;0;0;4
347;539;2;0;1;14;13;28;0;2;0;0;53;0;1;0;0;1;0
347;539;3;0;3;4;4;5;0;0;0;0;10;0;3;0;1;2;0
348;540;1;0;23;37;24;40;2;3;0;0;61;20;3;0;23;0;0
348;540;2;0;8;11;20;23;4;5;2;0;245;7;1;0;8;0;0
348;540;3;0;7;13;10;17;1;2;0;0;120;7;0;0;4;0;3
348;541;1;0;16;39;16;39;0;0;0;0;0;6;3;7;16;0;0
348;541;2;0;7;14;7;14;0;1;0;0;8;3;3;1;7;0;0
348;541;3;0;5;18;9;22;0;1;0;0;23;4;1;0;5;0;0
349;542;1;0;17;27;19;29;0;0;0;0;4;8;2;7;17;0;0
349;293;1;1;46;75;87;125;1;2;0;0;117;42;4;0;9;0;37
350;50;1;0;37;79;39;81;0;0;0;0;0;26;9;2;35;2;0
350;50;2;0;31;68;35;72;0;0;0;0;14;20;10;1;26;5;0
350;50;3;0;46;92;51;97;1;3;0;0;48;30;15;1;30;16;0
350;543;1;0;33;82;39;90;0;0;0;0;21;26;5;2;29;4;0
350;543;2;0;32;70;36;75;1;2;0;0;43;22;9;1;30;2;0
350;543;3;0;40;97;52;114;0;0;0;0;13;31;6;3;29;11;0
351;544;1;0;5;9;5;9;0;0;0;0;0;2;1;2;5;0;0
351;438;1;0;3;5;10;13;1;2;1;0;102;0;0;3;3;0;0
352;270;1;2;15;23;22;30;0;0;0;0;49;9;2;4;8;1;6
352;127;1;0;3;13;5;16;0;6;0;0;28;0;2;1;3;0;0
353;388;1;0;32;90;33;91;0;0;0;0;0;24;3;5;32;0;0
353;388;2;0;37;79;37;79;0;0;0;0;8;30;4;3;37;0;0
353;388;3;1;41;72;41;72;0;0;0;0;10;39;2;0;32;2;7
353;105;1;0;23;48;23;48;0;1;0;0;20;12;5;6;23;0;0
353;105;2;0;23;47;23;47;0;0;0;0;4;12;6;5;23;0;0
353;105;3;0;9;27;11;29;0;0;0;0;8;5;2;2;9;0;0
354;545;1;0;3;10;3;10;0;0;0;0;0;1;1;1;3;0;0
354;179;1;1;10;19;10;19;0;0;0;0;0;4;6;0;10;0;0
355;36;1;0;7;11;12;16;1;3;0;0;91;2;2;3;7;0;0
355;366;1;1;19;40;26;48;1;1;0;0;32;9;7;3;13;4;2
356;107;1;0;20;46;20;46;0;0;0;0;0;20;0;0;20;0;0
356;107;2;0;20;41;34;55;0;0;0;0;68;20;0;0;20;0;0
356;107;3;0;27;62;48;84;1;4;0;0;112;25;1;1;27;0;0
356;546;1;0;19;58;19;58;0;0;0;0;0;17;2;0;19;0;0
356;546;2;0;26;63;26;64;0;0;0;0;12;25;1;0;23;3;0
356;546;3;0;16;51;16;51;0;0;0;0;0;14;2;0;16;0;0
357;547;1;0;33;47;37;51;2;2;0;0;21;18;9;6;23;0;10
357;548;1;0;7;14;7;14;0;2;0;0;1;1;3;3;7;0;0
358;274;1;0;23;51;26;56;0;0;0;0;0;4;8;11;23;0;0
358;274;2;0;24;44;28;49;1;1;0;0;44;9;11;4;23;1;0
358;274;3;0;27;53;27;55;0;2;1;0;3;11;11;5;26;1;0
358;280;1;0;18;40;25;47;1;1;0;0;42;8;10;0;15;2;1
358;280;2;0;22;42;22;42;0;0;0;0;3;12;9;1;16;6;0
358;280;3;0;23;50;23;50;1;1;0;0;3;9;12;2;22;1;0
359;141;1;0;46;70;46;70;0;0;0;0;0;8;19;19;39;7;0
359;141;2;0;22;35;26;40;0;1;0;0;4;6;9;7;17;5;0
359;141;3;0;52;100;52;100;0;1;0;0;2;31;11;10;49;2;1
359;549;1;0;60;131;60;131;0;0;0;0;0;28;21;11;58;2;0
359;549;2;0;5;20;16;31;0;4;0;0;137;4;0;1;5;0;0
359;549;3;0;50;125;50;125;0;1;0;0;3;39;8;3;49;1;0
360;550;1;0;8;26;8;27;0;0;0;0;0;6;2;0;8;0;0
360;550;2;0;14;33;15;34;0;0;0;0;0;7;7;0;11;3;0
360;550;3;0;10;31;25;46;0;1;0;1;58;8;2;0;8;2;0
360;551;1;0;12;30;19;37;1;6;0;0;120;8;0;4;12;0;0
360;551;2;0;7;23;19;41;2;5;0;0;135;5;0;2;3;1;3
360;551;3;0;11;22;24;39;2;4;0;0;115;9;1;1;7;1;3
361;245;1;0;24;51;26;53;0;1;0;0;9;15;3;6;22;2;0
361;245;2;0;22;51;29;58;0;1;0;1;62;14;5;3;16;3;3
361;245;3;0;33;73;41;82;1;2;0;0;31;23;7;3;32;1;0
361;359;1;0;11;33;15;37;0;0;0;0;26;5;3;3;10;1;0
361;359;2;0;12;38;13;40;1;2;0;0;36;8;0;4;10;2;0
361;359;3;0;27;79;31;92;0;1;0;0;19;19;5;3;25;2;0
362;73;1;0;16;29;28;46;0;0;0;0;23;9;6;1;4;12;0
362;73;2;0;4;6;9;12;0;0;0;0;0;0;0;4;4;0;0
362;426;1;0;5;13;26;39;0;2;0;0;155;4;1;0;4;1;0
362;426;2;0;14;17;18;24;2;2;1;0;118;13;1;0;0;1;13
363;152;1;0;31;56;31;56;0;1;0;0;2;13;17;1;30;1;0
363;152;2;0;5;7;10;12;2;6;0;0;107;2;3;0;4;1;0
363;152;3;0;2;4;2;5;1;4;0;0;119;1;1;0;1;1;0
363;58;1;0;17;52;21;59;0;0;0;0;20;14;3;0;16;1;0
363;58;2;0;7;12;26;32;1;1;0;0;155;2;5;0;0;6;1
363;58;3;0;16;28;19;32;2;3;0;0;125;13;3;0;9;7;0
364;552;1;0;14;26;15;27;0;0;0;0;7;10;0;4;13;1;0
364;552;2;0;16;31;20;36;0;0;0;0;3;10;2;4;13;3;0
364;552;3;0;24;54;24;54;0;0;0;0;5;22;1;1;24;0;0
364;240;1;0;32;38;43;53;1;4;0;0;106;22;4;6;18;2;12
364;240;2;0;19;32;26;42;1;4;0;0;109;10;4;5;15;4;0
364;240;3;0;15;41;15;41;1;1;2;0;102;8;2;5;14;0;1
365;345;1;0;7;14;20;33;3;4;0;0;244;4;2;1;4;0;3
365;345;2;0;7;19;15;33;0;2;0;0;182;2;1;4;6;0;1
365;345;3;0;3;12;10;20;1;2;0;0;51;1;0;2;2;0;1
365;160;1;0;3;7;32;38;0;0;0;0;0;0;2;1;2;1;0
365;160;2;0;5;17;10;23;0;0;0;0;5;4;1;0;4;0;1
365;160;3;0;5;18;34;51;0;0;0;0;132;0;5;0;1;0;4
366;175;1;0;10;25;15;32;1;4;0;0;118;6;4;0;6;4;0
366;175;2;0;17;58;18;61;0;5;0;0;0;12;4;1;15;2;0
366;175;3;0;9;39;13;45;1;4;1;0;100;6;3;0;8;1;0
366;113;1;0;18;40;37;61;0;0;0;0;52;11;5;2;14;3;1
366;113;2;0;35;89;36;91;0;0;0;0;0;26;8;1;35;0;0
366;113;3;0;26;56;31;62;0;0;0;0;15;16;7;3;26;0;0
367;256;1;0;3;9;22;29;1;2;0;0;138;1;2;0;1;0;2
367;256;2;0;12;18;27;34;4;5;1;0;209;9;3;0;5;0;7
367;306;1;0;6;8;8;10;0;0;0;0;99;0;3;3;4;2;0
367;306;2;0;6;13;10;17;0;1;0;0;0;3;0;3;5;1;0
368;553;1;0;3;17;4;19;0;2;0;0;27;2;1;0;1;2;0
368;553;2;0;8;27;9;31;0;1;0;0;70;6;2;0;7;1;0
368;553;3;0;5;23;7;25;0;4;0;0;133;4;1;0;4;1;0
368;300;1;0;14;26;26;38;0;1;0;0;48;10;1;3;14;0;0
368;300;2;0;34;58;45;70;0;0;0;0;14;30;2;2;33;1;0
368;300;3;0;25;52;28;55;0;1;0;0;0;25;0;0;24;1;0
369;554;1;0;5;12;14;22;0;3;0;0;71;1;2;2;3;2;0
369;554;2;0;8;21;15;30;0;1;0;0;0;4;4;0;7;1;0
369;554;3;0;18;34;21;40;0;4;0;0;13;12;6;0;13;5;0
369;213;1;0;12;24;33;45;0;0;0;0;131;5;6;1;4;8;0
369;213;2;0;15;35;30;50;0;0;0;0;140;12;3;0;9;6;0
369;213;3;0;16;34;39;58;0;0;0;0;124;14;2;0;9;7;0
370;286;1;0;47;73;47;73;1;1;0;0;8;32;8;7;46;0;1
370;286;2;0;41;68;42;69;0;0;0;0;0;27;11;3;40;1;0
370;286;3;0;52;80;54;83;0;2;0;0;22;32;20;0;52;0;0
370;555;1;0;19;54;19;54;0;0;0;0;0;9;6;4;19;0;0
370;555;2;0;33;80;34;81;0;0;0;0;0;28;5;0;21;12;0
370;555;3;0;25;67;26;69;0;0;0;0;2;20;5;0;19;6;0
371;296;1;0;19;52;29;68;1;2;0;0;79;11;0;8;16;3;0
371;296;2;0;20;66;30;77;4;6;0;0;119;8;8;4;14;6;0
371;296;3;0;37;102;52;118;2;3;0;0;82;21;12;4;32;5;0
371;272;1;0;20;36;24;41;0;3;0;0;70;13;5;2;15;5;0
371;272;2;0;31;52;33;56;0;0;0;1;33;25;5;1;26;5;0
371;272;3;0;29;64;38;75;2;4;0;0;40;25;4;0;25;4;0
372;219;1;0;13;20;16;26;0;0;0;0;27;7;3;3;13;0;0
372;219;2;1;29;51;31;53;0;0;0;0;32;28;0;1;9;9;11
372;290;1;0;5;15;10;20;3;6;0;0;149;3;1;1;2;2;1
372;290;2;0;2;6;2;6;0;1;0;0;18;0;0;2;2;0;0
373;556;1;0;16;38;22;44;0;0;0;0;0;13;2;1;14;2;0
373;556;2;0;6;43;7;44;0;0;0;0;0;6;0;0;5;1;0
373;556;3;0;18;65;19;66;0;0;0;0;0;18;0;0;17;1;0
373;57;1;1;39;59;70;108;0;0;0;0;104;23;8;8;25;3;11
373;57;2;0;27;40;30;43;0;0;0;0;35;9;7;11;24;3;0
373;57;3;0;34;63;34;63;0;0;0;0;1;13;6;15;33;1;0
374;373;1;0;19;30;20;31;0;0;0;0;17;12;6;1;10;9;0
374;493;1;0;9;23;12;27;0;0;0;0;0;7;1;1;9;0;0
375;499;1;0;12;19;32;41;1;1;0;0;10;2;9;1;9;3;0
375;499;2;0;7;16;11;20;0;1;0;0;20;2;4;1;6;1;0
375;499;3;0;12;25;22;40;0;2;0;0;11;6;4;2;10;2;0
375;347;1;0;5;13;19;30;0;3;0;0;206;4;1;0;3;2;0
375;347;2;0;14;30;26;48;0;2;0;0;135;7;6;1;12;2;0
375;347;3;0;14;26;19;31;1;3;0;0;142;7;5;2;9;5;0
376;557;1;1;31;50;35;54;0;1;0;0;58;13;9;9;19;1;11
376;557;2;0;16;27;26;41;1;4;0;0;110;12;2;2;14;0;2
376;557;3;0;12;20;24;37;2;3;0;0;170;8;2;2;11;0;1
376;174;1;0;7;32;8;33;0;0;0;0;0;4;0;3;7;0;0
376;174;2;0;14;43;24;58;0;0;2;0;11;7;4;3;13;1;0
376;174;3;0;3;33;9;41;0;0;0;1;14;2;0;1;3;0;0
377;269;1;1;26;46;48;74;0;0;0;0;57;10;11;5;17;4;5
377;269;2;0;3;4;54;61;0;0;0;0;3;1;1;1;2;1;0
377;269;3;0;10;21;45;60;0;0;1;0;131;5;3;2;4;5;1
377;22;1;0;8;24;15;33;2;4;0;0;117;8;0;0;7;1;0
377;22;2;0;0;3;17;25;1;2;1;0;271;0;0;0;0;0;0
377;22;3;0;4;7;8;12;0;6;0;0;98;4;0;0;4;0;0
378;558;1;0;27;61;27;61;0;2;0;0;38;17;9;1;21;6;0
378;558;2;0;2;5;11;17;1;2;0;0;14;1;1;0;2;0;0
378;558;3;0;50;92;54;96;1;1;0;0;52;25;24;1;45;5;0
378;559;1;0;27;67;30;71;0;0;0;0;0;9;17;1;24;3;0
378;559;2;0;7;11;45;51;0;0;1;1;259;3;4;0;2;0;5
378;559;3;0;22;70;22;71;0;0;1;1;14;11;11;0;18;4;0
379;74;1;0;61;136;62;137;0;1;0;0;0;48;11;2;60;1;0
379;74;2;0;40;94;40;94;0;1;0;0;0;30;7;3;40;0;0
379;74;3;0;50;105;57;118;0;1;0;0;0;43;6;1;50;0;0
379;343;1;0;34;71;34;71;0;1;0;0;0;21;4;9;34;0;0
379;343;2;0;33;71;34;72;0;0;0;0;0;26;2;5;33;0;0
379;343;3;0;32;77;34;79;1;1;0;0;16;25;2;5;32;0;0
380;560;1;0;12;27;17;32;0;2;0;0;27;5;0;7;12;0;0
380;560;2;0;19;30;20;33;0;0;1;0;0;13;0;6;19;0;0
380;560;3;0;21;35;21;35;0;2;0;0;0;21;0;0;21;0;0
380;560;4;0;25;44;25;44;0;0;0;0;0;15;2;8;25;0;0
380;560;5;0;21;24;29;34;2;3;0;0;142;18;1;2;11;3;7
380;330;1;0;12;28;12;28;0;0;0;0;0;3;2;7;12;0;0
380;330;2;0;16;34;19;37;1;1;0;0;39;9;3;4;15;1;0
380;330;3;0;17;38;17;38;0;0;0;0;0;8;5;4;15;2;0
380;330;4;0;22;48;22;48;0;0;0;0;0;10;7;5;22;0;0
380;330;5;0;3;10;4;11;1;4;0;0;71;3;0;0;2;0;1
381;51;1;0;26;41;34;49;0;0;1;0;22;16;8;2;24;2;0
381;51;2;0;4;6;17;19;0;1;1;0;6;3;0;1;4;0;0
381;253;1;0;35;46;62;73;2;6;0;0;115;24;11;0;16;8;11
381;253;2;0;62;81;108;132;0;3;2;0;259;59;3;0;4;2;56
382;277;1;0;16;33;17;34;0;0;0;0;0;2;7;7;14;2;0
382;277;2;0;20;33;20;33;0;1;0;0;0;7;8;5;20;0;0
382;4;1;0;18;28;21;31;0;0;0;0;25;13;2;3;18;0;0
382;4;2;1;37;60;39;62;0;0;0;0;20;32;2;3;24;1;12
383;13;1;0;2;4;3;5;0;0;0;0;42;1;1;0;1;1;0
383;13;2;0;13;18;17;23;0;0;0;0;6;3;2;8;11;1;1
383;13;3;0;27;36;36;46;0;0;0;0;190;17;7;3;15;9;3
383;352;1;0;19;23;51;58;2;4;0;0;237;16;2;1;3;2;14
383;352;2;0;21;31;43;54;1;1;0;0;181;18;2;1;14;0;7
383;352;3;0;11;20;23;32;0;4;0;0;2;5;6;0;9;2;0
384;156;1;0;5;8;18;21;2;3;1;0;39;1;1;3;3;2;0
384;561;1;0;1;4;6;9;1;1;0;0;74;1;0;0;0;1;0
385;338;1;1;26;46;26;46;0;0;0;0;7;13;10;3;25;0;1
385;338;2;0;12;24;12;24;0;0;0;0;0;8;4;0;12;0;0
385;562;1;0;9;24;10;25;0;3;0;0;37;6;2;1;8;1;0
385;562;2;0;15;27;17;29;1;2;1;0;63;14;1;0;14;0;1
386;411;1;0;23;54;23;54;0;0;0;0;11;15;1;7;20;3;0
386;411;2;0;34;65;50;85;0;0;0;0;113;26;6;2;12;3;19
386;380;1;0;20;43;21;44;0;0;0;0;19;14;1;5;20;0;0
386;380;2;0;9;22;10;23;0;1;0;0;0;8;0;1;7;2;0
387;414;1;0;61;98;72;111;0;2;1;0;20;59;2;0;55;1;5
387;414;2;1;37;53;58;76;0;1;2;0;149;37;0;0;24;2;11
387;414;3;0;19;30;21;32;2;5;0;0;147;19;0;0;18;1;0
387;563;1;0;7;26;12;33;0;1;0;0;20;6;1;0;7;0;0
387;563;2;0;8;21;11;24;0;0;0;0;0;8;0;0;7;1;0
387;563;3;0;12;30;19;38;0;0;0;0;0;11;1;0;11;1;0
388;419;1;0;11;36;20;45;0;0;0;0;35;8;3;0;9;2;0
388;419;2;0;8;23;10;25;1;1;1;0;60;5;2;1;7;1;0
388;193;1;0;21;49;27;55;0;2;0;0;65;16;1;4;16;5;0
388;193;2;0;19;33;20;34;0;0;0;0;6;18;0;1;19;0;0
389;292;1;0;23;38;28;44;0;2;0;1;140;10;12;1;15;5;3
389;292;2;0;10;38;10;39;0;2;0;0;0;5;2;3;10;0;0
389;292;3;0;15;31;15;31;0;3;0;0;37;7;5;3;13;2;0
389;564;1;0;19;34;22;38;0;0;0;0;6;14;1;4;18;0;1
389;564;2;1;31;57;34;61;1;1;0;0;35;20;9;2;26;1;4
389;564;3;0;18;33;19;34;2;2;0;0;34;10;7;1;14;4;0
390;565;1;0;10;12;18;21;1;5;0;0;194;2;8;0;0;10;0
390;565;2;0;19;42;19;42;0;4;0;0;62;12;5;2;18;1;0
390;565;3;0;39;80;55;97;0;1;0;0;74;23;16;0;32;7;0
390;421;1;0;16;19;31;35;0;1;0;1;85;10;5;1;1;15;0
390;421;2;0;44;68;53;78;1;3;0;0;102;39;4;1;30;7;7
390;421;3;0;39;86;51;98;0;0;0;0;0;30;9;0;32;7;0
391;566;1;0;13;33;13;33;0;0;0;0;0;2;3;8;13;0;0
391;566;2;0;11;39;11;39;0;0;0;0;0;6;2;3;11;0;0
391;566;3;1;21;47;22;48;0;0;0;0;4;13;6;2;17;1;3
391;567;1;0;23;63;23;63;0;0;0;0;0;13;7;3;22;1;0
391;567;2;0;24;78;24;78;1;1;0;0;0;14;5;5;24;0;0
391;567;3;0;32;63;33;64;0;0;0;0;0;20;12;0;32;0;0
392;568;1;0;25;44;27;46;0;0;0;0;9;24;1;0;22;3;0
392;568;2;0;12;38;14;40;0;0;0;0;5;12;0;0;11;1;0
392;568;3;0;19;43;21;45;0;0;0;0;0;17;2;0;19;0;0
392;99;1;0;12;40;20;48;4;8;0;0;101;8;1;3;8;0;4
392;99;2;0;20;53;25;59;1;4;0;0;60;16;2;2;16;2;2
392;99;3;0;20;57;37;74;2;3;0;0;138;17;3;0;15;4;1
393;320;1;1;27;45;40;58;0;0;0;0;61;23;3;1;22;1;4
393;320;2;1;32;50;52;70;2;2;0;0;143;30;2;0;13;5;14
393;320;3;0;24;53;25;54;0;0;0;0;0;16;3;5;24;0;0
393;320;4;0;32;54;44;66;1;1;0;0;86;27;3;2;21;7;4
393;320;5;0;29;52;39;65;0;0;0;0;65;24;4;1;22;7;0
393;254;1;0;37;65;38;66;0;1;0;0;0;17;12;8;30;7;0
393;254;2;0;22;47;25;50;0;0;0;0;0;9;7;6;18;4;0
393;254;3;0;41;78;42;79;0;0;0;0;0;21;11;9;41;0;0
393;254;4;0;35;58;36;59;0;1;0;0;0;19;14;2;33;2;0
393;254;5;0;21;63;29;72;0;3;0;0;48;17;4;0;18;3;0
394;323;1;0;16;26;22;32;0;0;0;0;0;6;6;4;16;0;0
394;323;2;0;7;20;20;33;0;0;0;0;0;1;5;1;7;0;0
394;323;3;0;25;46;25;46;0;0;0;0;0;16;5;4;25;0;0
394;80;1;0;10;23;23;37;1;1;0;0;38;0;0;10;10;0;0
394;80;2;0;14;31;34;53;2;4;0;0;88;8;1;5;14;0;0
394;80;3;0;12;40;12;40;0;2;0;0;0;7;1;4;12;0;0
395;33;1;0;12;16;14;18;1;1;0;0;16;7;3;2;11;0;1
395;33;2;1;32;46;32;46;0;0;0;0;12;28;2;2;16;1;15
395;326;1;0;4;22;4;22;0;0;0;0;0;3;1;0;4;0;0
395;326;2;0;4;21;4;21;0;0;0;0;0;3;1;0;4;0;0
396;569;1;0;15;44;15;44;0;0;0;0;0;10;1;4;15;0;0
396;569;2;0;8;27;15;34;0;1;0;0;37;4;0;4;8;0;0
396;569;3;0;28;62;33;69;1;1;0;0;47;11;7;10;27;1;0
396;570;1;0;13;39;13;39;0;1;0;0;0;4;1;8;13;0;0
396;570;2;0;5;18;25;43;1;3;0;0;129;3;1;1;5;0;0
396;570;3;0;8;37;8;37;0;1;0;0;0;4;1;3;8;0;0
397;365;1;0;22;45;22;45;0;0;0;0;0;12;4;6;22;0;0
397;365;2;0;18;43;18;44;0;0;0;0;12;15;3;0;17;1;0
397;365;3;0;16;28;20;32;0;0;0;0;42;10;4;2;14;2;0
397;25;1;0;16;31;16;31;0;0;0;0;0;9;7;0;16;0;0
397;25;2;0;32;60;35;64;1;1;0;0;2;19;6;7;27;5;0
397;25;3;0;26;45;27;46;3;5;0;0;30;15;9;2;25;1;0
398;79;1;0;9;19;28;46;1;2;0;0;94;3;4;2;7;1;1
398;79;2;0;19;40;19;40;0;3;0;0;11;12;5;2;18;1;0
398;79;3;0;6;13;56;81;1;1;0;0;185;4;2;0;3;0;3
398;349;1;0;0;6;1;10;0;0;0;0;0;0;0;0;0;0;0
398;349;2;0;8;20;8;20;0;0;0;0;9;4;4;0;7;1;0
398;349;3;0;0;1;19;28;0;0;0;0;0;0;0;0;0;0;0
399;394;1;1;8;42;8;42;0;0;0;0;0;8;0;0;7;1;0
399;394;2;1;15;41;15;41;0;0;0;0;0;9;5;1;12;3;0
399;394;3;0;11;29;11;29;0;0;0;0;0;7;4;0;11;0;0
399;291;1;0;19;37;19;37;0;0;0;0;0;12;7;0;19;0;0
399;291;2;0;24;46;24;46;0;0;0;0;0;15;5;4;22;2;0
399;291;3;0;16;40;16;40;0;0;0;0;0;7;7;2;16;0;0
400;261;1;0;10;28;25;48;1;4;0;0;118;3;1;6;10;0;0
400;261;2;0;23;40;30;47;0;0;0;0;36;8;8;7;19;4;0
400;261;3;1;39;69;39;69;0;0;0;0;3;14;13;12;35;1;3
400;68;1;0;11;21;13;23;0;0;0;0;0;11;0;0;11;0;0
400;68;2;0;11;32;12;33;0;0;0;0;56;8;2;1;11;0;0
400;68;3;0;18;55;18;55;0;0;0;0;0;16;0;2;18;0;0
401;85;1;2;39;75;55;94;0;0;0;0;14;27;9;3;33;4;2
401;143;1;0;8;25;8;25;0;1;0;0;0;4;3;1;8;0;0
402;325;1;0;37;57;71;97;1;2;0;0;227;31;6;0;17;9;11
402;571;1;0;0;7;0;8;0;1;0;0;0;0;0;0;0;0;0
403;572;1;0;36;73;39;76;0;2;0;0;0;10;21;5;30;6;0
403;164;1;1;59;121;65;129;0;0;0;0;3;55;4;0;55;3;1
404;257;1;0;17;26;17;26;0;0;0;0;0;5;6;6;17;0;0
404;299;1;1;17;23;18;24;0;0;0;0;4;6;5;6;15;0;2
405;23;1;0;9;17;16;24;0;0;0;0;0;1;8;0;9;0;0
405;23;2;0;3;5;3;5;0;0;0;0;0;1;2;0;3;0;0
405;509;1;0;9;18;12;21;0;1;0;0;87;6;1;2;8;1;0
405;509;2;1;11;14;11;14;0;0;0;0;1;8;1;2;7;0;4
406;271;1;0;4;5;6;9;0;0;0;0;0;0;2;2;4;0;0
406;271;2;0;6;12;10;18;0;0;0;1;29;2;3;1;6;0;0
406;271;3;0;2;3;9;10;0;0;0;0;0;0;2;0;2;0;0
406;573;1;0;5;6;33;35;1;1;0;0;219;3;2;0;3;1;1
406;573;2;0;6;10;32;39;2;2;0;1;195;4;2;0;5;0;1
406;573;3;0;3;3;48;52;3;4;0;0;261;2;1;0;2;0;1
407;366;1;1;4;9;4;9;0;0;0;0;2;1;1;2;4;0;0
407;63;1;0;2;4;2;4;0;0;0;0;0;0;0;2;2;0;0
408;119;1;0;9;18;23;32;0;0;0;0;38;7;2;0;8;1;0
408;119;2;0;7;18;7;18;0;0;0;0;10;6;1;0;5;1;1
408;119;3;0;8;12;28;37;0;0;0;0;169;8;0;0;0;0;8
408;432;1;0;2;9;3;10;2;9;0;0;142;0;2;0;1;1;0
408;432;2;0;25;35;40;52;1;2;0;0;219;23;2;0;1;1;23
408;432;3;0;0;0;4;4;0;2;0;0;19;0;0;0;0;0;0
409;259;1;0;22;51;22;51;0;1;0;0;0;8;5;9;21;1;0
409;259;2;0;15;37;19;41;0;0;0;0;0;5;6;4;15;0;0
409;259;3;0;28;53;33;58;1;1;0;0;44;12;13;3;20;0;8
409;496;1;0;12;35;12;35;0;0;0;0;0;4;2;6;11;1;0
409;496;2;0;13;25;18;30;1;2;0;0;64;4;3;6;11;2;0
409;496;3;0;5;12;5;12;1;1;0;0;6;1;3;1;5;0;0
410;151;1;0;5;11;15;24;0;0;0;0;0;2;2;1;5;0;0
410;395;1;0;9;19;13;27;1;2;1;0;116;3;0;6;8;0;1
411;24;1;0;4;7;16;19;3;3;0;0;89;1;2;1;1;1;2
411;24;2;0;13;21;32;43;1;2;2;1;179;9;0;4;5;3;5
411;24;3;0;16;29;18;31;4;7;0;0;211;6;5;5;13;3;0
411;574;1;0;6;10;26;34;2;2;0;1;143;6;0;0;0;5;1
411;574;2;0;7;16;27;39;2;3;0;0;34;3;3;1;6;1;0
411;574;3;0;8;21;74;91;0;0;0;0;3;5;3;0;8;0;0
412;8;1;0;43;89;43;90;0;0;0;0;0;32;10;1;43;0;0
412;8;2;0;23;64;23;64;0;1;0;0;0;18;5;0;23;0;0
412;165;1;0;71;137;72;138;0;0;0;0;3;61;3;7;70;1;0
412;165;2;0;99;155;100;156;0;0;0;0;0;93;3;3;96;3;0
413;454;1;0;7;27;21;41;0;1;0;1;44;1;4;2;4;3;0
413;454;2;0;10;21;30;42;0;0;0;0;0;6;2;2;9;1;0
413;454;3;0;5;26;5;26;0;0;0;0;0;2;1;2;5;0;0
413;316;1;0;10;13;33;37;1;3;0;0;111;5;3;2;8;2;0
413;316;2;0;2;8;14;23;1;2;1;0;221;1;1;0;2;0;0
413;316;3;0;0;3;46;50;1;2;0;0;229;0;0;0;0;0;0
414;575;1;0;19;49;32;63;0;0;0;0;138;10;7;2;12;7;0
414;575;2;0;10;25;19;36;0;0;0;0;135;6;4;0;5;5;0
414;575;3;0;4;12;22;33;0;0;0;0;202;1;1;2;2;2;0
414;166;1;0;24;35;25;37;0;0;0;0;3;19;3;2;23;1;0
414;166;2;0;13;30;17;35;0;0;0;0;23;10;2;1;12;1;0
414;166;3;0;27;35;34;42;0;0;0;0;18;24;3;0;19;8;0
415;456;1;0;16;22;18;24;0;0;0;0;3;12;3;1;9;7;0
415;576;1;0;2;12;2;12;0;4;0;0;80;0;2;0;1;1;0
416;577;1;0;22;68;40;87;0;8;0;0;93;16;4;2;18;4;0
416;577;2;0;19;73;41;97;0;5;0;1;126;19;0;0;17;2;0
416;577;3;0;21;62;32;77;2;7;0;0;67;18;3;0;15;6;0
416;577;4;0;37;71;43;80;0;4;1;0;15;28;7;2;34;3;0
416;577;5;0;35;109;40;117;0;5;1;0;11;24;8;3;32;3;0
416;578;1;0;17;32;23;38;0;0;0;0;0;15;1;1;17;0;0
416;578;2;0;21;34;25;38;1;1;0;0;34;18;1;2;21;0;0
416;578;3;0;25;46;33;55;1;2;0;0;19;20;5;0;16;7;2
416;578;4;0;38;55;40;57;1;2;0;0;74;28;6;4;32;6;0
416;578;5;0;38;63;38;63;2;4;0;0;48;28;4;6;33;5;0
417;2;1;0;6;11;6;11;0;0;0;0;0;4;1;1;5;1;0
417;1;1;0;2;4;2;4;0;0;0;0;0;2;0;0;2;0;0
418;27;1;0;2;4;2;4;0;0;1;0;5;2;0;0;0;0;2
418;27;2;0;7;13;7;13;0;0;0;0;0;6;0;1;7;0;0
418;389;1;0;2;9;18;25;0;1;0;1;213;1;1;0;0;1;1
418;389;2;0;26;39;27;40;1;3;0;0;54;22;2;2;7;1;18
419;579;1;0;22;44;26;49;0;2;0;0;0;11;1;10;18;2;2
419;579;2;0;18;38;30;52;1;1;0;0;133;11;3;4;16;2;0
419;579;3;0;20;34;21;35;0;4;0;0;26;11;6;3;17;3;0
419;580;1;0;40;57;50;67;2;2;0;0;97;28;7;5;29;4;7
419;580;2;1;50;88;57;95;1;1;0;0;36;35;13;2;29;12;9
419;580;3;0;44;72;49;78;0;2;0;0;78;26;14;4;32;12;0
420;181;1;0;25;52;25;52;0;0;0;0;0;13;3;9;25;0;0
420;181;2;0;11;13;25;35;0;0;1;0;0;7;1;3;11;0;0
420;181;3;1;48;84;50;86;0;0;0;0;8;36;7;5;38;2;8
420;208;1;0;21;44;21;44;0;0;0;0;0;10;2;9;21;0;0
420;208;2;1;32;51;50;71;0;0;0;0;249;32;0;0;4;0;28
420;208;3;0;27;45;27;45;0;0;0;0;0;27;0;0;27;0;0
421;396;1;0;8;21;8;21;0;2;0;0;0;4;2;2;8;0;0
421;278;1;1;9;17;9;17;0;0;0;0;4;5;4;0;8;0;1
422;260;1;0;31;57;31;57;0;0;0;0;0;26;5;0;24;6;1
422;476;1;1;38;55;53;75;1;2;1;0;70;36;2;0;10;6;22
423;491;1;0;15;31;20;37;0;0;0;1;21;13;0;2;11;0;4
423;491;2;0;21;25;32;39;2;3;0;0;237;18;1;2;6;0;15
423;491;3;0;19;29;37;54;1;2;0;0;122;10;3;6;13;0;6
423;449;1;0;8;18;14;25;1;1;0;0;169;1;1;6;8;0;0
423;449;2;0;11;16;27;33;0;0;0;1;11;7;2;2;6;1;4
423;449;3;0;2;11;16;29;1;2;0;0;28;0;1;1;2;0;0
424;281;1;0;0;1;3;6;0;1;0;0;22;0;0;0;0;0;0
424;281;2;0;4;15;4;15;0;1;0;0;17;1;0;3;4;0;0
424;53;1;0;8;10;49;53;1;2;1;0;262;3;2;3;2;3;3
424;53;2;1;23;39;27;43;1;3;1;0;96;18;0;5;16;1;6
425;581;1;0;27;49;28;50;0;2;0;0;4;22;0;5;27;0;0
425;581;2;0;31;71;31;71;0;1;0;0;0;27;1;3;29;2;0
425;581;3;0;30;66;31;67;1;1;0;0;64;29;0;1;30;0;0
425;20;1;0;25;47;25;47;0;1;0;0;2;18;3;4;25;0;0
425;20;2;0;30;55;30;55;0;2;0;0;0;21;5;4;27;3;0
425;20;3;0;22;47;22;47;1;4;0;0;3;21;1;0;21;0;1
426;139;1;0;10;20;10;20;0;0;0;1;7;4;4;2;10;0;0
426;135;1;2;39;66;43;73;0;0;0;0;38;29;8;2;33;5;1
427;10;1;2;22;32;28;39;0;1;0;0;11;18;3;1;6;6;10
427;582;1;1;30;53;31;54;0;1;0;0;6;29;0;1;19;11;0
428;137;1;0;2;4;2;4;1;1;1;0;42;2;0;0;1;0;1
428;505;1;0;3;6;3;6;0;1;0;0;0;2;0;1;3;0;0
429;62;1;0;11;18;20;30;0;2;0;0;60;3;5;3;8;3;0
429;62;2;0;6;26;14;35;0;3;0;0;68;3;1;2;4;2;0
429;62;3;0;1;4;1;4;0;0;0;0;0;1;0;0;1;0;0
429;583;1;0;7;15;15;23;0;0;0;0;19;2;3;2;6;1;0
429;583;2;0;16;24;24;32;0;1;0;0;25;6;5;5;10;6;0
429;583;3;1;4;6;4;6;0;0;0;0;3;3;0;1;3;0;1
430;3;1;0;19;30;32;45;1;3;0;0;196;12;2;5;15;2;2
430;3;2;0;23;30;37;44;1;1;1;0;166;21;1;1;3;0;20
430;51;1;0;5;20;9;25;0;0;1;0;10;2;2;1;4;1;0
430;51;2;0;5;13;8;16;0;0;1;0;0;1;4;0;5;0;0
431;332;1;0;24;57;30;69;0;1;0;0;40;17;5;2;23;1;0
431;332;2;0;11;33;28;58;0;3;0;0;109;9;2;0;10;1;0
431;332;3;0;21;49;39;70;0;3;0;0;66;19;1;1;19;2;0
431;132;1;0;27;53;31;57;0;0;0;0;0;14;2;11;27;0;0
431;132;2;0;20;39;35;56;0;1;0;0;6;9;3;8;19;1;0
431;132;3;0;25;49;30;54;0;1;0;0;33;12;5;8;20;5;0
432;584;1;1;13;35;14;37;0;0;0;0;0;12;0;1;13;0;0
432;9;1;0;2;7;2;7;0;0;0;0;0;1;1;0;2;0;0
433;585;1;0;19;38;19;38;0;0;0;0;0;9;5;5;17;2;0
433;154;1;1;15;33;15;33;0;0;0;0;3;9;3;3;13;1;1
434;33;1;2;10;21;15;26;0;0;0;0;8;8;1;1;9;0;1
434;120;1;0;6;15;6;15;0;0;0;0;0;4;1;1;6;0;0
435;586;1;0;5;24;5;25;1;1;0;0;85;3;1;1;5;0;0
435;586;2;0;1;3;5;7;0;1;1;0;0;0;1;0;1;0;0
435;586;3;0;0;0;0;0;0;0;0;0;0;0;0;0;0;0;0
435;300;1;0;16;25;36;45;0;1;0;0;0;7;2;7;16;0;0
435;300;2;0;13;24;47;64;0;0;0;0;212;11;1;1;5;0;8
435;300;3;2;20;28;37;48;0;0;1;0;122;18;1;1;4;0;16
436;198;1;0;6;9;16;20;4;7;0;0;235;6;0;0;0;2;4
436;198;2;0;1;4;1;4;0;0;0;0;0;0;1;0;1;0;0
436;266;1;0;3;7;8;15;0;0;0;0;0;1;0;2;2;1;0
436;266;2;1;11;16;12;17;0;0;0;0;15;10;1;0;2;0;9
437;587;1;0;5;15;28;47;0;1;0;0;186;0;0;5;3;2;0
437;587;2;0;3;7;25;35;0;1;0;1;115;2;1;0;0;1;2
437;587;3;0;18;41;34;58;0;0;0;0;88;11;7;0;8;10;0
437;216;1;0;7;12;42;52;1;2;0;0;53;3;4;0;1;4;2
437;216;2;0;2;4;8;14;2;3;0;0;167;0;2;0;0;2;0
437;216;3;0;11;18;15;22;1;5;0;0;98;8;3;0;7;4;0
438;85;1;0;18;60;40;82;0;0;0;0;0;2;9;7;18;0;0
438;85;2;0;21;37;43;60;3;4;0;0;138;11;6;4;13;3;5
438;85;3;0;1;1;1;1;0;1;0;0;0;1;0;0;1;0;0
438;283;1;0;20;45;20;45;1;3;0;0;58;12;6;2;17;3;0
438;283;2;0;13;40;45;76;1;2;0;0;14;9;2;2;12;1;0
438;283;3;0;3;5;3;5;0;0;1;0;0;3;0;0;3;0;0
439;289;1;1;6;10;11;16;1;1;1;0;24;6;0;0;3;0;3
439;588;1;0;0;1;0;1;0;0;0;0;0;0;0;0;0;0;0
440;295;1;0;12;39;14;41;0;0;0;0;0;6;4;2;11;1;0
440;295;2;0;13;31;14;32;0;0;0;0;0;8;2;3;13;0;0
440;295;3;0;14;49;14;49;0;1;0;0;1;12;2;0;14;0;0
440;589;1;0;17;28;23;34;1;1;0;0;40;15;1;1;14;1;2
440;589;2;0;15;26;16;27;1;2;0;0;65;15;0;0;15;0;0
440;589;3;0;15;27;16;28;0;4;0;0;35;15;0;0;15;0;0
441;590;1;1;3;6;3;6;0;0;0;0;2;2;1;0;3;0;0
441;591;1;0;1;4;1;4;0;0;0;0;0;1;0;0;1;0;0
442;226;1;0;28;53;29;56;0;1;0;0;30;20;7;1;25;3;0
442;226;2;0;14;45;21;53;1;3;0;0;83;12;2;0;12;2;0
442;226;3;0;9;19;13;24;0;1;1;0;111;5;1;3;6;2;1
442;506;1;0;12;29;13;31;0;2;0;0;0;2;6;4;10;2;0
442;506;2;0;20;44;24;51;0;2;0;0;0;6;4;10;20;0;0
442;506;3;0;12;31;40;59;1;5;0;0;32;1;8;3;10;2;0
443;592;1;0;14;26;14;26;0;0;0;0;0;1;4;9;14;0;0
443;592;2;0;14;28;14;28;0;0;0;0;0;2;2;10;14;0;0
443;592;3;0;3;26;3;26;0;0;0;0;28;0;0;3;3;0;0
443;571;1;0;13;22;13;22;0;0;0;0;0;5;2;6;13;0;0
443;571;2;0;15;24;15;24;0;0;0;0;0;3;1;11;15;0;0
443;571;3;0;21;33;21;33;0;0;0;0;0;11;3;7;17;4;0
444;406;1;0;4;18;11;26;0;0;0;0;0;3;1;0;4;0;0
444;406;2;0;3;6;6;9;0;1;0;0;0;2;1;0;3;0;0
444;406;3;0;9;20;11;22;0;0;0;0;0;4;4;1;5;4;0
444;406;4;0;1;11;1;11;0;0;0;0;0;0;0;1;1;0;0
444;406;5;0;1;6;1;6;0;0;0;0;0;1;0;0;1;0;0
444;131;1;0;3;8;20;36;1;1;0;0;232;0;0;3;3;0;0
444;131;2;0;9;17;36;46;0;0;0;0;245;6;1;2;3;1;5
444;131;3;0;11;18;32;44;1;1;0;0;186;5;3;3;7;2;2
444;131;4;0;7;12;30;37;1;1;0;0;204;3;2;2;7;0;0
444;131;5;0;0;2;22;25;1;1;0;0;283;0;0;0;0;0;0
445;593;1;0;8;13;21;26;1;1;0;0;150;4;2;2;6;2;0
445;593;2;0;9;10;34;38;1;1;0;0;249;6;1;2;4;1;4
445;593;3;0;7;18;19;32;1;2;0;0;103;5;2;0;5;1;1
445;593;4;0;13;21;31;45;1;1;0;0;76;5;6;2;11;2;0
445;593;5;0;4;6;32;45;1;1;0;0;226;1;3;0;1;2;1
445;594;1;0;7;17;15;25;0;1;0;0;23;4;2;1;5;2;0
445;594;2;0;1;8;12;19;0;0;0;0;0;0;0;1;1;0;0
445;594;3;0;9;26;12;32;0;0;0;0;13;1;4;4;8;1;0
445;594;4;0;10;30;19;39;0;0;0;0;0;3;4;3;9;1;0
445;594;5;0;5;17;22;46;0;0;0;0;10;1;3;1;2;3;0
446;391;1;0;8;22;8;22;0;1;0;0;0;5;0;3;8;0;0
446;595;1;1;24;52;24;52;0;0;0;0;2;24;0;0;21;0;3
447;596;1;0;7;10;20;23;2;3;0;0;180;2;0;5;6;1;0
447;596;2;0;5;7;5;7;0;0;0;0;0;2;0;3;5;0;0
447;407;1;0;9;17;12;20;0;0;0;0;0;2;1;6;8;1;0
447;407;2;1;12;15;12;15;0;0;0;0;1;6;1;5;11;0;1
448;408;1;0;3;5;3;5;0;0;0;0;0;0;1;2;2;1;0
448;253;1;1;3;5;3;5;0;0;0;0;0;3;0;0;0;2;1
449;328;1;0;28;46;37;60;2;2;1;0;65;22;4;2;16;6;6
449;328;2;0;38;59;46;67;0;0;0;0;23;27;7;4;37;1;0
449;328;3;1;11;16;11;16;0;1;0;0;0;7;2;2;11;0;0
449;433;1;0;7;19;11;23;0;2;0;0;32;2;1;4;6;1;0
449;433;2;0;14;39;17;42;0;4;0;0;28;4;4;6;14;0;0
449;433;3;0;3;6;3;6;0;0;0;0;0;1;1;1;3;0;0
450;399;1;0;9;16;11;19;1;1;0;0;31;2;2;5;9;0;0
450;399;2;0;23;36;23;37;1;1;0;0;4;20;3;0;22;1;0
450;399;3;0;20;53;20;53;0;0;0;0;0;13;4;3;20;0;0
450;106;1;0;20;35;20;35;0;2;0;0;0;12;7;1;19;1;0
450;106;2;0;37;70;38;71;0;1;1;0;24;26;10;1;32;5;0
450;106;3;0;33;68;33;68;0;1;0;0;0;21;11;1;33;0;0
451;597;1;0;43;92;43;92;0;0;0;0;0;32;5;6;42;1;0
451;597;2;0;9;24;22;42;2;3;1;1;163;6;1;2;9;0;0
451;268;1;0;32;76;33;77;0;1;0;0;0;25;4;3;31;1;0
451;268;2;0;14;28;17;31;1;2;0;0;30;10;3;1;14;0;0
452;368;1;0;21;27;24;30;0;2;0;0;20;7;12;2;11;10;0
452;368;2;0;34;68;34;68;0;0;0;0;14;21;10;3;27;7;0
452;368;3;0;22;51;24;53;0;1;0;0;37;7;13;2;15;7;0
452;478;1;0;12;29;18;36;1;1;0;0;26;8;1;3;7;5;0
452;478;2;0;41;72;42;73;1;3;0;0;7;36;3;2;32;9;0
452;478;3;0;32;62;39;70;1;1;0;0;46;26;6;0;28;4;0
453;329;1;1;8;11;8;11;0;0;1;0;17;8;0;0;4;0;4
453;415;1;0;0;2;0;2;0;0;0;0;0;0;0;0;0;0;0
454;401;1;0;4;11;8;15;2;2;0;0;159;3;1;0;3;1;0
454;401;2;0;7;13;21;31;4;8;0;0;216;6;1;0;1;1;5
454;401;3;0;1;5;11;15;1;2;0;0;262;1;0;0;0;0;1
454;598;1;0;1;4;5;9;0;0;0;1;33;1;0;0;1;0;0
454;598;2;0;5;10;32;44;0;0;0;0;15;1;1;3;4;1;0
454;598;3;0;1;5;11;18;0;0;0;0;0;0;1;0;1;0;0
455;360;1;0;9;26;14;37;0;0;0;0;10;5;1;3;7;2;0
455;360;2;0;28;51;32;57;0;0;0;0;15;17;10;1;18;10;0
455;360;3;0;19;43;19;43;0;0;0;0;4;12;4;3;19;0;0
455;237;1;0;25;44;42;62;2;2;0;0;181;20;4;1;13;3;9
455;237;2;0;37;82;42;90;0;3;0;0;33;21;16;0;26;11;0
455;237;3;0;53;97;68;116;2;2;0;0;102;48;3;2;32;1;20
456;403;1;0;13;17;52;58;2;5;0;0;139;3;5;5;7;6;0
456;403;2;0;25;43;38;57;0;2;0;0;54;8;15;2;20;5;0
456;403;3;1;15;28;15;28;0;0;0;0;0;9;5;1;15;0;0
456;146;1;0;17;29;36;54;0;0;0;0;97;9;5;3;9;8;0
456;146;2;0;29;54;47;72;0;0;0;0;40;15;5;9;20;9;0
456;146;3;0;7;24;7;24;0;0;0;0;0;4;0;3;7;0;0
457;599;1;0;9;41;11;43;0;0;0;0;0;5;3;1;9;0;0
457;599;2;0;19;46;26;53;0;0;0;0;0;11;7;1;18;1;0
457;599;3;0;37;101;41;105;0;0;0;1;24;24;6;7;37;0;0
457;282;1;0;12;30;17;35;2;3;0;0;47;9;1;2;12;0;0
457;282;2;0;10;22;14;28;2;4;0;0;142;7;2;1;8;1;1
457;282;3;0;17;41;17;41;1;3;0;0;13;11;3;3;17;0;0
458;333;1;0;24;43;24;43;0;0;0;0;0;6;0;18;23;1;0
458;333;2;1;11;21;11;21;0;0;0;0;0;5;1;5;10;1;0
458;469;1;0;19;61;19;61;0;0;0;0;0;7;3;9;19;0;0
458;469;2;0;14;26;14;26;0;0;0;0;0;4;6;4;14;0;0
459;339;1;0;4;11;5;12;1;1;0;1;15;1;2;1;4;0;0
459;28;1;0;5;11;12;18;0;0;1;1;72;4;0;1;2;0;3
460;40;1;0;2;5;2;5;0;0;0;0;0;0;0;2;2;0;0
460;179;1;1;8;13;9;14;0;0;0;0;5;5;3;0;5;0;3
461;121;1;0;17;31;38;53;0;0;0;0;143;8;4;5;15;2;0
461;121;2;0;47;78;50;81;0;0;0;0;58;25;6;16;28;4;15
461;223;1;0;14;28;18;32;1;2;0;0;8;9;4;1;14;0;0
461;223;2;0;28;56;29;57;0;1;0;0;7;18;8;2;28;0;0
462;233;1;0;8;18;13;26;1;1;0;0;61;3;1;4;7;0;1
462;233;2;1;15;28;27;40;0;0;0;0;9;8;2;5;13;1;1
462;400;1;0;8;17;15;25;2;4;0;0;151;2;1;5;6;2;0
462;400;2;0;19;40;27;50;0;1;0;0;2;11;2;6;16;3;0
463;302;1;0;33;90;37;95;0;1;0;0;17;19;6;8;31;2;0
463;302;2;0;12;29;36;58;0;0;0;0;0;8;1;3;11;1;0
463;302;3;0;2;6;7;11;0;0;0;0;0;1;0;1;2;0;0
463;117;1;0;28;65;28;65;2;2;0;0;25;17;11;0;27;1;0
463;117;2;0;13;23;31;43;3;4;0;0;200;11;2;0;10;2;1
463;117;3;0;9;13;24;33;2;2;1;0;290;9;0;0;1;0;8
464;498;1;0;24;52;34;62;0;2;0;1;45;20;4;0;16;2;6
464;498;2;0;16;47;16;47;0;3;0;0;40;13;2;1;15;1;0
464;498;3;0;27;82;27;82;0;1;0;0;0;24;3;0;27;0;0
464;431;1;0;16;33;19;39;1;3;0;0;9;9;3;4;15;1;0
464;431;2;0;32;71;33;72;0;2;0;0;0;21;8;3;32;0;0
464;431;3;0;34;83;34;83;0;3;0;0;0;23;8;3;33;1;0
465;435;1;0;9;24;11;26;0;1;0;0;57;1;2;6;8;1;0
465;435;2;0;16;31;21;39;0;0;0;0;0;3;5;8;15;1;0
465;435;3;0;14;42;14;42;0;3;0;0;15;11;1;2;13;1;0
465;379;1;0;21;40;21;40;0;0;0;0;1;6;5;10;20;1;0
465;379;2;0;23;57;28;63;0;0;0;0;54;15;8;0;20;3;0
465;379;3;0;36;67;38;69;0;0;0;0;0;24;7;5;33;3;0
466;325;1;2;9;17;11;19;0;0;0;0;8;9;0;0;7;1;1
466;600;1;0;3;7;3;7;0;0;0;0;0;0;1;2;3;0;0
467;601;1;0;22;51;34;65;0;1;0;0;8;7;4;11;22;0;0
467;601;2;0;27;56;29;58;0;0;0;0;0;6;4;17;27;0;0
467;601;3;0;9;18;10;21;1;1;0;0;24;2;1;6;9;0;0
467;82;1;0;25;61;26;62;1;3;0;0;10;11;6;8;24;1;0
467;82;2;0;19;54;22;58;0;4;0;0;6;5;5;9;19;0;0
467;82;3;0;9;23;27;49;2;3;0;1;215;3;4;2;5;1;3
468;173;1;0;8;20;13;25;0;1;0;0;79;4;1;3;8;0;0
468;173;2;0;20;34;20;36;0;0;0;0;15;17;2;1;20;0;0
468;602;1;0;12;21;25;35;1;1;0;0;96;5;5;2;3;9;0
468;602;2;0;15;26;17;34;2;3;1;0;143;10;3;2;11;4;0
469;274;1;0;31;40;61;74;1;1;0;0;58;21;5;5;14;16;1
469;274;2;0;1;2;20;23;2;2;1;0;86;0;0;1;1;0;0
469;128;1;0;53;67;65;79;0;0;0;1;143;26;26;1;8;45;0
469;128;2;0;3;6;3;7;0;0;0;0;0;2;1;0;1;2;0
470;331;1;1;33;62;43;72;0;0;0;0;4;28;5;0;26;5;2
470;603;1;0;2;16;2;16;0;0;0;0;0;1;0;1;2;0;0
471;33;1;1;12;17;18;24;0;0;0;0;97;9;2;1;4;2;6
471;546;1;0;16;36;18;38;0;1;0;0;25;13;2;1;15;1;0
472;153;1;0;1;3;2;5;1;2;0;0;57;1;0;0;1;0;0
472;153;2;0;14;26;27;41;1;1;1;0;135;9;2;3;12;0;2
472;153;3;0;17;24;30;38;1;2;2;0;173;13;3;1;8;0;9
472;420;1;0;4;4;29;34;4;6;0;0;216;0;4;0;1;1;2
472;420;2;0;10;22;33;46;1;2;0;1;52;7;3;0;10;0;0
472;420;3;0;4;7;18;22;1;1;0;0;71;1;2;1;4;0;0
473;604;1;0;0;1;3;6;0;1;0;0;16;0;0;0;0;0;0
473;160;1;0;1;1;28;43;0;0;3;0;176;0;0;1;1;0;0
474;473;1;0;9;14;60;87;1;1;1;0;223;7;0;2;3;0;6
474;473;2;0;19;21;66;72;1;3;0;0;251;18;1;0;0;1;18
474;473;3;0;3;3;37;55;1;1;1;0;227;3;0;0;1;0;2
474;605;1;0;3;10;14;29;0;0;0;0;0;3;0;0;3;0;0
474;605;2;0;1;7;45;59;0;0;0;0;0;0;1;0;1;0;0
474;605;3;0;2;7;9;14;0;0;0;0;0;1;1;0;2;0;0
475;310;1;0;26;58;26;58;0;1;0;0;0;7;3;16;25;1;0
475;310;2;0;26;57;26;57;0;0;1;0;21;12;4;10;26;0;0
475;276;1;0;36;73;36;73;1;2;0;0;3;28;5;3;36;0;0
475;276;2;0;21;55;21;55;0;1;0;0;2;19;0;2;21;0;0
476;562;1;1;17;23;19;25;0;0;1;0;21;11;2;4;8;0;9
476;413;1;0;14;17;14;17;0;0;0;0;0;0;6;8;14;0;0
477;371;1;0;0;1;2;3;0;0;0;0;0;0;0;0;0;0;0
477;371;2;0;21;28;23;30;1;2;0;0;95;16;5;0;14;7;0
477;371;3;0;2;3;14;15;1;2;0;1;260;1;1;0;1;1;0
477;606;1;0;1;1;49;90;2;3;0;0;292;0;0;1;1;0;0
477;606;2;0;11;22;13;25;1;5;0;0;78;8;2;1;10;1;0
477;606;3;0;3;3;26;26;0;0;0;0;15;2;0;1;2;1;0
478;145;1;0;9;17;11;19;2;2;0;0;113;8;0;1;2;6;1
478;145;2;0;1;1;7;8;1;1;1;0;71;1;0;0;1;0;0
478;434;1;0;3;10;10;17;1;3;0;0;123;0;2;1;1;2;0
478;434;2;0;2;6;2;6;0;2;0;0;0;0;2;0;2;0;0
479;378;1;0;7;23;7;23;1;2;1;0;96;1;1;5;7;0;0
479;378;2;0;8;29;32;57;1;2;0;0;113;1;4;3;8;0;0
479;378;3;0;10;31;19;41;0;0;0;0;110;8;0;2;10;0;0
479;425;1;0;17;23;25;31;0;0;0;0;0;5;2;10;17;0;0
479;425;2;0;17;37;20;40;0;0;0;0;0;5;5;7;14;3;0
479;425;3;0;28;41;42;56;0;0;0;0;11;14;11;3;26;2;0
480;382;1;0;35;91;36;92;0;1;0;0;15;25;2;8;35;0;0
480;382;2;0;57;102;58;103;0;1;0;0;15;40;14;3;56;1;0
480;382;3;0;46;87;52;93;1;1;0;0;11;38;7;1;46;0;0
480;607;1;0;27;103;28;106;0;1;0;0;14;19;1;7;26;1;0
480;607;2;0;28;93;30;96;0;3;0;0;2;21;1;6;27;1;0
480;607;3;0;30;86;33;89;1;2;0;0;13;14;2;14;29;1;0
481;552;1;0;1;1;1;1;0;0;0;0;0;0;0;1;1;0;0
481;552;2;0;0;2;4;7;0;0;0;0;0;0;0;0;0;0;0
481;552;3;0;3;4;6;7;0;0;0;1;7;2;1;0;3;0;0
481;241;1;0;13;15;36;45;2;2;0;0;270;11;0;2;3;0;10
481;241;2;0;11;14;47;60;1;1;0;0;272;10;0;1;2;0;9
481;241;3;0;12;13;41;52;1;1;0;0;248;6;0;6;7;0;5
482;442;1;0;18;30;26;38;2;4;0;0;111;9;8;1;5;9;4
482;442;2;0;20;39;23;45;2;3;1;0;90;10;7;3;14;5;1
482;442;3;0;22;31;30;39;1;1;1;0;169;15;4;3;12;0;10
482;348;1;0;1;17;24;43;0;0;0;0;99;1;0;0;1;0;0
482;348;2;0;10;35;11;37;0;1;0;0;40;2;2;6;10;0;0
482;348;3;0;14;24;15;26;0;0;0;0;0;7;1;6;14;0;0
483;608;1;0;27;39;27;39;0;1;0;0;0;14;5;8;27;0;0
483;322;1;0;30;40;30;40;0;0;0;0;0;8;9;13;30;0;0
484;477;1;0;27;45;41;60;2;3;0;0;117;9;13;5;18;8;1
484;477;2;0;14;34;45;72;2;3;0;0;144;11;1;2;12;1;1
484;477;3;0;14;27;38;53;2;6;0;0;129;14;0;0;7;6;1
484;477;4;0;28;58;42;73;1;2;0;0;13;20;3;5;26;2;0
484;477;5;0;23;53;42;73;2;3;0;0;144;18;3;2;20;3;0
484;133;1;0;20;36;38;58;0;0;0;0;29;12;4;4;16;2;2
484;133;2;0;19;44;50;77;0;2;0;0;17;16;3;0;13;2;4
484;133;3;0;18;32;52;68;0;3;0;0;74;13;4;1;12;2;4
484;133;4;0;26;62;38;74;1;2;0;0;90;17;4;5;25;1;0
484;133;5;0;35;57;71;95;1;1;0;0;15;26;6;3;23;1;11
485;79;1;0;5;6;32;34;2;2;0;0;277;5;0;0;0;0;5
485;79;2;0;12;21;29;39;2;3;0;0;182;10;2;0;12;0;0
485;79;3;0;15;27;20;32;7;9;0;0;187;9;4;2;11;2;2
485;256;1;0;1;1;8;8;0;0;1;0;0;0;1;0;1;0;0
485;256;2;1;9;28;14;33;0;1;0;0;4;3;4;2;8;0;1
485;256;3;0;10;25;11;26;0;0;0;0;0;3;6;1;8;2;0
486;390;1;0;15;15;38;38;0;0;0;1;134;15;0;0;0;0;15
486;390;2;0;2;4;8;10;0;0;0;0;0;2;0;0;0;0;2
486;390;3;0;7;8;77;82;0;0;0;0;43;2;5;0;1;6;0
486;554;1;0;0;0;1;1;1;2;0;0;158;0;0;0;0;0;0
486;554;2;0;4;5;9;11;3;4;0;0;267;4;0;0;1;0;3
486;554;3;0;5;5;17;21;3;3;0;0;222;4;1;0;0;4;1
487;183;1;0;9;14;13;18;0;2;0;0;36;0;3;6;8;1;0
487;461;1;1;3;8;4;9;0;0;0;0;2;1;2;0;2;0;1
488;122;1;0;10;13;10;13;0;0;0;0;0;7;2;1;9;1;0
488;156;1;1;14;36;14;36;0;4;0;0;0;6;7;1;14;0;0
489;284;1;0;35;46;37;48;2;2;0;0;36;17;14;4;33;1;1
489;284;2;0;35;52;46;66;1;2;0;0;125;21;10;4;29;2;4
489;284;3;0;21;36;43;60;2;3;0;0;206;19;2;0;17;0;4
489;609;1;0;17;43;18;44;0;0;0;0;0;13;2;2;17;0;0
489;609;2;0;38;55;42;60;0;0;0;0;5;29;8;1;34;1;3
489;609;3;0;23;34;31;47;0;0;0;0;14;15;8;0;22;1;0
490;191;1;0;25;45;25;45;0;0;0;0;0;22;2;1;25;0;0
490;191;2;0;38;67;41;70;0;0;0;0;0;28;7;3;37;0;1
490;191;3;0;19;28;24;34;0;0;0;0;0;19;0;0;10;0;9
490;199;1;0;21;50;21;50;0;5;0;0;47;11;6;4;19;2;0
490;199;2;0;21;61;22;62;1;3;0;0;23;16;3;2;21;0;0
490;199;3;0;30;48;70;96;2;4;0;0;233;28;2;0;5;2;23
491;217;1;0;5;5;7;7;1;1;1;0;31;0;2;3;5;0;0
491;169;1;0;3;5;3;5;0;0;0;0;0;1;0;2;3;0;0
492;69;1;1;24;59;25;60;0;0;0;0;3;15;2;7;19;2;3
492;69;2;0;36;61;37;62;1;1;0;0;38;25;1;10;33;3;0
492;69;3;0;39;56;39;56;1;2;0;0;17;23;4;12;36;2;1
492;26;1;1;68;111;75;118;0;0;0;0;54;48;16;4;43;5;20
492;26;2;0;29;55;29;55;0;0;0;0;0;20;7;2;24;5;0
492;26;3;0;37;66;37;66;0;2;0;0;34;24;12;1;33;4;0
493;610;1;0;41;58;47;64;4;6;0;0;183;35;5;1;10;6;25
493;610;2;0;27;44;60;87;2;4;0;0;253;27;0;0;1;4;22
493;610;3;0;31;37;63;70;3;4;0;0;212;26;3;2;5;3;23
493;611;1;0;8;16;8;17;0;0;0;0;0;3;4;1;5;3;0
493;611;2;0;5;7;9;11;0;0;0;0;0;1;0;4;5;0;0
493;611;3;0;5;12;11;18;0;0;0;0;0;3;0;2;4;0;1
494;612;1;0;4;27;9;33;1;2;0;0;138;1;0;3;3;1;0
494;612;2;0;12;34;15;38;3;6;0;0;84;10;1;1;11;0;1
494;612;3;0;3;27;6;30;3;11;0;0;105;3;0;0;3;0;0
494;311;1;0;4;18;8;24;0;0;0;0;0;2;2;0;4;0;0
494;311;2;0;17;25;24;32;0;0;0;0;4;10;4;3;17;0;0
494;311;3;0;9;23;21;36;0;0;0;0;45;8;1;0;9;0;0
495;364;1;0;12;31;16;36;2;2;1;0;87;8;0;4;7;0;5
495;364;2;0;4;8;12;19;0;1;0;1;16;4;0;0;3;1;0
495;364;3;0;10;23;20;33;0;3;0;0;0;7;3;0;8;2;0
495;613;1;0;15;32;34;53;0;0;0;1;67;15;0;0;5;0;10
495;613;2;0;12;18;36;47;2;2;0;0;172;12;0;0;4;2;6
495;613;3;1;35;53;80;103;0;0;0;0;209;27;8;0;11;12;12
496;109;1;0;3;4;40;47;1;3;0;0;244;1;2;0;1;1;1
496;109;2;0;5;6;10;12;1;2;0;0;108;2;3;0;4;1;0
496;109;3;0;1;2;4;5;1;2;1;0;73;1;0;0;1;0;0
496;109;4;0;0;1;7;8;0;0;0;0;0;0;0;0;0;0;0
496;334;1;0;2;2;6;9;0;0;0;1;32;0;2;0;0;2;0
496;334;2;0;12;18;27;36;0;0;0;0;165;11;1;0;1;0;11
496;334;3;0;4;10;27;44;0;0;0;1;206;4;0;0;0;0;4
496;334;4;0;4;7;37;45;1;1;1;0;296;4;0;0;0;0;4
497;468;1;0;9;31;22;45;1;1;0;0;27;3;3;3;8;1;0
497;468;2;0;23;70;23;70;0;0;0;0;0;12;3;8;22;1;0
497;468;3;0;20;36;31;47;0;0;0;0;0;8;3;9;19;1;0
497;444;1;0;12;29;13;33;0;2;0;1;30;8;1;3;11;1;0
497;444;2;0;26;42;26;42;0;0;0;0;0;17;8;1;26;0;0
497;444;3;0;11;24;11;24;1;2;1;0;121;10;1;0;7;0;4
498;11;1;0;11;40;11;40;0;0;0;0;0;3;4;4;11;0;0
498;11;2;1;21;50;21;51;0;0;0;0;3;13;4;4;21;0;0
498;11;3;0;24;62;24;62;0;0;0;0;0;14;6;4;23;1;0
498;324;1;0;20;37;20;37;0;0;0;0;0;11;5;4;19;1;0
498;324;2;0;24;44;24;44;0;0;0;0;0;16;6;2;23;1;0
498;324;3;0;37;71;37;71;0;0;0;0;0;20;9;8;37;0;0
499;31;1;0;16;27;17;28;0;0;0;0;6;16;0;0;8;0;8
499;448;1;0;2;14;2;14;0;0;0;0;0;2;0;0;2;0;0
500;12;1;1;25;43;25;43;0;0;1;0;20;20;5;0;17;0;8
500;428;1;0;9;26;9;26;0;0;0;0;0;3;1;5;9;0;0
501;495;1;1;23;55;30;64;0;0;0;0;28;17;4;2;12;1;10
501;495;2;0;29;57;32;60;0;1;0;0;0;18;6;5;27;2;0
501;495;3;0;11;23;30;46;2;4;0;0;163;6;4;1;7;4;0
501;614;1;0;15;54;19;60;1;1;0;0;61;7;4;4;13;2;0
501;614;2;0;21;69;22;70;0;1;0;0;20;13;3;5;20;1;0
501;614;3;0;7;13;19;25;1;1;0;1;37;3;3;1;6;1;0
502;200;1;0;17;66;17;66;0;0;0;0;0;11;3;3;17;0;0
502;200;2;0;27;80;27;80;0;1;0;0;0;20;3;4;27;0;0
502;200;3;0;7;18;7;18;0;2;0;0;2;5;1;1;7;0;0
502;526;1;0;28;58;28;58;0;0;0;0;0;12;5;11;28;0;0
502;526;2;0;35;58;36;59;0;1;0;0;0;18;11;6;35;0;0
502;526;3;0;20;45;21;46;0;0;0;0;4;16;2;2;14;6;0
503;228;1;0;3;3;3;3;0;0;0;0;0;1;0;2;3;0;0
503;83;1;1;5;8;6;9;0;0;0;0;4;5;0;0;2;0;3
504;342;1;0;20;33;20;33;1;1;0;0;40;13;5;2;19;1;0
504;342;2;1;12;18;26;36;2;4;0;0;205;8;4;0;12;0;0
504;342;3;0;14;23;14;23;2;4;1;0;44;9;5;0;13;1;0
504;615;1;0;10;31;15;37;1;4;0;0;42;5;3;2;7;3;0
504;615;2;0;7;31;27;53;0;0;0;0;0;6;1;0;6;1;0
504;615;3;0;14;46;14;46;0;0;0;0;0;7;7;0;10;4;0
505;616;1;0;32;49;32;49;0;0;0;0;0;8;5;19;32;0;0
505;616;2;0;45;83;45;83;0;0;0;0;0;32;7;6;45;0;0
505;616;3;0;16;39;29;54;0;0;0;0;0;16;0;0;15;0;1
505;42;1;0;27;49;27;49;0;0;0;0;0;17;5;5;27;0;0
505;42;2;0;42;105;42;105;0;0;0;0;0;35;4;3;42;0;0
505;42;3;0;30;62;40;78;0;1;0;0;115;22;2;6;26;1;3
506;206;1;0;25;56;25;56;0;0;0;0;0;6;7;12;22;3;0
506;206;2;0;26;53;39;67;1;2;0;0;58;11;6;9;20;2;4
506;206;3;0;9;15;16;30;2;2;1;0;115;5;1;3;4;0;5
506;176;1;0;14;54;14;54;0;0;0;0;0;10;1;3;14;0;0
506;176;2;0;9;41;13;45;0;0;0;0;0;4;1;4;9;0;0
506;176;3;0;1;8;9;19;0;0;0;0;0;0;1;0;1;0;0
507;486;1;0;10;30;11;33;3;5;0;0;133;7;1;2;9;1;0
507;486;2;0;13;41;15;44;1;2;0;0;65;10;3;0;12;1;0
507;486;3;0;1;6;1;6;0;1;0;0;0;1;0;0;1;0;0
507;41;1;0;37;51;41;56;0;0;0;0;2;25;7;5;35;1;1
507;41;2;0;38;57;42;62;1;1;0;0;38;25;7;6;32;3;3
507;41;3;0;27;30;27;30;0;0;0;0;0;23;3;1;27;0;0
508;454;1;0;27;57;35;66;0;0;0;0;13;16;5;6;26;1;0
508;454;2;1;33;57;58;83;1;1;0;0;105;23;6;4;21;7;5
508;454;3;0;39;61;55;81;1;2;0;0;187;35;1;3;10;5;24
508;617;1;0;25;56;34;66;0;1;0;0;64;13;11;1;17;8;0
508;617;2;0;13;26;21;34;1;2;0;0;52;7;6;0;5;8;0
508;617;3;0;4;10;8;15;1;5;0;0;23;3;1;0;1;3;0
509;522;1;0;3;8;9;14;0;0;0;1;167;0;1;2;3;0;0
509;522;2;0;8;25;9;26;1;1;1;0;48;4;2;2;7;1;0
509;155;1;0;4;7;4;8;1;1;0;0;60;3;1;0;4;0;0
509;155;2;0;14;35;14;35;0;0;0;0;0;13;1;0;14;0;0
510;349;1;0;8;13;8;14;1;3;0;0;68;0;4;4;7;0;1
510;349;2;0;7;16;7;16;1;1;0;0;70;2;3;2;7;0;0
510;349;3;0;8;14;8;14;0;1;0;0;0;2;2;4;8;0;0
510;430;1;0;8;20;8;20;0;0;0;0;0;4;1;3;7;1;0
510;430;2;0;14;32;14;32;0;0;0;0;0;7;4;3;14;0;0
510;430;3;0;8;18;8;18;1;1;0;0;2;3;2;3;7;1;0
511;147;1;0;21;65;21;65;0;0;0;0;0;11;3;7;21;0;0
511;147;2;0;6;18;7;20;0;1;0;0;0;3;2;1;6;0;0
511;147;3;0;3;16;3;16;0;1;0;0;0;2;1;0;3;0;0
511;142;1;0;38;67;38;67;0;0;0;0;0;30;6;2;38;0;0
511;142;2;0;48;72;122;173;0;0;0;0;215;42;5;1;14;0;34
511;142;3;0;3;9;37;48;1;1;1;0;175;2;1;0;3;0;0
512;618;1;0;1;2;4;6;0;0;0;1;9;0;0;1;1;0;0
512;618;2;0;0;3;0;3;0;0;0;0;0;0;0;0;0;0;0
512;65;1;0;12;14;37;44;2;2;2;1;235;11;0;1;2;0;10
512;65;2;0;17;19;50;58;1;2;0;0;213;17;0;0;0;0;17
513;619;1;0;1;4;1;4;0;0;3;0;0;1;0;0;1;0;0
513;292;1;0;1;1;1;1;1;1;1;0;116;0;0;1;1;0;0
514;620;1;0;9;21;9;21;0;0;0;0;0;3;1;5;9;0;0
514;15;1;2;30;54;34;59;0;0;0;0;15;30;0;0;19;1;10
515;437;1;0;5;13;28;38;1;1;1;1;143;1;0;4;4;1;0
515;404;1;0;7;21;12;27;0;0;0;1;64;2;3;2;5;2;0
516;108;1;1;13;20;15;27;1;3;0;0;162;13;0;0;3;3;7
516;108;2;0;14;28;14;28;0;3;0;0;20;8;5;1;8;6;0
516;108;3;1;4;6;4;6;0;0;0;0;1;4;0;0;2;0;2
516;218;1;0;1;5;22;27;0;6;0;0;58;0;1;0;0;1;0
516;218;2;0;13;28;17;33;0;2;0;0;68;7;6;0;11;2;0
516;218;3;0;2;2;2;2;0;0;0;0;0;0;2;0;2;0;0
517;308;1;0;36;58;56;88;1;1;0;0;227;35;0;1;2;0;34
517;308;2;0;0;5;5;10;1;2;1;0;66;0;0;0;0;0;0
517;621;1;0;3;13;3;13;0;0;0;0;0;2;0;1;3;0;0
517;621;2;0;3;10;14;21;0;0;0;0;0;1;0;2;3;0;0
518;622;1;0;15;40;15;40;0;0;0;0;9;9;5;1;14;0;1
518;622;2;0;40;87;49;96;1;1;0;0;58;28;11;1;31;6;3
518;622;3;0;60;99;66;108;2;3;0;0;18;44;14;2;55;5;0
518;246;1;0;14;38;14;38;2;12;0;0;90;11;1;2;14;0;0
518;246;2;0;21;54;22;55;0;4;0;0;0;20;1;0;21;0;0
518;246;3;0;10;46;10;46;0;4;0;0;0;10;0;0;10;0;0
519;102;1;0;53;93;58;101;0;0;0;0;46;31;17;5;43;10;0
519;102;2;0;46;96;46;96;0;0;0;0;0;29;14;3;42;4;0
519;102;3;0;38;64;38;64;0;0;0;0;0;25;11;2;38;0;0
519;623;1;0;22;61;25;64;0;3;0;0;0;7;13;2;21;1;0
519;623;2;0;30;68;30;69;1;1;0;0;31;7;16;7;30;0;0
519;623;3;0;20;63;20;63;0;0;0;0;0;10;7;3;20;0;0
520;518;1;0;10;20;26;42;2;2;0;0;218;3;7;0;1;6;3
520;518;2;0;14;19;34;43;1;2;1;0;148;10;3;1;5;0;9
520;624;1;0;6;8;14;22;1;2;0;1;58;1;3;2;4;2;0
520;624;2;0;15;26;19;30;0;0;0;1;47;13;0;2;4;0;11
521;207;1;0;4;9;4;9;0;1;0;0;0;0;3;1;4;0;0
521;321;1;0;28;45;28;45;0;0;0;0;17;21;3;4;5;0;23
522;577;1;0;11;46;32;67;1;4;0;0;52;9;0;2;10;1;0
522;577;2;0;33;49;73;92;8;13;0;0;223;33;0;0;16;8;9
522;577;3;0;15;48;46;80;3;8;0;0;117;12;1;2;13;2;0
522;577;4;0;21;56;31;66;2;4;0;0;86;9;5;7;17;4;0
522;577;5;0;34;66;61;94;6;8;0;0;124;23;7;4;23;7;4
522;255;1;0;27;53;58;85;0;0;0;0;0;14;4;9;27;0;0
522;255;2;0;2;9;23;32;0;0;0;0;0;1;0;1;2;0;0
522;255;3;0;14;35;24;45;0;0;0;0;0;7;4;3;14;0;0
522;255;4;0;19;43;21;46;0;0;0;0;0;12;4;3;19;0;0
522;255;5;0;18;44;23;49;0;0;0;0;0;12;6;0;18;0;0
523;459;1;0;12;24;12;24;0;0;0;0;0;7;1;4;12;0;0
523;459;2;0;12;43;12;43;0;0;0;0;0;7;1;4;12;0;0
523;459;3;1;47;71;47;71;0;0;0;0;12;30;14;3;37;10;0
523;625;1;0;15;32;15;32;0;0;0;0;0;9;4;2;15;0;0
523;625;2;0;24;65;24;65;0;0;0;0;0;10;7;7;24;0;0
523;625;3;0;27;61;27;61;0;0;0;0;2;25;1;1;23;4;0
524;508;1;0;0;0;0;0;0;0;0;0;16;0;0;0;0;0;0
524;424;1;0;0;1;0;1;1;1;1;0;48;0;0;0;0;0;0
525;285;1;0;11;12;16;19;1;1;1;0;156;6;5;0;3;0;8
525;285;2;0;0;0;2;2;0;0;0;0;0;0;0;0;0;0;0
525;490;1;0;1;3;2;5;0;4;0;0;44;1;0;0;1;0;0
525;490;2;1;5;7;11;13;0;0;2;0;92;5;0;0;2;0;3
526;394;1;1;6;12;6;12;1;1;0;0;4;4;2;0;1;4;1
526;626;1;0;0;1;0;1;0;2;0;0;6;0;0;0;0;0;0
527;367;1;0;17;47;18;48;1;2;0;0;78;6;2;9;17;0;0
527;367;2;1;10;15;10;15;0;0;0;0;5;10;0;0;1;0;9
527;16;1;0;28;49;48;69;0;0;0;0;0;14;4;10;27;1;0
527;16;2;0;3;6;3;6;0;0;0;0;0;1;1;1;3;0;0
528;627;1;0;5;8;11;14;2;2;0;0;108;2;0;3;5;0;0
528;627;2;0;25;41;35;51;2;4;0;0;77;14;6;5;19;5;1
528;627;3;0;7;9;29;36;1;1;0;0;276;7;0;0;1;0;6
528;559;1;0;13;24;28;40;0;0;1;1;121;7;5;1;9;0;4
528;559;2;0;31;56;48;74;0;0;1;0;3;13;16;2;27;4;0
528;559;3;0;2;3;31;33;0;0;1;0;0;1;1;0;2;0;0
529;19;1;1;25;50;26;51;0;0;0;0;39;20;3;2;12;1;12
529;628;1;0;15;38;17;40;1;3;0;0;18;6;2;7;15;0;0
530;58;1;0;21;30;82;105;1;3;0;0;245;21;0;0;0;1;20
530;58;2;0;11;13;34;44;1;3;1;1;253;11;0;0;1;0;10
530;58;3;0;7;11;47;51;2;5;0;0;257;6;1;0;0;0;7
530;373;1;0;6;7;21;22;0;1;0;0;21;1;4;1;2;3;1
530;373;2;0;1;3;8;10;0;0;0;0;28;0;1;0;0;1;0
530;373;3;0;2;2;5;5;0;0;2;0;0;1;1;0;2;0;0
531;539;1;0;14;33;24;44;0;1;0;0;0;5;7;2;8;6;0
531;539;2;0;25;50;32;57;1;1;0;0;63;9;14;2;10;15;0
531;539;3;0;15;35;35;57;1;1;1;0;160;11;4;0;6;4;5
531;629;1;0;31;50;40;59;0;0;0;0;49;10;20;1;10;21;0
531;629;2;0;31;52;55;76;0;0;0;0;0;19;9;3;16;15;0
531;629;3;0;3;22;20;41;0;1;0;0;0;0;2;1;3;0;0
532;630;1;0;3;7;27;32;0;0;0;0;0;1;0;2;3;0;0
532;630;2;0;9;33;11;35;0;0;0;0;0;2;0;7;9;0;0
532;630;3;0;19;46;23;52;1;1;0;1;42;15;0;4;18;0;1
532;272;1;0;9;24;23;39;1;1;0;0;159;2;0;7;7;0;2
532;272;2;0;20;48;21;49;0;0;0;0;13;11;3;6;20;0;0
532;272;3;0;12;38;12;38;1;1;0;0;35;6;2;4;12;0;0
533;152;1;0;4;13;16;25;0;0;0;0;0;2;0;2;4;0;0
533;152;2;0;17;22;30;36;0;1;2;0;37;16;0;1;5;8;4
533;631;1;0;4;12;12;20;1;1;0;0;150;3;0;1;3;0;1
533;631;2;0;1;4;1;4;2;5;0;0;53;1;0;0;1;0;0
534;632;1;0;9;20;23;39;0;0;1;0;156;8;0;1;5;1;3
534;632;2;1;16;29;16;29;0;0;0;0;0;12;2;2;14;2;0
534;632;3;0;14;26;14;26;0;0;0;0;0;11;0;3;13;1;0
534;633;1;0;7;15;15;25;1;1;0;0;71;1;2;4;2;2;3
534;633;2;0;8;25;8;25;1;2;0;0;13;5;1;2;7;0;1
534;633;3;0;7;20;7;20;1;1;0;0;91;6;0;1;7;0;0
535;460;1;1;11;17;11;17;0;0;0;0;3;6;2;3;9;0;2
535;463;1;0;5;11;5;11;0;0;0;0;0;0;1;4;5;0;0
536;634;1;0;12;16;12;16;2;4;1;1;128;3;1;8;9;0;3
536;376;1;0;10;14;10;14;0;0;0;0;5;9;0;1;10;0;0
537;95;1;0;32;56;32;56;0;0;0;0;0;14;11;7;29;3;0
537;95;2;0;29;42;29;43;1;3;0;0;64;12;5;12;28;1;0
537;95;3;0;4;11;12;24;2;3;1;0;174;3;0;1;1;0;3
537;635;1;0;16;43;16;43;0;1;0;0;2;11;4;1;16;0;0
537;635;2;0;20;58;30;68;0;2;0;0;25;18;2;0;20;0;0
537;635;3;0;7;12;22;31;0;1;0;1;72;7;0;0;2;0;5
538;354;1;0;9;20;10;21;0;0;1;1;22;4;3;2;8;1;0
538;354;2;0;7;16;14;23;0;0;1;0;233;5;1;1;6;0;1
538;354;3;0;2;8;4;10;0;1;1;0;28;2;0;0;1;1;0
538;151;1;0;18;32;24;38;1;2;0;0;68;16;0;2;18;0;0
538;151;2;0;7;14;22;29;0;1;0;0;0;7;0;0;7;0;0
538;151;3;0;6;11;27;36;2;2;1;0;98;5;1;0;4;2;0
539;335;1;0;26;61;33;69;1;1;1;0;34;13;9;4;23;3;0
539;636;1;0;15;42;15;42;0;1;0;0;18;7;1;7;14;0;1
540;182;1;0;37;62;41;67;0;2;0;0;58;21;15;1;32;5;0
540;182;2;0;16;39;31;68;1;1;0;0;172;11;5;0;12;3;1
540;182;3;0;28;57;29;58;0;1;0;0;3;12;15;1;26;2;0
540;532;1;0;15;33;20;38;0;0;0;0;40;4;5;6;13;2;0
540;532;2;0;6;19;19;34;1;1;0;0;19;5;1;0;6;0;0
540;532;3;0;22;37;23;39;1;5;0;0;84;12;6;4;20;2;0
541;411;1;1;12;36;20;48;0;0;0;0;36;8;1;3;8;0;4
541;381;1;0;7;13;7;13;0;0;0;0;0;0;0;7;7;0;0
542;561;1;0;3;8;3;9;2;2;0;0;229;1;0;2;3;0;0
542;561;2;0;15;27;18;30;0;8;0;0;98;12;2;1;13;2;0
542;561;3;0;25;54;26;55;1;7;0;0;14;19;5;1;24;1;0
542;637;1;0;5;10;8;14;0;0;0;0;0;2;0;3;5;0;0
542;637;2;0;10;33;15;40;0;0;0;0;0;6;2;2;8;2;0
542;637;3;0;31;73;32;75;0;0;1;0;7;24;6;1;24;7;0
543;416;1;0;43;75;72;111;1;6;1;0;163;38;2;3;6;0;37
543;416;2;0;8;14;16;27;0;3;0;0;116;4;4;0;4;4;0
543;416;3;0;11;22;38;61;1;5;0;0;186;6;2;3;5;0;6
543;638;1;0;12;27;18;36;1;2;0;0;11;9;0;3;9;3;0
543;638;2;0;18;35;26;45;0;0;0;0;37;9;3;6;7;11;0
543;638;3;0;13;27;18;37;0;0;0;0;4;8;4;1;11;2;0
544;436;1;0;10;32;25;56;1;2;0;0;164;8;2;0;5;0;5
544;436;2;0;17;32;38;55;2;3;0;0;222;12;4;1;7;1;9
544;436;3;0;14;24;36;53;2;2;0;0;257;14;0;0;0;0;14
544;639;1;0;24;36;39;52;0;0;1;0;0;11;3;10;23;1;0
544;639;2;0;15;25;22;34;0;0;0;0;0;12;2;1;14;0;1
544;639;3;0;9;21;14;29;0;0;0;0;0;8;0;1;9;0;0
545;410;1;0;29;49;30;50;0;0;0;0;29;23;2;4;11;12;6
545;263;1;0;3;9;3;9;0;2;0;0;13;2;1;0;2;1;0
546;363;1;0;15;21;28;36;0;1;0;0;0;9;3;3;14;1;0
546;363;2;0;9;20;24;36;0;0;0;0;0;3;5;1;7;2;0
546;363;3;0;6;20;15;30;0;0;0;0;11;2;4;0;4;2;0
546;162;1;0;24;48;35;64;2;4;1;0;159;16;2;6;12;0;12
546;162;2;0;12;36;44;75;2;3;0;0;226;9;3;0;7;5;0
546;162;3;0;8;23;31;63;1;4;0;0;217;4;2;2;4;4;0
547;330;1;0;43;77;50;86;1;1;0;0;118;36;0;7;14;0;29
547;330;2;1;31;58;36;68;2;3;0;0;42;27;1;3;17;1;13
547;25;1;0;10;20;10;20;0;0;0;1;3;5;2;3;10;0;0
547;25;2;0;33;71;33;71;0;0;0;0;0;21;8;4;32;1;0
548;524;1;0;11;51;11;51;0;2;0;0;20;11;0;0;11;0;0
548;524;2;0;15;49;15;49;0;3;0;0;39;9;5;1;15;0;0
548;524;3;0;23;58;23;58;0;0;0;0;0;20;2;1;23;0;0
548;35;1;0;22;45;35;58;0;1;0;0;0;7;5;10;22;0;0
548;35;2;0;10;27;30;47;0;1;0;0;30;6;3;1;10;0;0
548;35;3;0;30;83;50;105;0;0;0;0;3;20;2;8;30;0;0
549;45;1;0;22;41;23;42;1;1;0;0;24;15;2;5;20;2;0
549;45;2;0;33;61;48;77;1;2;1;1;72;26;3;4;27;6;0
549;45;3;1;36;60;36;60;0;0;1;0;25;33;2;1;23;2;11
549;398;1;0;23;64;24;65;0;1;0;0;0;16;5;2;23;0;0
549;398;2;0;31;86;45;100;1;1;0;0;9;29;2;0;31;0;0
549;398;3;0;11;36;11;36;0;1;0;0;0;10;1;0;11;0;0
550;472;1;0;14;25;15;26;0;0;0;0;3;4;6;4;14;0;0
550;472;2;1;23;43;23;43;0;0;0;0;6;14;6;3;23;0;0
550;472;3;0;20;49;20;49;0;0;0;0;14;12;4;4;19;1;0
550;138;1;0;24;49;25;50;1;1;0;0;47;3;13;8;20;4;0
550;138;2;0;20;45;24;49;0;3;0;1;73;12;4;4;15;0;5
550;138;3;0;20;52;20;52;0;2;0;0;0;10;8;2;20;0;0
551;427;1;0;12;36;12;36;0;0;0;0;0;7;2;3;12;0;0
551;427;2;1;18;39;18;39;0;0;0;0;12;15;2;1;8;0;10
551;157;1;0;11;53;11;53;0;0;0;0;0;3;6;2;11;0;0
551;157;2;0;12;45;12;45;0;0;0;0;0;5;5;2;12;0;0
552;337;1;2;15;40;17;42;0;1;0;0;47;13;1;1;9;3;3
552;640;1;0;12;24;13;25;0;1;0;0;7;9;3;0;10;2;0
553;537;1;0;9;25;13;29;0;0;0;0;0;5;3;1;9;0;0
553;185;1;0;16;24;27;36;2;2;1;0;136;10;6;0;10;6;0
554;641;1;0;3;8;37;44;2;3;0;0;262;3;0;0;0;0;3
554;641;2;0;6;31;6;31;1;5;0;0;55;3;3;0;6;0;0
554;641;3;0;12;24;15;27;1;8;0;0;128;8;4;0;10;2;0
554;642;1;0;0;4;29;33;0;0;0;0;0;0;0;0;0;0;0
554;642;2;0;11;29;13;31;0;0;1;0;18;2;5;4;11;0;0
554;642;3;1;14;33;53;72;0;0;0;0;45;10;4;0;8;3;3
555;470;1;0;7;10;25;30;1;5;0;0;178;0;1;6;6;1;0
555;470;2;0;5;14;27;36;1;2;0;0;240;1;3;1;1;4;0
555;470;3;0;8;15;18;25;1;5;0;0;156;0;6;2;2;6;0
555;161;1;0;5;6;6;7;0;0;0;0;3;0;4;1;5;0;0
555;161;2;0;5;5;16;16;0;0;1;0;0;1;0;4;4;1;0
555;161;3;0;13;22;17;26;0;0;0;1;31;11;0;2;5;3;5
556;530;1;0;35;73;35;73;1;2;0;0;18;12;12;11;30;5;0
556;530;2;0;20;65;20;65;0;2;0;0;0;9;3;8;19;1;0
556;530;3;0;30;97;32;99;0;1;0;0;20;14;10;6;27;3;0
556;359;1;0;12;49;12;49;0;0;0;0;0;5;4;3;12;0;0
556;359;2;0;20;64;22;66;0;0;0;0;0;10;6;4;20;0;0
556;359;3;0;33;73;39;80;0;5;0;0;21;28;2;3;27;2;4
557;274;1;0;2;7;2;7;0;0;0;0;0;0;1;1;2;0;0
557;434;1;0;3;10;3;10;0;0;0;0;0;1;0;2;3;0;0
558;275;1;0;10;48;10;48;0;2;0;0;1;5;1;4;10;0;0
558;275;2;0;1;4;3;7;1;1;2;0;83;1;0;0;1;0;0
558;275;3;0;1;4;1;4;0;1;0;0;0;1;0;0;1;0;0
558;245;1;0;20;57;20;57;0;0;0;0;0;14;0;6;20;0;0
558;245;2;0;12;19;47;55;2;2;0;1;195;11;1;0;1;0;11
558;245;3;0;10;19;10;19;0;0;0;0;3;9;0;1;8;0;2
559;517;1;0;11;40;15;44;0;4;0;0;21;6;2;3;10;1;0
559;517;2;0;20;62;31;77;0;0;1;0;67;16;1;3;20;0;0
559;517;3;0;14;64;14;64;0;1;0;0;17;9;3;2;13;1;0
559;485;1;0;14;41;14;41;0;0;0;0;0;7;7;0;12;2;0
559;485;2;0;10;42;10;42;0;1;0;0;0;9;0;1;10;0;0
559;485;3;0;13;34;19;40;0;2;0;0;19;13;0;0;13;0;0
560;643;1;0;10;36;10;36;1;4;0;0;62;7;3;0;7;3;0
560;57;1;1;39;68;42;71;1;3;0;0;63;29;8;2;23;6;10
561;644;1;0;10;18;15;23;0;0;0;0;0;3;3;4;9;1;0
561;644;2;0;13;26;13;26;0;0;0;0;0;9;3;1;13;0;0
561;644;3;0;13;31;14;32;0;0;0;0;2;10;2;1;13;0;0
561;644;4;0;24;44;26;46;0;0;0;0;27;17;3;4;24;0;0
561;644;5;0;21;43;21;43;0;0;0;0;0;14;3;4;20;1;0
561;523;1;0;6;22;13;30;0;2;0;0;51;1;4;1;3;3;0
561;523;2;0;7;30;7;30;0;1;0;0;0;3;1;3;7;0;0
561;523;3;0;17;38;21;42;0;1;0;0;22;8;7;2;14;3;0
561;523;4;0;12;32;20;40;0;1;0;0;0;10;0;2;12;0;0
561;523;5;0;24;44;28;48;0;0;0;0;7;17;2;5;23;1;0
562;253;1;0;6;18;19;32;2;5;0;0;184;2;4;0;4;2;0
562;253;2;0;11;20;18;29;1;5;1;0;94;7;4;0;5;1;5
562;4;1;0;1;6;1;6;0;0;0;0;16;0;1;0;1;0;0
562;4;2;0;4;11;5;12;0;0;0;0;18;4;0;0;4;0;0
563;68;1;0;22;36;29;44;0;0;0;0;110;18;0;4;10;0;12
563;645;1;0;6;14;30;39;0;2;0;0;45;0;2;4;5;1;0
564;514;1;1;29;73;31;75;0;0;0;0;21;21;6;2;25;0;4
564;514;2;0;9;26;9;26;0;1;0;0;0;5;2;2;9;0;0
564;112;1;1;20;57;25;62;1;1;1;0;136;17;1;2;12;2;6
564;112;2;0;37;79;42;85;1;1;0;0;85;35;1;1;11;0;26
565;54;1;0;9;25;13;29;1;3;0;0;131;9;0;0;8;1;0
565;54;2;0;18;49;19;52;0;1;0;0;51;16;2;0;15;3;0
565;54;3;1;18;31;20;33;0;0;0;0;3;15;3;0;13;1;4
565;646;1;0;6;39;15;53;0;0;0;0;0;6;0;0;5;1;0
565;646;2;0;16;59;20;64;0;0;0;0;0;10;6;0;10;6;0
565;646;3;0;11;37;13;39;0;0;0;0;0;11;0;0;8;3;0
566;402;1;0;14;30;17;33;0;0;0;0;1;2;6;6;12;2;0
566;402;2;0;12;29;22;39;0;0;0;0;0;6;3;3;6;6;0
566;402;3;0;23;55;27;60;2;2;0;0;56;11;8;4;19;4;0
566;482;1;0;10;29;12;31;1;1;0;0;88;2;4;4;9;1;0
566;482;2;0;8;17;23;32;1;3;0;0;179;3;5;0;5;3;0
566;482;3;0;16;50;19;53;0;2;0;0;9;9;7;0;13;3;0
567;67;1;0;17;43;21;49;2;4;0;0;208;14;0;3;4;0;13
567;225;1;0;5;14;11;22;0;0;0;0;3;2;1;2;5;0;0
568;184;1;0;4;9;8;15;0;0;0;0;78;1;3;0;2;2;0
568;546;1;1;13;28;15;30;0;0;0;0;8;13;0;0;9;0;4
569;510;1;0;8;23;8;23;0;0;0;0;0;6;0;2;8;0;0
569;136;1;1;24;40;24;40;0;0;0;0;13;11;3;10;24;0;0
570;222;1;0;25;48;25;48;0;0;0;0;0;21;0;4;25;0;0
570;647;1;0;18;38;18;38;0;0;0;0;0;9;3;6;18;0;0
571;515;1;0;17;40;25;49;1;1;0;0;82;12;3;2;16;1;0
571;515;2;0;15;40;15;40;0;1;0;0;0;3;3;9;15;0;0
571;515;3;0;10;22;10;22;0;1;0;0;0;2;2;6;10;0;0
571;412;1;1;39;73;48;84;1;1;0;0;76;26;11;2;22;9;8
571;412;2;0;9;28;9;28;0;0;0;0;3;4;3;2;9;0;0
571;412;3;0;20;37;20;37;0;0;0;0;3;17;2;1;12;0;8
572;648;1;0;5;19;5;19;0;0;0;0;0;4;1;0;4;1;0
572;649;1;0;23;42;23;42;0;0;0;0;4;19;3;1;15;8;0
573;385;1;0;7;21;33;48;0;1;0;0;0;3;2;2;6;1;0
573;385;2;0;6;17;9;20;0;0;0;0;0;2;2;2;6;0;0
573;521;1;0;13;29;45;65;1;2;0;0;249;11;2;0;2;2;9
573;521;2;0;8;17;10;19;1;1;1;0;80;8;0;0;2;1;5
574;464;1;0;9;22;10;25;0;2;0;0;39;3;1;5;7;2;0
574;464;2;1;41;45;41;45;0;0;0;0;41;33;0;8;8;0;33
574;350;1;0;12;30;20;42;0;0;0;0;81;6;5;1;7;4;1
574;350;2;0;8;17;8;17;0;0;0;0;0;2;1;5;8;0;0
575;650;1;0;2;28;2;28;0;0;0;0;0;2;0;0;2;0;0
575;650;2;0;9;40;9;40;0;0;0;0;0;5;4;0;9;0;0
575;650;3;0;21;42;21;42;0;1;0;0;0;8;8;5;21;0;0
575;650;4;0;13;37;29;55;0;0;0;0;2;8;5;0;12;0;1
575;650;5;0;10;27;39;60;0;1;0;0;6;7;3;0;10;0;0
575;423;1;0;27;44;27;44;0;0;0;0;0;16;3;8;27;0;0
575;423;2;0;13;54;13;54;0;0;0;0;0;6;1;6;12;1;0
575;423;3;0;35;52;35;52;0;1;0;0;0;25;2;8;34;1;0
575;423;4;0;25;39;35;49;1;1;0;0;96;13;9;3;16;3;6
575;423;5;0;24;38;43;63;2;4;0;0;139;17;6;1;11;2;11
576;351;1;0;9;28;11;31;0;1;0;0;6;6;1;2;8;1;0
576;351;2;0;22;43;22;43;0;0;0;0;0;13;5;4;22;0;0
576;351;3;0;30;62;30;62;0;2;0;0;2;16;6;8;30;0;0
576;33;1;0;11;34;11;34;0;0;0;0;0;5;1;5;11;0;0
576;33;2;0;20;37;20;37;0;0;0;0;0;15;2;3;20;0;0
576;33;3;0;14;46;14;46;0;0;0;0;0;7;1;6;14;0;0
577;86;1;0;17;35;17;35;0;0;0;0;0;6;3;8;16;1;0
577;86;2;0;32;47;36;51;0;3;0;0;17;14;7;11;30;2;0
577;86;3;0;24;47;38;64;0;2;0;0;0;13;7;4;21;3;0
577;94;1;0;3;13;3;13;0;1;0;0;60;1;2;0;1;2;0
577;94;2;0;9;20;15;26;0;1;0;0;49;4;2;3;7;2;0
577;94;3;0;4;11;5;12;0;3;0;0;100;2;1;1;2;2;0
578;651;1;0;27;38;31;42;1;3;0;0;191;25;2;0;2;0;25
578;652;1;0;2;3;11;12;0;1;0;0;8;1;1;0;2;0;0
579;653;1;0;18;44;21;48;0;2;0;0;1;5;6;7;18;0;0
579;653;2;0;24;52;27;55;0;0;0;0;4;18;3;3;22;2;0
579;653;3;0;24;54;31;63;0;5;0;0;7;19;3;2;20;4;0
579;125;1;0;31;53;34;56;1;1;0;0;73;9;9;13;27;4;0
579;125;2;0;45;78;49;83;1;3;0;0;68;32;7;6;43;1;1
579;125;3;0;36;69;48;82;1;2;0;0;90;23;7;6;33;3;0
580;143;1;0;14;25;14;25;0;2;0;0;10;3;2;9;14;0;0
580;143;2;1;30;56;38;64;1;3;0;0;22;15;4;11;23;4;3
580;258;1;0;36;65;37;66;0;0;0;0;0;17;14;5;34;2;0
580;258;2;0;23;55;23;55;1;2;1;1;59;15;7;1;19;4;0
581;46;1;0;20;46;21;47;0;0;0;0;0;9;1;10;19;1;0
581;46;2;0;29;62;31;64;0;0;0;0;0;15;11;3;27;2;0
581;46;3;0;52;89;52;90;0;0;0;0;0;41;9;2;52;0;0
581;654;1;0;18;59;18;59;1;3;0;0;29;10;7;1;18;0;0
581;654;2;0;28;68;29;69;1;3;0;0;33;13;14;1;25;3;0
581;654;3;0;29;99;30;100;0;6;0;0;0;20;9;0;28;1;0
582;280;1;0;2;4;2;4;0;0;0;0;0;0;2;0;2;0;0
582;329;1;1;5;8;7;12;0;0;0;0;7;5;0;0;1;0;4
583;564;1;2;13;18;17;23;0;0;0;0;6;10;0;3;9;2;2
583;655;1;0;0;2;0;2;0;0;0;0;0;0;0;0;0;0;0
584;97;1;0;11;35;11;35;0;0;0;0;0;6;1;4;11;0;0
584;97;2;0;16;78;18;80;0;0;0;0;0;9;4;3;15;1;0
584;97;3;0;41;101;52;114;0;0;0;0;20;38;2;1;12;29;0
584;513;1;0;10;15;12;17;0;2;0;0;3;6;3;1;8;2;0
584;513;2;0;25;50;25;52;0;3;0;0;3;18;4;3;23;2;0
584;513;3;0;23;45;29;51;0;1;0;0;1;20;3;0;16;7;0
585;656;1;1;2;9;3;10;0;0;2;1;70;1;0;1;2;0;0
585;167;1;0;7;11;13;19;1;1;0;0;18;1;3;3;7;0;0
586;230;1;0;0;0;3;3;0;0;0;0;0;0;0;0;0;0;0
586;230;2;0;0;2;6;10;0;0;0;0;0;0;0;0;0;0;0
586;230;3;0;1;2;9;10;0;0;0;0;0;1;0;0;1;0;0
586;230;4;0;2;5;8;13;0;0;0;0;0;1;1;0;2;0;0
586;230;5;0;10;20;19;32;1;1;1;0;53;8;1;1;7;0;3
586;387;1;0;1;2;131;137;1;1;0;0;287;1;0;0;0;0;1
586;387;2;0;4;5;79;81;2;2;0;0;287;0;1;3;0;0;4
586;387;3;0;19;22;156;164;3;3;0;0;286;19;0;0;0;0;19
586;387;4;0;4;6;76;85;3;5;0;0;266;2;1;1;4;0;0
586;387;5;0;9;12;87;100;3;6;0;0;174;6;1;2;8;0;1
587;501;1;1;8;16;8;16;0;0;1;0;0;4;4;0;6;1;1
587;467;1;0;13;29;13;30;2;3;0;0;121;7;5;1;7;3;3
588;545;1;0;25;49;26;50;0;1;0;0;15;16;4;5;23;2;0
588;407;1;1;32;60;32;60;0;0;0;0;0;17;8;7;32;0;0
589;232;1;0;2;16;10;24;0;3;0;0;130;0;1;1;2;0;0
589;232;2;0;10;25;12;27;1;3;0;0;116;3;3;4;7;3;0
589;232;3;0;8;16;24;37;1;1;0;0;248;7;0;1;2;0;6
589;55;1;0;11;20;11;21;0;1;0;0;0;5;5;1;10;1;0
589;55;2;0;11;20;12;21;0;0;0;0;1;9;2;0;10;1;0
589;55;3;0;7;15;13;22;0;0;0;0;0;5;1;1;7;0;0
590;37;1;0;16;40;24;50;1;1;0;0;49;9;1;6;15;0;1
590;37;2;0;11;31;18;38;1;2;2;0;65;9;1;1;11;0;0
590;84;1;0;11;45;20;54;0;0;0;0;1;8;3;0;11;0;0
590;84;2;0;10;42;18;50;0;0;0;0;0;9;0;1;10;0;0
591;403;1;0;19;37;28;48;2;7;0;0;115;9;6;4;17;2;0
591;403;2;0;17;25;31;41;0;0;1;0;84;14;1;2;5;0;12
591;288;1;0;18;49;20;51;0;1;0;0;17;16;2;0;15;3;0
591;288;2;0;4;7;4;7;0;0;0;0;0;1;3;0;3;1;0
592;415;1;0;3;16;3;16;0;3;0;0;0;2;0;1;3;0;0
592;286;1;1;23;51;23;51;0;0;0;0;22;18;5;0;11;0;12
593;657;1;0;18;83;18;83;0;0;0;0;0;13;2;3;17;1;0
593;657;2;0;15;63;22;72;0;1;0;0;12;11;0;4;14;1;0
593;657;3;0;57;141;57;142;0;0;0;0;5;34;19;4;56;1;0
593;471;1;0;40;71;41;72;0;3;0;0;0;31;6;3;39;1;0
593;471;2;0;31;50;40;59;1;5;0;0;91;26;4;1;23;6;2
593;471;3;0;36;92;38;95;0;6;0;0;2;34;2;0;32;4;0
594;234;1;0;20;82;20;82;0;2;0;0;5;7;7;6;20;0;0
594;427;1;1;17;38;18;39;0;0;0;0;2;14;3;0;13;0;4
595;139;1;0;24;36;26;38;0;0;0;0;86;4;13;7;18;6;0
595;139;2;0;18;38;18;38;0;0;0;0;62;7;10;1;14;4;0
595;139;3;0;29;46;29;46;0;0;0;0;82;15;9;5;25;4;0
595;43;1;0;15;29;68;89;0;1;0;0;33;8;1;6;13;2;0
595;43;2;0;25;44;50;75;0;0;0;0;100;19;3;3;19;6;0
595;43;3;0;13;29;29;45;0;1;0;0;20;8;2;3;11;2;0
596;449;1;0;10;30;11;31;0;1;0;0;0;6;3;1;10;0;0
596;449;2;0;9;18;49;68;1;2;0;0;84;1;5;3;6;3;0
596;449;3;0;7;22;30;55;0;0;2;1;59;4;1;2;6;1;0
596;250;1;0;15;41;19;47;1;1;1;0;44;4;7;4;15;0;0
596;250;2;0;7;16;23;34;1;2;0;0;149;4;2;1;5;2;0
596;250;3;0;9;30;25;51;1;1;0;1;125;3;6;0;6;2;1
597;551;1;0;18;27;37;49;0;1;0;0;23;6;10;2;13;5;0
597;551;2;0;10;29;13;33;0;0;0;1;41;3;7;0;9;1;0
597;28;1;0;10;24;19;40;2;3;1;0;175;7;3;0;4;6;0
597;28;2;0;19;39;25;46;0;2;1;0;43;8;10;1;14;3;2
598;110;1;0;10;31;13;34;0;0;0;0;45;5;0;5;9;1;0
598;110;2;0;20;52;20;52;0;0;0;0;0;15;3;2;19;1;0
598;110;3;0;4;16;4;16;0;1;0;0;0;3;1;0;4;0;0
598;110;4;0;2;8;2;8;0;0;0;0;0;2;0;0;2;0;0
598;105;1;0;19;37;21;39;2;4;0;0;50;11;1;7;16;3;0
598;105;2;0;44;73;52;83;3;3;0;0;107;38;2;4;22;7;15
598;105;3;0;18;27;28;38;3;3;0;0;208;11;2;5;5;0;13
598;105;4;0;10;15;19;27;1;1;1;0;103;7;1;2;5;3;2
599;209;1;0;3;11;4;14;1;5;0;0;66;2;1;0;2;1;0
599;209;2;0;11;25;18;33;0;3;0;0;58;4;7;0;6;5;0
599;209;3;0;6;17;17;35;2;2;1;0;163;4;2;0;4;0;2
599;550;1;0;17;32;26;44;1;1;0;1;46;10;0;7;12;0;5
599;550;2;0;12;25;15;28;0;0;0;0;23;7;2;3;11;1;0
599;550;3;0;6;17;6;17;0;1;0;0;0;3;2;1;6;0;0
600;658;1;0;27;68;28;69;1;3;0;0;46;19;6;2;22;5;0
600;658;2;0;28;50;30;52;1;3;0;0;56;21;6;1;22;6;0
600;658;3;0;17;33;42;66;1;1;0;0;235;16;0;1;13;0;4
600;360;1;0;25;46;26;47;0;3;0;0;33;18;5;2;22;3;0
600;360;2;0;31;54;38;63;0;1;1;0;46;19;11;1;22;9;0
600;360;3;0;8;10;16;19;0;1;0;0;0;5;3;0;8;0;0
601;307;1;0;22;63;27;68;0;0;0;0;0;19;1;2;22;0;0
601;307;2;0;23;69;23;69;0;1;0;0;0;18;2;3;23;0;0
601;307;3;0;19;50;24;56;3;4;0;0;102;15;3;1;17;2;0
601;303;1;0;29;64;29;66;1;3;0;0;35;13;4;12;28;0;1
601;303;2;0;29;56;30;57;0;3;0;0;28;17;3;9;27;2;0
601;303;3;0;25;54;36;67;0;1;0;0;32;19;1;5;14;11;0
602;173;1;0;22;42;23;43;1;2;0;0;102;17;5;0;20;2;0
602;173;2;0;34;67;35;68;1;3;0;0;26;31;3;0;31;3;0
602;173;3;0;27;75;31;80;3;3;0;0;64;22;4;1;27;0;0
602;296;1;0;16;49;20;54;0;2;1;0;22;8;5;3;15;1;0
602;296;2;0;35;84;39;89;0;0;1;1;27;15;14;6;33;2;0
602;296;3;0;44;100;50;106;0;1;0;0;7;26;8;10;39;5;0
603;516;1;0;7;12;18;24;1;3;0;0;78;2;4;1;4;3;0
603;233;1;1;24;43;27;46;0;0;0;0;39;9;3;12;20;3;1
604;290;1;0;13;22;17;27;3;4;0;0;211;5;3;5;8;2;3
604;290;2;0;13;18;48;57;1;1;0;0;281;6;5;2;4;1;8
604;290;3;1;18;22;31;36;2;5;0;0;214;15;1;2;6;1;11
604;588;1;0;11;25;12;26;0;0;0;0;18;7;0;4;11;0;0
604;588;2;0;1;4;6;10;0;0;0;0;0;1;0;0;1;0;0
604;588;3;0;7;13;12;18;0;0;0;0;9;7;0;0;7;0;0
605;512;1;0;37;46;61;74;0;0;0;1;229;35;2;0;1;0;36
605;659;1;0;0;0;2;2;1;1;1;1;5;0;0;0;0;0;0
606;426;1;1;26;44;26;44;0;2;0;0;1;16;5;5;24;0;2
606;343;1;0;18;50;18;50;0;0;0;0;0;15;1;2;18;0;0
607;179;1;1;5;9;6;10;0;0;0;0;1;4;1;0;3;1;1
607;188;1;1;5;10;5;10;0;0;0;0;2;3;1;1;5;0;0
608;497;1;0;19;45;19;45;0;0;0;0;0;10;9;0;19;0;0
608;497;2;0;23;38;23;38;0;0;0;0;0;14;4;5;23;0;0
608;497;3;0;17;31;17;31;0;0;0;0;0;14;2;1;16;1;0
608;660;1;0;19;47;19;49;0;2;0;0;13;9;1;9;19;0;0
608;660;2;0;18;43;19;44;0;2;0;0;38;9;1;8;18;0;0
608;660;3;0;24;71;26;74;0;2;0;0;23;10;11;3;19;5;0
609;380;1;0;8;18;8;19;1;4;0;0;152;7;0;1;7;1;0
609;380;2;0;11;20;19;28;2;3;0;0;176;8;2;1;0;11;0
609;380;3;0;12;27;16;31;0;0;0;0;0;11;1;0;12;0;0
609;146;1;0;3;11;8;17;0;0;0;0;8;2;1;0;2;1;0
609;146;2;0;7;23;20;37;0;0;0;0;80;4;3;0;2;5;0
609;146;3;0;16;38;26;48;0;0;0;0;104;12;3;1;12;4;0
610;389;1;1;6;9;12;18;2;2;0;0;236;5;0;1;3;0;3
610;389;2;0;1;2;1;2;2;3;1;0;45;1;0;0;1;0;0
610;615;1;0;2;5;14;17;0;0;0;0;0;1;0;1;1;0;1
610;615;2;0;1;4;1;4;0;0;0;0;0;0;0;1;1;0;0
611;199;1;0;32;74;38;81;0;1;0;0;60;20;1;11;30;2;0
611;199;2;0;38;88;38;88;1;1;0;0;19;32;0;6;38;0;0
611;199;3;0;44;105;47;109;1;4;0;0;4;36;6;2;36;8;0
611;476;1;0;19;62;19;62;0;1;0;0;0;10;6;3;19;0;0
611;476;2;0;25;62;26;63;0;0;0;0;0;17;8;0;25;0;0
611;476;3;0;48;98;50;100;0;0;0;0;27;40;6;2;41;7;0
612;661;1;0;36;68;37;69;0;6;0;0;0;21;6;9;36;0;0
612;661;2;0;48;88;51;92;0;1;0;0;0;39;5;4;48;0;0
612;661;3;0;34;94;35;95;0;2;0;0;0;28;4;2;34;0;0
612;140;1;0;39;95;40;97;0;0;0;0;42;29;6;4;31;0;8
612;140;2;0;34;84;34;85;0;0;0;0;20;21;7;6;34;0;0
612;140;3;0;49;102;49;102;0;0;0;0;0;36;10;3;49;0;0
613;315;1;0;18;34;29;47;0;1;0;0;123;10;6;2;12;6;0
613;315;2;0;7;11;77;84;1;1;2;0;293;7;0;0;1;0;6
613;315;3;0;8;13;84;93;1;1;0;0;269;8;0;0;1;0;7
613;73;1;0;24;37;45;59;0;0;0;0;0;14;4;6;14;10;0
613;73;2;0;0;3;6;9;0;0;0;0;0;0;0;0;0;0;0
613;73;3;0;3;7;24;30;0;0;0;0;0;1;0;2;3;0;0
614;151;1;0;17;36;29;50;0;1;0;0;16;13;4;0;16;1;0
614;151;2;0;25;31;51;63;2;2;0;0;63;25;0;0;3;2;20
614;662;1;0;18;36;24;42;0;4;0;0;123;5;4;9;15;3;0
614;662;2;0;2;6;18;27;1;1;0;0;157;0;0;2;2;0;0
615;503;1;0;10;39;10;39;1;1;0;0;10;4;4;2;10;0;0
615;503;2;0;22;50;25;53;0;3;0;0;4;15;3;4;22;0;0
615;503;3;0;37;75;38;76;0;5;0;0;8;32;5;0;36;1;0
615;509;1;0;19;54;19;55;0;2;0;0;19;9;7;3;18;1;0
615;509;2;0;35;81;35;81;1;2;0;0;33;21;14;0;31;4;0
615;509;3;0;36;94;36;94;1;1;0;0;22;30;6;0;32;4;0
616;663;1;1;12;19;12;19;0;0;0;0;2;6;4;2;8;0;4
616;664;1;0;3;7;3;7;0;0;0;0;0;0;1;2;3;0;0
617;433;1;0;15;26;19;30;1;7;0;0;129;7;4;4;13;2;0
617;433;2;0;36;66;36;66;0;3;0;0;19;23;8;5;36;0;0
617;433;3;0;38;67;41;73;0;4;0;0;46;21;10;7;38;0;0
617;148;1;0;11;25;13;27;0;0;0;0;0;3;2;6;11;0;0
617;148;2;0;14;45;15;46;0;0;0;0;2;11;0;3;14;0;0
617;148;3;0;16;44;22;52;0;0;0;0;0;8;2;6;16;0;0
618;665;1;0;9;18;18;30;3;5;1;0;235;5;4;0;3;6;0
618;665;2;0;1;3;1;3;1;2;0;0;50;0;1;0;0;1;0
618;291;1;0;12;18;17;23;0;0;0;0;0;7;5;0;5;7;0
618;291;2;1;11;13;13;15;0;0;0;0;2;8;3;0;7;2;2
619;239;1;0;2;7;48;67;1;1;1;0;173;2;0;0;2;0;0
619;341;1;0;0;5;2;9;0;0;0;0;0;0;0;0;0;0;0
620;479;1;0;8;19;12;26;1;3;0;0;168;1;2;5;7;1;0
620;479;2;0;17;35;47;83;2;4;0;0;241;13;3;1;10;0;7
620;479;3;0;8;16;69;95;2;2;0;0;233;8;0;0;8;0;0
620;534;1;0;7;14;8;16;0;1;1;0;3;1;2;4;7;0;0
620;534;2;0;9;17;13;26;0;0;0;0;0;6;2;1;8;1;0
620;534;3;0;10;25;17;33;0;0;1;0;0;8;1;1;10;0;0
621;520;1;0;21;55;23;58;2;3;0;0;97;7;9;5;9;12;0
621;520;2;0;22;42;31;52;3;5;0;0;88;11;7;4;18;4;0
621;520;3;0;21;53;27;61;2;2;0;0;91;10;7;4;21;0;0
621;347;1;0;19;32;25;38;0;0;0;0;0;10;3;6;16;3;0
621;347;2;0;16;28;28;46;0;1;0;0;83;8;4;4;12;4;0
621;347;3;0;21;43;33;55;0;2;0;0;18;11;3;7;20;1;0
622;262;1;0;20;34;21;35;0;0;0;0;0;19;1;0;19;1;0
622;262;2;0;9;27;9;27;0;0;0;0;0;8;1;0;9;0;0
622;262;3;1;20;28;21;29;0;0;0;0;32;20;0;0;8;1;11
622;262;4;0;6;22;8;24;0;0;0;0;4;6;0;0;5;1;0
622;262;5;0;11;31;11;31;0;0;0;0;0;9;2;0;10;1;0
622;109;1;0;15;35;21;42;0;3;0;0;12;6;9;0;10;5;0
622;109;2;0;16;38;29;58;1;3;0;0;124;12;4;0;15;0;1
622;109;3;0;13;30;32;51;1;2;0;0;159;10;3;0;10;0;3
622;109;4;0;14;24;37;48;0;3;0;0;116;10;4;0;12;2;0
622;109;5;0;9;18;73;83;0;4;0;0;135;3;6;0;7;2;0
623;578;1;0;22;43;24;45;0;0;0;0;0;14;4;4;15;7;0
623;578;2;0;33;64;37;69;0;0;0;0;0;28;4;1;25;8;0
623;578;3;0;26;39;69;88;1;3;0;0;191;21;2;3;18;8;0
623;340;1;0;22;55;23;57;0;0;0;0;0;15;2;5;20;2;0
623;340;2;0;34;93;35;94;0;2;0;0;15;25;5;4;34;0;0
623;340;3;0;8;22;8;22;0;2;0;0;15;4;1;3;8;0;0
624;279;1;0;22;36;23;37;0;0;0;0;17;5;4;13;19;3;0
624;279;2;0;37;61;37;61;0;0;0;0;11;19;14;4;20;17;0
624;279;3;0;34;45;43;55;0;1;0;0;29;18;9;7;19;10;5
624;555;1;0;5;17;12;24;1;2;0;0;87;4;1;0;3;2;0
624;555;2;0;29;44;39;55;1;2;0;0;107;16;12;1;13;16;0
624;555;3;0;5;16;9;21;0;2;0;0;76;4;0;1;5;0;0
625;283;1;0;5;10;10;18;3;6;2;0;196;3;1;1;5;0;0
625;283;2;0;11;20;32;45;2;5;0;0;227;5;3;3;5;2;4
625;283;3;0;6;12;13;27;2;5;0;0;143;4;1;1;3;1;2
625;405;1;0;10;18;36;49;1;1;0;0;43;1;5;4;8;2;0
625;405;2;0;5;9;46;56;0;0;1;0;9;2;3;0;4;1;0
625;405;3;0;11;18;36;46;0;0;1;0;4;5;5;1;5;6;0
626;261;1;0;16;34;16;34;0;0;0;0;0;6;3;7;16;0;0
626;208;1;1;23;43;28;48;0;0;0;0;17;20;1;2;11;0;12
627;336;1;0;10;14;21;28;0;2;0;0;97;2;5;3;5;5;0
627;336;2;0;3;5;10;12;3;4;0;0;236;1;2;0;0;3;0
627;336;3;0;0;1;8;11;0;3;0;1;251;0;0;0;0;0;0
627;666;1;1;17;25;42;56;0;0;0;0;106;11;4;2;11;1;5
627;666;2;0;1;5;31;39;0;0;0;2;50;0;1;0;1;0;0
627;666;3;0;2;2;27;31;0;0;1;0;37;2;0;0;1;0;1
628;40;1;1;3;9;3;9;0;0;0;0;0;1;1;1;3;0;0
628;549;1;0;5;9;5;9;0;0;0;0;0;5;0;0;5;0;0
629;428;1;0;3;5;3;8;0;0;0;0;19;0;0;3;3;0;0
629;428;2;0;29;57;29;57;0;0;0;0;0;9;13;7;29;0;0
629;428;3;0;34;68;34;68;0;0;0;0;0;8;14;12;33;1;0
629;667;1;0;2;4;4;7;1;1;1;0;232;2;0;0;1;0;1
629;667;2;0;17;33;18;34;0;1;0;0;0;6;5;6;17;0;0
629;667;3;0;14;37;14;37;0;3;0;0;0;4;2;8;13;1;0
630;668;1;0;22;47;55;83;1;3;0;0;18;13;5;4;22;0;0
630;668;2;0;8;25;22;39;0;0;0;0;0;5;0;3;7;1;0
630;236;1;0;14;42;48;86;0;2;0;0;159;8;3;3;14;0;0
630;236;2;0;20;34;34;54;1;2;0;0;92;15;3;2;6;4;10
631;582;1;0;8;19;8;19;0;0;0;0;0;1;2;5;8;0;0
631;582;2;0;8;23;9;25;0;0;0;0;0;3;2;3;8;0;0
631;582;3;0;12;36;12;36;0;0;0;0;0;6;4;2;12;0;0
631;562;1;0;10;16;10;16;0;1;0;0;0;3;7;0;10;0;0
631;562;2;0;10;21;10;21;0;2;0;0;0;6;4;0;10;0;0
631;562;3;0;15;31;15;31;0;0;0;0;0;9;6;0;15;0;0
632;669;1;0;33;86;33;86;0;1;0;0;3;22;9;2;33;0;0
632;669;2;0;24;65;27;68;0;3;0;0;2;19;5;0;24;0;0
632;670;1;5;59;112;65;120;0;0;0;0;53;47;2;10;35;4;20
632;670;2;1;33;62;43;74;0;0;0;0;110;29;2;2;15;3;15
633;671;1;0;19;44;38;66;0;0;0;0;43;14;4;1;15;4;0
633;671;2;0;9;12;23;30;0;0;0;1;50;4;1;4;8;0;1
633;671;3;0;13;30;31;54;0;0;0;1;78;12;0;1;13;0;0
633;432;1;0;19;42;21;46;0;6;0;0;32;10;9;0;13;6;0
633;432;2;0;3;8;45;62;1;1;0;0;181;2;1;0;1;0;2
633;432;3;0;2;10;14;32;0;4;0;1;92;2;0;0;2;0;0
634;252;1;1;26;64;26;64;0;0;0;0;8;9;11;6;23;0;3
634;252;2;0;44;67;47;70;0;0;0;0;84;31;11;2;31;0;13
634;252;3;0;38;61;38;61;0;0;0;0;0;18;9;11;38;0;0
634;252;4;0;44;84;44;84;0;0;0;0;0;23;15;6;44;0;0
634;252;5;0;46;99;46;99;0;0;0;0;0;22;18;6;46;0;0
634;672;1;0;16;32;16;32;0;0;0;0;0;12;1;3;16;0;0
634;672;2;1;25;43;25;43;0;1;1;0;12;21;3;1;19;2;4
634;672;3;0;21;49;21;49;0;0;0;0;0;15;2;4;21;0;0
634;672;4;0;22;68;22;68;0;0;0;0;0;21;0;1;22;0;0
634;672;5;0;25;63;25;63;0;0;0;0;0;25;0;0;24;1;0
635;462;1;1;34;54;37;57;0;0;0;0;13;13;7;14;25;0;9
635;462;2;0;32;57;32;57;0;0;0;0;0;10;18;4;31;1;0
635;462;3;0;33;48;33;48;0;2;0;0;0;11;16;6;31;2;0
635;399;1;0;11;27;11;27;0;0;0;0;0;5;3;3;11;0;0
635;399;2;0;16;32;16;32;0;0;0;0;0;9;5;2;16;0;0
635;399;3;0;21;45;21;45;0;0;0;0;0;15;6;0;21;0;0
636;468;1;0;40;83;40;83;0;1;0;0;12;20;6;14;39;1;0
636;468;2;0;12;28;34;51;1;3;0;0;65;8;3;1;7;4;1
636;468;3;1;30;62;37;73;0;0;0;0;50;25;4;1;14;12;4
636;180;1;0;29;60;32;63;0;0;0;0;0;12;8;9;28;1;0
636;180;2;2;31;55;44;73;0;0;0;0;100;27;1;3;12;5;14
636;180;3;0;17;34;35;53;0;1;0;0;114;10;4;3;14;0;3
637;36;1;0;6;28;10;32;0;0;0;0;0;1;2;3;6;0;0
637;36;2;0;19;51;19;51;0;0;0;0;0;10;6;3;17;2;0
637;36;3;0;22;45;30;62;0;0;0;0;8;13;7;2;15;1;6
637;5;1;0;7;13;7;13;2;3;0;0;63;2;2;3;7;0;0
637;5;2;0;37;58;47;68;1;1;0;0;55;30;6;1;25;8;4
637;5;3;0;11;26;17;33;2;5;0;0;46;10;1;0;10;1;0
638;527;1;0;24;56;24;56;0;0;0;0;6;4;15;5;24;0;0
638;527;2;1;30;77;31;78;0;0;0;0;16;14;10;6;27;0;3
638;527;3;0;26;62;26;62;0;1;0;0;0;9;17;0;26;0;0
638;533;1;0;12;46;12;46;0;0;0;0;0;2;7;3;12;0;0
638;533;2;0;17;66;17;66;0;0;0;0;0;7;9;1;16;1;0
638;533;3;0;23;70;23;70;0;0;0;0;8;10;11;2;22;0;1
639;445;1;0;29;67;29;67;0;1;0;0;0;18;8;3;29;0;0
639;445;2;0;4;26;9;31;0;3;0;0;9;2;2;0;4;0;0
639;445;3;0;16;58;16;58;0;1;0;0;0;13;3;0;16;0;0
639;306;1;0;22;69;22;69;0;1;0;0;3;12;5;5;22;0;0
639;306;2;1;41;81;47;87;1;2;0;0;137;27;9;5;27;2;12
639;306;3;0;33;82;33;82;0;1;0;0;0;13;12;8;30;3;0
640;581;1;0;29;58;35;67;0;0;0;1;77;25;1;3;21;2;6
640;581;2;0;36;95;36;95;0;0;0;0;0;34;0;2;36;0;0
640;581;3;0;44;100;44;100;0;0;0;0;0;39;4;1;42;2;0
640;334;1;0;30;55;38;64;2;3;0;0;80;23;6;1;23;0;7
640;334;2;0;42;83;42;83;0;0;0;0;0;32;6;4;41;1;0
640;334;3;0;39;86;39;86;1;1;0;0;7;31;6;2;36;3;0
641;474;1;0;7;9;11;13;1;1;1;0;119;4;2;1;5;2;0
641;474;2;0;24;43;32;51;1;3;0;0;115;16;2;6;22;1;1
641;474;3;0;16;25;21;30;1;6;0;0;175;14;1;1;7;2;7
641;373;1;0;17;28;36;47;0;2;0;1;124;8;8;1;8;5;4
641;373;2;0;26;55;32;61;0;1;0;0;0;15;10;1;18;7;1
641;373;3;0;13;22;16;25;2;3;0;0;29;9;3;1;8;3;2
642;394;1;1;19;37;19;37;0;0;0;0;1;16;3;0;16;1;2
642;186;1;0;2;5;2;5;0;0;0;0;0;1;0;1;2;0;0
643;572;1;0;14;27;16;29;0;3;0;0;59;5;2;7;13;1;0
643;673;1;1;21;41;23;44;0;0;0;0;2;17;3;1;16;2;3
644;634;1;0;5;18;11;27;3;6;2;0;138;5;0;0;4;0;1
644;674;1;0;21;36;37;54;0;0;0;0;8;7;9;5;13;6;2
645;66;1;0;8;19;8;19;1;1;2;0;134;8;0;0;2;0;6
645;675;1;0;5;8;23;28;0;0;0;0;0;1;0;4;5;0;0
646;20;1;0;7;9;9;11;1;1;1;0;67;4;1;2;6;0;1
646;128;1;0;4;15;4;15;0;1;0;0;8;3;1;0;4;0;0
647;113;1;0;38;78;44;86;0;0;0;0;43;26;12;0;32;5;1
647;113;2;0;47;108;49;110;0;0;0;0;25;41;6;0;46;1;0
647;113;3;1;24;39;24;39;0;0;0;0;10;18;6;0;18;4;2
647;386;1;0;11;40;13;42;0;5;0;0;48;8;2;1;9;2;0
647;386;2;0;16;51;17;52;0;2;0;0;6;13;1;2;16;0;0
647;386;3;0;5;10;5;10;1;1;0;0;6;5;0;0;5;0;0
648;326;1;1;9;17;10;21;0;0;0;0;12;8;1;0;2;1;6
648;352;1;0;3;5;3;5;0;0;0;0;0;3;0;0;3;0;0
649;676;1;0;6;24;9;28;0;0;0;1;11;1;3;2;6;0;0
649;676;2;0;29;47;37;55;0;0;0;0;2;18;7;4;25;2;2
649;676;3;0;7;21;32;52;0;2;0;0;15;2;4;1;6;1;0
649;333;1;0;14;24;17;28;2;3;0;0;86;3;0;11;14;0;0
649;333;2;0;16;30;16;30;1;5;0;0;78;7;0;9;16;0;0
649;333;3;0;10;18;22;35;2;6;0;0;165;2;5;3;4;6;0
650;677;1;0;8;26;8;26;0;0;0;0;0;4;2;2;8;0;0
650;677;2;0;5;47;5;47;0;0;0;0;0;5;0;0;5;0;0
650;677;3;0;13;50;13;50;0;0;0;0;21;12;1;0;13;0;0
650;331;1;0;22;71;22;71;0;0;0;0;0;11;5;6;22;0;0
650;331;2;0;32;87;32;87;0;0;0;0;0;19;10;3;32;0;0
650;331;3;1;31;92;31;92;0;0;0;0;3;22;8;1;31;0;0
651;466;1;0;18;46;20;49;0;0;0;0;22;14;3;1;18;0;0
651;466;2;0;43;103;43;103;0;0;0;0;0;38;4;1;43;0;0
651;466;3;0;2;6;2;6;0;0;0;0;0;2;0;0;2;0;0
651;63;1;0;27;43;27;43;2;5;0;0;61;14;3;10;25;2;0
651;63;2;0;33;64;33;64;0;0;0;0;0;20;9;4;33;0;0
651;63;3;1;7;24;7;24;0;0;0;0;2;7;0;0;6;0;1
652;108;1;0;3;6;17;22;1;1;2;0;183;2;0;1;1;0;2
652;502;1;0;3;4;3;4;0;0;0;0;0;0;1;2;3;0;0
653;338;1;0;16;23;17;24;0;0;0;1;12;15;1;0;1;8;7
653;338;2;0;8;15;8;15;0;0;0;0;15;6;2;0;5;2;1
653;375;1;0;6;9;14;19;4;6;0;0;254;3;0;3;3;0;3
653;375;2;0;5;13;17;38;1;3;1;0;217;4;0;1;1;0;4
654;440;1;0;21;48;22;51;0;0;0;0;34;14;4;3;20;1;0
654;440;2;0;17;58;19;61;0;0;0;0;29;12;2;3;17;0;0
654;440;3;0;21;72;22;73;0;0;0;0;0;12;8;1;21;0;0
654;511;1;0;8;32;11;35;0;0;0;0;0;5;3;0;8;0;0
654;511;2;0;21;52;23;54;0;0;0;0;14;15;4;2;19;2;0
654;511;3;0;35;71;37;73;0;1;0;0;0;24;11;0;34;1;0
655;354;1;0;3;7;5;9;1;1;1;0;29;3;0;0;2;1;0
655;141;1;0;5;10;5;10;0;0;0;0;0;0;3;2;4;1;0
656;678;1;0;6;33;13;41;1;2;0;0;3;6;0;0;6;0;0
656;678;2;0;11;51;27;70;0;2;0;0;1;11;0;0;8;3;0
656;678;3;0;21;61;27;68;1;5;2;0;59;21;0;0;20;1;0
656;22;1;0;19;58;26;68;1;1;0;0;92;14;0;5;19;0;0
656;22;2;0;20;77;22;79;1;2;0;0;83;17;0;3;20;0;0
656;22;3;0;25;100;26;101;0;0;0;0;7;21;1;3;25;0;0
657;119;1;0;0;0;0;0;0;0;0;0;3;0;0;0;0;0;0
657;217;1;0;4;11;4;11;1;2;1;0;28;4;0;0;1;3;0
658;235;1;0;8;18;14;25;0;1;0;0;0;4;0;4;6;2;0
658;235;2;0;43;93;43;93;0;1;0;0;5;23;8;12;40;3;0
658;227;1;0;3;8;13;24;1;2;2;0;260;2;0;1;3;0;0
658;227;2;1;44;69;45;70;0;0;0;0;2;27;15;2;41;0;3
659;237;1;0;32;64;32;65;0;0;0;0;0;19;8;5;31;1;0
659;237;2;0;35;67;38;72;0;2;0;0;37;17;14;4;24;11;0
659;237;3;1;25;50;25;50;0;0;0;0;3;21;4;0;20;0;5
659;679;1;0;17;38;17;38;0;0;0;0;1;9;6;2;17;0;0
659;679;2;0;18;54;26;64;0;0;0;0;31;10;5;3;18;0;0
659;679;3;0;9;27;9;27;0;0;0;0;0;4;4;1;9;0;0
660;319;1;1;21;29;24;32;0;0;0;0;61;17;3;1;18;0;3
660;522;1;0;9;16;10;18;0;2;0;0;21;3;2;4;8;1;0
661;2;1;0;7;13;29;38;1;2;1;0;285;4;2;1;5;0;2
661;2;2;0;29;51;34;56;1;2;0;0;64;19;7;3;29;0;0
661;2;3;0;6;12;7;13;1;2;1;0;91;5;1;0;6;0;0
661;680;1;0;8;13;14;19;0;0;0;0;0;8;0;0;6;0;2
661;680;2;0;22;42;22;42;0;1;0;0;10;11;7;4;22;0;0
661;680;3;0;8;12;21;25;0;1;0;0;0;7;1;0;7;1;0
662;257;1;0;42;116;42;116;0;0;0;0;0;27;6;9;41;1;0
662;257;2;0;87;174;87;174;0;0;0;0;0;77;7;3;81;6;0
662;257;3;0;86;177;87;178;0;0;0;0;0;75;9;2;83;3;0
662;1;1;0;52;79;52;79;0;0;0;0;0;31;9;12;46;6;0
662;1;2;0;74;106;77;109;0;0;0;0;0;50;18;6;65;9;0
662;1;3;1;78;120;80;123;0;0;0;0;9;57;10;11;70;5;3
663;408;1;0;22;46;22;46;0;0;0;0;0;9;3;10;22;0;0
663;408;2;0;8;14;28;37;2;2;0;0;286;8;0;0;3;0;5
663;408;3;0;26;47;27;48;3;3;0;0;67;13;7;6;22;4;0
663;475;1;1;22;42;25;45;0;0;0;0;45;16;4;2;16;4;2
663;475;2;0;1;2;3;4;0;1;0;0;0;1;0;0;1;0;0
663;475;3;0;8;17;10;20;0;2;0;1;35;8;0;0;8;0;0
664;580;1;0;14;26;22;36;0;1;0;0;103;11;1;2;9;2;3
664;580;2;0;21;46;35;62;0;0;0;1;112;19;1;1;10;0;11
664;580;3;0;24;46;40;67;0;0;0;0;74;18;3;3;18;0;6
664;64;1;0;10;20;17;27;1;5;0;0;105;8;1;1;7;1;2
664;64;2;0;9;20;11;22;1;5;0;0;30;5;3;1;8;1;0
664;64;3;0;7;18;9;21;1;5;0;0;68;4;2;1;6;1;0
665;585;1;0;30;55;30;55;0;1;0;0;0;24;2;4;30;0;0
665;106;1;1;18;63;18;63;0;0;0;0;3;11;6;1;18;0;0
666;302;1;0;3;5;3;5;0;1;0;0;0;0;0;3;3;0;0
666;26;1;1;9;11;9;11;0;1;0;0;2;7;2;0;4;2;3
667;681;1;0;5;13;15;24;0;0;0;1;103;3;1;1;2;3;0
667;681;2;0;12;29;17;34;0;0;0;0;0;8;2;2;12;0;0
667;681;3;0;5;9;7;11;0;0;0;0;0;5;0;0;5;0;0
667;268;1;0;15;20;23;28;1;2;1;1;172;10;3;2;2;1;12
667;268;2;0;20;43;25;49;1;2;0;0;75;15;4;1;15;1;4
667;268;3;0;30;40;54;66;1;1;0;0;250;28;1;1;7;0;23
668;260;1;0;1;2;1;2;1;1;2;0;47;1;0;0;0;0;1
668;599;1;0;2;2;2;2;0;0;0;0;0;0;1;1;2;0;0
669;493;1;0;19;37;23;42;0;2;0;0;0;10;3;6;17;1;1
669;493;2;0;15;24;23;34;0;0;0;0;0;9;1;5;10;2;3
669;547;1;0;33;53;46;66;1;1;0;0;186;27;3;3;17;1;15
669;547;2;0;13;21;27;35;1;1;1;0;155;12;1;0;5;1;7
670;618;1;0;32;55;32;55;0;0;0;0;0;26;1;5;31;1;0
670;618;2;0;37;60;37;60;0;0;0;0;0;30;1;6;37;0;0
670;618;3;0;43;67;43;67;0;0;0;0;0;38;1;4;43;0;0
670;248;1;0;25;82;26;83;1;2;0;0;5;18;6;1;24;1;0
670;248;2;0;17;69;17;69;0;4;0;0;0;12;4;1;17;0;0
670;248;3;0;40;108;40;108;0;4;0;0;0;26;11;3;39;1;0
671;682;1;0;14;30;14;30;0;0;0;0;0;2;3;9;14;0;0
671;682;2;0;15;33;16;34;0;0;0;0;0;10;2;3;14;0;1
671;682;3;0;6;25;6;25;0;0;0;0;0;6;0;0;6;0;0
671;682;4;0;8;28;8;28;0;0;0;0;0;8;0;0;8;0;0
671;682;5;0;26;56;26;56;0;0;0;0;0;21;2;3;26;0;0
671;625;1;0;17;30;17;30;0;0;0;0;0;2;7;8;17;0;0
671;625;2;0;15;35;15;35;0;0;0;0;0;3;5;7;15;0;0
671;625;3;1;15;29;15;29;0;0;0;0;0;7;2;6;15;0;0
671;625;4;0;18;30;18;30;0;0;0;0;0;8;6;4;18;0;0
671;625;5;0;37;57;37;57;0;0;0;0;0;10;22;5;37;0;0
672;277;1;0;17;25;17;25;0;0;0;0;0;4;9;4;17;0;0
672;277;2;0;15;28;28;41;2;2;0;0;55;8;6;1;13;1;1
672;277;3;0;30;60;42;75;2;2;0;0;48;19;10;1;22;4;4
672;39;1;0;13;46;13;46;0;0;0;0;0;2;3;8;13;0;0
672;39;2;0;20;44;23;49;0;1;0;0;43;7;9;4;19;1;0
672;39;3;0;17;57;26;70;0;1;0;0;30;14;1;2;15;2;0
673;34;1;0;12;23;21;33;2;9;0;0;181;7;0;5;7;5;0
673;34;2;0;16;39;19;42;0;4;0;0;8;14;1;1;15;1;0
673;34;3;0;28;33;61;68;0;2;0;0;132;13;2;13;22;6;0
673;213;1;0;8;22;13;27;0;0;0;0;0;5;2;1;8;0;0
673;213;2;0;24;52;26;54;0;0;0;0;4;21;1;2;19;5;0
673;213;3;0;13;34;19;44;0;0;0;0;22;12;1;0;8;5;0
674;192;1;0;2;6;17;23;0;0;0;0;12;0;2;0;2;0;0
674;154;1;0;2;7;15;25;3;5;1;0;220;2;0;0;1;0;1
675;281;1;0;39;63;45;70;0;1;0;0;65;21;12;6;25;14;0
675;281;2;1;54;87;57;91;0;0;0;0;24;39;13;2;33;19;2
675;683;1;1;36;82;44;91;0;0;0;0;6;23;9;4;28;8;0
675;683;2;0;30;75;32;77;0;0;0;0;10;23;7;0;26;4;0
676;62;1;0;10;22;24;39;0;1;0;0;23;6;1;3;9;1;0
676;62;2;0;6;21;12;29;0;1;1;0;0;3;2;1;5;1;0
676;62;3;0;2;11;34;51;1;1;0;0;150;2;0;0;2;0;0
676;198;1;0;15;30;23;39;1;3;0;0;124;3;6;6;5;10;0
676;198;2;0;10;21;15;27;1;4;0;0;121;3;4;3;10;0;0
676;198;3;0;6;13;11;22;1;3;0;0;64;1;4;1;3;3;0
677;241;1;0;8;20;19;36;2;5;0;0;96;5;2;1;3;3;2
677;241;2;0;15;27;26;45;2;2;1;0;255;12;2;1;5;0;10
677;241;3;0;10;14;35;46;2;2;0;0;264;8;1;1;6;0;4
677;193;1;0;4;11;5;12;0;1;0;0;101;0;3;1;3;1;0
677;193;2;0;3;10;7;14;0;1;0;0;0;0;2;1;3;0;0
677;193;3;0;3;10;7;14;0;0;0;0;3;2;1;0;3;0;0
678;590;1;0;52;105;54;108;0;0;0;0;0;33;16;3;48;4;0
678;590;2;0;19;37;25;45;1;2;0;0;85;8;7;4;15;3;1
678;590;3;0;5;11;5;11;0;0;0;0;0;3;2;0;4;1;0
678;609;1;0;26;77;28;79;0;0;0;0;2;25;1;0;24;2;0
678;609;2;0;9;13;28;37;1;6;0;0;126;9;0;0;9;0;0
678;609;3;0;10;19;36;71;1;2;1;0;271;7;3;0;5;2;3
679;455;1;0;44;95;46;98;0;0;0;0;0;37;7;0;43;1;0
679;455;2;0;35;65;35;65;0;0;0;0;0;19;16;0;35;0;0
679;455;3;0;20;63;22;65;0;0;0;0;0;11;9;0;20;0;0
679;309;1;0;26;68;33;77;1;2;0;0;42;21;3;2;26;0;0
679;309;2;0;20;40;25;46;1;1;0;0;68;14;3;3;20;0;0
679;309;3;0;18;40;19;42;1;3;0;0;65;8;6;4;15;3;0
680;621;1;0;35;92;35;92;0;0;0;0;0;20;8;7;34;1;0
680;621;2;0;19;70;19;70;0;0;0;0;0;11;4;4;19;0;0
680;621;3;0;9;16;20;38;0;0;0;0;103;4;4;1;5;4;0
680;74;1;0;53;85;53;85;0;0;0;0;0;35;8;10;52;1;0
680;74;2;0;29;63;29;63;0;1;0;0;0;15;7;7;29;0;0
680;74;3;0;19;33;74;100;1;1;0;0;135;13;6;0;12;4;3
681;586;1;0;19;37;23;42;0;4;0;0;71;15;4;0;19;0;0
681;586;2;0;25;43;28;48;0;2;1;0;88;22;2;1;23;2;0
681;586;3;0;24;38;27;44;0;2;0;0;63;19;5;0;15;9;0
681;612;1;0;18;47;18;47;0;0;0;0;0;9;7;2;15;3;0
681;612;2;0;19;52;22;55;1;3;0;0;46;14;5;0;17;2;0
681;612;3;0;25;60;36;75;2;4;0;0;10;17;8;0;13;12;0
682;610;1;0;16;32;16;32;0;0;0;0;0;9;1;6;16;0;0
682;610;2;0;21;39;21;40;0;1;0;0;2;13;5;3;21;0;0
682;610;3;0;18;52;18;52;0;0;0;0;0;12;4;2;18;0;0
682;684;1;0;9;46;9;46;0;0;0;0;0;8;1;0;9;0;0
682;684;2;0;29;54;29;54;0;1;0;0;0;16;12;1;29;0;0
682;684;3;0;48;79;48;79;0;3;0;0;0;20;28;0;48;0;0
683;231;1;0;7;11;41;61;1;1;0;0;265;7;0;0;0;0;7
683;231;2;0;10;21;33;61;1;2;0;0;188;6;4;0;4;0;6
683;231;3;0;8;21;33;56;1;1;0;0;155;6;2;0;4;0;4
683;231;4;0;6;20;20;39;1;3;0;0;138;4;2;0;5;1;0
683;231;5;0;10;26;10;26;0;6;0;0;31;10;0;0;9;1;0
683;392;1;0;0;4;1;5;0;0;0;0;0;0;0;0;0;0;0
683;392;2;0;3;17;3;17;0;0;0;0;0;2;1;0;3;0;0
683;392;3;0;10;35;13;38;0;0;0;0;0;5;3;2;10;0;0
683;392;4;0;11;34;11;34;0;0;0;0;0;6;4;1;9;2;0
683;392;5;0;20;58;23;62;0;0;0;0;0;16;4;0;19;1;0
684;570;1;0;17;59;18;60;0;2;0;0;15;15;2;0;16;1;0
684;570;2;0;5;17;9;26;2;2;0;0;185;5;0;0;5;0;0
684;570;3;1;3;10;19;32;0;0;0;0;193;2;1;0;2;0;1
684;685;1;0;20;58;20;58;0;0;0;0;0;11;4;5;20;0;0
684;685;2;0;5;14;22;33;0;0;1;1;45;3;1;1;5;0;0
684;685;3;0;0;2;10;17;0;2;0;0;63;0;0;0;0;0;0
685;19;1;0;15;41;15;41;0;1;0;0;0;12;2;1;15;0;0
685;19;2;0;18;50;18;50;0;0;0;0;0;10;7;1;18;0;0
685;19;3;1;20;45;25;51;0;0;0;0;15;15;2;3;17;0;3
685;381;1;0;13;27;13;27;0;3;0;0;4;5;4;4;12;1;0
685;381;2;0;12;34;12;34;1;1;0;0;15;7;5;0;12;0;0
685;381;3;0;9;23;9;23;1;2;0;0;4;3;4;2;9;0;0
686;264;1;0;10;44;10;44;0;1;0;0;11;10;0;0;8;2;0
686;264;2;0;6;27;14;35;0;3;0;0;2;4;1;1;4;2;0
686;264;3;0;12;23;21;32;0;3;0;1;33;9;2;1;10;2;0
686;431;1;0;6;19;8;21;1;5;0;0;16;5;0;1;4;2;0
686;431;2;0;15;35;17;38;0;5;0;0;31;14;0;1;13;2;0
686;431;3;0;16;31;18;34;0;1;0;0;99;12;0;4;16;0;0
687;137;1;0;4;15;4;15;0;0;0;0;0;2;0;2;4;0;0
687;137;2;0;10;28;10;28;0;0;0;0;0;5;2;3;10;0;0
687;137;3;0;11;30;11;30;0;0;0;0;7;10;1;0;4;0;7
687;380;1;0;11;21;11;21;0;0;0;0;0;5;1;5;11;0;0
687;380;2;0;10;31;10;31;0;0;0;0;0;4;1;5;10;0;0
687;380;3;0;9;15;9;15;0;0;0;0;1;9;0;0;8;1;0
688;9;1;0;8;34;8;34;0;0;0;0;0;5;2;1;8;0;0
688;9;2;0;2;6;7;11;0;0;0;0;0;1;0;1;2;0;0
688;9;3;0;19;46;19;46;0;0;0;0;0;11;4;4;19;0;0
688;67;1;0;16;41;16;41;0;0;0;0;0;6;5;5;16;0;0
688;67;2;0;5;12;8;15;1;4;0;0;253;2;2;1;5;0;0
688;67;3;0;13;43;13;43;0;1;0;0;0;8;2;3;13;0;0
689;645;1;0;17;27;40;52;0;6;0;0;34;7;10;0;14;2;1
689;532;1;0;10;20;16;27;1;1;0;0;55;2;2;6;9;0;1
690;492;1;0;15;45;15;45;0;0;0;0;0;15;0;0;15;0;0
690;492;2;0;24;57;25;58;0;0;0;0;21;20;4;0;21;3;0
690;492;3;0;33;58;41;66;0;2;0;0;71;12;21;0;16;17;0
690;686;1;0;10;41;11;42;0;1;0;0;0;2;6;2;9;1;0
690;686;2;0;17;58;20;62;0;3;0;0;0;4;4;9;16;1;0
690;686;3;0;12;46;20;54;0;2;0;0;45;3;6;3;11;1;0
691;368;1;1;25;39;25;39;0;0;0;0;8;11;9;5;22;3;0
691;541;1;0;6;27;7;28;0;1;0;0;0;3;1;2;6;0;0
692;276;1;0;9;39;12;45;2;4;0;0;102;6;1;2;8;0;1
692;276;2;0;0;2;0;2;0;0;0;0;0;0;0;0;0;0;0
692;405;1;0;25;73;47;101;0;0;0;0;9;13;7;5;22;3;0
692;405;2;1;5;6;5;6;0;0;0;0;4;5;0;0;2;0;3
693;498;1;0;7;13;19;27;1;2;0;0;267;5;0;2;4;3;0
693;498;2;0;16;31;20;37;1;1;0;0;176;8;3;5;14;0;2
693;498;3;0;11;30;11;30;1;7;0;0;110;9;1;1;10;1;0
693;353;1;0;1;6;3;8;0;0;0;0;0;0;0;1;1;0;0
693;353;2;0;11;37;12;38;0;0;0;0;0;9;2;0;10;1;0
693;353;3;0;17;56;18;58;0;0;0;0;2;14;3;0;14;3;0
694;552;1;0;2;3;8;10;0;0;0;0;0;1;0;1;2;0;0
694;552;2;0;34;85;46;99;0;0;0;0;0;29;4;1;31;3;0
694;552;3;1;49;78;49;78;0;0;0;0;10;43;5;1;38;11;0
694;687;1;0;15;23;58;73;1;2;0;0;238;9;1;5;8;0;7
694;687;2;1;43;70;65;94;0;3;0;0;75;20;11;12;32;10;1
694;687;3;0;7;13;7;13;2;2;0;0;60;3;1;3;7;0;0
695;456;1;0;35;57;36;58;1;1;0;0;44;22;8;5;33;2;0
695;456;2;0;33;60;35;62;0;0;0;0;15;22;7;4;30;3;0
695;456;3;0;33;50;44;63;1;2;0;0;95;20;9;4;27;3;3
695;688;1;0;5;39;7;41;0;0;0;0;12;0;5;0;4;1;0
695;688;2;0;20;52;23;55;0;1;0;0;39;7;9;4;15;5;0
695;688;3;0;11;28;14;35;0;4;0;0;16;8;3;0;11;0;0
696;577;1;0;17;37;48;72;2;4;0;0;114;10;7;0;9;3;5
696;577;2;0;23;63;24;64;0;4;0;0;17;18;1;4;20;3;0
696;577;3;0;12;15;69;79;3;4;1;0;258;5;5;2;0;2;10
696;323;1;0;12;23;16;27;0;0;0;0;0;5;6;1;11;1;0
696;323;2;0;19;33;19;33;0;0;0;0;0;9;9;1;19;0;0
696;323;3;0;0;1;3;5;0;0;0;0;0;0;0;0;0;0;0
697;689;1;0;6;17;9;20;0;0;0;0;0;5;1;0;2;0;4
697;689;2;0;3;13;6;17;0;1;0;0;0;3;0;0;3;0;0
697;690;1;0;8;24;24;41;1;2;0;0;155;5;1;2;5;0;3
697;690;2;0;22;30;35;47;1;1;1;0;210;12;8;2;10;6;6
698;472;1;0;8;20;8;20;0;0;0;0;0;3;2;3;8;0;0
698;472;2;0;11;50;11;50;0;0;0;0;0;2;6;3;11;0;0
698;472;3;0;14;29;15;30;0;1;0;0;27;8;3;3;13;1;0
698;490;1;2;21;39;22;40;0;0;0;0;16;16;5;0;17;1;3
698;490;2;0;17;40;17;40;0;0;0;0;0;12;4;1;17;0;0
698;490;3;0;19;35;19;35;1;2;0;0;15;16;3;0;17;2;0
699;256;1;0;43;91;43;91;0;0;0;0;0;18;18;7;43;0;0
699;256;2;0;65;103;65;103;0;0;0;0;0;42;20;3;64;1;0
699;256;3;0;65;108;65;108;0;0;0;0;0;36;20;9;65;0;0
699;627;1;0;36;74;36;74;0;0;0;0;0;22;5;9;35;1;0
699;627;2;0;59;111;59;111;0;0;0;0;0;49;5;5;56;3;0
699;627;3;0;27;119;27;119;0;1;0;0;0;21;4;2;27;0;0
700;147;1;0;22;40;22;40;0;1;0;0;0;13;3;6;22;0;0
700;147;2;0;2;6;2;6;0;0;0;0;0;1;0;1;2;0;0
700;468;1;0;35;64;39;68;0;0;0;0;0;23;5;7;21;14;0
700;468;2;0;5;10;5;10;1;1;1;0;13;2;0;3;5;0;0
701;342;1;0;22;40;22;40;0;2;0;0;0;7;2;13;22;0;0
701;342;2;0;22;49;22;49;1;3;0;0;9;9;5;8;22;0;0
701;342;3;0;32;60;33;61;0;1;0;0;0;21;6;5;29;3;0
701;1;1;1;28;55;28;55;0;0;0;0;3;24;2;2;26;1;1
701;1;2;2;52;93;76;117;0;0;0;0;55;45;4;3;33;2;17
701;1;3;0;45;69;45;69;0;0;0;0;3;39;5;1;38;1;6
702;461;1;1;27;36;29;38;0;0;0;0;27;23;4;0;7;0;20
702;225;1;0;8;22;8;22;0;0;0;0;0;3;2;3;8;0;0
703;107;1;0;14;36;17;39;1;3;0;0;96;11;1;2;14;0;0
703;107;2;0;18;42;18;42;0;1;0;0;15;12;3;3;17;1;0
703;107;3;0;16;41;18;43;1;2;0;0;34;16;0;0;14;2;0
703;33;1;0;27;59;28;60;0;0;0;0;0;12;8;7;26;1;0
703;33;2;0;36;77;36;77;0;0;0;0;0;21;7;8;33;3;0
703;33;3;0;47;99;47;99;0;0;0;0;0;43;1;3;46;1;0
704;374;1;0;21;40;49;69;0;0;0;0;122;16;5;0;12;9;0
704;374;2;0;13;28;32;50;0;0;0;0;0;10;3;0;10;3;0
704;374;3;0;5;6;14;15;0;0;0;0;15;3;2;0;4;1;0
704;648;1;0;30;44;36;50;0;2;0;0;109;15;14;1;11;19;0
704;648;2;0;35;46;44;56;3;5;0;0;223;25;5;5;13;20;2
704;648;3;0;33;38;71;79;5;7;0;0;242;27;2;4;3;13;17
705;691;1;0;17;41;17;41;0;2;0;0;0;9;4;4;15;2;0
705;691;2;0;19;59;21;61;0;1;0;0;3;11;5;3;16;3;0
705;691;3;0;27;76;27;76;0;1;0;0;0;11;11;5;24;3;0
705;269;1;0;46;65;48;67;0;0;0;0;0;16;12;18;39;7;0
705;269;2;1;42;64;44;66;0;0;0;0;16;19;8;15;37;2;3
705;269;3;0;55;93;55;93;0;0;0;0;0;40;8;7;51;4;0
706;692;1;0;2;4;2;4;0;0;0;0;0;2;0;0;2;0;0
706;16;1;1;6;8;6;8;0;0;0;0;0;4;0;2;5;0;1
707;156;1;0;19;27;24;32;4;9;0;0;165;11;5;3;12;7;0
707;156;2;0;20;37;23;41;3;6;0;0;210;16;2;2;6;2;12
707;156;3;0;40;60;42;62;1;8;0;0;80;27;11;2;33;6;1
707;693;1;0;14;25;26;41;0;4;0;1;79;11;3;0;8;4;2
707;693;2;0;8;12;15;19;0;2;0;0;35;5;2;1;3;5;0
707;693;3;0;19;41;24;46;0;0;0;0;14;15;2;2;11;5;3
708;111;1;0;31;46;31;46;0;0;0;0;2;15;6;10;31;0;0
708;111;2;0;52;82;54;84;0;0;0;0;16;35;7;10;44;5;3
708;111;3;1;27;37;30;40;0;0;0;0;20;13;3;11;19;5;3
708;694;1;0;14;36;15;37;0;3;0;0;83;12;1;1;14;0;0
708;694;2;0;26;44;26;44;1;2;0;0;41;22;2;2;26;0;0
708;694;3;0;18;34;23;39;1;6;0;0;155;14;4;0;14;2;2
709;155;1;0;10;19;27;43;4;7;0;0;186;3;4;3;4;2;4
709;155;2;0;17;26;46;73;1;1;0;0;245;15;1;1;4;0;13
709;155;3;0;38;65;69;108;1;3;0;0;94;35;2;1;30;1;7
709;191;1;0;2;14;6;19;0;0;0;0;0;2;0;0;2;0;0
709;191;2;0;2;11;48;63;0;0;0;0;0;1;1;0;2;0;0
709;191;3;0;20;49;31;63;0;0;0;0;23;7;12;1;19;1;0
710;163;1;0;1;3;2;4;0;1;0;0;59;0;1;0;0;1;0
710;152;1;0;1;1;9;10;2;3;1;0;102;0;1;0;0;1;0
711;219;1;1;17;29;17;30;0;0;0;0;30;16;0;1;11;6;0
711;168;1;0;3;9;5;12;0;0;0;0;0;1;1;1;2;1;0
712;378;1;0;18;48;29;64;0;0;0;0;66;15;3;0;13;5;0
712;378;2;0;2;4;39;56;0;1;0;0;287;2;0;0;0;0;2
712;378;3;0;8;12;38;54;0;0;0;0;253;8;0;0;2;0;6
712;539;1;0;17;31;18;32;0;0;0;0;8;5;5;7;17;0;0
712;539;2;0;0;1;9;10;0;2;0;0;7;0;0;0;0;0;0
712;539;3;0;5;11;25;35;0;2;0;0;18;3;1;1;3;2;0
713;274;1;0;6;11;19;27;2;2;0;0;66;3;3;0;2;4;0
713;274;2;0;17;30;25;38;0;0;0;0;0;7;7;3;15;2;0
713;274;3;0;27;67;29;70;0;1;0;0;13;11;10;6;26;1;0
713;185;1;0;10;15;31;38;3;4;1;1;181;8;1;1;2;1;7
713;185;2;0;8;16;18;29;1;4;0;0;130;2;4;2;4;4;0
713;185;3;0;17;34;24;42;0;5;0;0;19;12;3;2;16;1;0
714;437;1;0;11;20;22;37;2;4;1;0;247;6;5;0;4;5;2
714;437;2;0;1;4;13;17;2;3;0;0;71;0;1;0;0;1;0
714;437;3;0;2;6;5;9;0;0;0;0;62;1;1;0;2;0;0
714;310;1;0;4;9;7;12;0;3;0;0;4;0;1;3;4;0;0
714;310;2;0;6;9;16;24;0;0;0;1;215;2;2;2;3;1;2
714;310;3;0;2;6;7;22;1;3;1;1;204;1;1;0;2;0;0
715;695;1;0;0;1;7;9;0;0;0;0;0;0;0;0;0;0;0
715;345;1;0;1;1;2;3;3;4;1;0;87;1;0;0;1;0;0
716;514;1;0;36;92;36;92;0;0;0;0;0;23;9;4;36;0;0
716;514;2;0;54;108;54;108;0;0;0;0;0;31;19;4;53;1;0
716;514;3;0;46;103;46;103;0;0;0;0;0;38;8;0;46;0;0
716;15;1;0;24;84;24;84;0;0;0;0;0;16;3;5;24;0;0
716;15;2;0;42;100;42;100;0;0;0;0;0;35;6;1;42;0;0
716;15;3;0;52;125;52;125;0;0;0;0;0;41;10;1;51;1;0
717;696;1;0;23;45;24;46;0;1;0;0;29;17;2;4;21;2;0
717;696;2;0;21;62;21;63;0;3;0;0;0;20;1;0;20;1;0
717;696;3;0;34;118;34;118;1;2;0;0;1;30;3;1;34;0;0
717;382;1;0;26;86;28;89;0;0;0;0;16;18;6;2;24;2;0
717;382;2;0;45;107;45;108;1;1;0;0;3;32;9;4;44;1;0
717;382;3;0;83;159;86;162;0;0;0;1;13;65;13;5;82;1;0
718;443;1;0;5;18;5;18;1;2;0;0;30;4;0;1;5;0;0
718;595;1;2;33;56;35;58;0;0;0;0;10;31;0;2;25;2;6
719;697;1;0;19;30;19;30;0;1;0;0;42;4;7;8;18;1;0
719;697;2;0;10;26;29;48;0;1;0;0;1;3;2;5;10;0;0
719;697;3;0;7;30;12;37;1;1;0;0;79;2;0;5;7;0;0
719;583;1;0;9;27;9;27;0;0;0;0;3;4;2;3;8;1;0
719;583;2;0;16;27;26;37;0;0;0;0;95;11;4;1;12;4;0
719;583;3;0;15;29;36;50;0;0;0;0;19;7;4;4;15;0;0
720;138;1;0;5;13;10;18;0;1;1;0;74;2;1;2;5;0;0
720;138;2;0;2;3;14;18;1;2;0;0;133;1;1;0;1;0;1
720;138;3;0;14;21;17;26;1;2;1;0;104;2;2;10;13;1;0
720;56;1;0;13;27;21;36;1;1;0;1;84;8;2;3;11;1;1
720;56;2;0;11;19;21;35;0;0;0;1;115;9;2;0;2;0;9
720;56;3;0;11;22;11;23;0;1;0;0;2;7;4;0;11;0;0
721;494;1;0;10;26;10;27;1;3;0;0;36;5;1;4;9;0;1
721;494;2;0;23;54;30;62;2;4;0;0;116;11;8;4;15;8;0
721;494;3;0;36;93;45;113;0;3;0;0;62;26;9;1;31;5;0
721;366;1;0;32;75;32;75;0;0;0;0;1;14;7;11;32;0;0
721;366;2;0;33;55;47;70;1;2;1;0;8;25;3;5;31;2;0
721;366;3;0;37;74;49;91;1;1;0;0;14;28;6;3;36;1;0
722;698;1;0;7;18;17;30;0;0;0;0;9;1;1;5;6;1;0
722;698;2;0;5;9;19;27;0;0;1;0;123;3;2;0;4;0;1
722;282;1;0;12;24;30;43;1;2;0;0;86;6;4;2;11;0;1
722;282;2;0;1;3;3;5;1;1;1;0;64;0;0;1;1;0;0
723;398;1;1;7;13;21;36;1;1;0;0;156;5;0;2;5;0;2
723;450;1;0;5;9;11;16;0;0;0;0;0;3;0;2;5;0;0
724;160;1;0;9;12;28;34;1;1;1;0;81;4;1;4;6;0;3
724;699;1;0;3;10;3;10;0;0;0;0;0;0;0;3;3;0;0
725;316;1;0;9;11;17;20;1;1;0;0;225;5;2;2;8;1;0
725;316;2;0;6;8;33;37;1;1;1;0;252;6;0;0;4;0;2
725;617;1;0;5;19;6;20;0;1;0;0;0;3;1;1;5;0;0
725;617;2;0;1;15;1;15;0;0;0;0;0;0;0;1;1;0;0
726;130;1;0;9;17;33;43;0;0;0;0;0;5;2;2;8;1;0
726;130;2;0;2;4;2;4;0;0;0;0;0;0;2;0;2;0;0
726;82;1;0;15;22;55;63;3;3;0;0;245;8;5;2;7;8;0
726;82;2;1;13;20;14;23;0;0;0;0;9;10;0;3;4;1;8
727;615;1;0;14;22;17;27;1;1;1;0;33;5;6;3;11;3;0
727;700;1;0;4;17;4;17;0;0;0;0;0;2;0;2;4;0;0
728;601;1;0;26;61;30;67;0;0;0;0;0;18;2;6;21;5;0
728;601;2;0;18;38;21;45;0;1;0;0;27;8;2;8;17;1;0
728;601;3;0;19;28;27;37;0;1;0;0;17;8;6;5;18;1;0
728;701;1;0;16;51;19;55;0;2;0;0;8;11;3;2;11;5;0
728;701;2;0;20;39;20;39;0;2;0;0;0;11;2;7;18;2;0
728;701;3;0;4;20;7;24;5;6;0;0;94;1;0;3;4;0;0
729;332;1;0;21;49;21;49;0;1;0;0;4;15;5;1;18;3;0
729;332;2;0;21;63;21;63;0;3;0;0;7;19;1;1;19;2;0
729;332;3;0;32;79;32;79;0;0;0;0;19;29;3;0;29;3;0
729;332;4;0;31;65;35;70;1;3;0;0;79;30;1;0;25;5;1
729;332;5;0;27;62;46;88;2;2;0;0;92;26;1;0;25;1;1
729;406;1;0;28;61;28;61;0;0;0;0;0;14;7;7;27;1;0
729;406;2;0;30;63;30;63;0;0;0;0;0;16;10;4;29;1;0
729;406;3;0;34;76;35;77;0;1;0;0;4;20;10;4;34;0;0
729;406;4;0;33;59;51;77;0;0;0;0;27;27;4;2;32;1;0
729;406;5;0;53;83;56;86;0;2;0;0;9;36;16;1;45;8;0
730;593;1;0;19;36;57;75;1;1;0;0;94;15;0;4;18;0;1
730;593;2;0;8;20;21;33;0;3;0;0;0;5;3;0;5;3;0
730;593;3;0;14;28;36;50;0;1;0;0;0;6;1;7;11;3;0
730;593;4;1;16;32;29;45;1;2;0;0;18;10;1;5;14;0;2
730;593;5;0;15;33;30;48;0;2;0;0;0;12;2;1;14;1;0
730;31;1;0;13;32;20;39;0;0;0;0;0;6;5;2;13;0;0
730;31;2;0;12;28;31;47;1;5;0;0;119;7;4;1;5;5;2
730;31;3;0;14;28;29;43;0;5;0;0;100;5;8;1;4;10;0
730;31;4;0;14;33;32;51;0;2;0;0;91;5;8;1;7;7;0
730;31;5;0;18;39;38;59;0;0;0;0;117;6;10;2;11;7;0
731;702;1;0;23;59;23;59;0;0;0;0;0;12;6;5;23;0;0
731;702;2;0;25;72;25;72;0;0;0;0;0;17;6;2;25;0;0
731;702;3;1;20;36;23;39;0;1;0;0;2;19;1;0;19;0;1
731;324;1;0;21;46;21;46;0;0;0;0;0;15;4;2;18;3;0
731;324;2;0;26;66;26;66;0;0;0;0;0;19;3;4;25;1;0
731;324;3;0;52;87;62;97;0;0;0;0;158;45;7;0;23;4;25
732;32;1;0;11;36;12;37;0;1;0;0;13;7;0;4;10;1;0
732;32;2;0;19;51;19;51;0;0;0;0;0;13;3;3;19;0;0
732;32;3;0;15;52;23;61;0;1;0;0;27;8;2;5;14;1;0
732;569;1;0;16;48;24;56;0;0;0;0;0;6;3;7;16;0;0
732;569;2;0;21;56;21;56;0;0;0;0;0;17;0;4;21;0;0
732;569;3;0;28;60;29;61;0;0;0;0;15;19;6;3;27;1;0
733;253;1;0;10;16;27;43;2;3;1;0;272;7;1;2;2;0;8
733;253;2;0;44;54;50;60;1;2;1;0;60;29;10;5;22;22;0
733;200;1;0;0;1;0;1;0;0;0;0;0;0;0;0;0;0;0
733;200;2;0;12;26;14;28;0;1;0;0;7;11;1;0;10;2;0
734;444;1;0;27;47;27;47;0;0;0;0;0;12;5;10;25;2;0
734;444;2;1;9;14;9;14;0;0;0;0;5;9;0;0;3;0;6
734;473;1;0;10;29;10;29;0;0;0;0;0;9;0;1;9;1;0
734;473;2;0;0;4;0;4;0;0;0;0;0;0;0;0;0;0;0
735;657;1;0;4;8;4;8;0;0;0;0;0;0;0;4;4;0;0
735;448;1;0;11;18;27;37;1;2;1;0;72;9;1;1;8;0;3
736;68;1;0;12;34;12;34;0;0;0;0;0;7;1;4;12;0;0
736;68;2;0;16;32;18;34;0;0;0;0;24;15;1;0;15;1;0
736;68;3;0;16;26;22;32;0;0;0;0;62;15;1;0;15;1;0
736;301;1;0;17;46;17;46;0;0;0;0;0;4;3;10;17;0;0
736;301;2;0;25;49;50;74;0;1;0;0;58;11;5;9;20;5;0
736;301;3;0;16;35;54;74;0;3;0;0;83;3;8;5;10;6;0
737;182;1;0;31;76;31;76;0;0;0;0;0;2;11;18;31;0;0
737;182;2;0;19;40;27;51;2;3;0;0;76;4;8;7;19;0;0
737;182;3;1;60;109;66;116;1;2;0;0;105;48;7;5;34;3;23
737;376;1;0;12;30;12;30;0;0;0;0;0;11;1;0;12;0;0
737;376;2;0;11;34;27;50;0;2;0;0;101;7;3;1;11;0;0
737;376;3;0;13;36;24;49;0;1;0;0;0;10;3;0;13;0;0
738;555;1;1;14;24;14;24;0;0;0;0;18;11;3;0;4;7;3
738;703;1;0;6;12;6;12;0;1;0;0;0;4;2;0;1;5;0
739;367;1;0;33;78;40;85;0;5;0;0;67;20;6;7;33;0;0
739;367;2;0;39;67;51;79;3;5;0;0;148;25;9;5;33;0;6
739;367;3;0;18;39;28;49;3;8;0;0;151;14;3;1;16;1;1
739;704;1;0;35;61;35;61;0;0;0;0;0;16;10;9;34;1;0
739;704;2;0;20;52;48;80;0;0;0;0;0;13;4;3;20;0;0
739;704;3;0;13;37;24;49;0;0;0;0;0;11;2;0;11;2;0
740;705;1;0;1;4;1;4;0;0;0;0;0;1;0;0;1;0;0
740;295;1;1;8;11;8;11;0;0;0;0;2;7;1;0;6;0;2
741;255;1;0;31;39;53;78;1;1;0;0;217;22;1;8;10;0;21
741;255;2;0;23;48;39;71;1;1;0;1;90;11;1;11;14;0;9
741;349;1;0;2;2;3;3;1;4;0;0;4;1;0;1;1;1;0
741;349;2;0;4;7;5;8;1;1;0;1;27;3;0;1;3;1;0
742;109;1;0;5;10;43;49;0;2;0;0;112;2;3;0;1;4;0
742;109;2;1;17;22;48;55;0;1;0;0;17;7;10;0;6;11;0
742;328;1;0;2;6;17;24;1;1;0;0;120;1;1;0;0;2;0
742;328;2;0;6;15;7;16;0;0;0;0;24;1;3;2;3;3;0
743;221;1;0;15;35;15;35;0;2;0;0;2;5;3;7;15;0;0
743;221;2;0;27;60;28;64;1;6;0;0;42;21;3;3;27;0;0
743;221;3;0;7;16;7;16;0;0;0;0;0;5;0;2;7;0;0
743;180;1;0;35;81;35;81;0;0;0;0;7;20;13;2;34;1;0
743;180;2;0;22;63;26;67;0;0;0;0;0;13;6;3;22;0;0
743;180;3;1;9;22;9;22;0;0;0;0;1;6;1;2;8;0;1
744;430;1;0;4;12;22;31;1;4;0;0;127;2;1;1;3;1;0
744;430;2;0;15;28;22;37;0;1;0;0;26;12;0;3;15;0;0
744;430;3;0;11;26;23;38;1;3;1;0;64;11;0;0;9;2;0
744;602;1;0;4;7;7;11;1;1;0;0;86;2;1;1;3;1;0
744;602;2;0;7;12;7;12;1;4;0;0;115;1;2;4;5;1;1
744;602;3;0;6;13;10;20;1;2;0;0;144;2;2;2;5;1;0
745;353;1;0;22;43;25;46;0;0;0;0;0;16;6;0;22;0;0
745;353;2;0;12;29;12;29;0;0;0;0;0;6;6;0;10;2;0
745;353;3;0;24;62;24;62;0;0;0;0;0;21;3;0;21;3;0
745;706;1;0;27;50;28;51;0;1;0;0;55;12;7;8;23;4;0
745;706;2;0;11;39;21;55;4;7;0;0;139;6;4;1;9;2;0
745;706;3;0;17;43;17;43;1;4;1;0;58;12;4;1;17;0;0
746;393;1;0;21;47;24;53;0;0;0;0;0;6;3;12;20;1;0
746;393;2;0;19;55;24;63;0;0;0;0;11;12;4;3;19;0;0
746;393;3;0;2;6;6;10;0;0;0;0;0;1;0;1;2;0;0
746;112;1;0;39;103;41;108;2;2;0;0;43;22;9;8;36;3;0
746;112;2;0;37;115;43;123;1;2;0;0;45;25;9;3;35;2;0
746;112;3;0;5;13;20;30;5;8;0;0;275;3;1;1;3;0;2
747;629;1;0;31;61;43;76;0;1;0;0;25;14;9;8;19;12;0
747;629;2;0;31;44;39;52;0;0;0;0;21;20;6;5;24;7;0
747;629;3;0;4;12;5;15;0;0;0;0;0;3;0;1;4;0;0
747;707;1;0;22;55;33;72;0;2;0;0;47;14;4;4;20;2;0
747;707;2;0;13;43;18;48;0;3;0;0;40;6;4;3;7;6;0
747;707;3;0;5;17;57;84;1;2;0;0;218;5;0;0;2;0;3
748;591;1;0;13;25;15;27;0;4;0;0;13;6;7;0;6;7;0
748;486;1;2;23;46;39;66;0;1;0;0;64;21;2;0;17;5;1
749;708;1;0;2;13;5;16;0;0;0;0;0;2;0;0;2;0;0
749;708;2;0;2;4;2;4;0;0;1;0;0;1;1;0;2;0;0
749;134;1;0;11;25;42;63;1;2;0;0;214;7;2;2;6;0;5
749;134;2;0;5;16;31;57;1;1;0;0;107;5;0;0;0;0;5
750;312;1;0;0;4;3;7;0;0;0;0;0;0;0;0;0;0;0
750;312;2;0;5;16;5;16;0;0;0;0;0;1;1;3;5;0;0
750;640;1;0;2;3;20;21;3;5;0;0;264;2;0;0;2;0;0
750;640;2;0;8;11;13;17;1;2;1;0;82;7;1;0;8;0;0
751;218;1;0;1;3;12;19;3;3;1;0;274;1;0;0;0;0;1
751;218;2;0;5;19;36;69;2;2;0;0;267;5;0;0;0;1;4
751;218;3;0;22;29;57;78;4;4;0;0;288;22;0;0;1;0;21
751;709;1;0;1;5;9;15;0;0;0;0;0;1;0;0;1;0;0
751;709;2;0;1;4;3;6;0;0;0;0;0;0;1;0;1;0;0
751;709;3;0;1;2;1;2;0;0;0;0;0;0;1;0;1;0;0
752;175;1;0;4;12;11;20;0;2;0;0;124;4;0;0;3;1;0
752;175;2;0;4;11;24;38;2;2;0;0;213;2;2;0;3;0;1
752;175;3;0;14;32;19;43;1;5;0;0;153;5;6;3;10;0;4
752;710;1;0;7;12;32;39;1;3;0;0;108;0;2;5;7;0;0
752;710;2;0;6;15;8;17;0;1;0;0;27;2;2;2;6;0;0
752;710;3;0;12;26;17;31;0;1;0;0;32;6;5;1;12;0;0
753;132;1;0;15;39;15;39;0;1;0;0;12;8;3;4;11;0;4
753;132;2;0;34;68;36;70;0;2;0;0;0;22;5;7;34;0;0
753;132;3;0;26;52;33;60;2;3;0;0;85;19;4;3;26;0;0
753;132;4;0;23;42;26;45;2;7;0;0;58;15;3;5;23;0;0
753;132;5;0;28;41;31;45;0;6;0;0;34;22;2;4;26;2;0
753;407;1;0;7;16;7;16;0;0;0;0;2;2;2;3;7;0;0
753;407;2;0;12;22;12;22;0;0;0;0;24;4;3;5;12;0;0
753;407;3;0;10;20;10;20;0;0;0;0;19;6;4;0;10;0;0
753;407;4;0;12;33;12;33;0;0;0;0;0;9;2;1;12;0;0
753;407;5;0;22;38;23;41;0;0;0;0;61;17;5;0;9;1;12
754;711;1;0;10;21;11;22;0;1;0;0;16;8;2;0;10;0;0
754;350;1;0;63;81;76;97;0;0;0;0;88;42;6;15;35;3;25
755;23;1;0;21;43;26;48;0;0;0;0;0;9;4;8;21;0;0
755;23;2;0;11;20;19;29;0;0;0;0;0;8;1;2;8;2;1
755;23;3;0;11;28;26;50;0;0;0;0;0;6;3;2;11;0;0
755;603;1;0;13;26;13;30;1;1;0;0;44;9;0;4;13;0;0
755;603;2;0;18;32;28;43;1;1;0;0;187;8;1;9;11;1;6
755;603;3;0;18;29;31;54;1;1;0;0;144;12;0;6;14;0;4
756;280;1;0;7;20;7;20;0;0;0;0;0;0;4;3;7;0;0
756;280;2;0;25;58;26;59;0;0;0;0;11;7;8;10;25;0;0
756;280;3;0;41;90;41;90;0;0;0;0;13;20;15;6;40;1;0
756;285;1;0;18;31;23;37;1;1;0;0;52;10;5;3;13;2;3
756;285;2;0;24;46;24;46;0;1;0;0;9;14;8;2;24;0;0
756;285;3;0;36;57;36;57;0;2;0;0;0;29;6;1;35;1;0
757;469;1;0;22;52;26;56;0;0;0;0;0;19;1;2;22;0;0
757;469;2;1;32;62;32;62;0;0;0;0;3;26;4;2;32;0;0
757;587;1;1;15;39;29;55;0;0;0;0;82;6;0;9;14;0;1
757;587;2;0;11;35;11;35;0;0;0;0;0;6;1;4;11;0;0
758;284;1;1;44;68;55;80;0;0;0;0;32;26;10;8;25;1;18
758;628;1;0;16;36;16;36;0;1;0;0;0;6;6;4;16;0;0
759;339;1;0;6;15;20;30;0;0;0;0;0;5;1;0;6;0;0
759;339;2;0;18;25;46;55;0;0;1;0;88;18;0;0;2;1;15
759;339;3;0;11;21;22;32;0;0;2;1;145;10;0;1;4;3;4
759;712;1;0;8;11;33;37;2;3;0;0;221;4;0;4;7;0;1
759;712;2;0;3;4;11;13;1;1;1;0;194;3;0;0;0;2;1
759;712;3;0;1;5;4;10;2;3;0;1;93;1;0;0;1;0;0
760;713;1;0;35;57;35;57;0;2;0;0;16;13;14;8;35;0;0
760;713;2;0;40;76;40;76;0;1;0;0;0;14;19;7;40;0;0
760;713;3;0;40;77;40;77;0;0;0;0;0;20;12;8;40;0;0
760;125;1;0;21;37;21;37;0;1;0;0;2;6;9;6;21;0;0
760;125;2;0;24;69;24;69;0;0;0;0;0;12;8;4;24;0;0
760;125;3;0;36;77;36;77;0;0;0;0;0;15;16;5;36;0;0
761;630;1;1;9;16;19;29;0;0;0;0;37;4;1;4;7;0;2
761;630;2;0;29;50;29;50;0;1;0;0;0;11;3;15;29;0;0
761;630;3;0;8;19;17;33;0;1;0;0;2;5;1;2;8;0;0
761;457;1;0;6;17;17;29;0;0;0;0;118;1;1;4;6;0;0
761;457;2;0;23;43;23;43;0;0;0;0;0;13;4;6;22;1;0
761;457;3;0;12;17;36;46;1;1;0;0;172;2;3;7;8;4;0
762;667;1;0;37;78;37;78;0;0;0;0;0;17;15;5;37;0;0
762;667;2;0;40;96;42;98;0;0;0;0;0;24;11;5;39;1;0
762;667;3;0;48;99;48;99;0;0;0;0;0;34;11;3;47;1;0
762;714;1;0;11;45;11;45;0;0;0;0;0;7;1;3;11;0;0
762;714;2;0;25;60;25;61;0;1;0;0;18;11;13;1;24;1;0
762;714;3;0;25;85;25;85;0;0;0;0;0;16;5;4;25;0;0
763;368;1;1;6;12;6;12;0;0;0;0;1;1;4;1;6;0;0
763;715;1;0;9;18;9;18;0;0;0;0;0;1;1;7;9;0;0
764;364;1;0;5;6;25;36;1;1;0;0;294;5;0;0;0;0;5
764;364;2;0;1;2;4;7;1;1;1;0;100;0;0;1;1;0;0
764;383;1;0;0;1;21;24;0;0;0;0;0;0;0;0;0;0;0
764;383;2;0;0;5;2;7;0;0;0;0;0;0;0;0;0;0;0
765;371;1;0;9;27;9;27;0;2;0;0;4;7;2;0;7;2;0
765;371;2;1;24;37;26;39;1;2;0;0;8;18;4;2;22;1;1
765;716;1;0;22;34;27;40;0;2;0;0;88;2;14;6;17;5;0
765;716;2;0;13;33;18;39;0;1;0;0;51;3;5;5;12;1;0
766;344;1;0;10;23;11;24;0;0;0;0;0;6;2;2;9;1;0
766;426;1;0;30;42;35;47;1;1;0;0;49;14;3;13;27;1;2
767;560;1;0;27;44;31;48;1;3;0;0;58;21;2;4;14;4;9
767;560;2;0;24;52;27;55;0;2;0;0;20;18;0;6;24;0;0
767;560;3;0;25;45;25;45;0;1;0;0;0;21;1;3;25;0;0
767;560;4;0;39;57;39;57;0;3;0;0;0;36;2;1;39;0;0
767;560;5;0;43;61;43;61;0;2;0;0;0;40;3;0;40;3;0
767;330;1;0;8;22;11;26;0;0;0;0;3;5;1;2;8;0;0
767;330;2;1;16;33;17;34;0;0;0;0;2;15;1;0;15;0;1
767;330;3;0;9;37;9;37;0;0;0;0;0;7;1;1;9;0;0
767;330;4;0;16;43;16;43;0;0;0;0;0;13;2;1;14;2;0
767;330;5;0;14;59;18;63;0;0;0;0;0;9;2;3;13;1;0
768;327;1;0;5;11;7;14;2;3;0;0;130;4;1;0;4;0;1
768;327;2;0;5;14;11;21;2;4;0;0;34;1;2;2;5;0;0
768;327;3;0;1;3;2;4;0;0;0;0;0;1;0;0;1;0;0
768;254;1;0;16;40;25;50;0;0;0;0;0;7;1;8;16;0;0
768;254;2;0;34;63;49;83;0;0;0;1;135;26;1;7;19;4;11
768;254;3;0;30;40;47;64;1;2;0;0;146;28;2;0;8;0;22
769;717;1;0;11;21;26;40;0;0;0;0;0;3;4;4;10;1;0
769;717;2;0;21;45;25;52;1;1;0;0;2;8;6;7;20;1;0
769;717;3;1;38;56;46;65;0;0;0;0;101;27;8;3;13;0;25
769;5;1;0;4;10;5;12;0;1;0;0;35;0;0;4;4;0;0
769;5;2;0;8;26;8;26;1;3;0;0;28;5;1;2;8;0;0
769;5;3;0;5;14;10;22;0;0;1;0;0;3;1;1;5;0;0
770;336;1;0;22;34;23;35;1;3;0;0;53;5;3;14;22;0;0
770;336;2;0;14;30;14;31;0;11;0;0;50;2;5;7;13;1;0
770;25;1;0;9;29;10;30;0;0;2;0;6;2;6;1;8;1;0
770;25;2;1;18;34;19;35;0;0;1;0;13;9;7;2;15;2;1
771;261;1;0;4;22;4;22;0;0;0;0;0;3;1;0;4;0;0
771;463;1;1;8;17;8;17;0;0;0;0;2;5;1;2;6;0;2
772;36;1;0;9;37;9;37;0;0;0;0;1;4;1;4;9;0;0
772;36;2;0;15;41;17;43;0;2;0;0;32;9;5;1;15;0;0
772;36;3;0;20;29;27;36;0;0;0;0;0;15;5;0;17;3;0
772;96;1;0;26;51;26;51;0;0;0;0;0;15;6;5;26;0;0
772;96;2;0;18;49;24;55;0;0;0;0;10;15;0;3;18;0;0
772;96;3;0;7;15;7;15;0;1;0;0;0;6;1;0;7;0;0
773;81;1;0;6;17;31;50;0;0;0;0;0;4;2;0;5;0;1
773;81;2;0;4;6;14;20;0;0;0;1;27;4;0;0;0;0;4
773;81;3;0;7;21;19;33;0;0;0;0;0;5;1;1;7;0;0
773;477;1;0;4;9;18;31;1;5;0;0;183;4;0;0;3;0;1
773;477;2;0;0;1;40;51;1;1;2;1;254;0;0;0;0;0;0
773;477;3;0;7;10;38;49;1;5;1;0;162;7;0;0;5;0;2
774;397;1;0;10;16;14;21;1;1;2;0;99;10;0;0;4;1;5
774;397;2;0;1;12;2;13;0;0;0;0;0;0;0;1;1;0;0
774;397;3;0;2;7;6;11;0;0;0;0;0;1;1;0;2;0;0
774;234;1;0;10;21;24;41;1;3;0;0;117;4;5;1;9;1;0
774;234;2;0;5;11;10;19;5;8;0;0;244;4;1;0;4;0;1
774;234;3;0;6;12;25;34;2;3;1;0;247;5;1;0;5;0;1
775;159;1;0;13;31;18;45;1;7;0;0;48;11;1;1;12;0;1
775;494;1;0;54;73;69;92;0;0;0;0;48;52;0;2;22;11;21
776;434;1;0;3;26;3;26;0;0;0;0;0;0;2;1;3;0;0
776;286;1;1;34;57;34;59;0;0;0;0;18;27;7;0;13;0;21
777;86;1;0;11;30;17;37;0;0;0;0;0;5;1;5;11;0;0
777;86;2;0;14;39;17;44;0;0;0;0;0;6;1;7;14;0;0
777;86;3;0;20;45;44;69;0;0;0;0;0;14;3;3;14;6;0
777;311;1;0;5;12;8;15;2;7;0;0;65;5;0;0;4;1;0
777;311;2;0;2;5;2;5;1;6;0;0;76;1;0;1;2;0;0
777;311;3;0;2;9;3;10;3;6;0;0;117;2;0;0;2;0;0
778;148;1;0;13;39;13;39;0;0;0;0;6;10;1;2;13;0;0
778;148;2;0;4;21;4;21;0;0;0;0;0;0;2;2;4;0;0
778;400;1;1;77;110;84;117;0;0;0;0;16;45;25;7;72;4;1
778;400;2;1;50;65;56;78;0;0;0;0;27;29;15;6;46;0;4
779;73;1;0;3;5;18;23;0;0;0;0;14;1;0;2;3;0;0
779;73;2;0;5;7;6;9;0;0;1;0;79;4;1;0;2;3;0
779;202;1;0;2;3;17;23;1;1;0;0;264;1;1;0;1;0;1
779;202;2;0;1;4;2;5;0;1;0;0;0;1;0;0;1;0;0
780;508;1;0;10;28;10;28;1;1;0;0;5;6;3;1;10;0;0
780;508;2;0;2;8;3;11;2;5;0;0;110;1;0;1;2;0;0
780;508;3;0;5;25;7;28;1;2;0;0;61;3;2;0;5;0;0
780;508;4;0;13;38;13;38;0;2;0;0;28;9;1;3;12;1;0
780;508;5;0;11;44;11;44;0;1;0;0;15;10;0;1;11;0;0
780;501;1;0;10;24;11;26;0;0;0;0;0;5;3;2;10;0;0
780;501;2;0;13;21;26;35;0;0;0;0;6;2;6;5;9;4;0
780;501;3;0;21;36;33;50;0;0;0;0;0;11;3;7;16;5;0
780;501;4;0;22;41;26;46;0;0;0;0;0;9;4;9;22;0;0
780;501;5;0;18;35;21;38;0;0;0;0;0;10;1;7;18;0;0
781;401;1;0;12;14;22;28;2;2;1;0;283;12;0;0;0;1;11
781;401;2;0;6;8;52;59;1;2;0;0;274;4;2;0;1;0;5
781;401;3;0;6;9;61;71;1;1;0;0;270;6;0;0;1;0;5
781;24;1;0;1;1;10;12;0;0;0;0;0;0;1;0;1;0;0
781;24;2;0;2;4;13;24;0;0;0;0;0;2;0;0;2;0;0
781;24;3;0;0;4;4;10;0;0;1;0;0;0;0;0;0;0;0
782;718;1;0;5;11;8;14;1;2;0;1;71;3;1;1;5;0;0
782;718;2;0;6;13;6;13;1;1;0;0;57;4;0;2;6;0;0
782;606;1;0;8;20;61;99;1;2;1;2;207;8;0;0;3;0;5
782;606;2;0;36;54;55;80;1;2;0;1;131;34;2;0;4;0;32
783;515;1;0;13;36;14;37;0;0;0;0;0;10;2;1;13;0;0
783;515;2;0;26;51;26;51;0;0;0;0;1;15;7;4;24;2;0
783;515;3;0;8;22;16;30;0;0;0;0;0;4;3;1;8;0;0
783;415;1;0;8;24;8;24;0;2;0;0;26;5;0;3;8;0;0
783;415;2;0;23;44;23;45;0;1;0;0;47;18;4;1;21;2;0
783;415;3;0;7;15;20;28;0;5;0;0;211;4;3;0;7;0;0
784;550;1;0;5;19;5;20;0;0;0;0;0;1;3;1;5;0;0
784;550;2;1;13;24;17;30;0;0;0;0;7;10;3;0;9;0;4
784;359;1;0;7;19;21;33;1;3;0;0;127;1;0;6;7;0;0
784;359;2;0;5;15;5;16;0;1;0;0;10;2;0;3;4;1;0
785;563;1;0;0;1;7;16;5;8;0;0;274;0;0;0;0;0;0
785;563;2;0;4;4;9;14;1;3;0;0;264;2;2;0;1;0;3
785;563;3;0;0;3;1;5;2;6;0;0;258;0;0;0;0;0;0
785;186;1;0;6;9;15;22;0;0;0;0;0;6;0;0;0;4;2
785;186;2;0;3;6;13;17;0;0;0;1;16;1;2;0;1;2;0
785;186;3;0;14;24;65;87;0;0;0;0;0;11;2;1;4;6;4
786;719;1;0;20;69;23;72;0;0;0;0;0;6;6;8;20;0;0
786;250;1;0;27;50;35;58;1;1;1;0;58;23;2;2;25;2;0
787;646;1;3;43;111;59;133;0;0;0;0;70;33;6;4;38;3;2
787;605;1;0;43;117;50;124;0;0;0;0;0;31;3;9;37;6;0
788;363;1;0;15;47;26;59;0;1;0;0;0;3;6;6;15;0;0
788;363;2;0;10;16;23;37;1;2;0;0;54;6;3;1;8;2;0
788;363;3;0;7;13;62;74;2;2;0;0;220;3;4;0;5;2;0
788;720;1;0;22;37;27;46;0;1;0;0;69;2;5;15;21;1;0
788;720;2;0;7;14;14;22;0;0;0;0;94;1;4;2;5;2;0
788;720;3;0;7;11;10;14;0;0;0;0;32;4;2;1;7;0;0
789;721;1;1;22;53;50;87;1;1;0;0;98;13;6;3;15;2;5
789;721;2;0;23;54;38;70;0;0;0;2;56;9;11;3;19;4;0
789;721;3;0;28;44;51;70;1;2;0;1;96;22;4;2;23;3;2
789;722;1;0;20;43;26;52;0;3;0;0;36;12;3;5;20;0;0
789;722;2;0;24;45;28;50;3;5;0;0;90;14;4;6;22;2;0
789;722;3;0;13;29;15;31;1;5;0;0;52;8;4;1;13;0;0
790;671;1;0;17;39;41;69;0;0;0;0;70;7;0;10;17;0;0
790;671;2;0;28;44;44;64;0;1;0;0;84;13;2;13;22;6;0
790;671;3;0;13;24;57;78;0;0;0;0;152;9;1;3;10;3;0
790;656;1;0;14;51;16;54;0;0;0;0;0;6;2;6;13;1;0
790;656;2;0;12;47;13;49;0;0;0;0;0;8;1;3;12;0;0
790;656;3;0;10;43;16;51;0;2;0;0;20;5;3;2;7;3;0
791;688;1;0;4;7;7;10;0;0;0;0;2;4;0;0;4;0;0
791;688;2;0;6;20;19;33;0;0;0;0;0;5;1;0;5;0;1
791;688;3;0;0;7;8;20;0;0;0;0;0;0;0;0;0;0;0
791;442;1;0;9;17;19;31;1;1;1;0;265;7;1;1;3;1;5
791;442;2;0;11;24;40;55;1;1;0;0;223;7;3;1;8;0;3
791;442;3;0;25;34;48;64;2;3;0;0;270;25;0;0;2;0;23
792;27;1;0;21;40;21;40;0;0;0;0;0;14;6;1;21;0;0
792;27;2;0;21;46;21;46;0;1;0;0;0;14;1;6;20;1;0
792;27;3;0;10;24;10;24;0;0;0;0;0;3;4;3;10;0;0
792;27;4;0;19;35;21;37;0;3;0;0;27;15;4;0;18;1;0
792;27;5;0;18;31;22;35;1;1;0;0;58;13;3;2;18;0;0
792;209;1;0;25;68;25;68;0;0;0;0;0;18;1;6;25;0;0
792;209;2;0;27;48;27;48;0;0;0;0;0;20;4;3;26;1;0
792;209;3;0;20;50;20;50;0;0;0;0;0;16;1;3;20;0;0
792;209;4;0;25;57;26;58;0;0;0;0;0;19;4;2;25;0;0
792;209;5;0;19;56;21;58;0;0;0;0;0;17;1;1;19;0;0
793;278;1;1;23;25;23;25;0;0;0;0;10;21;2;0;7;0;16
793;526;1;0;3;9;3;9;0;0;0;0;0;2;0;1;3;0;0
794;38;1;0;8;27;8;27;0;0;1;0;16;8;0;0;7;1;0
794;723;1;0;6;13;6;13;0;0;0;0;0;1;0;5;6;0;0
795;525;1;0;11;18;15;22;1;3;0;0;213;6;4;1;7;0;4
795;525;2;0;5;14;6;15;2;3;0;0;208;3;0;2;5;0;0
795;525;3;0;4;7;5;9;1;2;0;0;157;3;1;0;4;0;0
795;417;1;0;0;4;8;12;1;1;0;0;36;0;0;0;0;0;0
795;417;2;0;11;17;17;23;0;0;0;0;0;10;1;0;11;0;0
795;417;3;0;6;10;14;18;0;0;2;0;98;5;1;0;5;0;1
796;35;1;1;27;41;28;42;0;1;0;0;42;21;1;5;14;5;8
796;624;1;0;7;24;7;24;0;0;0;0;0;3;3;1;7;0;0
797;724;1;0;10;25;10;25;1;3;0;0;43;4;2;4;10;0;0
797;724;2;0;17;42;17;42;0;2;0;0;14;7;3;7;16;1;0
797;724;3;0;37;84;37;84;0;0;0;0;0;20;6;11;37;0;0
797;94;1;1;17;31;18;32;0;0;0;0;2;13;2;2;14;1;2
797;94;2;0;23;33;23;33;0;0;0;0;0;20;2;1;22;1;0
797;94;3;0;43;77;43;77;0;0;0;0;0;39;2;2;42;1;0
798;537;1;0;17;33;17;33;0;0;0;0;0;6;6;5;17;0;0
798;394;1;1;28;50;28;50;0;0;0;0;0;24;3;1;26;2;0
799;303;1;0;11;14;12;15;1;5;1;0;127;3;8;0;2;9;0
799;303;2;0;19;27;24;33;1;4;0;1;102;8;9;2;10;9;0
799;303;3;0;34;57;41;65;4;6;0;0;179;25;6;3;17;8;9
799;366;1;0;22;32;63;73;0;1;0;1;132;5;15;2;4;8;10
799;366;2;0;26;40;71;93;1;1;1;1;144;21;2;3;3;7;16
799;366;3;0;17;33;25;42;0;0;0;1;17;13;2;2;12;2;3
800;471;1;0;11;22;26;38;2;2;0;0;206;8;1;2;11;0;0
800;471;2;0;15;27;26;41;2;3;0;0;196;12;2;1;13;0;2
800;471;3;0;58;101;62;105;1;6;0;0;48;51;6;1;51;7;0
800;102;1;0;14;25;24;36;0;0;0;0;0;4;5;5;13;0;1
800;102;2;0;15;33;25;47;0;0;0;0;0;7;3;5;11;0;4
800;102;3;0;58;93;68;103;0;0;0;0;19;47;6;5;54;4;0
801;45;1;0;12;24;19;33;1;2;0;0;66;7;3;2;11;1;0
801;45;2;0;21;49;24;52;0;2;0;0;23;16;4;1;21;0;0
801;45;3;0;31;47;33;51;1;2;0;0;46;26;5;0;27;3;1
801;725;1;0;13;38;21;46;0;0;0;0;0;7;2;4;12;0;1
801;725;2;0;32;70;32;70;0;1;0;0;0;12;13;7;29;3;0
801;725;3;0;34;74;35;75;0;2;0;0;1;13;12;9;33;1;0
802;117;1;2;33;54;35;56;0;0;0;1;49;24;7;2;26;3;4
802;726;1;0;18;35;20;37;2;4;1;0;85;10;5;3;16;2;0
803;111;1;0;23;35;23;35;0;0;0;0;0;9;4;10;21;2;0
803;111;2;0;6;11;6;11;0;1;0;0;5;3;1;2;6;0;0
803;111;3;0;15;22;28;35;0;0;0;1;88;9;2;4;5;2;8
803;654;1;0;17;39;19;41;0;3;0;0;50;10;4;3;15;2;0
803;654;2;0;3;9;18;35;1;2;1;0;252;2;1;0;2;1;0
803;654;3;0;6;17;25;45;1;4;0;0;152;4;1;1;5;0;1
804;596;1;0;20;29;20;29;0;0;0;0;15;8;11;1;8;12;0
804;596;2;0;0;0;0;0;0;0;0;0;0;0;0;0;0;0;0
804;596;3;0;3;4;3;4;0;1;0;0;0;2;0;1;3;0;0
804;596;4;0;0;2;0;2;0;0;0;0;0;0;0;0;0;0;0
804;391;1;0;19;39;47;69;1;1;0;0;54;10;6;3;13;6;0
804;391;2;0;19;22;76;95;2;2;0;0;297;18;1;0;0;0;19
804;391;3;0;14;21;86;113;1;2;0;0;249;13;1;0;1;1;12
804;391;4;0;5;11;12;18;1;2;1;0;70;3;0;2;5;0;0
805;181;1;0;18;31;18;31;0;0;0;0;0;3;1;14;18;0;0
805;181;2;0;16;33;16;33;0;0;0;0;0;6;2;8;16;0;0
805;181;3;0;25;67;25;67;0;1;0;0;0;8;7;10;25;0;0
805;460;1;0;15;32;15;32;0;0;0;0;0;2;1;12;15;0;0
805;460;2;0;29;60;29;60;0;0;0;0;2;6;3;20;28;1;0
805;460;3;0;31;65;31;65;0;1;0;0;6;11;2;18;31;0;0
806;727;1;0;5;9;13;20;1;1;0;0;175;3;1;1;1;1;3
806;727;2;0;3;6;7;11;1;5;0;0;202;1;2;0;1;2;0
806;727;3;0;7;9;10;13;1;4;1;0;192;6;1;0;0;4;3
806;468;1;1;19;37;31;51;0;1;0;0;8;10;3;6;9;4;6
806;468;2;0;17;23;73;82;0;0;0;0;29;9;6;2;3;6;8
806;468;3;0;19;29;34;45;0;0;0;0;27;11;6;2;3;12;4
807;728;1;0;9;21;14;28;0;0;0;0;0;6;2;1;4;0;5
807;162;1;0;11;21;17;32;1;1;2;0;204;7;1;3;6;0;5
808;729;1;0;1;3;4;6;0;0;0;0;0;1;0;0;1;0;0
808;729;2;0;15;23;18;26;1;2;0;0;12;12;1;2;11;2;2
808;476;1;1;9;13;16;21;1;1;0;0;235;5;4;0;3;0;6
808;476;2;0;6;27;8;29;3;4;1;0;102;4;1;1;5;1;0
809;69;1;1;15;26;31;42;0;0;0;0;51;9;1;5;8;0;7
809;69;2;0;35;51;36;52;0;0;1;0;9;21;4;10;32;3;0
809;69;3;0;22;42;22;42;0;0;0;0;0;12;0;10;22;0;0
809;63;1;0;5;10;30;39;0;0;0;1;160;2;0;3;3;0;2
809;63;2;0;18;38;20;40;1;3;0;0;44;9;8;1;16;2;0
809;63;3;0;19;46;19;46;0;0;0;0;0;10;5;4;18;1;0
810;447;1;0;3;16;17;30;0;0;0;0;0;0;1;2;3;0;0
810;447;2;0;7;42;12;47;0;1;0;0;1;4;0;3;7;0;0
810;447;3;0;28;64;30;66;0;0;0;0;0;15;9;4;27;1;0
810;121;1;0;9;24;29;44;0;1;0;0;51;3;1;5;9;0;0
810;121;2;0;13;32;32;51;0;3;0;0;94;6;3;4;11;2;0
810;121;3;0;17;42;27;52;0;2;0;0;76;11;2;4;15;2;0
811;258;1;0;11;23;11;23;0;0;0;0;39;1;2;8;10;1;0
811;258;2;0;29;51;42;66;2;3;0;0;216;25;3;1;5;1;23
811;258;3;0;18;23;18;23;2;3;0;0;138;11;6;1;14;1;3
811;730;1;0;15;32;23;40;0;2;0;0;43;3;5;7;13;2;0
811;730;2;0;25;36;45;58;0;1;0;0;13;18;3;4;8;2;15
811;730;3;0;11;36;24;49;0;0;1;0;0;7;1;3;7;0;4
812;184;1;0;21;56;21;56;1;1;0;0;19;4;15;2;21;0;0
812;184;2;0;7;20;10;23;0;0;0;0;17;4;3;0;7;0;0
812;184;3;0;33;79;33;79;0;1;0;0;25;20;11;2;32;1;0
812;731;1;0;23;45;24;46;0;0;0;0;19;13;1;9;22;1;0
812;731;2;0;15;38;41;69;1;1;0;0;204;15;0;0;5;1;9
812;731;3;0;22;62;37;77;0;0;0;0;0;19;0;3;22;0;0
813;233;1;0;16;34;44;62;0;2;0;0;170;6;5;5;8;8;0
813;233;2;0;28;57;31;60;0;0;0;0;42;10;5;13;27;1;0
813;233;3;0;29;50;41;65;0;0;0;0;124;19;7;3;12;17;0
813;291;1;0;4;11;14;22;0;1;0;0;26;1;2;1;3;1;0
813;291;2;0;12;36;14;38;0;1;0;0;9;6;4;2;11;1;0
813;291;3;0;2;8;8;18;0;2;0;0;74;1;1;0;0;2;0
814;385;1;0;36;74;43;81;0;0;0;0;37;6;20;10;35;1;0
814;385;2;0;16;30;21;36;0;0;2;0;22;10;4;2;14;2;0
814;732;1;0;23;50;24;51;0;0;0;0;0;14;7;2;22;1;0
814;732;2;1;13;22;14;23;0;0;0;0;67;8;3;2;5;1;7
815;664;1;0;15;38;20;43;0;0;0;0;20;8;3;4;11;3;1
815;664;2;0;20;26;64;73;1;5;0;0;211;18;2;0;3;17;0
815;664;3;0;24;36;30;42;0;2;0;0;23;15;7;2;11;13;0
815;733;1;0;12;36;24;48;3;5;0;0;126;9;2;1;11;1;0
815;733;2;0;3;14;14;26;0;1;0;0;43;3;0;0;1;2;0
815;733;3;0;15;34;27;54;3;6;0;0;189;10;5;0;12;3;0
816;734;1;0;7;21;7;21;0;3;0;0;5;3;3;1;5;2;0
816;734;2;0;9;21;10;22;0;2;0;0;0;6;3;0;6;3;0
816;734;3;0;13;29;19;38;0;0;0;0;0;7;4;2;12;1;0
816;136;1;0;26;50;26;50;0;0;0;0;7;14;5;7;26;0;0
816;136;2;1;30;53;30;53;1;1;0;0;65;15;7;8;17;4;9
816;136;3;1;23;46;23;46;1;1;0;0;31;11;4;8;19;1;3
817;581;1;0;19;38;19;38;0;0;0;0;0;8;2;9;19;0;0
817;581;2;0;20;45;20;45;0;0;0;0;0;12;0;8;20;0;0
817;581;3;0;22;34;22;34;0;0;0;0;0;16;3;3;22;0;0
817;581;4;0;21;43;21;43;0;0;0;0;0;12;0;9;21;0;0
817;581;5;0;29;60;30;61;0;0;0;0;0;24;3;2;28;1;0
817;110;1;0;17;52;17;52;0;0;0;0;0;9;2;6;17;0;0
817;110;2;0;31;66;31;66;0;0;0;0;0;18;2;11;31;0;0
817;110;3;0;18;62;18;63;0;1;0;0;15;12;2;4;17;1;0
817;110;4;0;37;71;37;71;0;0;0;0;0;24;4;9;36;1;0
817;110;5;0;38;87;38;88;0;0;0;0;0;22;10;6;36;2;0
818;141;1;0;23;45;23;46;0;0;0;0;2;3;13;7;22;1;0
818;141;2;1;23;42;23;42;0;0;0;0;8;14;3;6;14;1;8
818;662;1;0;9;25;11;30;1;4;0;0;74;3;0;6;5;4;0
818;662;2;0;8;24;8;24;0;1;0;0;0;2;2;4;8;0;0
819;427;1;0;22;68;24;70;1;1;0;0;9;12;3;7;22;0;0
819;427;2;0;30;62;37;75;1;1;0;0;121;17;7;6;21;2;7
819;427;3;0;7;19;26;41;2;3;0;0;269;7;0;0;2;0;5
819;695;1;0;26;75;26;75;0;0;1;0;14;11;8;7;26;0;0
819;695;2;0;38;78;48;91;0;0;0;0;18;23;11;4;31;7;0
819;695;3;0;7;18;32;49;0;0;0;0;0;5;2;0;6;1;0
820;667;1;0;6;16;9;21;0;0;2;0;71;5;1;0;5;1;0
820;667;2;0;7;23;37;53;0;1;1;1;141;6;1;0;6;1;0
820;228;1;0;30;43;37;52;0;4;0;0;133;16;9;5;21;9;0
820;228;2;0;15;28;16;30;1;1;0;0;29;7;3;5;10;5;0
821;167;1;0;15;35;16;36;0;0;0;0;0;4;7;4;14;1;0
821;167;2;0;2;4;4;6;2;2;0;0;49;1;0;1;2;0;0
821;225;1;1;23;50;24;52;0;1;0;0;11;12;5;6;23;0;0
821;225;2;0;5;8;5;8;0;0;1;1;3;1;0;4;5;0;0
822;735;1;0;16;44;16;44;0;0;0;0;0;4;1;11;16;0;0
822;509;1;1;14;27;26;39;0;0;0;0;5;4;3;7;13;0;1
823;33;1;0;27;49;31;53;0;1;0;0;49;21;1;5;25;1;1
823;33;2;1;39;62;46;70;0;0;0;0;8;35;3;1;34;0;5
823;66;1;0;12;33;13;34;0;1;0;0;5;5;2;5;11;1;0
823;66;2;0;11;53;11;53;0;1;0;0;0;6;3;2;11;0;0
824;513;1;0;7;10;20;24;2;3;0;0;146;1;3;3;7;0;0
824;513;2;0;10;18;36;47;1;3;0;0;127;6;2;2;10;0;0
824;513;3;0;1;4;21;25;2;4;1;0;201;1;0;0;1;0;0
824;736;1;0;9;26;9;26;0;0;0;0;0;5;1;3;9;0;0
824;736;2;0;6;19;9;22;0;0;1;0;0;6;0;0;6;0;0
824;736;3;0;1;7;1;7;0;0;0;0;0;0;0;1;1;0;0
825;737;1;1;16;24;18;26;0;2;2;0;14;3;3;10;16;0;0
825;638;1;0;13;31;13;31;0;1;0;0;10;3;0;10;13;0;0
826;206;1;0;42;104;52;114;0;1;0;0;15;21;13;8;41;1;0
826;206;2;0;18;44;20;47;0;0;0;0;0;9;7;2;16;2;0
826;206;3;0;22;103;29;112;1;1;0;0;60;15;3;4;22;0;0
826;521;1;0;35;68;42;75;2;2;0;0;47;21;6;8;32;3;0
826;521;2;0;13;29;71;98;1;1;1;0;199;8;1;4;9;0;4
826;521;3;0;28;55;33;60;0;5;0;0;15;14;8;6;28;0;0
827;384;1;0;26;50;26;50;1;2;0;0;17;17;5;4;26;0;0
827;384;2;0;6;22;6;22;0;2;0;0;0;3;3;0;5;1;0
827;384;3;0;1;7;2;8;0;1;0;0;0;1;0;0;1;0;0
827;92;1;0;47;74;48;75;0;0;0;0;11;21;12;14;47;0;0
827;92;2;0;56;77;76;101;1;1;0;0;117;36;11;9;39;16;1
827;92;3;0;5;8;37;44;1;1;1;0;162;2;0;3;4;0;1
828;738;1;0;31;67;31;67;0;1;0;0;0;17;7;7;31;0;0
828;343;1;1;37;76;39;78;0;0;0;0;2;31;4;2;37;0;0
829;346;1;0;14;41;14;41;0;0;0;0;0;8;0;6;14;0;0
829;113;1;1;17;43;19;45;0;0;0;0;2;12;5;0;15;0;2
830;321;1;0;16;34;20;38;0;0;0;0;0;0;2;14;16;0;0
830;321;2;0;18;36;18;36;0;0;0;0;0;3;5;10;18;0;0
830;321;3;0;21;34;21;34;0;1;0;0;0;4;2;15;20;1;0
830;321;4;0;7;12;23;29;0;0;0;0;0;0;6;1;1;6;0
830;321;5;0;14;21;15;22;0;0;0;0;0;4;2;8;14;0;0
830;207;1;0;9;27;12;30;0;1;0;0;22;1;3;5;9;0;0
830;207;2;0;29;53;29;53;0;0;0;0;2;18;9;2;29;0;0
830;207;3;0;17;40;18;41;0;1;0;0;6;5;6;6;16;1;0
830;207;4;0;19;24;45;61;0;6;0;0;230;7;6;6;7;12;0
830;207;5;0;20;36;23;39;0;4;0;0;82;5;6;9;14;6;0
831;320;1;0;12;21;17;27;0;1;0;0;14;7;1;4;9;3;0
831;320;2;1;21;52;34;65;0;0;0;0;43;16;4;1;11;5;5
831;320;3;0;39;61;47;71;0;2;0;0;35;33;4;2;21;18;0
831;277;1;0;21;32;22;33;2;2;0;0;40;6;13;2;9;7;5
831;277;2;0;17;40;17;40;0;0;0;0;0;6;9;2;16;1;0
831;277;3;0;30;47;42;61;0;0;0;0;0;8;21;1;24;6;0
832;135;1;0;7;20;11;25;0;0;0;0;103;4;2;1;5;0;2
832;39;1;0;10;16;17;23;0;1;1;0;0;7;0;3;6;0;4
833;161;1;0;3;5;8;10;1;1;0;0;160;2;0;1;2;0;1
833;161;2;0;7;12;10;16;1;3;0;0;221;4;2;1;3;1;3
833;161;3;0;2;4;12;16;1;1;0;0;97;2;0;0;2;0;0
833;658;1;0;0;4;11;17;0;0;0;0;47;0;0;0;0;0;0
833;658;2;0;0;3;12;15;0;0;0;0;22;0;0;0;0;0;0
833;658;3;0;4;9;17;24;1;1;0;0;175;2;2;0;1;2;1
834;259;1;0;4;15;4;15;0;0;0;0;0;1;1;2;4;0;0
834;4;1;1;4;9;4;9;0;0;0;0;3;4;0;0;4;0;0
835;1;1;0;17;29;37;51;0;0;0;0;6;10;6;1;14;3;0
835;1;2;0;18;28;31;41;0;0;0;0;25;13;5;0;15;2;1
835;1;3;0;24;40;59;77;0;0;0;0;19;16;8;0;24;0;0
835;93;1;0;6;14;13;24;2;6;0;0;109;6;0;0;6;0;0
835;93;2;0;11;33;19;43;1;9;0;0;84;9;1;1;11;0;0
835;93;3;0;15;37;15;37;1;6;0;0;36;13;1;1;15;0;0
836;20;1;0;13;25;14;26;0;4;0;0;18;6;4;3;11;2;0
836;20;2;0;14;31;17;37;2;3;1;0;54;8;5;1;14;0;0
836;739;1;0;22;39;23;40;0;0;0;0;0;6;4;12;22;0;0
836;739;2;0;24;44;24;44;0;0;0;0;0;13;3;8;24;0;0
837;556;1;0;40;95;41;96;0;1;0;0;20;32;4;4;35;5;0
837;549;1;0;79;120;81;123;0;0;0;0;3;49;28;2;54;25;0
838;583;1;0;18;42;18;42;0;1;0;0;2;5;4;9;17;1;0
838;583;2;0;19;36;19;36;0;0;0;0;0;10;4;5;19;0;0
838;583;3;0;21;51;41;76;0;0;0;0;0;14;6;1;21;0;0
838;438;1;0;16;45;36;76;0;2;0;0;35;10;1;5;16;0;0
838;438;2;0;8;40;8;40;2;2;0;0;82;8;0;0;8;0;0
838;438;3;0;15;58;20;63;1;1;0;0;38;14;0;1;15;0;0
839;42;1;0;25;70;25;70;0;0;0;0;0;17;3;5;25;0;0
839;42;2;0;49;135;49;135;0;2;0;0;2;45;2;2;49;0;0
839;42;3;0;57;140;60;143;1;1;0;0;24;53;3;1;56;0;1
839;18;1;0;20;36;20;36;0;0;0;0;0;16;0;4;20;0;0
839;18;2;0;51;97;51;97;0;0;0;0;0;46;2;3;51;0;0
839;18;3;0;64;128;65;129;0;0;0;0;0;57;7;0;59;5;0
840;299;1;0;19;40;20;43;0;0;0;0;0;15;3;1;19;0;0
840;299;2;0;14;27;14;28;0;1;0;0;0;10;2;2;14;0;0
840;299;3;0;28;48;28;48;0;0;0;0;29;22;6;0;13;9;6
840;283;1;0;14;28;14;28;0;1;0;0;0;7;6;1;14;0;0
840;283;2;0;18;40;18;40;0;1;0;0;0;7;6;5;17;1;0
840;283;3;0;8;12;8;13;0;4;0;0;0;5;1;2;7;1;0
841;380;1;1;44;79;68;106;0;1;0;0;48;39;1;4;34;5;5
841;740;1;0;37;73;53;96;0;0;1;0;30;31;5;1;24;13;0
842;122;1;0;33;64;33;64;0;0;0;0;0;21;11;1;33;0;0
842;122;2;0;49;104;49;104;0;0;0;0;0;39;8;2;49;0;0
842;122;3;0;53;105;53;105;1;5;0;0;49;43;7;3;52;1;0
842;140;1;0;36;107;36;107;0;0;0;0;0;28;3;5;36;0;0
842;140;2;0;62;183;62;183;0;0;0;0;0;53;6;3;62;0;0
842;140;3;0;49;143;51;146;0;0;0;0;0;39;8;2;49;0;0
843;302;1;0;18;38;31;56;0;2;0;0;46;8;7;3;15;3;0
843;302;2;0;45;78;55;89;0;2;0;0;45;27;11;7;38;7;0
843;302;3;0;52;86;78;117;1;2;0;0;72;25;19;8;45;5;2
843;402;1;0;19;46;33;62;0;2;0;0;75;8;8;3;13;6;0
843;402;2;0;48;70;49;71;0;0;0;0;7;33;8;7;44;4;0
843;402;3;0;34;71;34;72;0;1;0;0;0;19;11;4;33;1;0
844;616;1;0;15;30;15;30;0;0;0;0;0;10;2;3;15;0;0
844;222;1;1;18;34;18;34;0;0;0;0;3;14;4;0;15;0;3
845;502;1;1;20;38;23;46;0;1;0;0;53;11;7;2;20;0;0
845;502;2;0;12;25;13;29;0;0;0;0;0;6;6;0;11;1;0
845;65;1;0;7;11;10;14;0;1;0;0;17;2;2;3;6;1;0
845;65;2;1;6;12;6;12;0;0;0;0;1;6;0;0;6;0;0
846;619;1;0;15;28;15;28;1;2;0;0;28;7;5;3;13;2;0
846;619;2;0;8;24;8;24;0;0;0;0;0;5;3;0;6;2;0
846;619;3;0;14;39;14;39;0;2;0;0;0;5;6;3;13;1;0
846;598;1;0;28;49;42;66;1;3;0;0;55;24;1;3;13;8;7
846;598;2;0;42;67;49;76;0;1;0;0;53;29;3;10;38;4;0
846;598;3;0;15;46;34;68;1;1;0;0;47;6;5;4;13;2;0
847;503;1;0;24;43;27;46;0;0;0;0;24;9;2;13;24;0;0
847;503;2;0;36;55;36;56;1;2;0;0;15;21;9;6;35;0;1
847;503;3;0;22;39;22;39;0;1;0;0;10;15;3;4;22;0;0
847;620;1;0;17;52;18;53;0;1;0;0;10;8;7;2;16;1;0
847;620;2;0;29;89;32;92;0;0;0;0;0;21;2;6;29;0;0
847;620;3;0;28;99;28;99;0;0;0;0;7;20;5;3;28;0;0
848;741;1;0;18;57;18;57;0;1;0;0;0;1;8;9;18;0;0
848;741;2;0;15;58;18;61;0;1;0;0;0;3;6;6;15;0;0
848;741;3;0;20;60;30;74;1;2;1;0;46;9;11;0;19;1;0
848;49;1;0;21;43;23;45;1;1;0;0;19;14;2;5;18;2;1
848;49;2;0;25;46;25;47;0;0;0;0;23;17;4;4;25;0;0
848;49;3;0;28;48;29;50;1;2;0;0;38;23;4;1;25;3;0
849;143;1;0;15;41;15;41;0;1;0;0;0;5;3;7;13;2;0
849;143;2;0;14;37;21;46;0;1;0;0;50;7;5;2;10;4;0
849;143;3;0;37;78;51;96;0;1;0;0;28;16;15;6;23;14;0
849;210;1;0;21;44;21;44;0;0;0;0;3;14;7;0;19;2;0
849;210;2;0;19;46;20;48;0;1;0;0;3;14;5;0;16;3;0
849;210;3;0;15;49;18;54;1;1;0;0;17;14;1;0;11;4;0
850;579;1;0;13;25;13;25;0;1;0;0;0;3;3;7;13;0;0
850;579;2;0;29;55;29;55;0;2;0;0;0;18;3;8;29;0;0
850;579;3;0;25;53;25;53;0;0;0;0;0;19;6;0;25;0;0
850;80;1;0;21;31;21;31;0;0;0;0;0;6;5;10;19;2;0
850;80;2;0;33;69;33;69;0;1;0;0;0;17;5;11;33;0;0
850;80;3;0;30;78;30;78;0;0;0;0;0;23;4;3;30;0;0
851;334;1;0;8;13;30;38;0;0;0;1;129;4;2;2;6;0;2
851;334;2;0;1;1;6;8;0;0;1;1;44;0;0;1;1;0;0
851;334;3;0;5;12;17;25;0;1;0;1;5;4;1;0;3;2;0
851;105;1;0;3;5;10;13;1;2;0;0;143;3;0;0;0;0;3
851;105;2;0;13;16;25;29;1;1;0;1;244;13;0;0;1;0;12
851;105;3;0;14;21;37;49;2;5;0;1;235;14;0;0;11;0;3
852;524;1;0;21;34;27;41;0;0;0;0;26;20;1;0;19;2;0
852;524;2;0;34;56;36;58;0;0;1;0;0;28;6;0;34;0;0
852;524;3;0;40;81;50;92;0;0;0;0;52;34;6;0;32;8;0
852;296;1;0;7;19;32;49;2;3;0;0;220;1;3;3;3;4;0
852;296;2;0;29;61;35;69;5;5;0;0;125;16;3;10;29;0;0
852;296;3;0;41;101;46;107;0;2;0;0;30;26;3;12;37;4;0
853;25;1;1;18;27;18;27;0;0;0;0;6;11;7;0;11;0;7
853;304;1;0;7;25;7;25;0;0;0;0;0;5;0;2;7;0;0
854;9;1;0;23;33;38;51;0;1;0;0;32;21;2;0;18;5;0
854;9;2;0;31;56;33;58;0;0;0;0;5;20;9;2;29;2;0
854;9;3;0;33;58;42;70;0;0;0;0;6;23;8;2;31;2;0
854;290;1;0;27;47;41;62;0;4;0;0;172;8;18;1;6;21;0
854;290;2;0;36;73;39;76;1;4;0;0;75;20;9;7;27;9;0
854;290;3;0;23;51;34;62;0;1;0;0;84;9;6;8;18;5;0
855;301;1;0;14;31;17;39;2;4;1;0;66;10;2;2;10;1;3
855;582;1;0;15;30;15;30;0;0;0;0;0;14;0;1;12;3;0
856;307;1;0;7;24;7;24;1;1;0;0;24;4;3;0;7;0;0
856;366;1;0;27;56;27;56;0;1;1;0;0;3;10;14;26;1;0
857;137;1;0;1;8;1;8;0;1;0;0;8;0;1;0;1;0;0
857;137;2;0;28;46;31;50;1;2;0;0;27;28;0;0;5;12;11
857;665;1;0;16;26;37;49;1;6;0;0;115;3;0;13;14;2;0
857;665;2;0;12;20;13;21;0;3;0;0;66;2;2;8;12;0;0
858;498;1;1;11;21;18;29;1;3;0;0;76;9;1;1;9;1;1
858;557;1;0;20;36;21;38;0;0;0;0;1;12;7;1;20;0;0
859;373;1;0;3;13;12;23;0;0;0;0;0;0;2;1;3;0;0
859;373;2;0;2;6;9;13;0;0;0;0;0;0;1;1;2;0;0
859;631;1;0;8;11;56;62;1;1;1;0;236;7;0;1;2;0;6
859;631;2;0;31;41;46;59;1;3;0;0;205;30;1;0;1;0;30
860;56;1;0;13;24;14;25;0;0;0;0;30;8;4;1;12;1;0
860;56;2;2;7;18;10;21;0;0;0;0;6;7;0;0;1;5;1
860;146;1;0;4;10;5;13;0;0;0;0;0;0;1;3;4;0;0
860;146;2;0;1;3;1;3;0;0;0;0;0;1;0;0;1;0;0
861;68;1;1;16;41;16;41;0;0;0;0;2;11;3;2;16;0;0
861;588;1;0;9;22;9;22;0;0;0;0;0;4;0;5;9;0;0
862;232;1;0;22;38;31;49;1;1;0;0;94;10;5;7;15;7;0
862;232;2;0;33;72;35;74;0;1;0;0;18;15;11;7;28;5;0
862;232;3;1;34;78;34;79;0;1;0;0;17;27;2;5;22;3;9
862;232;4;1;9;13;9;13;0;0;0;0;0;7;2;0;4;5;0
862;106;1;2;25;66;26;68;0;1;0;0;17;16;8;1;19;6;0
862;106;2;0;25;68;26;70;0;0;0;0;0;16;5;4;25;0;0
862;106;3;0;43;87;43;87;0;2;0;0;0;33;8;2;41;2;0
862;106;4;0;0;0;0;0;0;0;0;0;0;0;0;0;0;0;0
863;677;1;0;8;23;8;23;0;0;0;0;0;7;1;0;8;0;0
863;677;2;0;10;37;10;37;0;0;0;0;0;5;2;3;10;0;0
863;677;3;0;20;74;20;74;0;0;0;0;0;15;2;3;17;3;0
863;424;1;0;26;46;26;46;0;1;0;0;0;16;2;8;26;0;0
863;424;2;0;27;46;28;47;0;3;0;0;0;20;2;5;27;0;0
863;424;3;0;21;41;21;41;0;4;0;0;0;17;1;3;21;0;0
864;19;1;1;7;15;7;15;0;0;0;0;3;5;2;0;6;0;1
864;742;1;0;1;16;1;16;0;0;0;0;0;1;0;0;1;0;0
865;223;1;0;26;42;26;43;0;0;0;0;0;14;5;7;24;2;0
865;281;1;0;13;46;14;49;0;0;0;0;35;9;2;2;12;1;0
866;433;1;0;14;26;14;26;0;4;0;0;24;5;1;8;14;0;0
866;433;2;0;24;40;24;40;0;3;0;0;27;14;5;5;22;2;0
866;433;3;0;20;33;22;35;1;4;0;0;59;12;0;8;17;3;0
866;381;1;0;13;34;13;34;0;1;0;0;2;4;3;6;13;0;0
866;381;2;0;22;37;23;38;0;0;0;0;0;11;3;8;22;0;0
866;381;3;0;20;40;22;42;0;1;0;0;3;11;1;8;19;0;1
867;699;1;0;6;23;9;31;2;3;0;0;47;6;0;0;6;0;0
867;26;1;1;21;40;22;42;0;0;0;0;8;14;6;1;14;0;7
868;360;1;0;28;46;40;59;1;1;0;0;180;10;17;1;12;11;5
868;360;2;0;42;70;46;74;0;2;0;0;3;22;17;3;37;5;0
868;360;3;0;16;42;17;43;1;3;0;0;88;8;6;2;14;0;2
868;347;1;0;15;27;19;32;0;1;0;0;1;8;4;3;13;2;0
868;347;2;0;32;65;35;68;0;0;0;0;0;21;7;4;27;5;0
868;347;3;0;23;46;23;46;0;1;0;0;2;12;8;3;21;2;0
869;479;1;0;2;2;23;28;5;6;0;0;234;1;1;0;0;1;1
869;479;2;0;1;2;29;42;5;7;0;0;270;1;0;0;1;0;0
869;479;3;0;8;26;8;26;1;6;0;0;58;4;4;0;8;0;0
869;530;1;0;2;2;3;3;0;0;1;0;30;1;0;1;2;0;0
869;530;2;0;5;10;5;11;0;1;1;0;0;4;1;0;2;2;1
869;530;3;0;28;75;33;81;2;4;0;0;44;21;3;4;27;1;0
870;333;1;0;7;23;7;23;3;4;1;0;68;2;0;5;7;0;0
870;333;2;0;28;49;28;49;1;1;1;0;34;18;0;10;28;0;0
870;374;1;0;7;41;10;45;0;0;0;0;22;3;1;3;7;0;0
870;374;2;0;13;49;13;49;0;0;0;0;1;5;1;7;13;0;0
871;417;1;0;19;40;19;40;0;0;0;0;0;13;4;2;17;2;0
871;417;2;0;4;5;6;8;2;3;2;2;122;4;0;0;4;0;0
871;417;3;0;17;41;17;42;0;1;1;0;65;13;4;0;15;2;0
871;512;1;0;19;43;19;43;1;1;0;0;17;13;1;5;18;1;0
871;512;2;0;1;5;7;12;1;1;1;2;128;1;0;0;1;0;0
871;512;3;0;20;49;26;55;1;2;0;0;28;15;1;4;18;2;0
872;709;1;0;1;2;3;4;0;0;0;0;0;1;0;0;1;0;0
872;217;1;0;1;3;5;9;1;2;1;0;58;0;0;1;1;0;0
873;743;1;0;24;49;24;49;0;0;0;0;0;5;3;16;24;0;0
873;743;2;0;12;35;15;40;1;1;0;0;83;4;2;6;12;0;0
873;743;3;0;18;54;18;56;0;1;0;0;16;8;4;6;15;3;0
873;379;1;0;32;81;32;81;0;0;0;0;0;21;5;6;32;0;0
873;379;2;0;17;54;17;54;0;1;0;0;0;12;3;2;17;0;0
873;379;3;0;24;64;26;66;0;0;0;0;0;21;3;0;24;0;0
874;230;1;0;20;45;20;45;0;0;0;0;0;5;6;9;20;0;0
874;230;2;0;31;60;31;60;0;0;0;0;0;7;7;17;31;0;0
874;230;3;0;39;79;39;79;1;1;0;0;5;11;14;14;39;0;0
874;230;4;0;21;66;23;68;0;0;0;0;0;13;5;3;21;0;0
874;230;5;0;36;64;36;64;0;1;0;0;0;14;13;9;36;0;0
874;388;1;0;16;49;16;49;0;0;0;0;0;10;5;1;16;0;0
874;388;2;0;29;54;29;54;0;0;0;0;0;15;8;6;29;0;0
874;388;3;0;24;47;24;47;0;0;0;0;0;18;5;1;24;0;0
874;388;4;0;28;51;28;51;0;0;0;0;0;23;5;0;28;0;0
874;388;5;0;31;62;31;62;0;0;0;0;0;24;6;1;31;0;0
875;594;1;0;1;2;31;37;0;0;0;0;69;0;0;1;1;0;0
875;594;2;0;10;17;52;69;0;0;0;0;139;7;2;1;4;1;5
875;594;3;0;19;42;33;58;0;0;0;0;6;11;7;1;16;3;0
875;594;4;0;7;7;53;60;1;1;1;0;267;5;1;1;4;0;3
875;594;5;0;16;19;63;75;0;2;0;0;173;9;6;1;4;7;5
875;470;1;0;0;2;23;26;1;1;0;0;188;0;0;0;0;0;0
875;470;2;0;0;2;3;6;0;4;0;0;87;0;0;0;0;0;0
875;470;3;0;8;21;9;22;0;5;0;0;44;0;2;6;6;2;0
875;470;4;0;3;5;21;27;0;0;0;0;0;1;0;2;3;0;0
875;470;5;0;1;6;7;14;0;5;0;0;37;0;0;1;1;0;0
876;744;1;0;0;1;0;1;0;0;0;0;0;0;0;0;0;0;0
876;352;1;1;8;9;9;10;0;1;0;0;11;5;3;0;1;3;4
877;634;1;1;27;47;59;84;0;0;0;0;232;23;2;2;6;3;18
877;634;2;0;46;95;46;95;0;2;0;0;0;40;3;3;39;7;0
877;634;3;0;33;67;34;68;0;1;0;0;0;30;3;0;32;1;0
877;532;1;0;1;5;4;8;0;1;0;0;0;0;1;0;1;0;0
877;532;2;0;48;70;48;70;0;0;0;0;0;18;14;16;44;4;0
877;532;3;0;40;66;43;70;1;1;0;0;29;18;9;13;40;0;0
878;354;1;0;20;58;23;62;0;0;0;0;0;17;3;0;17;3;0
878;354;2;0;22;57;39;76;0;0;0;0;0;11;11;0;19;3;0
878;354;3;0;26;69;33;77;0;0;0;0;40;11;10;5;20;6;0
878;474;1;0;22;57;22;57;1;2;0;0;33;5;9;8;18;3;1
878;474;2;0;18;41;21;44;0;3;0;0;76;5;4;9;13;5;0
878;474;3;0;19;48;21;51;0;1;0;0;27;7;6;6;16;3;0
879;95;1;1;28;36;33;43;0;0;0;0;137;19;3;6;7;5;16
879;95;2;0;5;11;5;11;0;1;0;0;3;2;2;1;5;0;0
879;95;3;0;1;1;1;1;0;0;0;0;0;1;0;0;1;0;0
879;745;1;0;9;20;22;34;1;2;1;0;50;3;2;4;9;0;0
879;745;2;0;24;32;58;69;1;2;0;0;228;19;3;2;9;3;12
879;745;3;0;6;9;16;20;2;3;1;0;101;4;1;1;5;0;1
880;335;1;0;27;64;29;67;0;3;2;0;85;13;6;8;24;2;1
880;335;2;0;26;67;28;70;1;2;1;0;36;19;2;5;25;1;0
880;335;3;0;16;44;54;99;0;3;0;0;0;11;3;2;14;2;0
880;599;1;0;19;29;19;29;0;0;0;0;0;7;7;5;19;0;0
880;599;2;0;37;62;37;63;0;0;0;0;0;8;16;13;35;1;1
880;599;3;0;10;27;36;71;0;0;1;0;191;5;3;2;7;0;3
881;269;1;0;30;49;30;49;1;1;0;0;1;11;4;15;29;0;1
881;269;2;0;35;60;35;60;0;0;0;0;0;10;8;17;35;0;0
881;269;3;0;38;72;39;73;1;1;0;0;2;17;9;12;38;0;0
881;499;1;0;10;20;10;20;0;0;0;0;0;3;2;5;10;0;0
881;499;2;0;7;17;7;17;0;0;0;0;0;1;4;2;7;0;0
881;499;3;0;14;27;14;27;0;1;0;0;0;7;6;1;13;1;0
882;416;1;0;13;46;13;47;0;3;0;0;0;6;5;2;11;2;0
882;416;2;0;21;70;21;71;0;3;0;0;0;8;7;6;20;1;0
882;416;3;0;4;11;6;13;0;2;0;0;0;4;0;0;4;0;0
882;589;1;0;18;32;20;34;1;1;0;0;44;7;11;0;15;2;1
882;589;2;0;22;43;22;43;0;0;0;0;7;11;7;4;19;3;0
882;589;3;0;1;4;23;33;0;1;0;0;251;0;1;0;1;0;0
883;46;1;0;33;75;34;76;0;0;0;1;8;27;2;4;33;0;0
883;46;2;1;32;64;32;65;0;0;0;0;10;28;1;3;32;0;0
883;46;3;0;60;102;60;102;0;0;0;0;0;53;1;6;60;0;0
883;422;1;0;27;86;27;86;1;3;0;0;6;21;4;2;26;1;0
883;422;2;0;9;36;9;36;0;1;0;0;0;8;1;0;9;0;0
883;422;3;0;23;87;23;87;0;0;0;0;0;18;5;0;23;0;0
884;419;1;1;25;49;29;54;0;0;0;0;9;9;13;3;24;1;0
884;419;2;0;30;69;30;69;0;0;0;0;0;22;7;1;30;0;0
884;419;3;0;30;74;30;74;0;0;0;0;0;21;8;1;29;1;0
884;746;1;0;16;39;20;44;0;0;0;0;0;6;2;8;16;0;0
884;746;2;0;25;60;25;60;0;0;0;0;0;10;7;8;25;0;0
884;746;3;0;26;69;26;69;0;0;0;0;0;16;8;2;25;1;0
885;156;1;1;6;7;6;7;0;0;0;0;1;2;1;3;5;0;1
885;747;1;0;0;1;0;1;0;0;0;0;0;0;0;0;0;0;0
886;489;1;0;20;44;26;50;0;1;0;0;0;8;3;9;20;0;0
886;489;2;0;6;6;6;6;0;0;0;0;0;1;3;2;6;0;0
886;644;1;0;8;21;10;23;0;3;0;0;40;3;0;5;8;0;0
886;644;2;1;7;10;8;11;0;0;0;0;4;6;0;1;2;0;5
887;279;1;0;9;25;9;25;0;0;0;0;0;1;2;6;9;0;0
887;279;2;0;7;30;9;32;0;0;0;0;0;0;5;2;7;0;0
887;279;3;0;22;32;32;45;0;0;0;0;40;7;10;5;18;4;0
887;55;1;0;13;21;13;21;0;1;0;0;16;7;1;5;13;0;0
887;55;2;0;14;25;15;26;0;0;0;0;34;5;6;3;13;1;0
887;55;3;0;16;29;19;34;0;0;0;0;0;11;4;1;12;4;0
888;351;1;0;11;23;32;51;0;0;0;0;69;9;0;2;11;0;0
888;351;2;0;3;19;39;64;1;1;0;0;139;2;1;0;3;0;0
888;351;3;0;11;18;74;93;1;1;0;0;169;10;1;0;11;0;0
888;748;1;0;7;15;9;18;0;0;0;0;0;0;2;5;7;0;0
888;748;2;0;6;17;8;19;0;0;0;0;0;3;1;2;6;0;0
888;748;3;0;4;23;6;26;0;0;0;0;0;4;0;0;4;0;0
889;666;1;0;12;21;28;37;1;1;0;0;9;6;2;4;11;1;0
889;666;2;0;13;38;21;46;0;5;0;0;49;3;7;3;13;0;0
889;666;3;0;13;20;20;28;0;3;0;0;0;9;4;0;13;0;0
889;306;1;0;3;14;5;16;2;4;0;0;164;2;1;0;3;0;0
889;306;2;0;21;45;26;51;1;1;0;0;54;8;7;6;19;2;0
889;306;3;0;19;35;37;58;0;0;1;0;214;14;3;2;9;0;10
890;53;1;0;16;24;20;29;1;1;0;0;83;12;3;1;14;2;0
890;53;2;0;10;18;23;33;1;2;0;2;151;8;2;0;0;3;7
890;53;3;0;9;14;15;21;2;4;0;0;197;9;0;0;6;0;3
890;227;1;0;8;15;10;18;1;5;0;0;94;3;4;1;6;0;2
890;227;2;0;6;8;8;10;0;3;1;2;98;5;1;0;4;2;0
890;227;3;0;6;12;12;21;0;0;0;1;47;5;0;1;3;0;3
891;62;1;0;14;34;32;56;1;1;0;0;55;7;6;1;10;4;0
891;62;2;0;10;33;25;51;1;1;0;0;76;8;2;0;8;2;0
891;62;3;0;8;25;22;69;0;0;0;0;205;8;0;0;4;0;4
891;292;1;0;11;27;23;41;0;1;0;0;81;2;7;2;6;5;0
891;292;2;0;11;21;19;31;0;3;0;0;123;1;4;6;6;5;0
891;292;3;0;9;18;15;25;0;2;0;0;11;2;5;2;2;7;0
892;120;1;1;14;32;14;32;0;0;0;0;1;9;5;0;13;1;0
892;218;1;0;19;34;19;35;1;1;0;0;8;4;7;8;18;1;0
893;260;1;0;54;69;69;90;0;0;1;1;60;53;1;0;8;0;46
893;749;1;0;4;13;4;13;1;2;0;0;8;3;0;1;4;0;0
894;448;1;0;14;25;35;51;1;2;0;0;168;5;5;4;13;1;0
894;448;2;0;30;54;62;88;1;2;0;0;80;14;9;7;27;3;0
894;448;3;0;12;26;67;90;1;1;0;0;183;4;6;2;8;4;0
894;435;1;0;10;18;10;18;0;0;1;0;0;4;2;4;10;0;0
894;435;2;0;21;38;24;41;0;0;0;0;0;15;4;2;15;6;0
894;435;3;0;6;16;7;17;0;0;0;0;0;4;2;0;5;1;0
895;198;1;0;5;9;13;20;2;7;0;0;77;5;0;0;4;1;0
895;198;2;0;41;57;46;66;1;1;0;0;181;37;1;3;5;2;34
895;750;1;0;15;23;28;42;0;1;0;1;133;10;1;4;11;2;2
895;750;2;0;19;29;19;29;0;0;0;0;0;9;6;4;18;1;0
896;610;1;0;11;23;19;39;1;1;0;0;57;8;0;3;7;0;4
896;610;2;0;12;25;12;25;0;0;0;0;0;6;0;6;12;0;0
896;610;3;0;21;39;21;39;0;0;0;0;0;11;3;7;21;0;0
896;751;1;0;22;40;22;40;0;1;0;0;0;14;0;8;22;0;0
896;751;2;0;22;44;22;44;0;0;0;0;0;12;0;10;22;0;0
896;751;3;0;25;39;25;39;0;0;0;0;0;17;0;8;24;1;0
897;131;1;0;6;19;18;31;1;2;1;0;87;5;1;0;5;0;1
897;475;1;0;9;27;18;37;0;0;0;0;0;2;3;4;9;0;0
898;577;1;0;20;47;21;48;0;1;0;0;2;10;6;4;13;7;0
898;577;2;0;20;49;27;58;0;3;0;0;15;12;7;1;15;5;0
898;577;3;0;21;54;25;58;1;5;0;0;7;14;5;2;17;3;1
898;577;4;0;36;70;48;82;4;9;0;0;65;25;10;1;31;5;0
898;577;5;0;14;39;21;47;2;12;0;0;53;10;2;2;12;2;0
898;79;1;0;18;49;18;49;0;2;0;0;2;11;7;0;16;2;0
898;79;2;0;25;47;26;48;1;3;0;0;48;18;6;1;17;8;0
898;79;3;0;22;48;25;51;1;5;0;0;43;17;2;3;20;2;0
898;79;4;0;21;47;26;52;0;4;0;0;4;18;2;1;21;0;0
898;79;5;0;18;46;18;46;0;1;0;0;0;12;5;1;18;0;0
899;459;1;1;32;58;32;58;0;0;0;0;7;27;3;2;28;4;0
899;459;2;0;22;49;22;49;0;0;0;0;0;12;9;1;22;0;0
899;459;3;1;43;58;47;63;0;0;0;0;15;34;7;2;21;6;16
899;682;1;0;23;64;25;66;0;0;0;0;0;17;5;1;21;2;0
899;682;2;0;38;74;38;74;0;0;0;0;0;25;12;1;34;4;0
899;682;3;0;20;39;21;40;0;0;0;0;0;13;7;0;13;7;0
900;554;1;0;23;31;36;49;1;1;0;1;108;20;1;2;7;4;12
900;107;1;0;15;28;34;47;1;1;0;1;128;14;1;0;2;0;13
901;468;1;0;11;13;27;32;0;0;0;0;0;10;1;0;1;1;9
901;109;1;0;12;21;26;35;2;2;1;0;205;11;1;0;0;0;12
902;580;1;0;2;2;2;3;0;0;0;0;0;0;1;1;1;1;0
902;580;2;0;25;44;26;45;0;0;0;0;0;21;2;2;25;0;0
902;580;3;0;22;38;31;47;1;1;0;0;85;18;4;0;11;6;5
902;431;1;0;8;11;19;23;3;4;1;0;291;8;0;0;0;0;8
902;431;2;0;17;22;23;28;3;8;0;0;155;14;2;1;11;2;4
902;431;3;0;37;52;49;64;2;3;1;0;137;37;0;0;7;3;27
903;274;1;0;13;24;22;35;0;0;0;0;0;13;0;0;1;1;11
903;486;1;0;21;26;52;59;1;2;0;0;134;16;3;2;3;0;18
904;208;1;0;12;17;19;25;0;0;1;1;44;9;0;3;3;0;9
904;208;2;0;35;54;40;60;0;0;1;0;40;30;5;0;16;11;8
904;562;1;0;8;9;16;18;1;1;0;0;220;7;1;0;1;0;7
904;562;2;0;12;19;12;19;0;0;0;0;0;11;1;0;12;0;0
905;396;1;0;21;31;43;54;3;5;0;0;191;19;0;2;10;5;6
905;396;2;0;21;39;64;90;1;2;0;0;224;21;0;0;4;1;16
905;396;3;0;14;28;88;125;2;4;0;0;235;11;3;0;5;1;8
905;157;1;0;11;16;27;34;0;0;0;0;0;5;2;4;9;2;0
905;157;2;0;17;28;29;43;0;0;0;0;18;15;2;0;12;4;1
905;157;3;0;13;17;28;36;0;0;0;0;2;11;2;0;10;0;3
906;315;1;0;18;25;48;56;0;0;0;0;0;8;1;9;16;0;2
906;315;2;0;11;33;45;68;0;0;0;0;0;6;0;5;10;1;0
906;315;3;0;24;54;27;58;0;0;0;0;0;6;5;13;23;1;0
906;538;1;0;13;23;21;33;1;4;0;0;128;10;1;2;9;2;2
906;538;2;0;16;41;27;53;1;3;0;0;110;5;6;5;14;0;2
906;538;3;0;33;67;33;69;0;1;0;0;17;13;4;16;33;0;0
907;663;1;0;10;24;14;29;0;0;0;0;0;0;3;7;10;0;0
907;663;2;0;9;24;9;24;0;1;0;0;0;5;1;3;7;2;0
907;663;3;0;12;25;16;29;0;0;1;0;101;5;4;3;11;1;0
907;558;1;0;12;29;42;63;0;0;0;0;95;6;3;3;11;0;1
907;558;2;1;14;32;17;35;0;0;0;0;62;10;2;2;10;4;0
907;558;3;0;11;29;14;32;0;1;0;0;0;4;4;3;11;0;0
908;528;1;0;25;44;45;64;0;3;0;0;53;6;8;11;23;2;0
908;528;2;0;30;52;42;68;0;3;0;0;44;13;11;6;18;12;0
908;528;3;0;23;48;26;55;1;3;0;0;19;11;5;7;19;4;0
908;372;1;0;18;35;20;37;0;0;0;0;48;13;1;4;14;3;1
908;372;2;0;25;48;29;52;1;2;0;0;15;19;4;2;16;9;0
908;372;3;1;38;56;48;66;1;1;0;0;87;32;3;3;18;4;16
909;586;1;0;19;32;26;42;1;2;0;0;150;15;2;2;13;0;6
909;586;2;0;10;19;30;41;1;3;0;0;140;9;1;0;5;0;5
909;586;3;0;13;24;44;55;1;1;0;0;119;11;2;0;9;2;2
909;404;1;0;18;29;30;43;0;1;0;0;25;8;3;7;13;1;4
909;404;2;0;15;20;24;30;1;1;0;0;92;11;2;2;6;1;8
909;404;3;0;9;20;32;44;0;2;0;0;64;1;4;4;6;3;0
910;133;1;0;12;25;34;47;1;1;0;0;156;4;2;6;12;0;0
910;133;2;0;3;3;24;25;0;1;0;1;19;1;0;2;2;0;1
910;133;3;0;12;18;24;35;0;1;1;1;99;8;1;3;4;1;7
910;668;1;0;10;33;27;50;0;0;0;0;0;6;1;3;9;0;1
910;668;2;0;3;6;37;49;1;1;0;0;211;2;0;1;1;0;2
910;668;3;0;4;17;35;52;1;1;0;0;136;2;0;2;4;0;0
911;221;1;0;22;48;22;48;0;0;0;0;0;13;5;4;22;0;0
911;221;2;0;27;70;27;70;0;0;0;0;0;21;1;5;27;0;0
911;221;3;1;27;57;27;57;0;0;0;0;38;23;2;2;23;0;4
911;355;1;1;37;79;37;79;0;2;0;0;8;20;8;9;37;0;0
911;355;2;0;28;86;28;86;0;1;0;0;0;15;8;5;28;0;0
911;355;3;0;8;31;13;46;0;2;0;0;9;5;3;0;8;0;0
912;271;1;1;20;29;21;30;0;0;0;0;3;3;9;8;16;4;0
912;752;1;1;17;33;19;35;0;2;0;0;91;13;4;0;9;4;4
913;511;1;0;42;83;42;83;0;0;0;0;0;32;8;2;42;0;0
913;511;2;0;58;104;59;105;0;0;0;0;0;42;14;2;58;0;0
913;511;3;0;42;74;45;77;0;0;0;0;0;33;8;1;42;0;0
913;399;1;0;48;110;48;110;0;2;0;0;0;33;6;9;46;2;0
913;399;2;0;38;96;38;96;0;0;0;0;0;25;3;10;38;0;0
913;399;3;1;44;101;47;104;1;4;0;0;49;33;5;6;40;2;2
914;303;1;0;7;18;9;20;1;2;2;1;74;5;2;0;3;4;0
914;303;2;0;14;18;19;23;0;0;0;1;24;13;1;0;11;1;2
914;303;3;0;23;46;27;50;1;2;0;0;102;14;9;0;18;3;2
914;239;1;0;8;13;11;16;1;6;0;0;136;3;3;2;5;3;0
914;239;2;0;5;15;11;22;2;7;0;0;164;2;3;0;4;1;0
914;239;3;0;10;22;10;22;0;5;0;0;41;7;3;0;8;1;1
915;58;1;1;13;17;13;17;0;0;0;0;4;12;0;1;5;0;8
915;179;1;0;2;3;2;3;0;0;0;0;0;1;1;0;2;0;0
916;753;1;0;8;14;8;15;0;0;0;0;48;3;3;2;7;0;1
916;534;1;0;2;7;5;10;0;2;2;0;11;2;0;0;2;0;0
917;400;1;1;29;54;34;62;0;0;0;0;26;20;5;4;17;1;11
917;754;1;0;6;15;6;15;0;0;0;0;0;2;1;3;6;0;0
918;450;1;0;12;28;12;28;0;0;0;0;0;2;2;8;12;0;0
918;450;2;0;32;44;42;54;0;0;0;0;203;24;0;8;9;0;23
918;450;3;0;11;22;21;42;0;0;0;1;247;10;0;1;1;0;10
918;755;1;0;36;58;36;58;0;0;0;0;0;14;2;20;36;0;0
918;755;2;0;19;29;51;70;0;0;0;0;0;8;5;6;19;0;0
918;755;3;0;4;8;30;40;1;1;0;0;11;2;0;2;3;0;1
919;756;1;0;7;14;8;15;0;0;0;0;0;6;1;0;6;1;0
919;547;1;1;12;23;12;23;0;0;0;0;13;8;2;2;11;0;1
920;543;1;0;27;63;35;71;0;0;0;0;34;19;8;0;22;5;0
920;543;2;0;36;86;45;98;0;0;0;0;59;31;5;0;34;2;0
920;543;3;0;32;77;46;97;0;0;0;0;0;27;5;0;31;1;0
920;386;1;0;21;41;25;45;2;7;0;0;109;13;5;3;18;3;0
920;386;2;0;24;66;28;72;0;3;0;0;0;14;6;4;24;0;0
920;386;3;0;22;59;33;77;1;4;0;0;105;9;11;2;21;0;1
921;757;1;0;15;23;45;55;0;0;0;0;0;2;5;8;13;2;0
921;757;2;0;9;27;15;33;0;3;0;0;14;4;4;1;6;3;0
921;757;3;0;7;17;8;18;0;0;0;0;0;3;1;3;5;2;0
921;168;1;0;4;21;16;41;1;3;0;0;185;2;1;1;2;2;0
921;168;2;0;17;31;27;47;1;3;0;0;179;13;4;0;2;12;3
921;168;3;0;12;18;30;38;3;8;0;0;195;6;5;1;4;8;0
922;237;1;0;11;16;25;32;0;0;0;2;161;9;1;1;2;2;7
922;237;2;0;4;16;17;40;2;2;0;1;204;4;0;0;0;0;4
922;758;1;0;1;2;1;2;2;4;0;0;101;0;0;1;1;0;0
922;758;2;0;0;1;3;4;0;2;0;1;56;0;0;0;0;0;0
923;226;1;0;2;5;17;28;1;1;0;0;248;2;0;0;0;0;2
923;226;2;0;9;29;35;60;1;1;0;0;245;9;0;0;2;1;6
923;226;3;0;24;54;29;62;0;0;0;0;0;18;5;1;24;0;0
923;759;1;0;2;4;8;10;0;0;0;0;0;1;1;0;2;0;0
923;759;2;0;5;13;14;22;0;0;1;0;0;5;0;0;5;0;0
923;759;3;0;21;51;30;66;1;1;0;0;36;18;0;3;19;0;2
924;760;1;0;10;51;10;51;0;2;0;0;22;5;4;1;10;0;0
924;760;2;0;19;50;25;56;1;3;0;0;88;13;4;2;17;0;2
924;760;3;0;8;23;36;54;0;3;0;0;110;8;0;0;6;0;2
924;392;1;0;23;55;23;55;0;0;0;0;9;18;4;1;20;1;2
924;392;2;0;28;55;29;56;0;1;0;0;1;20;6;2;24;4;0
924;392;3;0;24;41;29;49;0;0;1;0;68;21;3;0;21;1;2
925;465;1;0;39;57;40;58;0;0;0;0;0;23;7;9;39;0;0
925;465;2;0;40;69;54;83;0;0;0;0;9;35;4;1;36;4;0
925;465;3;1;20;32;20;32;0;0;0;0;1;16;2;2;20;0;0
925;158;1;0;37;88;37;88;1;3;0;0;14;22;6;9;37;0;0
925;158;2;0;38;105;49;117;2;5;0;0;98;31;6;1;32;6;0
925;158;3;0;22;44;22;44;0;3;0;0;15;12;8;2;22;0;0
926;299;1;0;32;48;32;48;0;0;0;0;0;21;2;9;31;1;0
926;299;2;0;39;66;39;66;0;0;0;0;0;25;5;9;38;1;0
926;299;3;1;40;54;40;54;0;0;0;0;1;25;11;4;40;0;0
926;342;1;0;19;34;21;36;0;2;0;0;0;7;10;2;18;1;0
926;342;2;0;27;43;28;44;0;3;0;0;0;13;7;7;26;1;0
926;342;3;0;11;35;11;35;0;0;0;0;0;7;4;0;11;0;0
927;108;1;0;10;26;10;26;0;1;0;0;2;5;2;3;10;0;0
927;108;2;0;19;47;19;47;0;0;0;0;0;16;2;1;19;0;0
927;108;3;0;11;23;11;23;0;3;0;0;38;6;2;3;11;0;0
927;219;1;0;12;32;12;32;0;0;0;0;4;5;1;6;8;4;0
927;219;2;0;18;36;18;36;0;0;0;0;0;8;3;7;18;0;0
927;219;3;1;15;28;17;32;0;0;0;0;16;10;3;2;13;1;1
928;265;1;0;24;55;29;60;0;0;0;0;23;15;2;7;24;0;0
928;265;2;0;41;98;41;98;0;0;0;0;0;29;5;7;41;0;0
928;265;3;0;14;30;15;31;0;1;0;0;52;13;1;0;14;0;0
928;602;1;0;29;46;30;47;0;0;0;0;46;14;4;11;27;2;0
928;602;2;0;39;70;39;70;0;2;0;0;0;29;5;5;39;0;0
928;602;3;0;18;31;26;39;2;2;0;0;157;17;0;1;15;1;2
929;182;1;0;21;57;24;62;0;0;0;0;23;8;9;4;20;1;0
929;182;2;0;22;35;25;39;0;0;0;0;0;8;12;2;17;5;0
929;182;3;0;35;63;50;80;0;0;0;0;31;17;16;2;33;2;0
929;375;1;0;10;24;10;24;0;2;0;0;0;3;3;4;9;1;0
929;375;2;0;10;35;12;37;3;5;0;0;149;8;1;1;8;2;0
929;375;3;0;12;31;12;32;0;2;0;0;67;7;1;4;11;1;0
930;527;1;0;11;31;11;31;0;1;0;0;10;6;3;2;10;1;0
930;527;2;1;8;19;8;19;0;0;0;0;2;7;0;1;6;0;2
930;761;1;0;10;37;14;42;0;0;0;0;0;5;5;0;9;1;0
930;761;2;0;6;19;6;19;0;0;0;0;0;3;2;1;6;0;0
931;142;1;0;20;24;39;44;0;0;0;0;4;15;4;1;12;8;0
931;43;1;0;7;13;16;23;1;1;0;0;68;1;2;4;7;0;0
932;96;1;1;38;71;38;71;0;0;0;0;63;35;0;3;36;0;2
932;762;1;0;22;69;24;72;0;0;0;0;9;14;4;4;17;5;0
933;173;1;0;12;43;12;43;0;0;0;0;29;9;2;1;12;0;0
933;173;2;0;15;61;18;65;0;1;0;0;34;9;3;3;15;0;0
933;173;3;0;4;33;5;35;0;0;0;1;32;3;0;1;4;0;0
933;64;1;0;20;48;20;48;0;1;0;0;2;13;4;3;18;2;0
933;64;2;0;24;58;27;61;1;1;0;0;44;21;2;1;24;0;0
933;64;3;0;11;28;13;31;1;3;1;0;129;9;1;1;10;1;0
934;685;1;0;8;24;20;37;0;6;0;0;169;3;2;3;8;0;0
934;685;2;0;3;4;15;17;1;2;0;0;97;0;1;2;2;1;0
934;685;3;0;13;40;26;63;1;1;0;0;144;9;2;2;13;0;0
934;456;1;0;4;19;21;37;0;0;0;0;20;2;1;1;4;0;0
934;456;2;0;2;4;22;27;1;3;1;1;174;1;1;0;1;1;0
934;456;3;0;9;32;20;47;0;0;0;0;4;8;1;0;9;0;0
935;428;1;0;39;72;39;72;0;0;0;0;0;5;15;19;39;0;0
935;428;2;0;45;89;45;89;0;1;0;0;0;16;12;17;45;0;0
935;428;3;0;63;129;63;129;0;0;0;0;0;29;15;19;63;0;0
935;635;1;0;12;34;12;34;0;0;0;0;0;10;2;0;12;0;0
935;635;2;0;25;49;25;49;0;0;0;0;0;23;1;1;23;2;0
935;635;3;0;32;73;32;73;0;0;0;0;0;30;2;0;32;0;0
936;763;1;0;18;30;31;46;0;0;0;0;20;12;5;1;7;11;0
936;763;2;0;6;19;16;29;0;0;0;0;57;4;2;0;3;3;0
936;763;3;0;2;6;20;25;0;0;0;0;0;0;1;1;2;0;0
936;520;1;0;19;31;24;36;4;5;0;0;220;16;3;0;6;6;7
936;520;2;0;12;19;21;34;3;4;0;0;159;6;5;1;5;5;2
936;520;3;0;5;14;40;67;1;1;0;0;245;4;0;1;1;0;4
937;2;1;0;31;49;32;50;2;4;0;0;60;14;5;12;29;2;0
937;2;2;0;1;3;1;3;1;3;1;0;106;1;0;0;1;0;0
937;84;1;0;15;26;27;40;0;0;0;0;24;8;5;2;15;0;0
937;84;2;0;2;3;3;4;0;0;0;0;0;2;0;0;2;0;0
938;764;1;0;2;5;13;16;0;3;0;0;200;1;1;0;1;1;0
938;764;2;0;9;18;15;25;0;1;0;0;91;9;0;0;9;0;0
938;764;3;0;11;19;11;19;0;0;0;0;71;7;4;0;10;1;0
938;764;4;0;14;22;19;30;2;3;0;0;175;11;1;2;3;1;10
938;764;5;0;1;3;7;12;0;3;0;1;164;1;0;0;1;0;0
938;132;1;0;3;4;14;17;0;1;0;0;9;0;2;1;1;2;0
938;132;2;0;10;24;13;28;0;0;0;0;26;2;2;6;8;2;0
938;132;3;0;14;34;14;35;0;0;0;0;8;4;3;7;14;0;0
938;132;4;0;11;16;23;31;0;0;0;0;13;2;3;6;10;1;0
938;132;5;0;4;6;38;46;1;1;2;0;96;3;0;1;2;2;0
939;322;1;0;12;15;17;20;1;1;2;0;98;3;5;4;9;0;3
939;322;2;0;27;39;27;39;1;3;0;0;39;9;5;13;27;0;0
939;322;3;0;4;7;4;7;0;0;0;0;83;2;0;2;4;0;0
939;390;1;0;10;14;12;18;2;3;0;0;94;2;7;1;9;1;0
939;390;2;0;25;47;25;47;0;0;1;0;0;14;10;1;23;2;0
939;390;3;0;4;10;68;75;1;1;0;0;178;3;1;0;4;0;0
940;336;1;0;6;8;64;74;1;1;0;0;263;1;3;2;3;2;1
940;336;2;0;10;14;70;86;1;1;0;0;246;6;3;1;8;2;0
940;336;3;0;10;14;13;17;0;0;0;0;4;7;3;0;6;1;3
940;765;1;0;2;7;41;47;0;0;0;0;0;1;1;0;1;1;0
940;765;2;0;1;18;46;65;0;0;1;0;2;1;0;0;1;0;0
940;765;3;0;3;6;3;6;0;0;0;0;0;2;0;1;3;0;0
941;466;1;0;9;25;11;29;0;0;0;0;23;2;4;3;6;3;0
941;466;2;0;12;30;16;35;0;0;0;0;19;7;5;0;5;7;0
941;466;3;0;4;12;5;13;0;0;0;0;0;4;0;0;4;0;0
941;6;1;0;40;66;40;66;1;2;0;0;84;32;4;4;38;1;1
941;6;2;0;23;29;26;32;2;2;0;0;180;15;5;3;18;3;2
941;6;3;0;15;21;48;59;1;1;0;0;169;14;0;1;6;0;9
942;463;1;0;48;76;53;82;0;0;0;0;0;38;8;2;47;1;0
942;463;2;0;73;86;119;150;0;0;0;0;231;72;0;1;1;16;56
942;711;1;0;21;46;24;49;0;1;0;0;1;14;5;2;19;2;0
942;711;2;0;0;0;0;0;0;3;0;0;0;0;0;0;0;0;0
943;147;1;0;2;6;2;6;0;0;1;0;14;1;0;1;2;0;0
943;420;1;0;5;9;5;9;0;0;0;0;0;1;1;3;5;0;0
944;500;1;0;1;6;16;26;1;1;0;0;55;0;0;1;1;0;0
944;500;2;0;3;9;48;58;2;2;0;0;205;2;1;0;3;0;0
944;500;3;0;4;11;72;81;1;2;0;1;109;4;0;0;2;0;2
944;423;1;0;3;11;7;18;2;2;0;0;169;1;2;0;3;0;0
944;423;2;0;5;8;25;30;1;3;0;2;48;3;2;0;4;1;0
944;423;3;0;4;7;13;19;3;3;0;0;159;3;1;0;2;1;1
945;469;1;0;21;45;29;56;2;2;0;0;40;11;9;1;19;2;0
945;469;2;0;15;29;21;35;0;1;0;0;56;11;3;1;13;2;0
945;469;3;0;24;37;30;44;0;2;0;0;10;10;10;4;17;7;0
945;766;1;0;14;31;18;35;0;2;0;0;78;4;9;1;11;3;0
945;766;2;0;22;41;56;86;0;0;0;0;157;6;13;3;7;15;0
945;766;3;0;21;38;35;54;0;4;0;0;210;10;9;2;9;12;0
946;767;1;1;13;26;20;36;0;1;0;0;130;8;5;0;9;0;4
946;767;2;0;3;10;7;14;0;0;1;0;5;3;0;0;3;0;0
946;516;1;0;11;23;12;29;0;4;0;0;41;8;3;0;3;7;1
946;516;2;0;51;79;109;164;0;2;0;0;223;48;3;0;4;0;47
947;276;1;0;14;33;18;38;2;3;0;0;194;13;1;0;14;0;0
947;276;2;0;27;99;27;100;0;3;0;0;0;22;4;1;27;0;0
947;276;3;0;29;85;29;85;0;2;0;0;0;25;1;3;29;0;0
947;1;1;0;30;49;46;65;0;0;0;0;0;24;2;4;15;13;2
947;1;2;0;72;136;73;137;0;0;0;0;9;57;14;1;71;1;0
947;1;3;0;63;119;65;121;0;0;0;0;11;50;6;7;58;5;0
948;492;1;0;6;17;12;25;1;4;0;0;95;4;2;0;4;2;0
948;492;2;0;5;16;38;54;0;3;0;0;80;5;0;0;3;2;0
948;492;3;0;2;6;4;8;1;1;1;0;53;2;0;0;2;0;0
948;440;1;0;3;15;5;17;0;1;0;0;0;3;0;0;3;0;0
948;440;2;0;5;11;11;18;0;0;0;0;79;4;1;0;5;0;0
948;440;3;0;2;8;2;8;0;0;0;0;0;2;0;0;2;0;0
949;768;1;0;5;13;6;15;0;1;0;0;0;3;2;0;2;3;0
949;234;1;0;7;15;14;28;3;6;1;0;128;5;2;0;5;1;1
950;119;1;1;29;70;29;70;0;0;0;0;4;19;10;0;26;0;3
950;675;1;0;32;69;32;69;0;2;0;0;0;16;6;10;32;0;0
951;578;1;0;6;6;42;42;0;0;0;1;141;5;0;1;1;1;4
951;578;2;0;32;49;32;49;1;1;0;0;2;12;6;14;31;1;0
951;578;3;0;21;36;28;44;0;0;0;0;54;16;1;4;18;2;1
951;578;4;0;25;40;50;65;0;0;0;0;4;19;5;1;21;4;0
951;578;5;0;37;62;38;63;0;3;0;0;0;26;6;5;32;5;0
951;349;1;0;1;1;1;1;1;2;0;0;118;0;1;0;1;0;0
951;349;2;0;10;30;10;30;0;3;0;0;0;6;3;1;10;0;0
951;349;3;0;13;25;13;25;1;1;0;0;6;4;6;3;13;0;0
951;349;4;0;14;30;14;30;0;2;0;0;55;4;8;2;12;2;0
951;349;5;0;15;33;15;33;0;0;0;0;1;9;6;0;13;2;0
952;81;1;0;16;40;16;40;0;0;0;0;0;5;7;4;16;0;0
952;81;2;0;25;54;34;63;0;0;0;0;0;16;7;2;25;0;0
952;81;3;0;37;67;39;69;0;0;0;0;0;24;11;2;36;1;0
952;236;1;0;0;13;0;13;0;1;0;0;0;0;0;0;0;0;0
952;236;2;0;8;30;10;33;1;1;0;0;16;3;1;4;8;0;0
952;236;3;0;7;60;7;60;0;1;0;0;0;5;0;2;7;0;0
953;769;1;0;9;21;11;23;0;1;0;0;19;4;1;4;8;1;0
953;40;1;1;20;28;20;28;0;1;0;0;2;7;3;10;19;0;1
954;269;1;0;23;56;25;58;0;0;0;0;0;7;12;4;23;0;0
954;269;2;0;23;55;23;55;0;1;0;0;0;8;9;6;23;0;0
954;497;1;0;6;26;7;28;0;2;0;0;7;5;0;1;6;0;0
954;497;2;1;12;33;12;33;0;0;1;0;21;8;2;2;12;0;0
955;584;1;0;29;51;29;51;0;0;0;0;0;12;8;9;28;1;0
955;584;2;0;28;59;28;59;0;0;0;0;0;11;4;13;28;0;0
955;584;3;0;39;73;39;73;0;2;0;0;3;28;5;6;39;0;0
955;460;1;0;24;60;24;60;0;0;0;0;0;18;3;3;24;0;0
955;460;2;0;29;60;29;60;0;0;0;0;0;23;2;4;29;0;0
955;460;3;0;45;84;45;84;0;0;0;0;0;40;4;1;45;0;0
956;350;1;1;17;34;19;38;0;0;0;0;5;9;2;6;15;0;2
956;18;1;0;9;12;9;12;0;0;0;0;0;4;5;0;9;0;0
957;770;1;0;1;14;18;33;0;0;0;0;0;0;1;0;1;0;0
957;770;2;0;5;28;19;43;0;0;0;0;0;2;3;0;5;0;0
957;770;3;0;3;30;11;38;1;1;0;0;17;2;0;1;3;0;0
957;513;1;0;9;15;42;48;2;2;0;0;209;7;1;1;5;1;3
957;513;2;0;16;34;26;45;0;2;0;0;77;10;1;5;16;0;0
957;513;3;0;17;38;17;38;0;1;0;0;0;11;2;4;15;2;0
958;771;1;0;2;23;5;26;0;0;0;0;0;0;0;2;2;0;0
958;772;1;1;12;19;12;19;0;0;0;0;1;6;2;4;12;0;0
959;773;1;0;12;38;12;39;1;2;0;0;26;4;4;4;12;0;0
959;773;2;0;13;61;16;64;0;0;0;0;27;5;6;2;13;0;0
959;773;3;1;5;9;5;9;0;0;0;0;2;4;1;0;3;0;2
959;774;1;0;18;37;25;45;0;0;0;1;63;8;0;10;17;0;1
959;774;2;0;27;59;30;63;0;0;0;0;2;19;2;6;27;0;0
959;774;3;0;3;6;3;6;0;0;0;0;0;2;0;1;3;0;0
960;529;1;1;12;26;13;27;0;2;1;0;7;6;3;3;12;0;0
960;529;2;0;2;18;2;18;0;1;0;1;6;2;0;0;1;0;1
960;529;3;0;12;49;13;50;0;0;0;0;2;10;2;0;11;1;0
960;700;1;0;11;29;12;30;1;4;0;0;112;7;2;2;9;2;0
960;700;2;0;12;26;13;29;3;5;0;0;172;6;4;2;11;0;1
960;700;3;0;21;50;21;51;0;5;0;0;1;13;2;6;20;1;0
961;258;1;0;21;45;21;45;0;0;0;0;0;6;4;11;21;0;0
961;258;2;0;18;46;18;46;0;2;0;0;0;9;7;2;17;1;0
961;258;3;0;12;35;12;35;0;0;0;0;0;9;1;2;12;0;0
961;405;1;0;19;44;19;44;0;0;0;0;0;3;2;14;19;0;0
961;405;2;0;20;60;29;70;0;0;1;0;33;7;6;7;19;1;0
961;405;3;0;11;54;11;54;0;1;0;0;3;3;5;3;11;0;0
962;97;1;0;40;82;41;83;0;1;0;0;0;30;2;8;38;2;0
962;97;2;0;35;89;37;91;0;1;0;0;21;27;4;4;35;0;0
962;97;3;1;12;21;14;24;0;1;0;0;5;9;2;1;7;3;2
962;640;1;0;29;68;30;70;0;0;0;0;0;18;11;0;29;0;0
962;640;2;0;25;67;26;68;1;1;0;0;7;15;9;1;23;2;0
962;640;3;0;10;20;12;22;0;1;0;0;0;6;3;1;7;3;0
963;653;1;0;16;44;16;44;0;0;0;0;0;7;4;5;14;2;0
963;653;2;0;24;66;24;66;0;0;0;0;0;11;2;11;24;0;0
963;653;3;0;16;59;20;63;0;0;0;0;0;11;3;2;15;1;0
963;683;1;1;25;63;32;74;0;0;0;0;7;18;2;5;24;1;0
963;683;2;0;25;54;25;57;0;0;0;0;5;19;3;3;24;1;0
963;683;3;1;28;49;30;52;0;0;0;0;80;24;2;2;19;0;9
964;775;1;0;42;48;49;56;1;1;0;0;217;36;4;2;5;0;37
964;775;2;0;20;28;20;28;0;0;0;0;0;9;7;4;19;1;0
964;775;3;1;34;43;35;44;0;0;0;0;14;25;5;4;30;1;3
964;776;1;0;6;13;11;18;0;0;0;0;0;3;1;2;5;0;1
964;776;2;0;16;37;16;37;0;0;0;0;0;9;4;3;16;0;0
964;776;3;0;15;39;15;39;0;0;0;0;0;12;2;1;11;4;0
965;522;1;0;11;16;18;24;1;2;0;0;211;4;3;4;11;0;0
965;522;2;0;24;35;27;38;1;1;0;0;168;19;3;2;11;1;12
965;522;3;0;27;36;41;51;1;3;1;0;191;21;4;2;21;2;4
965;522;4;0;14;18;15;19;1;3;1;0;235;7;6;1;12;0;2
965;522;5;0;12;17;16;21;1;3;0;0;87;5;2;5;12;0;0
965;327;1;0;8;9;35;37;0;0;0;0;0;4;3;1;8;0;0
965;327;2;0;15;22;38;45;0;0;0;0;0;11;3;1;15;0;0
965;327;3;0;13;19;15;21;0;0;0;0;0;8;1;4;13;0;0
965;327;4;0;8;16;10;19;0;1;0;0;0;6;0;2;8;0;0
965;327;5;0;40;47;52;59;0;0;0;0;119;30;9;1;16;0;24
966;328;1;0;16;31;16;31;0;0;0;0;0;5;3;8;16;0;0
966;328;2;0;22;26;22;26;0;0;0;0;0;10;8;4;22;0;0
966;328;3;0;16;28;16;28;0;0;0;0;0;9;2;5;16;0;0
966;645;1;0;13;35;14;36;0;0;0;0;0;4;4;5;13;0;0
966;645;2;0;21;48;21;48;0;0;0;0;0;11;8;2;21;0;0
966;645;3;0;13;46;13;46;0;0;0;0;0;6;2;5;13;0;0
967;681;1;0;17;30;20;33;0;0;0;0;0;13;1;3;16;1;0
967;681;2;0;14;25;49;64;0;0;1;0;64;11;1;2;9;0;5
967;681;3;0;17;30;36;55;3;3;0;0;81;10;2;5;16;0;1
967;449;1;0;22;65;22;65;0;0;0;0;4;10;1;11;21;1;0
967;449;2;0;11;15;16;20;1;4;1;0;157;8;2;1;7;2;2
967;449;3;0;25;52;38;70;0;3;0;0;49;8;7;10;17;8;0
968;4;1;0;21;31;21;31;0;0;0;0;0;13;3;5;21;0;0
968;4;2;1;24;42;25;43;0;0;0;0;14;21;0;3;16;1;7
968;4;3;0;22;40;28;46;0;0;0;0;2;19;3;0;20;2;0
968;777;1;0;19;63;19;63;0;0;0;0;0;6;7;6;19;0;0
968;777;2;0;26;78;28;80;0;2;0;0;19;8;10;8;25;1;0
968;777;3;0;45;95;65;117;0;4;0;0;61;15;22;8;31;14;0
969;778;1;0;7;18;7;18;0;0;0;0;0;0;1;6;7;0;0
969;778;2;0;17;47;17;47;0;0;0;0;0;12;1;4;16;1;0
969;778;3;0;24;43;25;44;0;0;0;0;57;12;1;11;23;1;0
969;340;1;0;33;75;33;75;0;0;0;0;0;17;5;11;33;0;0
969;340;2;0;42;93;45;96;0;0;0;0;0;27;6;9;41;1;0
969;340;3;0;27;55;27;55;0;0;0;0;0;16;7;4;26;1;0
970;397;1;0;10;24;11;25;0;0;1;0;0;5;2;3;9;1;0
970;779;1;0;16;31;16;31;0;3;0;0;27;8;6;2;16;0;0
971;603;1;1;44;69;48;73;0;0;1;0;15;29;7;8;31;8;5
971;603;2;0;36;74;47;87;0;0;0;0;86;30;3;3;32;0;4
971;603;3;0;41;70;50;82;1;3;0;0;162;32;8;1;22;0;19
971;716;1;1;39;68;42;72;0;0;0;0;74;14;6;19;33;5;1
971;716;2;0;26;61;26;61;0;0;0;0;0;13;5;8;26;0;0
971;716;3;0;9;26;11;32;0;0;0;0;0;3;3;3;9;0;0
972;184;1;0;3;5;66;82;0;1;0;1;237;2;1;0;1;0;2
972;184;2;0;32;44;87;105;1;2;0;0;197;31;0;1;8;0;24
972;618;1;0;7;14;17;26;0;0;0;0;36;7;0;0;0;1;6
972;618;2;0;8;15;10;18;0;0;0;0;0;6;1;1;8;0;0
973;780;1;0;28;41;30;43;0;0;0;0;0;25;3;0;26;2;0
973;152;1;1;31;56;31;56;0;0;0;0;3;27;1;3;22;6;3
974;781;1;0;10;27;10;27;0;0;0;0;6;7;1;2;9;1;0
974;781;2;0;12;37;12;37;0;0;0;0;0;8;0;4;12;0;0
974;781;3;0;2;6;2;6;0;0;0;0;0;1;1;0;2;0;0
974;193;1;0;25;49;26;50;0;0;0;0;0;6;5;14;23;2;0
974;193;2;0;29;53;29;53;0;0;0;0;0;7;10;12;29;0;0
974;193;3;1;11;15;11;15;0;0;0;0;5;9;1;1;3;0;8
975;632;1;0;13;39;13;39;0;0;0;0;0;5;6;2;13;0;0
975;632;2;0;12;18;27;34;0;0;0;0;0;5;4;3;5;0;7
975;632;3;0;21;46;21;46;0;0;0;0;0;6;6;9;21;0;0
975;22;1;0;10;35;11;37;1;1;0;0;11;8;2;0;10;0;0
975;22;2;0;7;13;21;31;2;3;0;0;242;6;1;0;0;2;5
975;22;3;0;9;28;9;28;0;0;0;0;0;8;1;0;9;0;0
976;151;1;0;10;20;23;33;0;7;0;0;91;7;2;1;9;1;0
976;407;1;2;12;21;13;22;1;1;0;0;69;9;1;2;10;0;2
977;415;1;0;21;34;21;34;0;0;0;1;10;19;2;0;19;2;0
977;415;2;0;9;17;22;34;0;0;0;0;145;8;1;0;3;0;6
977;415;3;0;0;3;1;4;0;2;0;0;18;0;0;0;0;0;0
977;109;1;1;28;53;33;59;2;6;0;0;44;14;5;9;26;2;0
977;109;2;0;5;6;35;39;2;6;0;0;109;2;3;0;4;0;1
977;109;3;0;5;7;14;16;1;1;1;0;56;3;2;0;4;1;0
978;312;1;0;27;40;29;43;0;0;0;1;90;4;12;11;24;3;0
978;312;2;0;15;23;25;33;1;1;0;0;81;12;3;0;1;5;9
978;312;3;0;11;12;26;28;1;1;0;0;98;6;4;1;4;1;6
978;718;1;0;12;34;16;39;1;3;0;0;35;8;2;2;9;0;3
978;718;2;0;3;5;4;7;2;2;0;0;189;3;0;0;3;0;0
978;718;3;0;2;6;10;15;1;1;0;0;149;1;1;0;2;0;0
979;701;1;0;14;38;16;42;0;0;0;0;4;8;5;1;14;0;0
979;701;2;0;25;61;29;65;0;0;0;0;0;13;11;1;24;1;0
979;701;3;0;3;6;18;21;0;0;0;1;13;2;0;1;3;0;0
979;134;1;0;15;32;15;35;3;8;0;0;153;6;2;7;9;1;5
979;134;2;0;20;47;22;55;1;6;0;0;82;11;3;6;17;3;0
979;134;3;0;17;29;41;55;1;3;0;1;258;16;0;1;2;0;15
980;137;1;1;29;51;31;54;0;0;0;0;87;27;2;0;5;2;22
980;185;1;0;3;5;3;5;0;0;0;0;3;2;0;1;3;0;0
981;623;1;0;7;16;11;21;0;0;0;0;15;0;5;2;4;3;0
981;623;2;0;13;31;21;39;0;1;0;0;15;5;4;4;12;1;0
981;623;3;0;26;51;29;55;0;0;0;0;32;11;10;5;23;3;0
981;82;1;0;22;36;32;46;0;0;0;0;131;8;12;2;12;10;0
981;82;2;0;23;45;28;52;0;3;0;0;135;9;9;5;18;5;0
981;82;3;0;28;63;31;68;0;0;1;0;81;13;12;3;23;5;0
982;662;1;0;11;35;11;43;0;0;0;0;20;7;0;4;5;0;6
982;782;1;0;3;8;3;8;0;0;0;0;0;1;0;2;3;0;0
983;783;1;0;2;8;2;8;0;0;0;0;0;1;1;0;2;0;0
983;473;1;0;7;12;7;12;0;0;0;0;0;6;0;1;7;0;0
984;784;1;0;13;33;13;33;0;1;0;0;0;5;5;3;13;0;0
984;667;1;0;20;44;21;46;0;0;3;0;79;15;3;2;19;0;1
985;148;1;0;3;3;5;5;1;1;1;0;45;0;2;1;1;2;0
985;505;1;0;2;5;2;5;0;1;0;0;13;0;1;1;2;0;0
986;309;1;0;12;25;17;32;1;2;0;0;102;11;0;1;4;0;8
986;309;2;0;26;35;37;53;1;1;0;0;64;25;1;0;5;0;21
986;74;1;0;9;21;19;31;0;3;0;0;64;3;1;5;9;0;0
986;74;2;0;3;11;3;11;0;0;0;0;0;2;0;1;3;0;0
987;27;1;0;18;36;18;36;0;0;0;0;0;16;0;2;18;0;0
987;27;2;0;29;67;29;67;0;0;0;0;0;25;2;2;29;0;0
987;27;3;0;31;68;31;68;0;0;0;0;0;23;5;3;28;3;0
987;27;4;0;22;70;22;70;0;0;0;0;0;19;3;0;22;0;0
987;27;5;0;32;76;32;76;0;1;0;0;0;30;2;0;31;1;0
987;553;1;0;16;39;16;39;0;0;0;0;0;12;1;3;16;0;0
987;553;2;0;6;33;6;33;1;1;0;0;2;4;1;1;6;0;0
987;553;3;0;12;43;12;43;0;1;0;0;0;9;1;2;12;0;0
987;553;4;0;20;66;20;66;0;0;0;0;0;16;3;1;20;0;0
987;553;5;0;9;54;9;55;0;2;0;0;7;9;0;0;9;0;0
988;597;1;0;19;68;19;68;0;0;0;0;0;11;3;5;19;0;0
988;597;2;0;25;67;28;70;0;2;0;0;15;21;2;2;25;0;0
988;597;3;0;11;28;48;82;1;2;0;0;218;7;2;2;10;0;1
988;597;4;0;40;93;43;97;0;1;0;0;53;29;6;5;40;0;0
988;597;5;0;15;25;55;70;1;3;0;0;248;13;2;0;9;2;4
988;570;1;0;30;61;30;61;0;0;0;0;0;22;2;6;30;0;0
988;570;2;0;23;65;26;69;1;1;0;0;8;17;5;1;22;1;0
988;570;3;0;9;21;10;22;0;1;0;0;0;7;2;0;7;2;0
988;570;4;0;25;79;25;80;0;0;0;0;7;16;8;1;25;0;0
988;570;5;0;7;19;10;22;0;2;0;0;0;6;1;0;7;0;0
989;785;1;0;22;43;22;43;0;0;0;0;0;3;7;12;22;0;0
989;785;2;0;22;58;22;58;0;0;0;0;0;6;11;5;22;0;0
989;785;3;0;32;83;35;86;0;0;0;0;2;15;15;2;32;0;0
989;225;1;0;16;34;16;34;0;0;0;0;0;6;5;5;16;0;0
989;225;2;0;12;36;12;36;0;0;0;0;0;5;4;3;12;0;0
989;225;3;0;21;61;21;61;0;0;0;0;0;14;7;0;21;0;0
990;691;1;0;27;57;27;57;0;0;0;0;0;17;10;0;27;0;0
990;691;2;0;9;20;10;21;0;0;0;0;0;4;4;1;9;0;0
990;691;3;0;6;15;6;15;0;0;0;0;0;5;1;0;5;1;0
990;448;1;0;13;46;20;60;1;1;0;0;32;10;2;1;13;0;0
990;448;2;0;17;28;83;120;1;1;0;0;222;15;1;1;7;0;10
990;448;3;0;6;10;27;38;1;3;1;0;90;4;2;0;4;1;1
991;555;1;0;7;11;13;17;0;0;0;0;1;6;1;0;0;7;0
991;138;1;1;13;20;23;32;0;0;1;0;234;11;1;1;2;7;4
992;444;1;0;12;37;12;37;0;0;0;0;0;2;4;6;12;0;0
992;444;2;0;28;54;28;54;0;1;0;0;0;13;8;7;28;0;0
992;444;3;0;19;39;19;39;0;0;0;0;0;7;7;5;19;0;0
992;786;1;0;9;16;9;16;0;0;0;0;0;4;0;5;9;0;0
992;786;2;0;17;32;17;32;0;0;0;0;0;13;2;2;17;0;0
992;786;3;0;8;30;8;30;0;0;0;0;0;6;1;1;8;0;0
993;324;1;0;30;51;30;51;0;1;0;0;0;24;6;0;30;0;0
993;324;2;0;41;90;42;92;0;0;0;0;0;37;4;0;41;0;0
993;324;3;0;38;65;38;65;0;0;0;0;0;37;1;0;38;0;0
993;787;1;0;26;72;26;72;0;0;0;0;0;23;2;1;25;1;0
993;787;2;0;22;109;22;109;0;3;0;0;2;16;3;3;22;0;0
993;787;3;0;47;146;47;146;0;3;0;0;0;43;2;2;47;0;0
994;12;1;0;28;46;38;59;0;2;0;0;17;12;13;3;21;7;0
994;12;2;0;11;27;12;28;0;0;1;0;0;7;1;3;10;1;0
994;721;1;0;18;34;28;45;2;4;0;0;78;5;8;5;16;1;1
994;721;2;0;6;20;11;30;2;2;0;0;151;3;3;0;6;0;0
995;788;1;0;7;15;9;18;2;4;0;0;109;7;0;0;6;0;1
995;788;2;0;1;3;1;3;0;0;0;0;0;1;0;0;1;0;0
995;424;1;0;7;17;13;23;1;2;0;0;99;3;1;3;7;0;0
995;424;2;1;6;10;8;14;0;0;1;0;28;6;0;0;4;0;2
996;789;1;0;2;5;32;36;4;5;1;0;287;2;0;0;0;0;2
996;789;2;0;17;28;26;37;2;4;0;0;166;14;2;1;15;2;0
996;789;3;0;26;59;29;62;0;1;0;0;0;21;1;4;24;2;0
996;790;1;0;1;1;4;4;0;0;0;0;0;0;1;0;1;0;0
996;790;2;0;10;34;24;48;0;0;0;0;0;7;3;0;9;1;0
996;790;3;0;20;56;20;56;0;0;0;0;0;12;3;5;20;0;0
997;706;1;0;20;41;23;44;0;2;1;0;35;8;8;4;17;3;0
997;706;2;0;39;86;40;87;0;2;0;0;0;28;9;2;37;2;0
997;706;3;0;9;17;12;20;0;0;2;1;12;4;5;0;6;2;1
997;791;1;0;24;40;24;40;1;2;0;0;57;20;3;1;22;2;0
997;791;2;0;43;92;44;93;0;0;0;0;2;34;6;3;42;1;0
997;791;3;0;4;10;9;15;3;3;1;0;234;3;0;1;1;1;2
998;792;1;0;5;9;13;19;0;0;0;0;0;3;0;2;5;0;0
998;792;2;0;0;1;9;14;0;0;0;0;0;0;0;0;0;0;0
998;792;3;0;6;9;37;44;0;0;0;0;0;5;0;1;6;0;0
998;228;1;0;4;16;23;35;2;2;1;0;217;3;0;1;4;0;0
998;228;2;0;9;11;27;40;1;2;1;0;279;9;0;0;0;0;9
998;228;3;0;3;7;9;18;2;2;0;0;249;3;0;0;2;0;1
999;456;1;0;3;8;10;16;1;1;0;0;62;1;2;0;2;1;0
999;456;2;0;10;19;21;31;0;0;0;0;22;5;4;1;9;1;0
999;456;3;0;16;43;19;47;1;3;0;0;66;11;5;0;10;6;0
999;710;1;0;1;9;20;33;1;1;0;1;203;1;0;0;1;0;0
999;710;2;0;9;25;14;31;1;3;0;0;163;5;2;2;9;0;0
999;710;3;0;15;41;33;64;0;2;0;1;99;11;4;0;15;0;0
1000;319;1;0;22;47;24;49;2;2;0;0;41;13;3;6;22;0;0
1000;319;2;0;32;62;32;62;0;0;0;0;0;20;5;7;32;0;0
1000;319;3;1;21;35;22;36;0;0;0;0;4;16;3;2;17;0;4
1000;252;1;0;30;75;35;80;0;0;0;0;0;17;7;6;30;0;0
1000;252;2;0;35;102;35;102;0;0;0;0;0;23;3;9;35;0;0
1000;252;3;0;14;27;14;27;0;0;0;0;0;7;3;4;14;0;0
1001;262;1;0;2;2;2;2;0;0;0;0;0;0;0;2;2;0;0
1001;387;1;0;3;4;25;31;2;4;1;0;200;2;1;0;0;0;3
1002;207;1;0;19;34;19;34;0;0;0;0;0;7;8;4;19;0;0
1002;207;2;0;23;50;24;52;0;0;0;0;13;8;7;8;23;0;0
1002;207;3;0;13;30;32;56;0;0;0;0;78;5;7;1;8;5;0
1002;183;1;0;22;45;22;45;0;0;0;0;0;4;3;15;22;0;0
1002;183;2;0;19;43;20;44;0;0;0;0;6;3;3;13;18;1;0
1002;183;3;0;12;29;17;34;0;1;0;0;54;3;3;6;10;2;0
1003;501;1;0;17;32;18;33;1;1;0;0;22;11;4;2;14;3;0
1003;501;2;0;19;42;36;61;1;1;0;0;57;12;6;1;16;3;0
1003;501;3;0;16;26;24;39;1;3;0;0;58;13;2;1;7;6;3
1003;36;1;1;32;60;32;61;1;1;0;1;90;27;2;3;19;5;8
1003;36;2;0;11;29;12;31;0;1;0;1;43;5;3;3;10;1;0
1003;36;3;0;3;17;8;24;0;1;0;0;154;3;0;0;3;0;0
1004;279;1;0;33;49;35;51;0;0;0;0;0;12;13;8;31;2;0
1004;279;2;1;32;57;32;57;0;0;0;0;2;12;16;4;32;0;0
1004;739;1;0;46;81;46;81;0;0;0;0;8;14;5;27;44;2;0
1004;739;2;0;31;59;31;60;0;0;0;0;13;8;5;18;31;0;0
1005;582;1;0;28;36;28;36;0;0;0;0;0;26;2;0;28;0;0
1005;588;1;0;1;1;1;1;0;0;0;0;0;0;0;1;1;0;0
1006;545;1;1;18;30;21;34;1;1;0;0;27;12;3;3;13;0;5
1006;793;1;0;4;13;4;13;0;0;0;0;0;2;1;1;4;0;0
1007;199;1;0;27;57;27;57;0;1;0;0;0;15;7;5;26;1;0
1007;199;2;0;23;55;24;56;0;0;0;0;15;17;3;3;22;1;0
1007;199;3;1;21;34;42;61;3;3;0;0;129;20;0;1;6;3;12
1007;154;1;0;22;51;22;51;0;0;0;0;0;13;2;7;22;0;0
1007;154;2;0;25;57;28;61;1;4;0;0;44;19;4;2;25;0;0
1007;154;3;0;14;27;35;50;1;1;0;1;81;14;0;0;13;0;1
1008;285;1;0;14;29;14;29;0;0;0;0;0;4;5;5;14;0;0
1008;285;2;0;8;23;21;37;2;5;0;0;134;3;2;3;8;0;0
1008;285;3;0;4;7;10;15;2;3;1;0;82;3;1;0;4;0;0
1008;20;1;0;2;12;2;12;0;0;0;0;0;0;2;0;2;0;0
1008;20;2;0;20;42;22;47;0;0;1;0;6;16;4;0;18;0;2
1008;20;3;0;7;17;12;24;0;0;0;1;7;4;3;0;6;1;0
1009;119;1;0;51;74;51;74;0;0;0;0;0;28;22;1;50;0;1
1009;611;1;0;12;34;12;34;0;1;0;0;0;3;2;7;12;0;0
1010;272;1;0;22;38;27;50;0;1;0;0;42;11;2;9;20;0;2
1010;272;2;0;30;71;30;71;0;0;0;0;2;22;5;3;29;1;0
1010;272;3;0;8;17;32;47;4;6;0;0;233;6;1;1;5;1;2
1010;794;1;0;10;38;11;39;0;3;1;0;4;4;3;3;10;0;0
1010;794;2;0;25;66;25;66;1;1;0;0;14;11;9;5;25;0;0
1010;794;3;0;10;21;12;23;0;0;0;0;0;8;2;0;8;2;0
1011;590;1;0;13;27;21;38;1;5;0;0;123;6;4;3;8;5;0
1011;590;2;0;20;39;40;62;2;4;0;0;130;15;4;1;15;1;4
1011;590;3;0;33;50;46;66;0;4;0;0;98;21;7;5;28;5;0
1011;703;1;0;12;27;12;27;0;0;0;0;0;7;2;3;10;2;0
1011;703;2;0;14;33;16;35;0;2;0;0;0;12;1;1;12;2;0
1011;703;3;0;10;37;10;38;0;1;0;0;0;9;1;0;8;2;0
1012;649;1;0;24;53;28;59;1;7;0;0;117;17;3;4;24;0;0
1012;649;2;0;33;68;37;73;1;4;0;0;53;24;5;4;31;2;0
1012;649;3;0;52;101;54;104;0;8;0;0;24;41;7;4;41;11;0
1012;549;1;0;28;63;56;95;0;0;0;0;0;19;5;4;24;4;0
1012;549;2;0;37;86;44;94;0;1;0;0;0;25;3;9;35;2;0
1012;549;3;0;42;97;46;103;1;3;0;0;13;28;8;6;35;7;0
1013;105;1;0;27;52;30;55;1;8;0;0;85;20;5;2;17;4;6
1013;105;2;0;30;47;47;68;2;6;0;0;198;25;4;1;9;0;21
1013;105;3;0;44;55;64;77;2;6;0;0;257;31;11;2;8;4;32
1013;105;4;0;29;35;48;62;3;6;0;0;275;28;1;0;5;3;21
1013;105;5;0;22;23;30;31;2;3;0;0;127;21;1;0;4;1;17
1013;280;1;0;15;34;17;36;0;0;0;0;19;7;8;0;12;3;0
1013;280;2;0;2;7;2;7;0;0;1;1;35;0;2;0;2;0;0
1013;280;3;0;3;8;4;9;0;0;0;0;0;1;2;0;2;1;0
1013;280;4;0;3;3;5;9;0;1;0;0;2;0;3;0;3;0;0
1013;280;5;0;1;1;1;1;0;0;0;0;0;0;1;0;1;0;0
1014;524;1;0;7;19;7;20;0;1;0;0;29;6;1;0;6;1;0
1014;524;2;0;31;58;34;63;0;0;0;0;29;23;8;0;28;3;0
1014;524;3;0;23;60;24;61;0;0;0;0;21;21;2;0;22;1;0
1014;445;1;0;10;26;21;42;1;1;0;0;214;8;2;0;5;0;5
1014;445;2;0;14;48;15;49;2;2;0;0;24;6;5;3;13;1;0
1014;445;3;0;14;51;14;52;1;2;0;0;44;5;2;7;14;0;0
1015;143;1;0;19;50;33;64;0;2;0;0;76;12;5;2;16;3;0
1015;143;2;1;30;60;34;72;1;2;0;0;63;20;5;5;19;0;11
1015;143;3;0;16;40;17;41;1;2;0;0;39;10;5;1;14;2;0
1015;86;1;0;24;43;24;43;0;0;0;0;3;12;2;10;20;4;0
1015;86;2;0;23;44;25;48;0;0;2;1;30;15;2;6;22;1;0
1015;86;3;0;28;57;29;58;0;3;0;0;17;14;3;11;26;2;0
1016;795;1;0;24;58;24;58;0;0;0;0;0;8;7;9;24;0;0
1016;795;2;0;18;57;27;67;1;1;0;0;67;6;7;5;17;1;0
1016;795;3;0;18;50;19;51;0;1;0;0;46;14;3;1;18;0;0
1016;353;1;0;37;79;37;79;0;0;0;0;0;13;23;1;37;0;0
1016;353;2;0;25;75;26;76;0;0;0;0;0;13;10;2;25;0;0
1016;353;3;0;34;105;34;105;0;0;0;0;0;17;15;2;34;0;0
1017;159;1;0;3;8;23;35;1;2;0;1;127;3;0;0;2;0;1
1017;159;2;0;19;47;39;72;2;4;0;0;144;15;4;0;12;0;7
1017;159;3;0;17;33;40;63;0;6;0;0;122;12;5;0;14;3;0
1017;796;1;0;13;15;27;30;0;0;2;1;127;12;1;0;1;0;12
1017;796;2;0;12;24;17;29;0;0;0;0;5;6;5;1;10;1;1
1017;796;3;0;6;14;17;26;0;0;0;0;50;3;1;2;6;0;0
1018;797;1;0;5;15;5;15;0;0;0;0;0;1;3;1;5;0;0
1018;797;2;0;10;24;12;27;0;1;1;0;0;6;2;2;6;0;4
1018;797;3;0;1;3;21;26;0;0;0;0;0;1;0;0;1;0;0
1018;283;1;0;9;21;9;21;0;0;0;0;0;1;4;4;9;0;0
1018;283;2;0;6;22;11;27;1;6;0;0;68;1;4;1;5;1;0
1018;283;3;1;7;11;35;64;0;0;0;0;249;5;0;2;3;0;4
1019;705;1;0;30;44;39;53;0;0;0;0;40;21;4;5;19;10;1
1019;705;2;0;37;61;46;70;1;2;0;0;26;28;5;4;34;3;0
1019;705;3;0;22;36;32;48;2;6;0;0;149;19;3;0;20;2;0
1019;296;1;0;20;53;24;57;0;4;0;0;64;14;1;5;19;1;0
1019;296;2;0;45;100;50;105;0;2;0;0;38;33;2;10;43;2;0
1019;296;3;0;24;48;35;61;1;1;0;0;22;15;3;6;23;1;0
1020;426;1;0;41;65;70;98;2;5;0;0;45;24;11;6;39;2;0
1020;426;2;0;14;22;35;45;1;1;0;0;98;5;3;6;8;6;0
1020;426;3;0;26;47;46;69;1;1;2;0;127;19;6;1;14;1;11
1020;798;1;0;18;41;24;47;0;1;0;0;42;9;4;5;15;3;0
1020;798;2;0;5;10;17;25;0;0;0;0;111;1;1;3;4;1;0
1020;798;3;0;11;18;12;19;0;0;0;0;2;5;4;2;6;5;0
1021;799;1;0;19;33;51;70;1;5;0;0;169;7;9;3;14;5;0
1021;799;2;0;18;42;26;50;0;4;0;0;27;7;5;6;14;4;0
1021;799;3;0;17;50;21;54;0;4;0;0;0;12;4;1;16;1;0
1021;130;1;0;6;17;105;122;0;0;0;0;8;0;2;4;5;1;0
1021;130;2;0;44;70;56;82;0;0;0;0;14;31;8;5;39;5;0
1021;130;3;0;67;101;68;102;0;0;0;0;8;53;8;6;66;1;0
1022;679;1;0;18;42;18;42;0;0;0;0;0;10;3;5;18;0;0
1022;679;2;0;29;56;29;56;0;0;0;0;0;13;6;10;29;0;0
1022;679;3;0;25;47;31;53;0;0;0;0;0;10;9;6;25;0;0
1022;382;1;0;27;71;29;73;0;0;0;0;2;17;2;8;26;1;0
1022;382;2;0;45;90;48;94;0;1;0;0;4;31;9;5;45;0;0
1022;382;3;0;20;63;26;73;0;0;0;0;35;11;4;5;20;0;0
1023;502;1;0;6;8;14;21;1;3;0;0;259;1;3;2;2;0;4
1023;502;2;0;12;22;18;29;1;3;0;0;53;3;2;7;12;0;0
1023;502;3;0;5;8;46;60;1;2;0;0;226;3;1;1;3;0;2
1023;14;1;0;4;4;12;15;0;0;0;0;0;3;0;1;1;3;0
1023;14;2;0;16;29;17;30;0;0;0;0;0;12;0;4;16;0;0
1023;14;3;0;11;13;19;23;0;0;0;0;0;8;2;1;4;7;0
1024;257;1;0;17;55;17;55;0;0;0;0;0;12;5;0;16;1;0
1024;257;2;0;3;14;11;22;0;0;0;0;0;1;2;0;3;0;0
1024;257;3;0;56;78;81;105;2;2;1;0;57;54;2;0;32;9;15
1024;257;4;0;5;11;6;12;0;0;0;0;0;4;1;0;5;0;0
1024;257;5;0;43;74;57;93;1;1;2;2;86;43;0;0;41;1;1
1024;389;1;0;10;22;11;24;1;3;0;0;44;6;2;2;10;0;0
1024;389;2;0;5;7;29;34;2;2;0;0;250;4;1;0;5;0;0
1024;389;3;0;5;21;7;23;0;4;1;0;105;5;0;0;5;0;0
1024;389;4;0;8;13;18;25;1;3;0;0;269;7;0;1;4;0;4
1024;389;5;0;14;36;15;37;2;3;0;0;65;12;2;0;14;0;0
1025;515;1;0;26;57;27;60;0;0;0;0;42;21;0;5;23;0;3
1025;515;2;0;31;80;31;80;0;0;0;0;0;27;2;2;31;0;0
1025;515;3;0;8;12;15;19;0;0;0;0;0;7;0;1;8;0;0
1025;609;1;0;19;46;21;48;0;2;0;0;78;12;2;5;19;0;0
1025;609;2;0;67;108;68;109;1;1;0;0;35;52;1;14;64;3;0
1025;609;3;0;13;23;35;53;1;3;0;0;279;12;1;0;8;0;5
1026;141;1;0;21;28;46;53;0;0;0;0;218;5;16;0;3;18;0
1026;141;2;0;52;65;67;80;0;0;0;0;195;20;24;8;16;36;0
1026;141;3;0;32;55;49;74;0;0;0;0;143;24;7;1;9;2;21
1026;800;1;0;3;5;23;28;1;4;0;0;66;1;2;0;1;2;0
1026;800;2;0;11;27;38;57;0;0;0;0;14;7;2;2;9;2;0
1026;800;3;0;6;18;20;36;1;4;1;0;69;5;1;0;4;1;1
1027;396;1;0;20;52;41;87;1;3;0;0;230;16;3;1;2;0;18
1027;396;2;0;24;38;39;57;1;1;0;0;79;22;1;1;3;0;21
1027;45;1;0;4;10;27;34;0;0;0;0;0;3;1;0;3;1;0
1027;45;2;0;1;2;2;4;0;0;0;0;0;1;0;0;1;0;0
1028;180;1;0;25;56;25;56;0;0;0;0;0;7;11;7;25;0;0
1028;180;2;0;44;99;44;99;0;0;0;0;0;19;18;7;44;0;0
1028;180;3;0;54;102;57;105;1;1;0;0;56;18;27;9;48;6;0
1028;556;1;0;31;81;31;81;0;0;0;0;0;20;5;6;31;0;0
1028;556;2;0;23;91;23;91;0;0;0;0;0;20;2;1;23;0;0
1028;556;3;0;20;85;37;104;0;1;0;0;0;18;2;0;20;0;0
1029;723;1;0;4;16;4;16;0;0;0;0;0;1;1;2;4;0;0
1029;210;1;3;23;55;23;55;0;0;0;0;5;18;4;1;20;0;3
1030;801;1;0;2;2;32;32;0;0;0;0;0;0;1;1;2;0;0
1030;401;1;0;3;5;19;25;2;3;1;0;236;2;1;0;1;1;1
1031;420;1;0;32;67;45;87;1;1;1;0;166;21;2;9;23;1;8
1031;420;2;0;32;53;52;76;4;5;0;0;112;21;6;5;16;5;11
1031;420;3;0;4;7;44;60;2;3;1;0;276;2;1;1;4;0;0
1031;493;1;0;6;17;13;24;0;1;0;0;0;5;1;0;4;2;0
1031;493;2;0;9;31;19;41;0;2;1;0;60;7;1;1;6;3;0
1031;493;3;0;1;5;26;35;0;0;0;0;0;1;0;0;1;0;0
1032;338;1;0;36;75;36;75;0;0;0;0;0;28;8;0;36;0;0
1032;338;2;0;35;53;35;53;0;0;0;0;2;33;2;0;35;0;0
1032;8;1;0;46;102;47;106;1;5;0;0;46;34;6;6;37;1;8
1032;8;2;0;7;16;7;16;0;3;0;0;0;5;1;1;7;0;0
1033;102;1;0;40;58;58;79;0;0;0;0;65;17;18;5;21;19;0
1033;102;2;0;26;43;49;66;0;1;0;0;117;10;10;6;16;10;0
1033;102;3;0;22;44;35;58;0;0;0;0;11;13;7;2;17;3;2
1033;802;1;0;17;42;43;69;0;2;0;0;98;12;3;2;15;2;0
1033;802;2;0;15;44;20;50;0;1;0;0;44;10;3;2;12;3;0
1033;802;3;0;8;38;35;79;1;3;0;0;178;8;0;0;8;0;0
1034;803;1;0;16;43;18;45;1;9;1;0;110;10;5;1;13;3;0
1034;803;2;0;11;33;20;42;2;7;0;0;111;8;1;2;8;1;2
1034;803;3;0;27;64;27;64;1;8;0;0;42;16;7;4;21;5;1
1034;358;1;0;45;95;46;96;0;0;0;0;15;35;9;1;44;1;0
1034;358;2;0;31;64;37;70;1;3;0;0;60;20;11;0;29;2;0
1034;358;3;0;64;121;65;122;1;1;0;0;16;45;18;1;57;7;0
1035;404;1;0;23;40;25;42;1;1;0;0;218;19;2;2;10;0;13
1035;404;2;0;11;20;11;20;1;2;1;0;60;3;5;3;10;1;0
1035;622;1;0;9;24;12;27;0;0;0;0;0;5;4;0;9;0;0
1035;622;2;0;8;17;9;18;0;0;0;0;0;5;2;1;7;1;0
1036;321;1;0;15;27;15;27;0;0;0;0;0;7;3;5;15;0;0
1036;321;2;0;18;41;18;41;0;0;0;0;0;11;2;5;18;0;0
1036;321;3;0;31;49;31;49;0;0;0;0;0;22;5;4;30;1;0
1036;321;4;1;63;92;65;94;0;0;0;0;2;52;7;4;60;3;0
1036;625;1;0;10;42;10;42;0;0;0;0;0;8;1;1;10;0;0
1036;625;2;0;11;42;11;42;0;0;0;0;0;10;1;0;11;0;0
1036;625;3;0;25;54;25;54;0;0;0;0;0;7;12;6;25;0;0
1036;625;4;0;15;53;16;55;0;0;0;0;0;9;2;4;14;1;0
1037;804;1;0;17;60;17;60;0;0;0;0;0;12;3;2;17;0;0
1037;804;2;0;6;24;23;47;0;0;0;0;0;2;3;1;4;2;0
1037;804;3;0;8;34;11;39;0;0;0;0;0;5;3;0;8;0;0
1037;804;4;1;26;84;26;84;0;0;0;0;22;12;12;2;25;1;0
1037;804;5;0;35;115;35;115;0;0;0;0;11;26;8;1;34;1;0
1037;689;1;0;25;59;25;59;0;0;0;0;0;24;1;0;25;0;0
1037;689;2;0;6;16;18;34;1;2;0;0;180;6;0;0;6;0;0
1037;689;3;0;18;33;35;53;1;1;1;0;140;14;3;1;16;2;0
1037;689;4;0;16;67;18;76;0;0;0;0;20;14;2;0;16;0;0
1037;689;5;0;27;85;27;86;0;0;0;0;0;24;3;0;27;0;0
1038;702;1;0;13;26;20;38;0;0;0;0;0;8;1;4;12;1;0
1038;702;2;0;21;43;25;50;0;0;0;0;0;19;2;0;18;0;3
1038;702;3;0;17;48;20;51;0;0;0;0;0;14;3;0;16;1;0
1038;256;1;0;20;53;40;81;0;2;0;0;140;8;5;7;15;5;0
1038;256;2;0;19;53;31;65;0;4;0;0;134;15;2;2;19;0;0
1038;256;3;0;10;36;19;50;0;4;0;0;161;3;5;2;10;0;0
1039;110;1;0;19;33;57;101;1;1;0;0;170;16;2;1;5;0;14
1039;468;1;0;18;28;36;46;0;0;0;0;0;5;3;10;18;0;0
1040;378;1;0;5;16;27;38;0;0;0;0;0;1;0;4;5;0;0
1040;378;2;0;14;32;29;49;0;0;0;0;0;8;3;3;11;3;0
1040;378;3;0;5;13;11;21;0;0;0;0;0;3;1;1;5;0;0
1040;690;1;0;17;27;37;53;1;2;0;0;166;7;9;1;4;9;4
1040;690;2;0;15;35;27;50;0;2;0;0;122;8;4;3;9;6;0
1040;690;3;0;23;32;34;46;1;4;0;0;186;19;1;3;6;0;17
1041;676;1;0;15;28;21;35;0;0;0;0;0;12;2;1;12;3;0
1041;676;2;0;22;45;28;51;0;0;0;0;3;18;2;2;13;9;0
1041;676;3;0;12;33;14;35;0;0;0;0;0;8;3;1;11;1;0
1041;392;1;0;6;26;16;39;2;3;0;0;138;5;1;0;5;1;0
1041;392;2;0;12;33;20;41;2;4;0;0;97;8;4;0;10;2;0
1041;392;3;1;16;34;19;37;0;0;0;0;18;10;4;2;13;2;1
1042;708;1;0;5;25;18;38;0;0;0;0;2;4;1;0;5;0;0
1042;708;2;0;16;37;21;42;0;0;0;0;4;13;3;0;14;2;0
1042;708;3;0;12;37;26;54;1;1;0;0;5;11;1;0;9;1;2
1042;658;1;0;11;33;20;42;1;1;0;0;66;4;5;2;10;1;0
1042;658;2;0;10;24;24;39;1;1;0;0;128;6;4;0;10;0;0
1042;658;3;0;9;16;11;23;1;2;0;1;86;9;0;0;7;0;2
1043;654;1;0;10;44;11;45;0;2;0;0;0;2;7;1;10;0;0
1043;654;2;0;22;66;22;66;0;7;0;0;5;12;7;3;19;3;0
1043;654;3;0;31;81;32;82;0;3;0;0;0;18;11;2;31;0;0
1043;427;1;0;23;60;23;60;0;1;0;0;0;10;4;9;23;0;0
1043;427;2;0;26;71;32;77;0;1;0;0;9;13;8;5;26;0;0
1043;427;3;0;30;73;36;80;0;0;0;0;31;18;10;2;29;1;0
1044;271;1;0;23;41;24;42;0;1;0;0;0;6;7;10;23;0;0
1044;271;2;0;22;36;37;54;0;0;1;1;133;17;5;0;6;1;15
1044;271;3;0;12;36;17;41;0;1;0;0;2;9;2;1;12;0;0
1044;754;1;0;16;32;17;33;1;4;0;0;58;6;5;5;16;0;0
1044;754;2;0;10;17;13;20;2;3;0;0;77;6;2;2;10;0;0
1044;754;3;0;18;40;27;49;0;1;0;0;77;10;2;6;16;1;1
1045;66;1;0;9;20;9;20;0;0;1;0;3;5;2;2;9;0;0
1045;805;1;0;7;10;7;10;0;1;0;0;3;2;0;5;7;0;0
1046;806;1;0;6;26;77;105;1;3;0;0;172;4;2;0;6;0;0
1046;806;2;0;12;43;17;51;2;3;0;0;29;6;2;4;12;0;0
1046;806;3;0;21;54;22;59;1;1;0;0;19;20;0;1;15;0;6
1046;601;1;0;13;38;19;44;0;0;0;0;0;8;3;2;10;3;0
1046;601;2;0;31;55;32;56;0;0;0;0;0;14;5;12;31;0;0
1046;601;3;0;36;57;43;66;0;0;0;0;0;6;3;27;34;2;0
1047;686;1;0;14;24;19;35;1;1;1;0;118;9;3;2;14;0;0
1047;807;1;0;5;13;12;20;0;0;0;0;0;2;2;1;5;0;0
1048;475;1;0;35;40;57;66;1;1;0;0;277;34;0;1;2;0;33
1048;475;2;0;15;32;15;32;0;2;0;0;16;12;0;3;15;0;0
1048;253;1;0;4;5;12;13;0;0;0;0;0;0;3;1;4;0;0
1048;253;2;0;21;55;23;57;0;0;0;0;5;13;7;1;21;0;0
1049;644;1;0;1;3;5;8;0;0;0;0;0;1;0;0;1;0;0
1049;644;2;0;23;33;31;43;0;0;0;0;212;19;3;1;12;2;9
1049;644;3;0;33;50;43;63;0;0;0;0;135;31;2;0;24;5;4
1049;334;1;0;4;5;21;24;1;1;0;0;285;3;0;1;1;0;3
1049;334;2;0;8;19;11;23;0;3;0;0;17;4;1;3;5;2;1
1049;334;3;0;18;28;24;35;0;6;0;0;64;13;3;2;14;4;0
1050;402;1;0;9;17;22;33;0;2;0;1;187;3;4;2;6;3;0
1050;402;2;0;11;20;22;31;0;0;0;0;0;4;4;3;9;2;0
1050;402;3;0;23;34;25;37;0;1;0;0;45;9;10;4;15;8;0
1050;24;1;0;9;19;20;30;1;2;1;0;68;3;2;4;7;2;0
1050;24;2;0;8;21;16;37;1;1;1;0;214;4;1;3;7;0;1
1050;24;3;0;12;27;21;38;1;3;0;0;118;2;2;8;9;0;3
1051;746;1;0;29;40;32;47;0;2;0;0;12;16;6;7;19;10;0
1051;746;2;0;29;57;31;60;0;0;0;0;0;15;4;10;27;2;0
1051;766;1;0;26;57;36;69;0;3;0;0;174;19;6;1;21;5;0
1051;766;2;0;71;113;82;125;0;0;0;0;37;60;11;0;59;12;0
1052;63;1;0;16;24;25;33;2;2;0;1;130;13;1;2;9;1;6
1052;63;2;1;3;4;3;4;0;0;0;0;2;2;0;1;1;1;1
1052;726;1;0;10;33;16;40;1;4;0;0;67;7;3;0;8;2;0
1052;726;2;0;1;5;1;5;0;0;0;0;0;0;0;1;1;0;0
1053;53;1;0;18;29;24;35;0;0;0;1;80;12;5;1;13;4;1
1053;53;2;0;34;55;37;60;1;1;1;0;70;28;4;2;30;1;3
1053;53;3;1;6;10;8;12;3;3;0;0;133;4;2;0;2;2;2
1053;614;1;0;9;22;12;27;1;3;1;1;109;2;6;1;6;3;0
1053;614;2;0;7;32;12;38;0;0;0;0;58;5;1;1;3;4;0
1053;614;3;0;0;5;1;7;0;0;0;0;0;0;0;0;0;0;0
1054;301;1;0;18;72;22;77;0;3;0;0;25;9;5;4;14;4;0
1054;301;2;0;24;43;44;66;2;5;0;0;67;13;4;7;21;2;1
1054;301;3;0;3;5;14;18;1;4;0;0;27;2;0;1;3;0;0
1054;376;1;0;24;39;25;40;0;0;0;0;0;21;2;1;21;3;0
1054;376;2;0;14;27;17;31;0;1;0;1;86;7;5;2;12;2;0
1054;376;3;0;1;3;21;30;1;1;0;0;233;1;0;0;0;0;1
1055;67;1;0;23;42;23;42;1;4;0;0;87;8;4;11;19;4;0
1055;67;2;0;43;75;43;76;0;1;0;0;4;24;11;8;36;7;0
1055;67;3;0;24;33;31;42;1;2;0;0;91;12;4;8;23;1;0
1055;808;1;0;14;40;21;47;0;0;0;0;0;9;1;4;10;4;0
1055;808;2;0;8;43;8;43;0;0;0;0;6;4;3;1;8;0;0
1055;808;3;0;7;34;7;34;0;1;0;1;3;5;1;1;7;0;0
1056;191;1;0;18;42;28;54;0;1;0;0;78;7;7;4;12;6;0
1056;191;2;0;9;20;41;61;0;0;0;0;287;6;1;2;2;1;6
1056;191;3;0;18;33;38;66;2;2;0;0;166;9;7;2;14;2;2
1056;809;1;0;12;34;14;38;0;2;0;0;5;4;6;2;10;2;0
1056;809;2;0;1;6;17;24;0;0;0;0;0;0;1;0;1;0;0
1056;809;3;0;11;20;27;42;0;1;0;0;38;6;3;2;8;2;1
1057;810;1;0;35;81;35;82;0;1;0;0;0;23;6;6;32;3;0
1057;810;2;0;30;58;31;59;0;0;0;0;0;19;11;0;25;5;0
1057;810;3;0;29;63;33;67;0;0;0;0;10;21;7;1;23;6;0
1057;417;1;0;11;45;12;46;0;0;0;0;0;6;3;2;10;1;0
1057;417;2;0;16;41;20;46;1;3;0;0;84;8;6;2;13;3;0
1057;417;3;0;12;55;17;62;1;3;0;0;98;11;1;0;11;1;0
1058;538;1;0;7;12;22;27;2;4;1;0;102;5;0;2;3;1;3
1058;455;1;0;5;12;12;21;1;1;0;0;39;4;1;0;4;0;1
1059;384;1;1;22;34;33;46;0;0;0;0;69;12;5;5;16;0;6
1059;384;2;0;24;50;24;50;0;0;0;0;0;11;6;7;24;0;0
1059;384;3;0;21;46;21;46;0;0;0;0;0;11;7;3;21;0;0
1059;811;1;0;15;43;20;50;0;0;0;0;0;3;6;6;15;0;0
1059;811;2;0;21;55;21;55;0;1;0;0;0;5;9;7;21;0;0
1059;811;3;0;35;79;35;79;0;0;0;0;0;20;13;2;35;0;0
1060;73;1;0;16;27;29;48;1;1;0;0;101;7;2;7;13;3;0
1060;73;2;0;17;32;29;50;0;5;0;0;111;2;10;5;10;7;0
1060;73;3;0;21;55;22;58;0;3;0;0;24;6;5;10;18;3;0
1060;379;1;0;11;43;25;60;0;0;0;1;34;1;4;6;11;0;0
1060;379;2;0;13;41;24;54;0;0;0;0;27;8;2;3;10;3;0
1060;379;3;0;30;70;38;80;0;0;0;0;8;19;6;5;27;3;0
1061;514;1;0;28;50;29;51;2;3;0;0;71;25;3;0;21;6;1
1061;476;1;0;10;25;12;29;0;1;1;0;0;7;1;2;10;0;0
1062;323;1;0;14;28;14;28;0;0;0;0;0;6;6;2;14;0;0
1062;323;2;0;5;10;6;11;0;0;0;0;0;3;2;0;4;0;1
1062;323;3;0;11;21;11;21;0;0;0;0;0;7;4;0;11;0;0
1062;323;4;0;6;9;7;10;0;0;0;0;0;4;2;0;5;0;1
1062;323;5;0;11;21;11;21;0;0;0;0;0;2;9;0;11;0;0
1062;577;1;0;16;30;25;41;2;3;0;0;80;13;1;2;7;3;6
1062;577;2;0;18;38;65;92;1;1;0;0;192;14;1;3;0;0;18
1062;577;3;0;17;38;25;46;0;5;0;0;52;6;2;9;11;5;1
1062;577;4;0;21;32;74;89;1;1;0;0;217;20;0;1;6;0;15
1062;577;5;0;10;26;25;42;2;5;0;0;62;2;0;8;5;0;5
1063;32;1;0;2;19;14;33;0;0;0;0;0;1;0;1;2;0;0
1063;32;2;0;2;13;41;56;0;0;1;0;0;1;1;0;1;0;1
1063;32;3;0;5;35;21;51;0;0;0;0;0;2;1;2;5;0;0
1063;32;4;0;1;12;23;34;0;0;1;0;24;1;0;0;1;0;0
1063;32;5;0;8;21;54;71;1;4;0;0;25;3;1;4;7;1;0
1063;593;1;0;10;18;36;45;1;1;0;0;208;8;0;2;9;0;1
1063;593;2;0;3;8;29;36;2;2;0;0;237;3;0;0;3;0;0
1063;593;3;0;16;26;35;46;1;2;0;0;140;13;3;0;12;1;3
1063;593;4;0;2;5;65;69;1;1;0;0;236;2;0;0;2;0;0
1063;593;5;0;14;23;28;37;3;6;0;0;143;12;0;2;13;1;0
1064;650;1;0;15;45;21;51;0;0;0;0;0;11;1;3;14;0;1
1064;650;2;0;16;48;16;48;0;1;0;0;0;12;1;3;16;0;0
1064;650;3;0;32;102;32;102;0;1;0;0;6;29;2;1;31;1;0
1064;330;1;0;29;57;34;63;1;1;0;0;123;24;2;3;14;0;15
1064;330;2;0;22;46;22;46;0;0;0;0;7;11;1;10;20;2;0
1064;330;3;0;55;103;57;105;0;0;0;0;35;40;10;5;41;4;10
1065;533;1;0;27;76;27;76;0;0;0;0;0;13;11;3;26;1;0
1065;533;2;0;51;116;51;116;0;0;0;0;0;33;16;2;50;1;0
1065;533;3;1;43;116;43;116;0;1;0;0;15;37;6;0;41;2;0
1065;140;1;0;24;65;24;65;0;0;0;0;0;7;9;8;24;0;0
1065;140;2;0;40;89;40;89;0;0;0;0;0;23;9;8;40;0;0
1065;140;3;0;92;191;92;191;0;0;0;0;0;73;14;5;90;2;0
1066;724;1;0;6;14;25;37;0;0;0;1;254;4;1;1;1;0;5
1066;724;2;0;19;24;29;40;1;1;0;0;250;18;0;1;1;0;18
1066;724;3;0;10;31;14;40;0;1;0;0;50;7;0;3;8;0;2
1066;550;1;1;18;32;30;45;0;0;1;0;8;15;2;1;6;0;12
1066;550;2;0;6;10;6;10;0;0;1;1;22;5;0;1;3;0;3
1066;550;3;0;13;26;19;38;1;3;0;0;37;8;2;3;13;0;0
1067;812;1;0;12;46;12;46;0;0;0;0;0;7;1;4;12;0;0
1067;812;2;0;25;59;25;59;0;0;0;0;0;16;4;5;25;0;0
1067;812;3;0;32;78;32;78;0;0;0;0;5;24;7;1;30;2;0
1067;425;1;0;32;75;32;75;0;0;0;0;0;14;4;14;31;1;0
1067;425;2;0;58;114;58;114;0;2;0;0;0;28;16;14;58;0;0
1067;425;3;0;69;120;69;120;0;3;0;0;0;47;14;8;67;2;0
1068;278;1;0;20;43;20;43;0;0;0;0;20;9;10;1;12;8;0
1068;39;1;2;31;58;36;63;0;0;0;0;38;25;3;3;11;4;16
1069;813;1;0;35;73;35;73;0;2;0;0;0;18;8;9;29;5;1
1069;347;1;1;21;35;21;35;0;0;1;0;15;12;6;3;16;4;1
1070;38;1;0;40;81;40;81;0;0;0;0;0;15;6;19;39;1;0
1070;38;2;0;28;73;33;78;0;1;1;0;0;21;6;1;27;1;0
1070;38;3;0;11;35;14;38;0;1;0;0;27;10;0;1;11;0;0
1070;1;1;0;23;48;23;48;0;0;0;0;0;12;4;7;23;0;0
1070;1;2;0;71;108;101;144;2;2;0;0;134;52;14;5;67;4;0
1070;1;3;0;24;44;59;84;1;1;0;0;132;15;6;3;19;0;5
1071;525;1;0;11;22;41;55;1;2;0;0;193;5;1;5;6;0;5
1071;525;2;0;17;49;17;49;0;3;0;0;0;9;2;6;17;0;0
1071;525;3;0;13;23;40;54;2;2;0;0;259;7;4;2;4;0;9
1071;83;1;0;4;10;18;25;0;0;0;0;0;1;3;0;4;0;0
1071;83;2;0;17;42;17;42;0;0;0;0;0;11;6;0;17;0;0
1071;83;3;0;1;2;45;51;0;0;0;0;0;0;1;0;1;0;0
1072;443;1;0;6;14;7;15;0;1;0;0;40;2;4;0;2;4;0
1072;443;2;0;8;20;12;24;1;1;0;0;45;5;3;0;6;2;0
1072;443;3;0;17;27;29;39;0;3;0;0;28;9;7;1;9;8;0
1072;443;4;0;7;16;10;19;0;1;0;0;50;5;1;1;6;1;0
1072;443;5;0;9;20;18;29;0;0;0;0;0;4;4;1;9;0;0
1072;391;1;0;23;42;58;79;1;4;0;0;135;17;2;4;20;3;0
1072;391;2;0;33;54;59;81;0;2;0;0;86;24;6;3;29;4;0
1072;391;3;0;19;38;77;97;1;3;0;0;146;16;2;1;15;4;0
1072;391;4;0;24;34;44;54;2;4;0;0;108;17;1;6;24;0;0
1072;391;5;0;31;49;36;57;3;4;0;0;159;23;1;7;30;0;1
1073;657;1;0;24;56;24;56;0;0;0;0;4;16;7;1;23;1;0
1073;657;2;0;11;37;17;44;0;0;0;0;55;9;1;1;10;1;0
1073;657;3;0;15;47;21;53;0;1;0;0;72;8;5;2;15;0;0
1073;569;1;0;33;74;33;74;0;0;0;0;0;14;12;7;32;1;0
1073;569;2;0;37;69;37;70;0;0;0;0;46;20;15;2;32;5;0
1073;569;3;0;47;65;49;67;0;1;0;0;3;33;11;3;42;3;2
1074;331;1;0;22;37;39;62;0;0;0;1;96;20;1;1;2;0;20
1074;495;1;0;1;2;31;36;0;0;0;0;133;0;0;1;1;0;0
1075;339;1;0;40;80;40;80;0;0;0;0;0;32;3;5;38;2;0
1075;339;2;0;0;3;0;3;0;1;0;0;0;0;0;0;0;0;0
1075;276;1;0;33;77;36;80;0;0;0;0;0;30;3;0;33;0;0
1075;276;2;0;1;1;1;1;0;0;1;0;10;1;0;0;1;0;0
1076;60;1;0;16;33;18;35;0;0;0;0;4;6;4;6;15;1;0
1076;60;2;0;22;33;23;34;0;1;0;0;22;11;9;2;17;5;0
1076;60;3;0;17;41;22;46;0;0;0;0;4;12;5;0;16;1;0
1076;693;1;0;4;11;12;23;1;3;0;0;149;4;0;0;3;1;0
1076;693;2;0;10;16;36;48;6;9;0;0;161;7;2;1;4;6;0
1076;693;3;0;28;39;37;53;2;6;0;0;186;15;7;6;12;11;5
1077;46;1;0;27;54;27;54;0;0;0;0;0;15;4;8;27;0;0
1077;46;2;0;22;34;22;34;0;0;0;0;12;11;8;3;16;6;0
1077;121;1;0;35;53;35;53;0;0;0;0;0;16;4;15;35;0;0
1077;121;2;0;33;52;38;57;0;1;0;0;0;20;4;9;27;6;0
1078;604;1;0;39;54;57;94;1;1;1;0;297;39;0;0;2;0;37
1078;604;2;0;2;2;45;53;1;1;1;0;255;2;0;0;0;0;2
1078;814;1;0;2;6;9;13;0;0;0;0;0;2;0;0;1;0;1
1078;814;2;0;1;1;13;14;0;0;0;0;0;0;1;0;1;0;0
1079;730;1;0;25;47;30;53;0;6;0;0;41;7;11;7;21;4;0
1079;730;2;0;8;17;16;28;0;1;0;0;0;4;3;1;7;1;0
1079;730;3;0;5;12;23;41;0;1;0;0;0;3;0;2;5;0;0
1079;92;1;0;10;23;13;26;0;0;0;0;47;2;1;7;9;1;0
1079;92;2;0;6;9;20;30;1;1;0;0;246;3;3;0;3;3;0
1079;92;3;0;2;5;10;14;1;1;2;0;247;0;2;0;2;0;0
1080;564;1;0;23;41;23;41;0;0;0;0;0;14;3;6;23;0;0
1080;564;2;0;15;40;23;51;0;2;0;0;4;11;3;1;15;0;0
1080;564;3;0;3;11;50;68;0;2;0;0;0;1;2;0;2;0;1
1080;745;1;1;46;73;46;73;0;0;0;0;11;23;12;11;34;4;8
1080;745;2;0;19;27;32;41;1;1;0;0;143;12;5;2;15;1;3
1080;745;3;0;11;12;32;36;1;1;0;0;241;10;0;1;4;0;7
1081;364;1;0;2;3;12;16;1;1;1;0;185;1;1;0;1;0;1
1081;688;1;0;2;6;3;7;0;0;0;0;0;0;2;0;2;0;0
1082;381;1;0;8;17;15;27;1;1;0;0;166;5;3;0;5;0;3
1082;381;2;0;7;12;36;46;1;2;0;0;227;5;2;0;6;1;0
1082;381;3;0;8;17;27;36;1;2;0;0;167;6;0;2;6;0;2
1082;742;1;0;4;16;7;19;0;0;0;0;0;3;1;0;4;0;0
1082;742;2;0;8;18;9;19;0;0;0;0;0;6;2;0;7;1;0
1082;742;3;0;5;19;7;21;0;0;0;0;0;5;0;0;2;3;0
1083;815;1;0;6;8;10;12;0;0;1;2;105;5;1;0;2;4;0
1083;815;2;0;0;2;2;4;0;0;0;0;6;0;0;0;0;0;0
1083;664;1;0;13;19;34;41;3;4;0;0;148;12;0;1;6;0;7
1083;664;2;0;1;1;6;6;1;2;1;0;42;1;0;0;0;0;1
1084;232;1;0;12;34;12;34;0;0;0;0;0;4;2;6;12;0;0
1084;232;2;0;26;70;26;70;0;0;0;0;0;18;4;4;25;1;0
1084;232;3;0;15;58;15;58;0;0;0;0;0;14;0;1;15;0;0
1084;232;4;0;19;50;19;50;0;0;0;0;0;11;4;4;19;0;0
1084;232;5;0;11;42;11;42;0;0;0;0;0;10;1;0;11;0;0
1084;523;1;0;15;32;15;32;0;0;0;0;0;7;4;4;15;0;0
1084;523;2;0;21;43;21;43;0;0;0;0;0;14;2;5;21;0;0
1084;523;3;0;37;58;37;58;0;0;0;0;5;24;10;3;36;1;0
1084;523;4;0;30;53;30;53;0;0;0;0;0;19;5;6;30;0;0
1084;523;5;1;50;69;53;72;0;1;1;0;114;42;5;3;27;1;22
1085;360;1;0;21;47;35;61;0;0;0;0;5;10;11;0;14;7;0
1085;360;2;0;44;79;51;87;0;1;0;0;0;27;14;3;32;8;4
1085;360;3;0;47;90;54;97;0;1;0;0;5;29;18;0;42;4;1
1085;236;1;0;27;62;42;78;0;0;0;0;127;18;4;5;20;7;0
1085;236;2;0;35;76;44;86;2;2;0;0;118;29;2;4;31;1;3
1085;236;3;0;39;101;54;116;1;2;0;0;59;35;2;2;37;2;0
1086;186;1;0;0;1;3;4;0;0;2;1;98;0;0;0;0;0;0
1086;186;2;0;1;1;2;2;0;1;0;0;0;1;0;0;1;0;0
1086;591;1;0;4;5;20;21;1;2;1;1;188;3;1;0;1;0;3
1086;591;2;0;38;47;43;52;0;1;0;0;97;38;0;0;0;0;38
1087;292;1;0;7;20;14;27;0;0;0;0;89;7;0;0;7;0;0
1087;292;2;0;5;8;5;8;0;0;0;0;4;3;1;1;4;1;0
1087;583;1;0;19;43;20;44;0;0;0;0;0;9;6;4;18;1;0
1087;583;2;1;12;24;12;24;0;0;0;0;2;6;3;3;9;0;3
1088;151;1;0;5;11;13;19;0;2;0;0;125;1;2;2;3;1;1
1088;595;1;1;34;40;39;45;0;0;0;0;76;30;0;4;4;0;30
1089;19;1;0;22;50;22;50;0;0;0;0;3;12;9;1;21;1;0
1089;19;2;0;26;63;26;63;0;0;0;0;138;19;7;0;5;4;17
1089;415;1;0;14;33;16;35;0;1;0;0;0;5;5;4;14;0;0
1089;415;2;0;7;11;15;19;1;5;1;0;21;6;1;0;6;1;0
1090;197;1;0;6;16;11;22;0;0;0;0;0;2;3;1;6;0;0
1090;197;2;0;30;52;33;55;0;0;0;0;0;22;4;4;30;0;0
1090;197;3;0;30;77;32;79;0;1;0;0;8;22;7;1;29;1;0
1090;438;1;0;6;19;25;38;1;2;0;0;236;6;0;0;6;0;0
1090;438;2;1;23;56;28;61;0;1;0;0;61;21;1;1;21;1;1
1090;438;3;0;28;75;29;76;0;3;0;0;29;26;1;1;26;2;0
1091;274;1;0;34;54;40;63;1;3;1;1;128;23;9;2;20;1;13
1091;274;2;0;26;53;31;58;0;0;0;0;0;10;8;8;26;0;0
1091;274;3;0;15;22;30;41;4;6;0;0;229;9;3;3;11;1;3
1091;537;1;0;4;15;13;26;1;1;0;0;46;2;0;2;4;0;0
1091;537;2;0;18;41;20;43;0;1;0;0;26;11;2;5;18;0;0
1091;537;3;0;10;18;20;28;0;0;0;0;0;7;3;0;8;1;1
1092;599;1;0;26;61;27;62;0;0;0;0;0;9;11;6;24;2;0
1092;599;2;0;37;85;37;85;0;0;0;0;3;19;11;7;36;0;1
1092;599;3;0;33;83;33;83;0;1;0;0;0;21;8;4;32;1;0
1092;777;1;0;26;63;26;63;0;0;0;0;3;10;5;11;24;1;1
1092;777;2;0;25;77;25;77;0;0;0;0;0;11;9;5;25;0;0
1092;777;3;0;42;109;46;113;0;0;0;0;2;19;13;10;42;0;0
1093;379;1;0;34;62;34;62;0;0;0;0;0;17;6;11;34;0;0
1093;379;2;0;31;60;31;60;0;0;0;0;0;15;4;12;31;0;0
1093;379;3;0;26;49;26;49;0;0;0;0;0;17;1;8;26;0;0
1093;738;1;0;20;52;20;52;0;0;0;0;0;8;6;6;20;0;0
1093;738;2;0;18;48;18;48;0;0;0;0;0;12;4;2;18;0;0
1093;738;3;0;14;53;14;53;0;0;0;0;8;13;1;0;12;0;2
1094;269;1;1;10;26;10;26;0;0;0;0;2;4;1;5;10;0;0
1094;816;1;0;1;9;1;9;0;0;0;0;0;0;0;1;1;0;0
1095;230;1;0;22;52;22;52;0;1;0;0;0;8;2;12;22;0;0
1095;230;2;0;13;25;22;34;3;5;1;0;208;10;2;1;5;6;2
1095;230;3;0;31;75;31;75;0;1;0;0;0;22;1;8;31;0;0
1095;230;4;0;24;45;24;45;1;2;1;0;11;21;2;1;22;2;0
1095;489;1;0;16;37;16;37;0;0;0;0;0;10;4;2;16;0;0
1095;489;2;0;17;30;25;38;0;1;0;1;2;12;2;3;13;4;0
1095;489;3;0;40;83;40;83;0;0;0;0;0;25;12;3;40;0;0
1095;489;4;0;24;53;24;53;0;0;0;0;7;16;8;0;23;0;1
1096;680;1;2;18;51;18;51;0;0;0;0;8;11;5;2;15;0;3
1096;209;1;0;9;29;9;29;0;0;0;0;0;8;0;1;9;0;0
1097;155;1;0;26;54;31;59;2;4;0;0;91;22;2;2;9;2;15
1097;155;2;0;11;17;27;34;2;4;0;0;157;8;3;0;7;0;4
1097;155;3;0;27;58;30;61;1;7;0;0;51;26;1;0;27;0;0
1097;51;1;0;20;43;24;47;0;0;0;0;17;9;11;0;15;1;4
1097;51;2;0;17;34;27;46;0;0;0;0;44;12;5;0;7;1;9
1097;51;3;0;28;66;31;69;0;0;0;0;27;20;8;0;22;2;4
1098;13;1;0;9;38;9;38;0;0;0;0;0;1;2;6;9;0;0
1098;13;2;0;13;38;13;38;0;0;0;0;1;8;1;4;13;0;0
1098;13;3;0;15;50;15;50;0;0;0;0;0;10;3;2;15;0;0
1098;748;1;0;19;48;19;48;0;0;0;0;0;5;4;10;19;0;0
1098;748;2;0;36;69;37;70;0;0;0;0;0;27;4;5;33;3;0
1098;748;3;0;36;67;36;67;0;0;0;0;1;26;4;6;34;2;0
1099;817;1;0;26;66;26;66;0;0;0;0;0;7;4;15;26;0;0
1099;817;2;0;15;45;15;45;0;0;0;0;23;5;0;10;15;0;0
1099;407;1;1;25;36;25;36;0;0;0;0;2;18;1;6;25;0;0
1099;407;2;2;30;48;30;48;0;0;0;0;2;26;0;4;30;0;0
1100;338;1;0;5;8;10;13;0;0;0;0;0;4;1;0;4;1;0
1100;217;1;0;4;4;20;23;2;3;1;0;234;1;0;3;3;0;1
1101;818;1;0;10;21;20;31;0;0;0;0;2;3;2;5;10;0;0
1101;818;2;1;34;61;36;64;0;0;0;0;88;19;1;14;23;0;11
1101;818;3;0;26;45;36;55;0;0;0;0;0;18;6;2;25;1;0
1101;619;1;0;2;31;3;32;0;0;1;0;161;1;0;1;2;0;0
1101;619;2;0;10;33;12;39;0;0;0;0;0;5;2;3;10;0;0
1101;619;3;0;15;54;24;63;1;1;0;0;88;10;4;1;13;2;0
1102;21;1;0;24;54;29;59;0;1;0;0;0;15;3;6;23;1;0
1102;21;2;0;25;62;28;66;0;1;0;0;10;19;4;2;21;4;0
1102;21;3;0;34;77;56;102;0;0;1;0;131;26;5;3;25;0;9
1102;316;1;0;16;34;20;38;0;0;0;0;76;10;4;2;16;0;0
1102;316;2;0;12;32;13;33;1;4;0;0;65;7;4;1;12;0;0
1102;316;3;0;13;31;13;31;0;1;0;0;0;9;2;2;13;0;0
1103;95;1;0;39;66;53;80;0;0;0;0;3;24;11;4;39;0;0
1103;95;2;1;20;38;31;50;0;0;0;0;135;8;3;9;14;0;6
1103;95;3;1;14;22;14;22;0;0;0;0;26;12;1;1;6;0;8
1103;819;1;0;15;53;28;66;1;2;0;0;69;8;4;3;14;1;0
1103;819;2;0;6;23;14;32;1;6;0;0;45;2;2;2;5;1;0
1103;819;3;0;3;3;3;3;0;1;0;0;0;1;1;1;2;1;0
1104;335;1;0;23;62;25;64;0;0;0;0;0;10;10;3;16;7;0
1104;335;2;0;32;63;40;71;0;0;0;0;0;18;10;4;22;10;0
1104;335;3;0;29;51;39;63;0;0;1;0;22;12;12;5;20;9;0
1104;820;1;0;23;43;26;47;2;3;0;0;89;8;7;8;17;5;1
1104;820;2;0;27;55;28;56;0;1;0;0;56;13;7;7;21;6;0
1104;820;3;0;19;42;35;58;0;1;0;0;111;9;7;3;14;5;0
1105;769;1;0;22;50;37;68;0;4;0;0;5;18;3;1;19;3;0
1105;769;2;0;34;63;37;66;0;0;0;0;0;27;5;2;30;4;0
1105;769;3;0;31;57;39;65;1;1;0;0;43;20;11;0;17;14;0
1105;821;1;0;9;26;30;48;2;6;0;0;137;4;3;2;7;2;0
1105;821;2;0;14;32;16;34;0;6;0;0;27;4;3;7;14;0;0
1105;821;3;0;17;41;21;45;0;3;0;0;48;7;5;5;12;5;0
1106;246;1;0;8;17;15;29;1;1;0;0;124;4;2;2;2;0;6
1106;530;1;0;3;5;3;5;0;0;1;0;16;3;0;0;3;0;0
1107;184;1;0;0;4;9;18;0;0;0;1;43;0;0;0;0;0;0
1107;107;1;0;3;5;8;11;1;1;1;0;34;2;0;1;3;0;0
1108;779;1;0;18;27;23;38;0;4;0;0;97;3;15;0;3;15;0
1108;779;2;0;8;12;14;18;0;0;0;0;77;0;7;1;1;7;0
1108;779;3;0;6;10;12;16;1;1;0;1;84;2;4;0;1;5;0
1108;598;1;0;25;37;53;69;3;4;0;0;125;16;8;1;3;11;11
1108;598;2;0;29;38;94;114;1;1;0;0;210;26;3;0;1;3;25
1108;598;3;0;19;25;71;84;1;2;0;2;176;17;2;0;4;3;12
1109;616;1;0;17;32;18;33;0;2;0;0;17;5;4;8;17;0;0
1109;616;2;0;11;25;15;32;0;0;0;0;45;7;1;3;10;1;0
1109;616;3;0;19;42;19;42;0;0;0;0;14;13;2;4;19;0;0
1109;373;1;0;10;15;10;15;0;1;0;0;2;2;7;1;8;2;0
1109;373;2;0;11;29;19;37;0;1;0;0;7;3;5;3;9;2;0
1109;373;3;0;29;48;30;49;0;0;0;0;0;18;10;1;28;1;0
1110;630;1;0;22;28;25;31;0;0;0;0;2;7;2;13;22;0;0
1110;630;2;0;7;12;12;17;0;0;0;0;0;0;0;7;7;0;0
1110;630;3;0;30;38;32;40;0;0;0;0;10;16;2;12;29;1;0
1110;640;1;0;5;30;7;32;2;3;0;0;44;2;3;0;5;0;0
1110;640;2;0;5;13;19;29;0;5;0;0;194;1;2;2;5;0;0
1110;640;3;0;6;26;6;26;0;3;0;0;7;3;0;3;5;0;1
1111;629;1;0;33;44;38;50;0;0;0;0;2;10;11;12;24;9;0
1111;629;2;1;33;48;39;58;0;0;0;0;35;12;12;9;21;12;0
1111;629;3;0;28;43;58;78;0;0;0;0;23;8;15;5;13;15;0
1111;344;1;0;14;40;16;44;0;0;0;0;27;9;5;0;8;6;0
1111;344;2;0;17;34;24;46;0;0;0;0;22;10;7;0;12;5;0
1111;344;3;0;25;50;33;62;0;0;0;0;112;12;13;0;9;16;0
1112;659;1;0;2;4;31;46;1;8;0;1;249;2;0;0;0;0;2
1112;659;2;0;0;1;36;38;0;1;1;0;10;0;0;0;0;0;0
1112;822;1;0;2;4;7;9;0;0;0;0;38;0;2;0;1;1;0
1112;822;2;1;24;34;29;39;0;0;0;0;86;23;1;0;6;0;18
1113;315;1;0;42;74;42;74;0;0;0;0;0;21;2;19;42;0;0
1113;315;2;0;52;84;56;88;0;0;0;0;24;33;1;18;49;3;0
1113;315;3;0;23;36;42;61;1;2;0;0;240;16;5;2;9;13;1
1113;823;1;0;40;80;40;80;0;0;0;0;0;18;13;9;39;1;0
1113;823;2;0;43;78;44;79;0;0;0;0;0;33;5;5;39;4;0
1113;823;3;0;9;24;54;70;0;0;0;0;0;5;2;2;4;5;0
1114;618;1;0;16;31;16;31;0;0;0;0;0;7;0;9;15;1;0
1114;618;2;0;36;60;36;60;0;0;0;0;0;21;2;13;36;0;0
1114;618;3;0;7;12;11;16;0;0;0;0;0;4;1;2;7;0;0
1114;824;1;0;7;25;7;25;0;2;0;0;3;6;0;1;7;0;0
1114;824;2;0;12;38;12;38;0;0;0;0;0;10;1;1;12;0;0
1114;824;3;0;10;21;30;57;2;3;0;0;156;6;1;3;6;0;4
1115;424;1;0;10;12;10;12;1;2;1;0;68;2;1;7;10;0;0
1115;825;1;0;6;26;7;27;0;0;0;0;0;3;3;0;6;0;0
1116;206;1;0;26;67;27;68;0;0;0;0;4;18;5;3;26;0;0
1116;206;2;0;24;54;31;61;0;0;0;0;24;15;5;4;21;3;0
1116;206;3;1;22;54;29;61;0;0;0;0;42;16;4;2;19;2;1
1116;442;1;0;17;55;17;55;0;0;0;0;4;12;3;2;17;0;0
1116;442;2;0;9;41;9;42;1;8;0;0;21;4;4;1;8;1;0
1116;442;3;0;15;55;19;62;0;2;0;0;13;4;9;2;11;4;0
1117;255;1;0;17;34;17;36;0;0;0;0;0;4;4;9;17;0;0
1117;255;2;0;16;32;20;36;0;0;0;0;12;6;4;6;16;0;0
1117;255;3;0;12;30;12;30;0;0;0;0;0;2;2;8;12;0;0
1117;255;4;0;20;53;20;53;0;0;0;0;0;11;7;2;20;0;0
1117;255;5;0;6;10;11;17;0;2;0;0;0;3;1;2;6;0;0
1117;79;1;0;15;28;15;28;1;4;0;0;39;8;3;4;15;0;0
1117;79;2;0;24;42;24;42;1;3;0;0;55;11;7;6;23;1;0
1117;79;3;0;17;27;20;30;1;2;0;0;25;2;7;8;17;0;0
1117;79;4;0;30;65;32;67;1;2;0;0;36;21;5;4;29;1;0
1117;79;5;0;12;25;32;52;1;2;0;0;156;6;5;1;12;0;0
1118;279;1;0;40;74;42;76;0;0;0;0;0;16;17;7;38;2;0
1118;279;2;0;35;64;37;67;0;0;0;0;0;24;7;4;33;2;0
1118;279;3;0;22;40;44;66;0;0;0;0;0;12;9;1;18;4;0
1118;286;1;0;35;53;36;54;0;2;0;0;8;23;9;3;34;1;0
1118;286;2;0;24;52;28;58;1;2;0;0;44;12;5;7;22;2;0
1118;286;3;0;18;41;30;60;2;3;0;0;107;10;4;4;16;1;1
1119;11;1;0;8;18;21;35;0;0;0;0;0;2;1;5;6;2;0
1119;11;2;0;18;40;19;41;0;0;0;0;5;1;5;12;17;1;0
1119;11;3;0;26;59;27;60;0;0;0;0;3;12;9;5;23;3;0
1119;349;1;0;10;12;22;24;2;3;0;0;140;3;2;5;8;0;2
1119;349;2;0;14;28;14;28;0;6;0;0;0;4;5;5;13;1;0
1119;349;3;1;21;50;23;52;0;5;0;0;10;11;8;2;21;0;0
1120;826;1;0;10;18;10;18;0;0;0;0;0;4;1;5;10;0;0
1120;492;1;0;4;25;4;25;1;1;1;0;34;3;1;0;4;0;0
1121;133;1;0;25;67;49;92;1;2;0;0;109;22;1;2;24;1;0
1121;133;2;0;24;68;27;71;0;1;0;0;0;20;2;2;23;1;0
1121;133;3;0;23;68;27;72;1;2;0;0;56;19;2;2;19;4;0
1121;471;1;0;15;38;17;41;1;1;0;1;20;13;1;1;12;3;0
1121;471;2;0;24;55;24;55;1;2;1;0;45;18;3;3;23;1;0
1121;471;3;0;28;53;31;56;0;0;0;0;36;14;12;2;23;5;0
1122;142;1;0;25;36;39;52;0;1;1;0;48;15;9;1;21;4;0
1122;142;2;0;31;45;32;46;0;0;0;0;0;19;10;2;31;0;0
1122;142;3;1;39;60;43;66;0;0;0;0;3;33;5;1;19;20;0
1122;661;1;0;15;27;15;28;0;3;0;0;17;6;0;9;15;0;0
1122;661;2;0;18;42;18;42;0;2;0;0;5;6;5;7;18;0;0
1122;661;3;0;12;28;12;28;0;0;0;0;0;5;2;5;12;0;0
1123;461;1;0;22;40;25;43;0;0;0;0;36;14;8;0;22;0;0
1123;461;2;1;23;45;23;45;0;1;0;0;8;20;3;0;21;0;2
1123;9;1;0;8;32;10;35;0;0;0;0;12;8;0;0;8;0;0
1123;9;2;0;7;42;9;45;0;0;0;0;39;6;1;0;7;0;0
1124;669;1;0;4;18;4;18;0;0;0;0;0;2;0;2;4;0;0
1124;136;1;1;37;63;37;63;0;0;0;0;9;21;6;10;29;0;8
1125;120;1;0;8;13;24;35;1;2;0;0;272;7;1;0;4;0;4
1125;120;2;0;21;28;29;36;0;0;0;0;208;13;7;1;6;15;0
1125;120;3;0;2;5;36;43;1;1;0;0;238;2;0;0;2;0;0
1125;709;1;0;12;17;12;20;0;0;0;0;0;7;2;3;11;1;0
1125;709;2;0;10;25;20;39;0;2;0;0;0;9;1;0;9;1;0
1125;709;3;0;5;16;25;36;0;0;0;0;0;2;2;1;5;0;0
1126;734;1;0;3;13;16;27;0;0;0;0;0;1;0;2;3;0;0
1126;734;2;0;19;42;22;45;1;4;0;0;63;6;11;2;10;9;0
1126;734;3;0;8;13;49;80;0;0;0;0;182;6;2;0;2;2;4
1126;729;1;1;17;39;38;65;0;0;0;0;126;14;3;0;14;0;3
1126;729;2;0;15;39;26;51;0;2;0;0;52;8;6;1;9;6;0
1126;729;3;0;2;7;17;23;0;3;0;0;94;1;1;0;1;1;0
1127;758;1;0;25;66;34;79;1;3;0;0;84;16;9;0;17;8;0
1127;758;2;0;25;53;34;65;1;5;0;0;83;19;6;0;22;3;0
1127;758;3;0;11;25;36;55;1;2;0;0;111;10;0;1;11;0;0
1127;521;1;0;30;70;39;80;0;0;0;0;33;19;7;4;26;4;0
1127;521;2;0;41;80;54;96;0;0;0;0;31;29;10;2;39;1;1
1127;521;3;0;26;43;46;64;0;0;0;0;70;17;7;2;21;1;4
1128;447;1;1;16;34;17;35;0;0;0;0;6;7;8;1;14;2;0
1128;447;2;0;29;60;29;60;0;0;0;0;0;16;11;2;28;1;0
1128;447;3;0;37;84;43;90;2;3;0;0;27;24;8;5;37;0;0
1128;637;1;0;21;58;22;60;0;1;0;0;23;4;3;14;21;0;0
1128;637;2;0;30;78;30;78;0;0;0;0;3;12;7;11;27;3;0
1128;637;3;0;16;63;19;68;0;0;0;0;45;13;0;3;16;0;0
1129;434;1;0;6;10;35;41;2;4;0;0;202;3;1;2;5;1;0
1129;434;2;0;26;40;39;57;1;3;0;0;158;13;4;9;18;0;8
1129;434;3;0;17;38;21;42;0;3;0;0;0;12;4;1;17;0;0
1129;827;1;0;3;7;44;53;1;2;0;0;28;1;2;0;2;1;0
1129;827;2;0;10;24;116;136;0;0;0;0;0;3;6;1;9;1;0
1129;827;3;0;13;39;23;57;2;3;0;0;119;6;5;2;13;0;0
1130;596;1;0;15;21;25;31;0;0;0;0;50;7;7;1;10;5;0
1130;596;2;0;11;16;17;22;1;1;0;0;49;8;2;1;10;1;0
1130;596;3;0;2;4;19;22;1;1;0;0;258;1;0;1;2;0;0
1130;596;4;0;6;10;10;14;0;0;0;1;30;5;1;0;6;0;0
1130;596;5;0;13;20;18;25;0;0;0;1;44;11;2;0;7;0;6
1130;332;1;0;17;34;51;75;2;2;0;0;105;14;3;0;16;0;1
1130;332;2;0;13;22;27;39;4;5;0;0;205;13;0;0;10;0;3
1130;332;3;0;4;9;9;15;1;1;0;0;15;3;1;0;4;0;0
1130;332;4;0;21;30;62;82;1;2;0;0;197;18;3;0;19;0;2
1130;332;5;0;13;26;43;70;1;3;0;0;200;11;2;0;13;0;0
1131;608;1;1;14;19;14;19;0;0;0;0;13;14;0;0;4;0;10
1131;34;1;0;5;11;5;12;0;0;0;0;0;5;0;0;5;0;0
1132;259;1;0;15;21;15;21;1;1;0;0;34;2;3;10;15;0;0
1132;254;1;0;8;13;10;16;0;0;2;0;0;2;0;6;8;0;0
1133;233;1;0;9;19;9;20;0;0;0;0;0;3;2;4;9;0;0
1133;233;2;0;13;17;24;29;0;0;0;0;85;8;3;2;7;6;0
1133;233;3;0;7;12;20;28;0;0;0;0;20;2;2;3;7;0;0
1133;106;1;0;12;21;21;34;1;1;0;0;181;9;3;0;9;0;3
1133;106;2;0;26;43;40;58;1;7;0;0;99;21;5;0;15;11;0
1133;106;3;0;7;15;17;28;2;4;0;0;220;7;0;0;4;1;2
1134;365;1;0;13;22;13;22;0;1;0;0;0;9;4;0;13;0;0
1134;365;2;0;16;43;16;43;0;0;0;0;0;9;5;2;16;0;0
1134;365;3;0;32;57;32;57;0;0;0;0;0;25;7;0;32;0;0
1134;23;1;0;14;33;15;34;0;0;0;0;0;7;5;2;14;0;0
1134;23;2;0;13;40;13;40;0;0;0;0;0;9;2;2;13;0;0
1134;23;3;0;11;38;11;38;0;0;0;0;0;6;5;0;11;0;0
1135;69;1;0;15;21;24;31;0;0;0;0;129;8;3;4;11;0;4
1135;69;2;1;42;61;47;67;0;0;0;0;82;22;8;12;35;0;7
1135;69;3;0;9;11;10;12;0;0;1;1;11;5;1;3;9;0;0
1135;796;1;0;13;18;30;37;0;2;0;1;107;10;0;3;4;0;9
1135;796;2;0;12;36;24;49;0;3;0;0;4;5;2;5;11;1;0
1135;796;3;0;7;15;26;39;1;1;0;1;221;6;1;0;4;1;2
1136;728;1;0;10;21;10;22;1;4;0;0;55;7;2;1;10;0;0
1136;728;2;0;11;20;30;40;1;2;0;0;125;6;4;1;9;1;1
1136;728;3;0;11;15;17;22;0;1;0;0;31;6;5;0;9;1;1
1136;499;1;0;25;38;31;44;0;0;0;0;44;8;15;2;18;5;2
1136;499;2;0;11;19;21;33;1;1;0;0;80;6;5;0;8;3;0
1136;499;3;0;8;17;11;22;2;2;0;1;211;6;2;0;6;0;2
1137;795;1;0;27;48;27;48;0;0;0;0;0;6;7;14;27;0;0
1137;795;2;0;24;49;36;62;0;1;0;0;1;11;4;9;22;2;0
1137;795;3;0;30;57;44;71;0;0;0;0;6;18;2;10;29;1;0
1137;733;1;0;19;41;19;41;0;0;0;0;0;8;9;2;19;0;0
1137;733;2;0;22;67;24;73;1;5;0;0;74;13;4;5;21;0;1
1137;733;3;0;25;73;25;74;0;3;0;0;33;12;5;8;24;1;0
1138;828;1;0;10;29;10;29;0;2;0;0;0;2;5;3;10;0;0
1138;828;2;0;10;32;10;32;1;2;0;0;12;2;6;2;9;1;0
1138;828;3;0;10;21;27;41;2;4;0;0;119;7;2;1;8;1;1
1138;299;1;0;7;16;7;16;0;0;0;0;4;6;1;0;7;0;0
1138;299;2;0;10;19;11;20;0;0;0;0;0;7;3;0;10;0;0
1138;299;3;0;3;13;16;31;0;1;0;0;0;3;0;0;3;0;0
1139;193;1;0;9;35;12;43;0;0;0;0;116;6;2;1;8;1;0
1139;193;2;0;13;46;14;53;1;2;0;0;114;9;2;2;12;1;0
1139;193;3;0;22;44;23;46;0;0;0;0;66;21;0;1;21;1;0
1139;756;1;0;12;34;25;50;0;2;0;0;22;3;2;7;9;3;0
1139;756;2;0;16;29;23;38;0;4;0;0;18;7;2;7;15;1;0
1139;756;3;0;8;30;23;45;1;3;0;0;78;5;0;3;7;1;0
1140;68;1;0;19;39;19;39;0;0;0;0;24;12;5;2;18;1;0
1140;68;2;0;17;31;21;37;1;1;0;0;139;14;2;1;11;2;4
1140;68;3;0;2;6;16;25;1;1;1;0;168;2;0;0;0;0;2
1140;674;1;0;26;61;35;72;0;0;0;0;4;2;10;14;25;1;0
1140;674;2;0;34;58;67;98;0;0;0;0;4;8;20;6;23;11;0
1140;674;3;0;10;20;18;30;0;0;0;0;1;9;1;0;10;0;0
1141;222;1;0;9;26;13;31;1;1;1;0;56;8;1;0;9;0;0
1141;652;1;0;9;16;10;17;0;0;0;0;15;4;0;5;9;0;0
1142;731;1;1;34;52;34;52;0;0;0;0;2;29;0;5;28;3;3
1142;675;1;0;24;42;26;44;0;0;0;0;0;12;3;9;20;4;0
1143;385;1;0;11;28;52;73;0;0;0;0;9;5;2;4;11;0;0
1143;385;2;0;16;40;47;75;0;2;0;0;1;11;3;2;15;1;0
1143;385;3;0;50;101;52;104;0;0;0;0;0;28;17;5;47;3;0
1143;382;1;0;14;21;26;34;1;1;0;0;205;12;0;2;10;0;4
1143;382;2;0;17;26;28;46;1;2;0;0;148;11;5;1;15;2;0
1143;382;3;0;26;58;26;59;0;1;0;0;1;19;5;2;25;1;0
1144;161;1;0;1;1;3;3;0;0;1;1;26;1;0;0;0;0;1
1144;161;2;0;1;8;2;9;0;0;0;0;25;1;0;0;1;0;0
1144;477;1;0;0;1;8;9;1;1;2;0;222;0;0;0;0;0;0
1144;477;2;0;2;7;12;18;0;4;2;1;165;2;0;0;2;0;0
1145;331;1;1;15;27;18;34;0;1;0;0;37;10;2;3;9;1;5
1145;735;1;0;9;15;9;16;0;0;0;0;0;7;0;2;9;0;0
1146;695;1;0;26;65;52;100;0;2;0;0;117;15;7;4;19;7;0
1146;695;2;0;48;79;66;101;1;2;0;0;88;34;10;4;42;6;0
1146;695;3;0;18;27;53;74;0;0;0;1;116;9;8;1;13;5;0
1146;829;1;0;31;57;38;67;0;0;0;0;18;15;15;1;16;15;0
1146;829;2;0;36;65;40;69;1;1;2;0;32;28;8;0;25;11;0
1146;829;3;0;22;34;37;59;2;2;0;0;117;18;4;0;12;2;8
1147;276;1;0;24;57;25;58;0;0;0;0;12;16;5;3;24;0;0
1147;276;2;0;4;6;6;10;1;1;3;0;143;4;0;0;3;1;0
1147;342;1;0;22;47;23;48;0;1;0;0;12;13;5;4;21;1;0
1147;342;2;1;20;26;22;29;0;1;0;0;11;18;1;1;3;0;17
1148;6;1;0;5;8;13;17;1;1;3;0;62;5;0;0;2;3;0
1148;6;2;0;16;27;19;30;1;2;0;0;31;10;3;3;15;0;1
1148;830;1;0;6;12;23;33;2;3;0;1;182;5;1;0;4;1;1
1148;830;2;0;11;37;15;41;0;0;0;0;7;6;2;3;10;1;0
1149;704;1;0;4;10;4;10;0;0;0;0;4;3;1;0;4;0;0
1149;302;1;0;42;63;42;63;0;0;0;0;0;37;2;3;42;0;0
1150;831;1;0;2;12;2;13;0;0;0;0;5;0;0;2;2;0;0
1150;228;1;0;13;24;18;30;2;5;1;0;158;9;2;2;10;3;0
1151;685;1;0;16;45;31;67;1;1;0;0;122;3;4;9;14;1;1
1151;685;2;0;7;28;30;60;1;3;0;0;146;1;3;3;6;1;0
1151;685;3;0;7;15;41;61;0;1;0;0;219;5;0;2;3;0;4
1151;250;1;0;7;21;14;29;0;0;0;0;0;6;0;1;7;0;0
1151;250;2;0;7;16;11;20;1;1;1;0;43;6;1;0;6;1;0
1151;250;3;0;7;15;22;36;0;1;0;0;6;7;0;0;6;1;0
1152;832;1;0;2;4;2;4;0;0;0;0;0;2;0;0;2;0;0
1152;832;2;0;22;49;33;60;0;0;0;0;3;19;1;2;21;1;0
1152;832;3;0;18;33;62;93;0;0;0;0;93;17;1;0;0;0;18
1152;755;1;0;1;3;40;47;2;2;0;0;275;0;0;1;1;0;0
1152;755;2;0;22;42;41;61;1;2;2;0;125;14;5;3;19;2;1
1152;755;3;0;1;2;35;40;1;1;0;0;187;0;0;1;1;0;0
1153;639;1;0;33;51;38;58;0;1;0;0;38;14;6;13;25;8;0
1153;639;2;0;24;50;28;57;0;0;0;0;3;13;7;4;16;8;0
1153;639;3;0;37;66;48;84;0;0;0;0;0;18;10;9;32;5;0
1153;833;1;0;6;32;14;42;1;1;0;0;11;5;1;0;5;1;0
1153;833;2;0;22;43;27;50;0;1;0;0;54;12;10;0;9;13;0
1153;833;3;0;15;39;21;53;1;2;0;0;60;8;5;2;13;2;0
1154;684;1;0;22;50;22;50;0;0;0;0;0;18;4;0;20;2;0
1154;684;2;0;17;60;17;60;0;1;0;0;0;9;8;0;17;0;0
1154;684;3;0;24;75;24;75;0;0;0;0;0;17;7;0;24;0;0
1154;218;1;0;22;41;24;43;0;1;0;0;3;13;6;3;20;2;0
1154;218;2;0;25;45;30;52;1;2;0;0;36;20;4;1;24;1;0
1154;218;3;0;29;52;44;69;1;2;0;0;22;25;3;1;28;0;1
1155;570;1;1;26;50;30;55;0;0;0;0;28;16;4;6;26;0;0
1155;570;2;0;26;46;27;48;1;1;0;0;23;16;5;5;25;1;0
1155;570;3;0;5;12;15;31;2;2;0;0;227;5;0;0;3;2;0
1155;570;4;0;11;28;17;35;1;1;0;0;66;8;2;1;11;0;0
1155;570;5;0;28;44;30;46;1;1;0;0;52;21;6;1;28;0;0
1155;268;1;0;12;43;14;45;0;0;0;0;0;4;1;7;12;0;0
1155;268;2;0;11;41;12;42;1;2;0;0;16;7;2;2;10;1;0
1155;268;3;0;2;9;8;16;0;1;0;0;3;1;1;0;1;1;0
1155;268;4;0;12;44;15;49;1;1;0;0;24;7;4;1;10;2;0
1155;268;5;0;21;61;36;81;0;1;0;0;15;12;6;3;19;2;0
1156;221;1;0;14;43;14;43;0;0;0;0;6;9;4;1;14;0;0
1156;221;2;0;16;45;16;45;1;1;0;0;22;13;0;3;16;0;0
1156;221;3;0;11;29;12;30;1;4;0;0;121;9;1;1;10;1;0
1156;40;1;0;17;37;17;37;0;4;0;0;0;7;8;2;16;1;0
1156;40;2;0;14;48;16;50;0;1;0;0;0;7;4;3;14;0;0
1156;40;3;0;15;36;36;59;0;0;0;0;0;6;8;1;15;0;0
1157;526;1;0;20;58;20;58;0;0;0;0;0;7;8;5;20;0;0
1157;526;2;0;30;70;30;71;0;2;0;0;13;17;10;3;26;4;0
1157;526;3;0;9;19;9;19;0;2;0;0;17;5;3;1;9;0;0
1157;25;1;0;16;42;16;42;0;0;0;0;0;10;6;0;15;1;0
1157;25;2;0;31;55;31;55;0;0;0;0;0;23;7;1;29;2;0
1157;25;3;0;6;12;6;12;0;0;0;0;0;4;2;0;4;2;0
1158;333;1;0;23;50;27;55;0;0;0;0;5;11;11;1;13;10;0
1158;333;2;0;35;87;36;88;1;1;0;0;5;20;13;2;31;4;0
1158;333;3;0;43;88;43;89;0;0;0;0;0;33;8;2;41;2;0
1158;687;1;0;15;33;23;45;3;9;0;0;127;10;3;2;9;1;5
1158;687;2;0;21;73;21;74;1;1;0;0;12;18;0;3;20;1;0
1158;687;3;0;16;47;16;47;0;3;0;0;16;9;4;3;16;0;0
1159;494;1;0;35;88;39;94;1;1;1;0;41;27;7;1;33;2;0
1159;303;1;0;33;75;33;76;0;0;0;1;19;26;2;5;31;0;2
1160;752;1;0;23;30;24;35;0;0;0;0;27;23;0;0;0;4;19
1160;380;1;0;1;2;1;2;0;1;0;0;3;1;0;0;1;0;0
1161;1;1;0;22;46;27;53;1;1;0;0;15;13;8;1;16;6;0
1161;1;2;0;44;83;44;83;0;0;0;0;0;30;9;5;43;1;0
1161;1;3;0;1;4;1;4;0;0;0;0;0;1;0;0;1;0;0
1161;143;1;0;44;80;46;83;0;2;0;0;32;18;13;13;41;3;0
1161;143;2;0;36;100;36;101;0;0;0;0;0;19;11;6;36;0;0
1161;143;3;1;8;11;8;11;0;0;0;0;2;7;1;0;7;0;1
1162;448;1;0;10;23;31;55;1;1;0;0;152;7;0;3;5;0;5
1162;448;2;0;17;29;29;49;1;1;0;0;145;9;6;2;11;4;2
1162;448;3;0;13;37;33;61;2;4;1;0;171;9;3;1;11;0;2
1162;237;1;0;4;12;6;14;1;1;0;0;37;2;0;2;4;0;0
1162;237;2;0;16;31;19;36;0;0;0;0;15;13;3;0;11;2;3
1162;237;3;0;19;38;23;44;0;0;0;0;0;17;2;0;18;1;0
1163;430;1;1;4;6;4;6;0;0;0;0;2;4;0;0;1;0;3
1163;667;1;0;1;1;1;1;0;0;0;0;0;0;0;1;1;0;0
1164;316;1;0;2;4;9;12;1;1;3;0;143;2;0;0;2;0;0
1164;834;1;0;3;14;20;31;0;0;0;0;0;1;0;2;3;0;0
1165;835;1;0;4;7;11;14;0;0;0;0;0;2;2;0;4;0;0
1165;835;2;0;2;3;26;28;0;0;0;0;0;1;1;0;1;0;1
1165;835;3;0;10;14;23;32;0;0;0;0;13;7;3;0;9;1;0
1165;381;1;0;6;7;14;23;1;1;0;0;269;4;2;0;4;0;2
1165;381;2;0;2;6;3;9;1;2;1;0;261;1;1;0;2;0;0
1165;381;3;0;4;5;13;19;1;1;0;0;240;0;2;2;4;0;0
1166;713;1;0;37;75;48;88;0;1;0;0;84;17;19;1;27;3;7
1166;713;2;0;8;11;13;16;0;0;1;1;37;0;8;0;2;0;6
1166;484;1;0;24;58;25;59;0;1;0;1;6;12;5;7;21;3;0
1166;484;2;0;0;2;1;6;1;1;0;0;22;0;0;0;0;0;0
1167;321;1;1;27;37;38;48;0;0;0;0;0;10;8;9;20;7;0
1167;321;2;1;11;13;11;13;0;0;0;0;3;11;0;0;1;0;10
1167;459;1;0;7;25;7;25;0;0;0;0;71;4;2;1;6;1;0
1167;459;2;0;0;0;0;0;0;0;0;0;0;0;0;0;0;0;0
1168;36;1;0;9;24;9;24;0;1;0;0;0;6;2;1;7;2;0
1168;36;2;0;8;12;17;22;0;0;0;0;0;6;1;1;6;0;2
1168;36;3;0;25;41;41;57;0;0;0;0;99;22;1;2;11;1;13
1168;330;1;0;22;47;23;48;0;0;1;0;23;16;3;3;14;8;0
1168;330;2;0;12;16;51;57;0;0;0;0;190;6;3;3;11;0;1
1168;330;3;0;15;37;16;38;1;3;0;0;33;10;2;3;13;2;0
1169;711;1;0;18;32;18;32;0;0;0;0;0;6;3;9;18;0;0
1169;711;2;0;11;16;11;16;0;0;0;0;0;4;0;7;11;0;0
1169;711;3;0;22;45;22;45;0;0;0;0;0;17;1;4;22;0;0
1169;110;1;0;22;52;22;52;0;0;0;0;0;4;4;14;21;1;0
1169;110;2;0;48;73;51;76;1;2;0;0;213;40;4;4;14;2;32
1169;110;3;0;30;60;30;60;0;1;0;0;0;17;4;9;30;0;0
1170;435;1;0;42;52;47;57;0;4;0;0;58;20;20;2;19;23;0
1170;435;2;0;4;7;6;9;0;0;0;0;21;4;0;0;2;0;2
1170;539;1;0;37;62;50;75;0;0;0;0;28;21;13;3;19;18;0
1170;539;2;0;13;23;14;24;1;1;0;0;80;6;0;7;3;0;10
1171;132;1;0;2;6;27;41;1;1;2;0;232;2;0;0;1;0;1
1171;132;2;0;9;21;10;22;0;1;0;0;101;4;2;3;5;4;0
1171;132;3;0;8;12;28;38;1;3;0;0;116;6;1;1;3;1;4
1171;55;1;0;2;6;7;12;0;0;0;0;0;2;0;0;2;0;0
1171;55;2;0;14;23;31;41;0;0;0;0;15;9;3;2;12;0;2
1171;55;3;0;5;9;14;21;0;0;0;0;97;4;1;0;5;0;0
1172;490;1;1;8;10;8;10;0;0;0;0;1;4;1;3;7;0;1
1172;555;1;0;0;5;0;5;0;0;0;0;0;0;0;0;0;0;0
1173;465;1;0;20;31;20;31;0;0;0;0;7;9;3;8;18;2;0
1173;465;2;0;12;29;22;39;0;2;0;0;19;11;0;1;11;1;0
1173;465;3;0;30;51;48;70;0;0;0;0;3;23;4;3;24;6;0
1173;307;1;0;18;42;19;43;0;1;0;0;0;12;4;2;13;5;0
1173;307;2;0;18;35;18;35;1;4;0;0;147;14;4;0;15;3;0
1173;307;3;0;31;70;33;73;1;6;0;0;83;23;5;3;24;7;0
1174;12;1;0;20;40;20;41;2;5;0;0;34;4;10;6;16;3;1
1174;12;2;0;3;6;4;7;1;2;0;0;43;2;1;0;1;2;0
1174;25;1;1;25;45;26;46;0;0;0;0;7;21;3;1;11;11;3
1174;25;2;1;9;10;9;10;0;0;0;0;2;5;4;0;3;5;1
1175;580;1;1;13;13;13;13;0;0;0;0;1;12;0;1;4;0;9
1175;836;1;0;1;2;1;2;0;0;0;0;0;0;0;1;1;0;0
1176;837;1;0;11;37;15;42;0;0;0;0;0;9;1;1;8;0;3
1176;837;2;0;4;6;13;16;0;0;0;0;0;4;0;0;1;3;0
1176;837;3;0;6;9;13;17;1;1;0;0;19;6;0;0;0;0;6
1176;134;1;0;27;43;36;53;1;3;0;0;203;23;3;1;8;0;19
1176;134;2;0;27;31;48;53;1;3;1;0;289;22;5;0;1;0;26
1176;134;3;0;23;31;38;50;0;0;1;0;262;22;1;0;1;0;22
1177;838;1;0;14;25;16;28;0;1;0;0;48;8;4;2;12;2;0
1177;838;2;0;27;46;32;53;0;0;0;0;129;14;8;5;19;8;0
1177;838;3;0;33;48;50;66;0;0;0;0;121;12;14;7;23;10;0
1177;671;1;0;8;21;55;69;0;0;0;0;138;5;1;2;4;4;0
1177;671;2;0;22;32;45;55;0;0;0;0;10;8;11;3;8;14;0
1177;671;3;0;24;31;65;75;0;0;0;0;12;11;13;0;11;13;0
1178;93;1;0;2;12;9;20;2;4;0;0;76;1;1;0;2;0;0
1178;93;2;0;13;17;26;35;1;1;0;0;282;12;1;0;0;0;13
1178;93;3;0;2;3;27;28;0;3;0;0;21;2;0;0;0;2;0
1178;700;1;0;8;23;8;23;1;1;0;0;6;3;1;4;8;0;0
1178;700;2;0;2;2;2;2;0;0;0;0;0;2;0;0;0;0;2
1178;700;3;0;6;7;16;20;0;1;0;0;263;2;4;0;0;4;2
1179;498;1;0;14;26;15;27;0;2;0;0;6;9;3;2;14;0;0
1179;498;2;0;17;39;18;40;2;6;0;0;22;10;7;0;15;2;0
1179;498;3;0;11;31;11;31;0;3;0;0;3;7;2;2;11;0;0
1179;306;1;0;28;74;28;74;0;0;0;0;6;15;3;10;28;0;0
1179;306;2;0;28;77;28;77;0;0;0;0;0;11;7;10;27;1;0
1179;306;3;0;40;86;40;86;1;1;0;0;10;27;10;3;39;0;1
1180;262;1;1;14;21;14;21;0;0;0;0;3;12;0;2;12;0;2
1180;284;1;0;5;15;5;15;0;0;0;0;0;3;1;1;5;0;0
1181;351;1;0;15;43;15;43;0;0;0;0;0;14;1;0;15;0;0
1181;351;2;0;15;39;15;39;0;0;0;0;0;10;5;0;15;0;0
1181;351;3;0;16;52;16;52;0;1;0;0;15;14;1;1;16;0;0
1181;390;1;0;26;50;26;50;0;0;0;0;0;9;6;11;26;0;0
1181;390;2;0;31;55;31;55;0;0;0;0;0;9;6;16;31;0;0
1181;390;3;0;26;54;26;55;0;0;0;0;0;17;4;5;26;0;0
1182;472;1;0;44;93;45;94;0;0;0;0;5;27;6;11;44;0;0
1182;472;2;0;37;86;39;88;2;2;0;0;25;27;4;6;37;0;0
1182;472;3;0;31;59;39;68;2;2;0;0;137;23;4;4;24;0;7
1182;180;1;0;46;91;46;92;0;0;0;0;0;25;15;6;46;0;0
1182;180;2;0;53;113;53;113;0;0;0;0;0;38;13;2;53;0;0
1182;180;3;0;28;61;33;68;0;0;0;0;0;19;8;1;28;0;0
1183;279;1;0;19;27;39;48;0;0;0;0;0;4;5;10;17;2;0
1183;279;2;0;30;40;36;47;0;0;0;0;17;8;11;11;21;9;0
1183;279;3;1;33;41;33;41;0;0;0;0;0;16;6;11;31;2;0
1183;505;1;0;12;17;26;41;0;3;0;0;185;7;4;1;9;3;0
1183;505;2;0;4;11;13;30;0;4;0;0;97;1;3;0;3;1;0
1183;505;3;0;0;6;0;6;0;0;0;0;0;0;0;0;0;0;0
1184;464;1;0;15;33;15;33;0;0;0;0;0;6;3;6;15;0;0
1184;584;1;2;37;67;37;67;0;0;0;0;6;22;9;6;33;2;2
1185;122;1;0;35;64;35;66;0;0;0;0;3;27;8;0;30;0;5
1185;122;2;0;37;80;47;91;0;0;0;0;0;27;10;0;30;7;0
1185;122;3;0;74;172;74;173;0;0;0;0;0;68;5;1;73;1;0
1185;398;1;0;16;56;21;63;0;7;0;0;73;11;2;3;14;2;0
1185;398;2;0;55;88;79;120;0;1;0;0;94;49;6;0;44;11;0
1185;398;3;0;70;155;70;155;0;5;0;0;2;65;4;1;70;0;0
1186;62;1;0;7;19;31;53;1;2;0;0;134;3;1;3;5;0;2
1186;62;2;0;18;54;18;54;0;2;0;0;22;10;3;5;17;1;0
1186;62;3;0;5;12;6;13;0;1;0;0;0;1;2;2;4;1;0
1186;64;1;0;14;23;35;47;0;0;0;0;43;3;5;6;10;4;0
1186;64;2;0;21;36;24;39;0;1;0;0;0;7;8;6;20;1;0
1186;64;3;0;2;11;3;12;1;1;1;0;23;0;1;1;1;1;0
1187;649;1;0;27;52;40;66;1;3;0;0;96;21;4;2;21;6;0
1187;649;2;0;24;46;37;62;2;2;0;0;83;17;6;1;14;10;0
1187;649;3;0;17;36;22;45;2;6;0;0;198;15;0;2;14;3;0
1187;587;1;0;17;41;31;58;0;2;0;0;77;6;7;4;11;6;0
1187;587;2;0;31;53;48;71;0;1;0;0;117;17;13;1;15;16;0
1187;587;3;0;18;40;44;66;0;1;0;0;43;13;5;0;12;6;0
1188;839;1;0;3;11;43;52;0;4;0;0;39;0;1;2;3;0;0
1188;839;2;0;9;16;40;49;1;3;0;0;114;8;1;0;8;0;1
1188;839;3;0;0;8;36;51;2;4;0;0;143;0;0;0;0;0;0
1188;558;1;0;15;21;44;53;0;0;0;0;182;10;2;3;7;0;8
1188;558;2;0;22;33;40;55;1;2;0;1;129;9;6;7;13;4;5
1188;558;3;0;10;17;26;36;0;1;0;0;87;8;2;0;5;2;3
1189;757;1;0;8;11;29;42;1;1;0;0;103;1;3;4;4;4;0
1189;757;2;0;11;18;33;53;1;1;0;0;221;7;1;3;7;0;4
1189;757;3;0;7;10;31;40;3;3;0;0;275;7;0;0;1;0;6
1189;225;1;0;11;22;14;29;3;5;0;0;96;5;2;4;7;3;1
1189;225;2;0;5;10;8;13;0;0;1;1;20;0;2;3;5;0;0
1189;225;3;0;1;3;7;9;0;1;0;0;0;1;0;0;1;0;0
1190;97;1;0;22;30;43;60;1;1;0;0;161;8;13;1;5;17;0
1190;97;2;0;28;52;53;81;0;2;0;0;106;12;12;4;11;17;0
1190;97;3;0;18;21;39;46;1;2;0;0;112;7;8;3;10;8;0
1190;606;1;0;24;38;50;66;0;4;0;0;10;5;17;2;5;19;0
1190;606;2;0;38;53;71;95;0;1;0;0;9;14;24;0;8;30;0
1190;606;3;0;22;28;52;67;2;4;0;0;89;9;13;0;5;17;0
1191;85;1;0;23;43;27;47;1;1;0;0;24;9;9;5;16;7;0
1191;85;2;0;18;34;18;34;0;0;0;0;0;13;1;4;15;3;0
1191;389;1;0;17;43;18;44;0;0;0;0;0;14;2;1;14;3;0
1191;389;2;0;14;23;25;34;2;2;0;0;48;11;0;3;14;0;0
1192;542;1;0;12;27;12;27;0;1;0;0;7;7;1;4;12;0;0
1192;542;2;0;10;41;10;41;0;0;0;0;0;4;4;2;10;0;0
1192;542;3;0;14;51;14;51;0;0;0;0;0;10;1;3;14;0;0
1192;173;1;0;7;15;8;16;0;0;0;0;0;3;1;3;7;0;0
1192;173;2;0;25;45;25;45;0;1;0;0;0;19;3;3;25;0;0
1192;173;3;0;18;36;19;37;0;2;0;0;5;15;2;1;18;0;0
1193;371;1;0;13;26;13;26;0;2;0;0;44;6;3;4;13;0;0
1193;371;2;0;22;44;22;44;0;1;0;0;16;14;3;5;22;0;0
1193;371;3;0;24;46;38;66;2;2;0;0;78;15;8;1;13;0;11
1193;620;1;1;22;59;30;70;0;0;0;0;18;13;3;6;21;0;1
1193;620;2;0;32;84;36;88;0;0;0;0;10;18;9;5;28;2;2
1193;620;3;0;16;53;25;62;0;0;0;0;19;12;1;3;16;0;0
1194;840;1;0;8;17;21;33;3;7;2;0;167;4;3;1;6;2;0
1194;840;2;0;10;26;17;36;1;3;0;0;92;7;3;0;8;2;0
1194;840;3;0;4;7;4;7;2;3;1;0;77;3;1;0;4;0;0
1194;791;1;0;6;12;9;16;0;0;1;1;65;3;3;0;6;0;0
1194;791;2;1;41;64;48;71;0;0;0;0;112;37;4;0;15;4;22
1194;791;3;0;2;7;2;7;0;0;0;0;0;1;1;0;1;1;0
1195;283;1;0;4;7;12;19;5;7;1;0;204;0;1;3;0;4;0
1195;283;2;0;8;12;34;47;0;1;1;0;248;7;1;0;2;0;6
1195;283;3;0;8;10;31;43;1;3;2;1;232;5;1;2;2;1;5
1195;753;1;0;3;11;29;39;0;0;0;0;4;1;1;1;3;0;0
1195;753;2;0;2;6;9;14;1;1;1;0;7;2;0;0;1;1;0
1195;753;3;0;0;4;20;26;0;0;0;0;52;0;0;0;0;0;0
1196;841;1;0;23;45;23;45;0;0;0;0;0;8;4;11;23;0;0
1196;841;2;0;16;39;16;39;0;0;0;0;0;8;3;5;16;0;0
1196;841;3;0;14;42;14;42;0;0;0;0;0;9;4;1;14;0;0
1196;572;1;0;22;58;22;58;0;0;0;0;0;4;11;7;22;0;0
1196;572;2;0;27;62;27;62;0;2;0;0;0;8;16;3;27;0;0
1196;572;3;0;31;85;31;85;0;0;0;0;0;17;13;1;31;0;0
1197;712;1;0;14;31;14;31;1;3;1;0;65;1;9;4;12;2;0
1197;712;2;0;5;16;7;19;0;2;1;0;50;1;2;2;5;0;0
1197;712;3;0;18;28;20;30;0;3;0;0;46;6;10;2;11;7;0
1197;842;1;0;30;56;37;68;0;0;2;0;27;19;8;3;24;6;0
1197;842;2;0;33;61;46;76;0;0;0;0;106;26;6;1;23;6;4
1197;842;3;0;26;51;56;90;0;0;0;0;130;18;3;5;17;7;2
1198;113;1;0;63;143;64;144;0;0;0;0;0;41;14;8;55;8;0
1198;113;2;0;27;51;40;69;2;3;0;0;45;19;6;2;23;4;0
1198;113;3;0;79;129;82;132;0;1;0;0;19;50;22;7;71;8;0
1198;497;1;0;43;91;44;92;0;1;0;0;27;36;5;2;34;9;0
1198;497;2;0;41;67;45;73;2;6;0;0;112;32;7;2;28;13;0
1198;497;3;0;35;76;37;80;0;1;0;0;21;21;9;5;33;2;0
1199;692;1;0;4;8;4;9;0;1;0;0;53;2;1;1;3;0;1
1199;655;1;0;0;1;2;3;1;3;3;0;35;0;0;0;0;0;0
1200;366;1;0;4;7;31;39;0;0;1;1;28;1;0;3;4;0;0
1200;366;2;0;6;16;31;46;2;2;0;0;101;4;2;0;1;5;0
1200;366;3;0;6;12;14;21;0;0;1;0;51;3;3;0;3;0;3
1200;843;1;0;1;2;9;12;3;4;1;0;232;1;0;0;1;0;0
1200;843;2;0;3;4;7;11;1;4;0;2;154;1;1;1;1;2;0
1200;843;3;0;2;2;4;5;0;2;0;0;0;2;0;0;2;0;0
1201;763;1;0;61;108;64;111;0;0;0;0;6;33;15;13;50;11;0
1201;763;2;0;24;51;32;63;0;0;0;0;0;9;7;8;21;1;2
1201;763;3;0;39;85;49;97;0;0;0;1;37;26;9;4;38;0;1
1201;102;1;0;34;62;36;65;1;1;0;0;22;23;9;2;16;2;16
1201;102;2;0;5;12;16;27;1;1;0;0;175;3;1;1;5;0;0
1201;102;3;0;25;48;34;60;1;1;1;0;77;12;9;4;22;1;2
1202;232;1;0;21;32;38;52;1;1;0;0;125;13;2;6;20;1;0
1202;232;2;0;17;32;27;42;0;0;0;0;136;12;3;2;15;2;0
1202;232;3;0;18;30;29;43;0;0;0;0;117;12;2;4;15;3;0
1202;232;4;0;8;15;8;15;0;0;0;0;0;5;2;1;8;0;0
1202;644;1;0;14;30;16;32;1;1;0;0;10;7;4;3;12;1;1
1202;644;2;0;28;46;36;54;0;0;0;0;0;19;7;2;17;11;0
1202;644;3;0;21;32;33;45;1;2;0;0;46;18;3;0;21;0;0
1202;644;4;0;19;26;21;28;0;0;0;0;14;17;2;0;14;5;0
1203;463;1;2;20;33;20;33;0;0;0;0;3;15;3;2;16;2;2
1203;219;1;0;6;16;6;16;0;0;0;0;0;1;0;5;6;0;0
1204;525;1;0;1;3;21;25;2;4;0;1;220;1;0;0;0;0;1
1204;525;2;0;2;6;4;9;2;3;1;0;129;1;0;1;2;0;0
1204;528;1;0;5;11;50;61;0;0;1;0;52;1;1;3;5;0;0
1204;528;2;0;2;4;14;17;0;0;0;0;0;2;0;0;1;1;0
1205;20;1;1;24;36;27;40;0;0;0;0;10;16;6;2;22;2;0
1205;138;1;0;18;40;20;44;1;2;2;0;91;12;4;2;13;3;2
1206;740;1;0;1;1;1;1;0;0;0;0;0;0;0;1;1;0;0
1206;274;1;1;6;9;6;9;0;0;0;0;3;5;1;0;2;0;4
1207;844;1;0;5;9;11;17;0;2;3;0;47;0;5;0;3;2;0
1207;844;2;0;1;2;3;6;0;0;0;0;0;0;1;0;1;0;0
1207;844;3;0;1;1;8;10;0;0;0;0;0;0;0;1;1;0;0
1207;58;1;0;42;59;54;80;2;2;0;0;87;40;1;1;1;5;36
1207;58;2;0;49;59;93;111;2;2;0;0;286;43;5;1;1;0;48
1207;58;3;0;53;57;184;203;1;2;0;0;285;46;7;0;1;0;52
1208;450;1;0;11;23;11;23;0;1;0;0;16;1;1;9;11;0;0
1208;450;2;0;10;23;10;23;0;3;1;0;47;6;0;4;9;1;0
1208;450;3;0;3;14;4;16;0;4;0;0;6;0;2;1;2;1;0
1208;191;1;1;20;38;26;45;0;0;0;0;41;8;8;4;15;2;3
1208;191;2;0;19;37;24;47;1;1;0;0;7;7;7;5;18;1;0
1208;191;3;1;17;29;36;61;0;0;0;0;140;9;5;3;12;1;4
1209;473;1;0;14;27;33;48;0;2;0;0;23;7;3;4;13;1;0
1209;407;1;1;15;36;15;36;0;0;0;0;4;5;4;6;15;0;0
1210;705;1;0;8;14;44;54;1;1;0;0;271;8;0;0;1;1;6
1210;705;2;0;15;24;41;64;2;2;0;0;289;15;0;0;0;0;15
1210;705;3;0;45;75;63;99;0;0;0;0;90;36;3;6;26;0;19
1210;845;1;0;7;11;8;16;0;0;0;0;0;1;3;3;7;0;0
1210;845;2;0;2;3;2;3;0;0;0;0;0;1;1;0;2;0;0
1210;845;3;0;21;68;22;71;0;0;0;0;0;14;5;2;21;0;0
1211;741;1;0;27;50;52;80;0;1;0;1;112;16;10;1;12;11;4
1211;741;2;0;31;68;36;73;0;1;0;0;0;14;11;6;30;1;0
1211;741;3;0;17;34;27;48;0;0;0;1;16;7;8;2;16;1;0
1211;846;1;0;14;44;17;49;1;2;1;0;10;9;4;1;10;4;0
1211;846;2;0;33;81;37;86;0;1;0;0;0;26;4;3;33;0;0
1211;846;3;0;23;55;34;71;2;3;0;0;119;18;4;1;19;1;3
1212;457;1;0;24;46;25;47;0;0;0;0;0;6;3;15;24;0;0
1212;457;2;0;13;30;20;40;1;4;0;0;113;7;2;4;13;0;0
1212;457;3;0;23;47;23;47;0;1;0;0;19;13;4;6;22;1;0
1212;602;1;0;28;52;28;53;0;0;0;0;0;23;2;3;26;2;0
1212;602;2;0;26;54;27;55;0;0;0;0;37;22;3;1;17;9;0
1212;602;3;1;44;65;46;69;0;0;0;0;24;26;16;2;38;6;0
1213;22;1;0;4;11;9;25;2;9;0;0;191;2;1;1;0;3;1
1213;22;2;0;5;7;9;12;2;9;0;0;118;3;1;1;5;0;0
1213;22;3;0;9;29;9;29;1;8;0;0;87;7;2;0;7;2;0
1213;82;1;0;7;16;32;47;0;1;1;1;48;1;5;1;3;4;0
1213;82;2;0;21;37;69;88;0;0;0;1;80;11;10;0;6;13;2
1213;82;3;0;22;35;36;49;0;0;0;0;12;7;7;8;22;0;0
1214;784;1;0;22;48;22;48;0;1;0;0;54;10;11;1;17;5;0
1214;784;2;0;22;49;24;51;0;2;0;0;36;8;10;4;16;6;0
1214;784;3;0;15;46;18;51;1;3;0;0;114;5;7;3;14;1;0
1214;810;1;0;30;58;30;58;0;0;0;0;1;12;14;4;22;8;0
1214;810;2;0;35;66;40;74;0;0;0;0;26;21;7;7;29;6;0
1214;810;3;0;35;56;37;58;0;0;0;0;0;27;4;4;33;2;0
1215;696;1;0;27;44;27;44;0;1;0;0;0;17;9;1;26;1;0
1215;696;2;0;24;51;24;51;0;1;0;0;0;9;9;6;23;1;0
1215;696;3;0;33;55;35;57;0;1;0;0;49;21;11;1;30;3;0
1215;732;1;0;36;75;37;76;0;0;0;0;0;12;21;3;35;1;0
1215;732;2;0;28;57;28;57;0;0;0;0;0;4;15;9;28;0;0
1215;732;3;0;31;67;34;70;0;0;0;0;11;13;14;4;31;0;0
1216;131;1;0;6;9;46;53;1;1;0;0;263;6;0;0;4;0;2
1216;131;2;0;26;46;30;50;1;4;0;0;49;23;3;0;17;6;3
1216;131;3;0;18;24;24;33;1;1;1;0;130;18;0;0;15;2;1
1216;131;4;0;20;44;29;53;1;6;0;0;148;17;3;0;18;2;0
1216;131;5;0;18;33;18;33;1;4;1;0;33;17;1;0;17;1;0
1216;672;1;0;1;5;11;19;0;0;0;0;0;1;0;0;1;0;0
1216;672;2;0;24;58;32;66;0;0;0;0;15;18;5;1;14;10;0
1216;672;3;0;15;36;16;37;0;0;0;0;5;13;1;1;15;0;0
1216;672;4;0;23;61;34;73;0;0;0;0;10;12;11;0;12;11;0
1216;672;5;0;11;23;11;23;0;0;0;0;0;9;1;1;9;2;0
1217;388;1;0;24;56;24;56;0;0;0;0;1;5;16;3;24;0;0
1217;388;2;0;25;70;25;70;0;0;0;0;0;12;11;2;25;0;0
1217;388;3;0;45;83;45;83;0;0;0;0;0;28;15;2;45;0;0
1217;388;4;0;39;88;39;88;0;0;0;0;0;22;14;3;38;1;0
1217;388;5;0;49;105;49;105;0;0;0;0;0;37;11;1;47;2;0
1217;462;1;0;31;43;31;43;0;0;0;0;0;4;17;10;30;1;0
1217;462;2;0;32;49;32;49;0;0;0;0;0;2;16;14;32;0;0
1217;462;3;0;34;54;34;54;0;0;0;0;0;7;17;10;34;0;0
1217;462;4;0;29;53;29;53;0;0;0;0;0;9;13;7;29;0;0
1217;462;5;0;32;67;32;67;0;0;0;0;0;6;21;5;32;0;0
1218;468;1;0;8;17;8;17;0;0;1;0;16;5;3;0;8;0;0
1218;286;1;0;8;18;9;19;0;0;0;0;31;5;3;0;6;0;2
1219;493;1;0;16;51;21;58;1;1;0;1;70;12;4;0;14;0;2
1219;493;2;0;34;65;50;83;3;3;0;0;124;22;8;4;16;3;15
1219;493;3;0;58;108;67;118;1;1;0;0;23;44;12;2;48;6;4
1219;556;1;0;34;72;40;78;1;1;0;0;29;26;4;4;32;0;2
1219;556;2;0;21;43;30;52;0;0;0;0;27;19;1;1;20;0;1
1219;556;3;0;41;95;41;95;0;0;0;0;0;29;8;4;39;2;0
1220;469;1;0;34;71;35;72;0;0;0;0;0;24;2;8;33;1;0
1220;469;2;0;8;18;15;25;0;0;2;1;32;7;1;0;4;0;4
1220;469;3;0;25;52;39;69;0;0;0;0;10;19;2;4;24;1;0
1220;662;1;0;9;34;9;34;0;1;0;0;7;2;3;4;9;0;0
1220;662;2;0;3;7;19;25;3;5;1;0;232;2;0;1;2;0;1
1220;662;3;0;14;35;14;35;1;1;0;0;94;4;0;10;13;1;0
1221;271;1;0;23;42;28;47;0;0;0;0;0;4;7;12;23;0;0
1221;271;2;0;20;36;52;69;0;0;0;0;0;7;11;2;16;4;0
1221;271;3;0;15;27;34;46;0;0;0;0;0;7;6;2;12;2;1
1221;399;1;1;18;31;23;36;2;3;0;0;121;13;4;1;12;0;6
1221;399;2;0;9;19;17;31;1;3;0;0;178;8;0;1;9;0;0
1221;399;3;0;14;21;34;47;2;3;0;0;220;13;1;0;11;0;3
1222;554;1;0;1;2;2;3;1;2;2;0;127;0;1;0;1;0;0
1222;789;1;0;1;1;1;1;0;0;0;0;0;0;0;1;1;0;0
1223;396;1;0;7;11;34;40;1;1;0;0;282;6;1;0;1;0;6
1223;396;2;0;17;25;51;66;1;1;0;0;271;15;1;1;2;0;15
1223;396;3;0;22;34;61;84;1;1;0;0;273;18;4;0;4;1;17
1223;759;1;0;2;2;6;6;0;1;1;0;14;2;0;0;0;0;2
1223;759;2;0;4;6;10;13;0;0;0;0;0;3;0;1;3;0;1
1223;759;3;0;6;11;11;16;0;1;0;0;0;5;1;0;3;1;2
1224;552;1;0;18;46;18;46;0;0;0;0;0;14;1;3;16;2;0
1224;552;2;0;14;52;14;52;0;0;0;0;0;11;0;3;14;0;0
1224;552;3;0;2;6;8;13;0;1;0;1;110;2;0;0;2;0;0
1224;354;1;0;30;73;35;78;0;0;0;0;10;17;6;7;26;2;2
1224;354;2;0;34;84;34;84;0;0;0;0;0;18;11;5;33;1;0
1224;354;3;0;2;7;20;26;1;1;0;1;174;1;1;0;1;0;1
1225;780;1;0;24;47;24;47;0;0;0;0;0;19;5;0;21;3;0
1225;780;2;0;26;40;26;40;1;1;0;0;6;19;7;0;26;0;0
1225;780;3;0;33;56;43;66;0;1;0;0;2;32;1;0;31;1;1
1225;781;1;0;29;63;29;63;0;0;0;0;0;22;4;3;28;1;0
1225;781;2;0;31;67;34;71;1;1;0;0;15;27;2;2;29;0;2
1225;781;3;0;35;71;38;76;2;4;0;0;57;34;1;0;34;0;1
1226;538;1;0;14;17;30;35;3;3;0;2;188;8;2;4;3;3;8
1226;538;2;1;9;15;15;22;1;2;0;0;20;3;4;2;6;1;2
1226;538;3;0;19;30;23;34;2;6;0;0;50;5;9;5;15;4;0
1226;426;1;0;3;6;32;35;0;0;0;3;73;1;2;0;1;1;1
1226;426;2;0;3;10;64;83;0;0;1;1;199;2;0;1;2;0;1
1226;426;3;0;21;48;34;61;0;0;0;0;39;6;6;9;21;0;0
1227;311;1;0;7;20;7;20;0;0;0;0;0;6;1;0;7;0;0
1227;311;2;0;8;24;8;24;1;1;0;0;9;3;5;0;8;0;0
1227;311;3;0;17;32;17;32;0;1;0;0;0;11;6;0;17;0;0
1227;92;1;0;17;29;17;29;0;0;0;0;0;4;1;12;17;0;0
1227;92;2;0;13;29;13;29;0;0;0;0;0;3;2;8;13;0;0
1227;92;3;0;21;42;22;43;0;1;0;0;9;7;4;10;19;2;0
1228;139;1;0;25;53;25;53;0;0;0;0;0;14;2;9;24;1;0
1228;139;2;0;17;44;17;44;0;0;0;0;0;5;5;7;17;0;0
1228;139;3;0;11;42;11;42;0;0;0;0;17;5;2;4;10;1;0
1228;139;4;0;15;56;15;56;0;0;0;0;0;7;4;4;15;0;0
1228;139;5;0;11;47;11;47;0;0;0;0;0;7;2;2;11;0;0
1228;501;1;0;34;62;38;66;0;0;0;0;14;26;6;2;32;0;2
1228;501;2;0;41;75;56;93;1;1;0;0;86;36;4;1;37;4;0
1228;501;3;0;48;79;52;86;1;3;0;0;85;40;6;2;43;5;0
1228;501;4;0;59;93;65;99;0;0;0;0;25;42;7;10;58;1;0
1228;501;5;0;38;55;48;66;2;2;0;0;109;28;4;6;35;3;0
1229;374;1;1;12;20;12;20;0;0;0;0;1;5;2;5;11;0;1
1229;355;1;0;14;30;14;30;0;0;0;0;0;10;1;3;14;0;0
1230;420;1;0;5;5;34;37;0;1;0;0;200;1;4;0;1;4;0
1230;420;2;0;15;20;28;35;3;3;0;1;222;1;12;2;2;13;0
1230;420;3;0;23;27;48;62;2;2;0;0;191;7;15;1;3;18;2
1230;152;1;0;2;2;9;10;0;4;0;0;66;0;2;0;0;2;0
1230;152;2;0;0;3;4;8;1;2;0;0;61;0;0;0;0;0;0
1230;152;3;0;1;1;2;2;0;2;0;0;97;0;1;0;0;1;0
1231;265;1;1;36;56;36;58;0;0;0;0;17;27;1;8;15;0;21
1231;847;1;0;17;34;17;34;0;0;0;0;0;6;6;5;17;0;0
1232;701;1;0;7;20;14;36;0;2;0;0;0;6;0;1;6;1;0
1232;701;2;0;10;40;11;41;1;5;0;0;4;5;3;2;9;1;0
1232;360;1;0;8;34;15;42;2;2;0;0;123;8;0;0;4;0;4
1232;360;2;0;20;45;24;49;0;4;1;1;63;11;9;0;17;3;0
1233;848;1;1;18;26;20;29;0;1;0;0;48;6;7;5;16;1;1
1233;335;1;0;33;64;41;72;0;0;0;0;2;14;13;6;29;0;4
1234;67;1;0;0;2;1;8;2;3;1;0;210;0;0;0;0;0;0
1234;375;1;0;3;4;4;5;0;0;0;0;0;1;0;2;3;0;0
1235;798;1;0;3;3;32;34;0;0;1;0;0;1;0;2;3;0;0
1235;798;2;0;11;20;17;26;0;0;0;0;53;5;2;4;10;1;0
1235;798;3;0;1;6;1;6;0;0;0;0;0;1;0;0;1;0;0
1235;487;1;0;6;9;72;85;1;1;0;0;273;4;2;0;4;0;2
1235;487;2;0;21;35;45;70;1;1;1;0;145;9;11;1;15;1;5
1235;487;3;0;3;8;3;8;0;0;0;0;0;0;3;0;3;0;0
1236;285;1;0;9;20;30;57;3;3;0;0;210;5;4;0;5;2;2
1236;285;2;0;8;15;48;76;1;1;0;0;255;8;0;0;1;0;7
1236;285;3;0;5;9;20;35;2;3;0;0;251;2;3;0;3;0;2
1236;849;1;0;8;24;8;24;0;0;0;0;6;4;3;1;8;0;0
1236;849;2;0;3;7;3;7;0;0;0;0;19;1;0;2;3;0;0
1236;849;3;0;5;7;6;8;0;0;0;0;12;2;1;2;5;0;0
1237;520;1;0;19;50;24;60;1;1;0;0;82;18;1;0;14;2;3
1237;520;2;1;21;31;27;42;0;1;0;0;151;16;5;0;8;9;4
1237;348;1;0;10;33;32;63;0;0;0;0;0;9;0;1;9;1;0
1237;348;2;0;6;16;14;26;0;0;0;0;0;4;2;0;3;3;0
1238;714;1;0;3;6;49;73;1;2;0;0;250;3;0;0;1;0;2
1238;714;2;0;8;25;24;48;1;1;0;0;125;6;1;1;7;0;1
1238;714;3;0;7;28;34;62;1;1;0;0;121;5;2;0;7;0;0
1238;850;1;0;2;4;9;14;0;0;0;0;20;0;1;1;2;0;0
1238;850;2;0;19;50;30;62;0;0;0;0;0;9;3;7;19;0;0
1238;850;3;0;16;34;31;50;0;1;0;0;10;6;6;4;16;0;0
1239;688;1;0;43;99;43;99;0;0;0;0;0;25;7;11;43;0;0
1239;688;2;0;36;112;37;113;0;1;0;0;0;24;10;2;34;2;0
1239;688;3;0;30;82;46;99;0;2;0;0;0;27;1;2;29;1;0
1239;851;1;0;30;54;30;54;0;0;0;0;0;15;5;10;30;0;0
1239;851;2;0;60;83;60;83;0;0;0;0;0;37;10;13;60;0;0
1239;851;3;0;53;77;57;81;0;0;0;0;46;34;7;12;50;0;3
1240;326;1;0;9;17;15;23;1;2;0;1;100;5;4;0;4;5;0
1240;326;2;0;17;35;17;35;0;2;0;0;95;14;3;0;9;8;0
1240;326;3;1;15;23;15;23;0;0;0;0;8;14;1;0;2;0;13
1240;790;1;0;15;23;48;62;1;1;0;0;157;8;5;2;4;4;7
1240;790;2;0;12;15;24;27;0;0;0;0;129;8;2;2;4;2;6
1240;790;3;0;0;3;0;3;0;0;0;0;0;0;0;0;0;0;0
1241;392;1;0;8;23;8;23;2;2;0;0;76;5;2;1;4;0;4
1241;392;2;0;14;27;23;37;2;2;0;0;102;8;5;1;7;0;7
1241;392;3;1;64;106;82;127;0;0;0;1;152;57;7;0;4;0;60
1241;56;1;0;7;22;11;27;0;0;0;0;0;4;3;0;7;0;0
1241;56;2;0;8;21;15;28;0;0;0;0;0;3;5;0;8;0;0
1241;56;3;0;16;29;17;32;0;0;0;1;34;10;5;1;8;1;7
1242;9;1;0;1;4;1;4;0;0;0;0;0;1;0;0;1;0;0
1242;460;1;1;7;11;7;11;0;0;0;0;2;7;0;0;5;0;2
1243;157;1;0;21;65;28;73;0;0;0;0;0;15;6;0;21;0;0
1243;157;2;0;40;79;49;88;1;1;0;0;25;31;8;1;38;0;2
1243;157;3;0;62;97;74;111;2;2;0;0;107;48;14;0;35;0;27
1243;199;1;1;30;60;35;66;0;0;0;0;76;21;7;2;24;0;6
1243;199;2;0;16;48;19;51;3;4;0;0;55;12;1;3;16;0;0
1243;199;3;0;6;29;6;29;1;1;0;0;15;1;3;2;6;0;0
1244;852;1;0;18;49;18;49;0;0;0;0;0;11;4;3;18;0;0
1244;852;2;0;32;73;32;73;0;0;0;0;4;16;11;5;31;1;0
1244;852;3;0;32;75;35;78;0;0;0;0;8;16;13;3;30;2;0
1244;96;1;0;31;63;31;63;0;0;0;0;0;18;3;10;31;0;0
1244;96;2;0;31;71;31;71;0;0;0;0;0;16;9;6;29;2;0
1244;96;3;0;39;92;39;92;0;0;0;0;0;27;7;5;38;1;0
1245;33;1;0;6;10;34;49;1;1;1;0;272;5;0;1;2;0;4
1245;33;2;0;25;54;42;76;1;2;0;0;164;22;0;3;8;0;17
1245;33;3;0;21;37;54;79;1;1;0;0;153;17;0;4;5;0;16
1245;14;1;0;2;7;4;11;0;0;0;0;0;2;0;0;2;0;0
1245;14;2;0;13;28;13;31;0;0;0;0;19;7;2;4;13;0;0
1245;14;3;0;11;17;11;17;0;0;0;0;0;2;0;9;11;0;0
1246;234;1;1;32;62;76;123;0;0;1;0;190;28;4;0;3;0;29
1246;234;2;0;30;47;53;94;1;1;1;0;173;30;0;0;1;0;29
1246;599;1;0;2;4;2;4;0;0;0;0;0;1;0;1;2;0;0
1246;599;2;0;0;2;0;2;0;0;0;0;1;0;0;0;0;0;0
1247;260;1;0;5;18;5;18;0;0;0;0;0;3;2;0;3;2;0
1247;140;1;1;5;12;5;12;0;0;0;0;3;3;1;1;4;1;0
1248;236;1;0;25;76;26;77;1;3;0;0;7;12;5;8;23;2;0
1248;236;2;0;10;27;32;50;0;5;0;0;181;7;1;2;10;0;0
1248;236;3;0;19;40;36;59;0;2;0;0;127;13;3;3;15;4;0
1248;601;1;0;42;107;47;112;0;0;0;0;0;32;4;6;36;6;0
1248;601;2;0;15;47;21;53;0;0;0;0;0;11;0;4;13;2;0
1248;601;3;0;23;65;24;66;0;2;0;0;4;21;2;0;21;2;0
1249;163;1;0;38;91;43;96;1;5;0;0;100;24;3;11;35;3;0
1249;163;2;0;51;95;54;98;0;5;0;0;23;27;12;12;46;5;0
1249;163;3;0;27;63;32;71;0;2;0;0;123;13;3;11;27;0;0
1249;647;1;0;38;78;45;85;0;0;0;1;0;33;4;1;36;2;0
1249;647;2;0;31;84;32;85;0;1;1;0;0;29;2;0;31;0;0
1249;647;3;0;27;63;30;66;0;0;0;0;0;26;1;0;27;0;0
1250;143;1;0;19;40;22;44;0;0;0;0;0;5;5;9;19;0;0
1250;143;2;1;32;74;37;80;0;0;0;0;19;19;4;9;28;0;4
1250;143;3;0;19;54;29;64;0;0;0;0;0;12;3;4;19;0;0
1250;795;1;0;17;47;17;47;0;3;0;0;35;3;6;8;15;2;0
1250;795;2;0;20;38;22;40;0;3;0;0;27;6;5;9;20;0;0
1250;795;3;0;11;43;11;43;0;5;0;0;70;6;4;1;11;0;0
1251;49;1;0;9;24;10;25;0;2;0;0;94;8;1;0;5;4;0
1251;49;2;0;8;18;10;20;0;0;0;0;72;5;3;0;4;4;0
1251;49;3;0;10;21;18;31;0;0;0;0;143;6;4;0;6;0;4
1251;632;1;0;14;24;26;36;0;0;0;0;1;10;0;4;11;3;0
1251;632;2;0;15;35;21;41;0;0;0;0;0;10;2;3;12;3;0
1251;632;3;0;7;19;22;36;0;0;0;0;0;2;1;4;7;0;0
1252;2;1;0;30;55;34;59;2;5;0;0;120;17;7;6;20;2;8
1252;2;2;0;23;48;27;53;3;6;0;0;85;16;5;2;16;5;2
1252;2;3;0;34;57;37;60;3;3;0;0;113;15;15;4;26;7;1
1252;2;4;0;23;55;23;55;0;1;0;0;11;18;2;3;23;0;0
1252;2;5;0;15;27;22;35;1;4;0;0;166;9;4;2;11;0;4
1252;209;1;0;17;35;19;37;0;0;0;0;8;12;2;3;15;2;0
1252;209;2;0;28;43;33;51;0;1;0;1;13;23;4;1;26;1;1
1252;209;3;0;22;45;26;49;0;0;0;0;0;17;4;1;22;0;0
1252;209;4;0;31;63;31;63;0;3;0;0;0;23;6;2;31;0;0
1252;209;5;0;13;26;20;33;1;2;0;0;11;12;0;1;13;0;0
1253;702;1;0;17;46;17;46;0;0;0;0;0;5;6;6;17;0;0
1253;702;2;0;30;50;30;51;0;0;0;0;0;15;11;4;30;0;0
1253;702;3;0;30;43;54;77;1;2;0;0;105;21;9;0;23;5;2
1253;778;1;0;15;34;16;35;0;1;0;0;0;8;1;6;15;0;0
1253;778;2;0;14;38;20;44;0;1;0;0;80;12;2;0;14;0;0
1253;778;3;0;23;46;44;72;0;0;0;0;0;16;6;1;21;1;1
1254;711;1;0;11;20;11;20;0;0;1;0;0;7;0;4;11;0;0
1254;108;1;0;10;22;10;22;1;2;0;0;14;4;4;2;10;0;0
1255;280;1;0;6;10;6;10;0;0;1;0;9;4;2;0;2;0;4
1255;754;1;0;2;3;2;3;0;0;0;0;0;0;1;1;2;0;0
1256;645;1;0;15;29;15;31;0;5;0;0;30;3;8;4;15;0;0
1256;645;2;0;7;19;7;19;0;1;0;0;0;1;4;2;7;0;0
1256;523;1;0;20;30;27;37;0;0;0;0;10;14;2;4;19;1;0
1256;523;2;1;16;20;16;20;0;0;0;0;9;15;1;0;16;0;0
1257;788;1;0;9;17;13;21;0;2;0;0;48;5;3;1;5;4;0
1257;788;2;0;15;23;18;26;0;0;0;0;0;11;4;0;5;10;0
1257;24;1;0;15;31;29;45;0;0;0;0;151;1;2;12;11;4;0
1257;24;2;0;15;25;28;41;1;1;0;0;158;3;2;10;9;6;0
1258;623;1;0;7;18;8;19;0;2;0;0;0;4;1;2;5;2;0
1258;623;2;0;26;61;26;61;0;0;0;0;0;9;11;6;26;0;0
1258;623;3;0;9;32;13;39;0;0;0;0;0;4;3;2;9;0;0
1258;658;1;0;25;36;31;42;1;3;0;0;168;18;6;1;9;9;7
1258;658;2;0;38;72;38;72;0;0;0;0;0;23;13;2;37;1;0
1258;658;3;0;20;28;22;30;1;3;0;0;188;12;4;4;11;3;6
1259;661;1;0;10;19;14;23;0;1;0;1;30;6;1;3;6;0;4
1259;661;2;0;21;34;33;47;0;0;0;0;20;10;4;7;15;2;4
1259;661;3;0;17;38;32;55;3;5;0;1;125;8;2;7;14;0;3
1259;154;1;0;20;35;26;41;2;4;0;0;186;16;2;2;8;0;12
1259;154;2;0;28;49;35;57;2;9;0;0;176;21;7;0;13;0;15
1259;154;3;1;17;35;22;40;1;4;0;0;70;15;1;1;11;3;3
1260;642;1;0;20;30;25;35;0;0;0;0;1;6;7;7;15;5;0
1260;642;2;0;15;20;79;86;0;1;0;0;13;3;10;2;6;9;0
1260;642;3;1;24;43;39;58;0;0;1;0;41;16;4;4;12;8;4
1260;43;1;0;29;54;35;60;0;0;0;0;20;18;8;3;19;10;0
1260;43;2;0;17;23;35;43;0;4;0;0;238;5;11;1;4;13;0
1260;43;3;0;24;46;26;48;0;3;0;0;75;17;3;4;21;3;0
1261;4;1;1;25;40;25;40;0;1;0;0;4;21;0;4;22;1;2
1261;561;1;0;14;38;14;38;0;0;0;0;0;7;4;3;14;0;0
1262;250;1;0;11;17;34;43;1;2;1;0;167;6;2;3;7;0;4
1262;250;2;0;8;17;26;37;1;3;0;1;57;5;2;1;7;1;0
1262;250;3;0;20;37;27;44;0;6;0;0;7;10;10;0;19;1;0
1262;543;1;0;5;23;7;25;0;0;0;1;17;4;0;1;4;0;1
1262;543;2;0;14;44;49;93;1;1;0;2;122;8;2;4;8;0;6
1262;543;3;0;34;89;44;102;0;0;0;0;66;27;6;1;32;1;1
1263;223;1;0;34;66;34;66;0;1;0;0;2;19;2;13;34;0;0
1263;223;2;0;36;75;36;75;0;0;0;0;0;29;4;3;36;0;0
1263;223;3;0;41;75;42;76;1;1;0;0;28;32;7;2;37;2;2
1263;725;1;0;18;47;18;49;1;1;0;0;3;5;5;8;18;0;0
1263;725;2;0;22;54;22;54;0;0;0;0;5;9;3;10;22;0;0
1263;725;3;0;21;41;24;44;0;1;0;0;21;12;6;3;20;0;1
1264;275;1;0;16;45;16;45;0;2;0;0;5;9;2;5;15;1;0
1264;275;2;1;30;41;44;59;0;0;0;0;38;23;0;7;10;0;20
1264;94;1;0;15;38;15;38;0;2;0;0;0;10;4;1;15;0;0
1264;94;2;0;3;18;3;18;0;0;0;0;0;2;1;0;3;0;0
1265;797;1;0;10;31;10;31;0;0;0;0;0;6;2;2;10;0;0
1265;797;2;0;12;24;12;24;0;0;0;0;0;7;2;3;12;0;0
1265;85;1;0;13;35;13;35;0;0;0;0;0;4;4;5;13;0;0
1265;85;2;1;15;36;15;36;0;0;0;0;2;7;4;4;15;0;0
1266;66;1;0;6;10;11;16;1;2;1;0;209;3;2;1;2;2;2
1266;66;2;0;9;28;9;28;0;1;0;0;0;7;1;1;9;0;0
1266;208;1;0;3;8;21;27;0;0;0;0;0;2;0;1;3;0;0
1266;208;2;1;28;40;28;40;0;0;0;0;20;28;0;0;14;0;14
1267;691;1;0;7;13;20;38;0;0;0;0;103;4;2;1;3;1;3
1267;691;2;0;9;18;22;40;0;0;0;0;0;1;4;4;9;0;0
1267;691;3;0;26;50;47;75;0;0;0;0;23;7;16;3;19;7;0
1267;449;1;0;4;17;15;39;1;1;0;0;118;0;2;2;4;0;0
1267;449;2;0;10;20;23;39;2;2;0;0;219;4;3;3;6;0;4
1267;449;3;0;13;38;15;42;2;3;0;0;115;4;4;5;11;2;0
1268;502;1;0;9;19;35;55;1;1;0;0;250;7;2;0;3;0;6
1268;502;2;0;8;18;8;18;0;3;0;0;19;8;0;0;8;0;0
1268;618;1;0;1;2;5;6;0;0;0;0;0;0;0;1;1;0;0
1268;618;2;1;19;31;26;39;0;0;0;0;32;15;4;0;15;4;0
1269;801;1;0;15;41;15;41;1;5;0;0;50;6;6;3;12;0;3
1269;801;2;0;14;18;29;37;3;3;1;1;196;10;2;2;5;0;9
1269;801;3;0;28;70;43;87;1;6;0;0;43;21;5;2;27;1;0
1269;603;1;0;14;23;18;29;0;0;0;1;49;11;1;2;12;2;0
1269;603;2;0;5;10;6;11;0;0;1;3;36;4;1;0;5;0;0
1269;603;3;0;39;71;42;75;0;1;0;1;50;35;4;0;37;2;0
1270;807;1;0;7;17;10;21;0;3;0;0;78;1;5;1;5;2;0
1270;179;1;1;7;12;11;16;0;1;0;0;4;5;1;1;5;1;1
1271;853;1;0;21;39;23;41;0;6;0;0;48;7;3;11;18;3;0
1271;853;2;0;24;51;24;51;0;3;0;0;0;15;2;7;24;0;0
1271;853;3;0;9;19;9;19;0;1;0;0;0;6;1;2;9;0;0
1271;721;1;0;19;30;26;41;0;0;0;0;60;13;4;2;17;2;0
1271;721;2;1;56;115;70;136;0;2;0;0;38;43;11;2;48;0;8
1271;721;3;1;34;60;54;83;0;0;0;0;91;28;6;0;24;0;10
1272;654;1;0;19;57;27;67;1;2;0;0;18;11;3;5;18;1;0
1272;654;2;0;37;85;37;86;0;2;0;0;0;23;11;3;37;0;0
1272;654;3;0;32;64;35;67;2;3;0;0;30;21;8;3;30;2;0
1272;854;1;0;26;59;27;60;0;0;0;0;0;15;4;7;26;0;0
1272;854;2;0;30;81;30;81;0;0;0;0;21;18;6;6;30;0;0
1272;854;3;0;36;70;43;77;0;3;0;0;76;27;6;3;32;4;0
1273;709;1;1;20;55;26;62;0;0;0;0;36;12;7;1;20;0;0
1273;709;2;0;26;61;26;61;0;0;0;0;0;18;4;4;26;0;0
1273;709;3;0;21;67;21;67;0;0;0;0;0;12;7;2;21;0;0
1273;785;1;0;19;40;19;40;0;0;0;0;0;6;6;7;19;0;0
1273;785;2;0;25;53;25;53;0;0;0;0;0;13;7;5;25;0;0
1273;785;3;0;32;66;33;67;0;0;0;0;0;14;12;6;31;1;0
1274;855;1;0;11;21;18;28;1;2;0;0;23;1;2;8;9;2;0
1274;855;2;0;11;36;49;74;0;1;0;0;0;4;2;5;11;0;0
1274;855;3;0;9;20;44;57;1;2;1;1;151;3;1;5;8;0;1
1274;347;1;0;23;31;29;38;1;2;0;0;60;9;7;7;21;1;1
1274;347;2;0;27;41;31;47;0;0;0;0;99;13;9;5;23;3;1
1274;347;3;0;30;44;33;47;0;0;0;1;32;16;12;2;27;3;0
1275;777;1;0;19;40;19;40;0;0;0;0;0;7;2;10;19;0;0
1275;121;1;0;12;26;14;29;3;3;1;0;80;6;1;5;9;2;1
1276;710;1;0;4;10;29;38;1;1;0;1;58;3;1;0;2;1;1
1276;710;2;0;31;60;67;105;1;2;0;0;205;24;7;0;5;1;25
1276;710;3;0;1;3;5;7;1;1;1;0;74;1;0;0;1;0;0
1276;856;1;0;11;21;28;49;1;2;0;1;135;4;5;2;10;1;0
1276;856;2;0;12;28;18;35;0;0;0;0;36;4;5;3;12;0;0
1276;856;3;0;1;3;3;5;0;0;0;0;0;0;0;1;1;0;0
1277;857;1;0;23;69;23;69;0;0;0;0;0;9;4;10;23;0;0
1277;857;2;0;51;104;51;104;0;0;0;0;0;35;3;13;51;0;0
1277;857;3;0;47;122;47;123;0;0;0;0;0;37;6;4;46;1;0
1277;653;1;0;21;66;21;66;0;0;0;0;0;13;6;2;21;0;0
1277;653;2;0;43;116;43;116;0;0;0;0;3;29;12;2;42;1;0
1277;653;3;0;33;130;33;130;0;0;0;0;0;25;8;0;30;3;0
1278;321;1;1;24;30;24;30;0;0;0;0;7;12;6;6;13;0;11
1278;682;1;0;12;22;12;22;0;0;0;0;0;1;3;8;12;0;0
1279;594;1;0;17;30;20;33;1;1;1;0;64;9;4;4;13;0;4
1279;594;2;0;54;59;66;71;1;1;1;0;231;51;1;2;6;0;48
1279;594;3;0;12;25;39;56;0;3;0;0;17;4;5;3;8;4;0
1279;594;4;0;19;33;59;86;2;2;0;0;222;16;3;0;5;0;14
1279;594;5;0;4;10;72;81;2;2;0;0;230;4;0;0;2;0;2
1279;81;1;0;7;23;7;23;1;1;0;0;20;6;0;1;5;1;1
1279;81;2;0;4;13;7;16;0;0;0;1;10;4;0;0;4;0;0
1279;81;3;1;26;34;33;41;2;2;0;0;102;7;3;16;9;2;15
1279;81;4;0;4;10;10;16;0;0;0;0;8;4;0;0;4;0;0
1279;81;5;0;2;5;16;20;0;0;0;0;0;0;1;1;2;0;0
1280;320;1;0;12;26;12;26;0;0;0;0;0;4;2;6;12;0;0
1280;320;2;0;18;26;18;26;0;0;0;0;0;6;3;9;18;0;0
1280;320;3;0;20;38;20;38;0;0;0;0;0;5;9;6;20;0;0
1280;320;4;0;35;60;35;60;0;0;0;0;0;18;11;6;35;0;0
1280;320;5;0;18;49;18;49;0;0;0;0;0;11;1;6;18;0;0
1280;252;1;0;25;39;25;39;0;0;0;0;0;10;5;10;25;0;0
1280;252;2;0;30;53;30;53;0;0;0;0;0;4;13;13;30;0;0
1280;252;3;0;29;53;29;53;0;0;0;0;0;6;13;10;29;0;0
1280;252;4;0;35;61;35;61;0;0;0;0;0;15;9;11;35;0;0
1280;252;5;1;62;103;62;103;0;0;0;0;0;27;22;13;62;0;0
1281;522;1;0;9;11;12;14;0;0;1;0;104;5;1;3;3;2;4
1281;522;2;0;5;9;14;20;0;0;1;0;0;4;1;0;2;1;2
1281;522;3;0;5;17;7;19;0;0;2;1;48;2;3;0;2;3;0
1281;3;1;0;9;16;19;32;0;0;0;1;162;6;2;1;3;1;5
1281;3;2;0;22;36;38;54;1;2;0;0;229;19;3;0;9;1;12
1281;3;3;0;18;31;18;31;1;2;0;0;130;12;5;1;11;1;6
1282;328;1;0;5;7;24;28;2;4;0;0;265;5;0;0;1;0;4
1282;328;2;0;3;6;21;31;1;2;2;0;180;1;2;0;2;0;1
1282;380;1;0;2;6;16;20;0;0;0;0;3;0;2;0;1;1;0
1282;380;2;0;2;6;17;21;0;0;0;0;0;1;1;0;1;1;0
1283;459;1;0;16;38;16;38;0;0;0;0;3;10;2;4;15;1;0
1283;459;2;0;53;80;53;80;1;1;0;0;35;46;3;4;30;6;17
1283;183;1;0;36;69;36;69;0;0;0;0;0;19;0;17;35;1;0
1283;183;2;0;22;40;22;40;0;0;0;0;0;15;1;6;21;1;0
1284;677;1;0;6;23;10;27;0;0;0;0;0;6;0;0;5;1;0
1284;677;2;0;2;5;4;7;0;0;0;0;0;1;1;0;2;0;0
1284;677;3;0;0;1;5;6;0;0;0;0;5;0;0;0;0;0;0
1284;423;1;0;15;33;16;35;4;7;0;0;111;4;3;8;12;1;2
1284;423;2;0;14;20;30;37;2;3;0;0;250;4;7;3;9;4;1
1284;423;3;0;10;18;43;56;2;3;0;0;282;4;5;1;2;0;8
1285;858;1;0;1;6;6;11;0;1;0;0;15;1;0;0;0;0;1
1285;858;2;0;1;6;1;6;0;0;0;0;0;0;1;0;1;0;0
1285;690;1;0;46;62;56;73;1;3;0;0;229;43;2;1;4;1;41
1285;690;2;0;5;9;12;18;1;2;1;0;62;3;2;0;2;2;1
1286;697;1;0;2;5;2;5;0;0;0;0;0;1;0;1;2;0;0
1286;330;1;2;26;32;29;35;0;0;0;0;34;21;2;3;3;5;18
1287;135;1;1;9;25;9;25;0;0;0;0;2;4;2;3;9;0;0
1287;135;2;0;7;15;7;15;0;0;0;0;0;6;1;0;6;1;0
1287;475;1;0;8;16;32;45;1;3;0;0;172;6;2;0;4;0;4
1287;475;2;0;28;51;55;83;1;3;0;0;178;26;1;1;7;1;20
1288;657;1;0;14;23;49;63;0;0;0;0;164;2;1;11;11;0;3
1288;657;2;0;42;86;42;86;0;0;0;0;23;21;8;13;35;7;0
1288;657;3;0;33;71;33;71;1;1;0;0;46;12;5;16;33;0;0
1288;708;1;0;16;36;27;48;0;0;0;0;0;9;4;3;16;0;0
1288;708;2;0;35;107;35;107;0;0;0;0;0;34;1;0;33;2;0
1288;708;3;0;31;85;32;86;0;0;1;0;0;27;4;0;28;3;0
1289;259;1;0;43;83;43;83;0;0;0;0;0;26;12;5;43;0;0
1289;259;2;0;61;115;61;115;0;0;0;0;0;45;13;3;60;1;0
1289;259;3;1;82;121;83;122;1;1;0;0;54;65;15;2;64;6;12
1289;397;1;0;17;46;17;46;0;0;0;0;0;9;2;6;17;0;0
1289;397;2;0;20;53;20;53;0;0;0;0;0;9;3;8;20;0;0
1289;397;3;0;20;45;21;46;0;0;0;0;1;11;5;4;18;2;0
1290;349;1;0;9;15;9;15;0;3;0;0;4;5;2;2;7;2;0
1290;349;2;0;4;4;12;12;1;2;2;0;219;4;0;0;1;0;3
1290;264;1;0;14;26;15;27;0;0;0;0;2;4;0;10;14;0;0
1290;264;2;0;2;5;3;6;0;0;0;0;0;2;0;0;2;0;0
1291;334;1;0;22;40;24;42;1;1;0;0;77;12;7;3;22;0;0
1291;334;2;0;29;66;29;66;0;1;0;0;7;20;6;3;28;1;0
1291;334;3;0;23;42;31;52;1;1;0;0;123;14;4;5;22;1;0
1291;334;4;0;25;39;28;44;2;3;0;0;84;16;6;3;25;0;0
1291;334;5;0;13;35;16;38;2;7;0;0;74;10;2;1;11;2;0
1291;511;1;0;13;41;16;44;0;0;0;0;5;8;5;0;13;0;0
1291;511;2;0;46;80;46;80;0;0;0;0;0;36;8;2;46;0;0
1291;511;3;0;23;45;23;45;0;0;0;0;0;18;5;0;22;1;0
1291;511;4;0;21;44;21;44;0;0;0;1;5;17;3;1;21;0;0
1291;511;5;0;21;31;35;48;0;0;0;1;68;17;4;0;20;1;0
1292;427;1;0;8;27;10;31;0;0;0;0;3;4;1;3;8;0;0
1292;427;2;0;19;49;19;49;0;0;0;0;0;11;5;3;19;0;0
1292;427;3;1;5;11;27;39;0;0;0;0;139;5;0;0;2;0;3
1292;779;1;0;10;21;36;49;1;4;0;0;155;3;2;5;8;2;0
1292;779;2;0;23;52;33;65;1;1;0;0;82;13;4;6;20;3;0
1292;779;3;0;9;12;16;21;1;2;0;0;141;4;4;1;2;6;1
1293;63;1;0;10;24;19;37;0;1;1;1;57;7;3;0;7;3;0
1293;63;2;0;33;61;35;63;1;3;0;0;24;20;11;2;32;1;0
1293;63;3;0;6;19;21;39;1;1;0;0;141;3;2;1;6;0;0
1293;598;1;0;16;29;25;44;1;6;0;0;150;5;2;9;7;9;0
1293;598;2;0;32;67;32;67;0;2;0;0;1;19;5;8;29;3;0
1293;598;3;0;23;41;64;88;0;0;0;1;67;18;3;2;14;0;9
1294;39;1;1;40;68;40;69;0;0;0;0;15;26;8;6;33;7;0
1294;859;1;0;17;45;18;46;0;1;0;0;10;7;3;7;16;1;0
1295;60;1;0;19;41;19;43;1;2;0;0;65;10;2;7;17;1;1
1295;60;2;0;24;45;33;58;1;1;0;0;76;18;4;2;14;8;2
1295;60;3;0;4;11;10;17;0;0;0;0;54;4;0;0;3;1;0
1295;636;1;0;27;50;43;66;1;1;0;0;11;7;9;11;22;5;0
1295;636;2;0;24;39;35;53;1;5;0;0;109;11;9;4;16;8;0
1295;636;3;0;3;11;22;34;2;4;0;1;221;2;0;1;2;0;1
1296;686;1;0;22;52;22;52;0;0;0;0;0;3;13;6;22;0;0
1296;686;2;0;20;41;36;61;0;2;0;0;192;7;8;5;12;0;8
1296;686;3;0;18;67;20;71;1;4;0;0;8;4;8;6;18;0;0
1296;556;1;0;12;50;12;50;0;0;0;0;0;8;2;2;12;0;0
1296;556;2;0;9;28;12;34;0;0;1;0;0;6;3;0;9;0;0
1296;556;3;0;17;63;18;65;0;0;0;0;0;12;4;1;17;0;0
1297;217;1;0;12;18;21;33;2;2;0;0;196;9;0;3;4;1;7
1297;217;2;0;16;35;17;36;1;1;0;0;58;9;3;4;15;1;0
1297;217;3;0;5;14;18;32;1;2;0;1;185;1;3;1;4;0;1
1297;675;1;0;16;27;52;67;0;0;0;0;0;4;4;8;16;0;0
1297;675;2;0;32;56;39;71;0;0;0;0;11;19;8;5;30;2;0
1297;675;3;0;10;19;44;62;0;0;0;1;32;4;4;2;9;1;0
1298;425;1;0;0;5;15;22;2;2;0;0;229;0;0;0;0;0;0
1298;425;2;0;8;18;28;41;1;3;0;0;104;3;5;0;1;5;2
1298;425;3;0;3;6;6;13;3;3;0;0;271;3;0;0;3;0;0
1298;860;1;0;3;4;23;26;0;0;0;0;9;0;1;2;3;0;0
1298;860;2;0;9;20;32;48;0;0;0;0;132;4;5;0;1;8;0
1298;860;3;0;4;9;36;52;0;0;0;0;0;3;1;0;4;0;0
1299;722;1;0;11;18;21;32;1;4;0;0;205;5;3;3;9;2;0
1299;722;2;0;14;36;16;38;0;5;0;0;110;10;0;4;14;0;0
1299;722;3;0;17;52;21;58;0;4;0;0;115;12;3;2;13;4;0
1299;794;1;0;12;26;21;35;0;0;0;0;0;4;3;5;10;2;0
1299;794;2;0;24;45;27;54;0;0;0;0;24;13;5;6;20;4;0
1299;794;3;1;32;53;36;59;0;0;0;0;25;14;13;5;27;5;0
1300;803;1;0;6;16;26;41;4;8;0;0;165;6;0;0;2;0;4
1300;803;2;0;8;23;13;28;5;11;0;0;196;7;1;0;8;0;0
1300;296;1;0;6;12;8;15;1;2;0;0;57;1;0;5;2;4;0
1300;296;2;0;13;23;21;32;1;2;1;0;37;9;1;3;11;1;1
1301;742;1;0;1;2;6;8;2;4;0;0;272;0;1;0;1;0;0
1301;742;2;0;0;3;0;3;1;2;0;0;81;0;0;0;0;0;0
1301;271;1;0;1;2;43;46;0;0;0;0;0;0;0;1;1;0;0
1301;271;2;0;28;36;44;55;0;0;0;0;12;21;7;0;6;19;3
1302;309;1;0;7;17;8;20;1;3;0;0;202;6;1;0;5;2;0
1302;309;2;0;4;7;5;8;0;1;0;0;118;3;1;0;4;0;0
1302;73;1;0;19;28;30;45;0;0;0;1;15;9;8;2;10;9;0
1302;73;2;1;17;23;30;38;0;0;0;0;15;8;5;4;9;6;2
1303;597;1;0;21;58;22;60;0;0;1;0;27;14;3;4;21;0;0
1303;597;2;0;21;77;22;78;0;1;0;0;0;11;6;4;19;2;0
1303;597;3;0;24;68;24;69;0;1;0;0;0;15;6;3;21;3;0
1303;597;4;0;37;98;38;99;0;1;0;0;0;22;8;7;37;0;0
1303;597;5;0;27;85;29;88;0;0;0;0;21;18;2;7;26;1;0
1303;31;1;0;28;57;30;59;1;1;0;0;46;25;2;1;25;3;0
1303;31;2;0;27;61;27;62;0;0;0;0;2;18;6;3;26;1;0
1303;31;3;0;29;70;29;70;0;0;0;0;5;24;3;2;29;0;0
1303;31;4;0;46;85;47;86;0;3;0;0;0;40;3;3;46;0;0
1303;31;5;0;42;86;48;92;0;0;0;0;0;36;4;2;41;1;0
1304;147;1;0;15;42;15;42;0;2;0;0;9;4;4;7;15;0;0
1304;147;2;0;6;21;7;23;0;1;0;0;0;3;0;3;6;0;0
1304;392;1;0;15;43;15;43;0;0;0;0;0;7;3;5;15;0;0
1304;392;2;0;40;88;48;99;0;0;0;0;49;35;3;2;6;0;34
1305;767;1;0;20;30;32;46;1;2;0;0;189;9;2;9;6;5;9
1305;767;2;0;45;64;45;64;0;2;0;0;0;25;12;8;45;0;0
1305;767;3;1;10;17;11;19;0;0;0;0;6;10;0;0;5;0;5
1305;703;1;0;4;8;4;8;0;0;0;0;0;3;1;0;4;0;0
1305;703;2;0;19;63;19;63;0;0;0;0;0;18;1;0;18;1;0
1305;703;3;0;7;17;7;17;0;0;0;0;0;7;0;0;7;0;0
1306;56;1;1;12;32;12;32;0;0;0;0;4;11;1;0;11;0;1
1306;434;1;0;1;16;1;16;0;0;0;0;0;1;0;0;1;0;0
1307;830;1;0;30;58;44;73;0;0;0;0;0;11;11;8;30;0;0
1307;495;1;0;32;59;40;68;0;0;0;0;48;20;6;6;28;4;0
1308;141;1;0;23;34;29;44;0;0;0;0;0;1;5;17;19;4;0
1308;141;2;0;15;21;37;48;0;0;0;0;32;5;4;6;9;6;0
1308;141;3;0;26;43;30;47;0;2;0;0;21;11;9;6;18;8;0
1308;646;1;0;16;43;17;44;0;0;0;0;137;12;0;4;15;1;0
1308;646;2;0;9;21;11;25;0;3;0;0;157;5;4;0;8;1;0
1308;646;3;0;5;29;12;36;0;4;0;0;107;4;1;0;5;0;0
1309;466;1;1;37;76;37;76;0;0;0;0;5;34;3;0;24;9;4
1309;117;1;0;39;78;39;78;0;0;0;0;1;24;13;2;36;3;0
1310;477;1;0;12;45;18;53;1;4;0;0;107;12;0;0;12;0;0
1310;477;2;0;5;21;38;63;0;1;0;1;151;5;0;0;5;0;0
1310;477;3;0;13;42;30;64;1;4;3;0;137;10;3;0;13;0;0
1310;471;1;0;13;34;17;38;0;0;0;0;22;9;4;0;10;3;0
1310;471;2;0;9;26;15;40;0;0;0;1;57;6;1;2;7;1;1
1310;471;3;0;16;35;18;38;0;0;0;0;33;10;6;0;13;3;0
1311;861;1;0;10;38;10;38;0;1;0;0;6;5;5;0;9;1;0
1311;861;2;2;19;41;19;41;0;0;0;0;2;14;4;1;11;8;0
1311;819;1;0;11;37;16;43;0;5;0;0;50;7;3;1;10;1;0
1311;819;2;0;4;20;4;20;0;1;0;0;26;2;2;0;3;1;0
1312;197;1;0;38;85;38;85;0;0;0;0;0;17;10;11;37;1;0
1312;197;2;0;37;98;38;99;0;0;0;0;0;21;7;9;36;1;0
1312;197;3;1;8;18;8;18;0;0;0;0;7;6;1;1;4;0;4
1312;699;1;0;24;58;24;58;0;0;0;0;0;13;5;6;24;0;0
1312;699;2;0;36;76;38;78;1;3;0;0;40;24;9;3;33;1;2
1312;699;3;0;0;4;0;4;0;0;0;0;0;0;0;0;0;0;0
1313;582;1;0;17;53;17;53;0;0;0;0;1;11;0;6;15;1;1
1313;582;2;0;44;96;46;99;0;0;0;0;0;36;3;5;38;6;0
1313;582;3;1;13;31;13;31;0;0;0;0;1;10;1;2;12;1;0
1313;862;1;0;21;49;21;50;0;2;0;0;5;10;5;6;20;1;0
1313;862;2;0;23;74;26;77;0;6;0;0;13;17;4;2;19;4;0
1313;862;3;0;11;34;11;35;0;0;0;0;0;9;2;0;10;1;0
1314;381;1;0;10;33;10;34;1;1;0;0;13;4;2;4;9;1;0
1314;381;2;0;3;9;3;9;0;1;0;0;0;2;0;1;3;0;0
1314;414;1;0;15;32;16;33;0;2;0;0;28;12;3;0;15;0;0
1314;414;2;0;5;8;5;8;0;1;0;0;4;4;1;0;2;0;3
1315;536;1;0;46;129;46;129;0;0;0;0;0;18;19;9;46;0;0
1315;536;2;0;17;38;21;42;0;0;0;0;9;9;7;1;15;2;0
1315;536;3;0;25;67;28;70;0;0;0;0;0;17;6;2;19;6;0
1315;733;1;0;35;89;35;89;0;0;0;0;0;29;5;1;35;0;0
1315;733;2;0;51;89;59;107;1;1;0;0;199;47;2;2;16;1;34
1315;733;3;0;54;90;54;90;2;3;0;0;83;36;11;7;46;8;0
1316;668;1;0;16;47;30;63;2;3;0;0;18;8;2;6;14;2;0
1316;668;2;0;15;49;22;57;0;2;0;0;0;7;3;5;14;1;0
1316;668;3;0;18;50;31;70;2;3;0;0;80;10;3;5;15;0;3
1316;668;4;0;10;39;29;66;0;0;0;0;0;3;2;5;10;0;0
1316;668;5;0;24;85;25;86;0;0;0;0;0;11;9;4;23;1;0
1316;570;1;0;23;34;35;55;0;0;0;1;115;6;16;1;16;7;0
1316;570;2;0;19;39;43;65;0;1;0;0;120;12;6;1;18;1;0
1316;570;3;0;19;36;20;38;0;0;0;0;24;11;7;1;17;2;0
1316;570;4;0;7;25;45;68;1;1;0;0;160;4;3;0;7;0;0
1316;570;5;0;25;54;26;55;0;1;0;0;0;12;12;1;23;2;0
1317;824;1;0;12;16;35;51;4;4;0;0;238;7;2;3;6;3;3
1317;824;2;0;20;34;54;81;1;2;1;0;165;15;4;1;10;0;10
1317;824;3;0;8;11;34;44;2;6;0;0;228;4;1;3;3;0;5
1317;744;1;0;6;12;6;12;0;0;0;0;0;4;2;0;5;0;1
1317;744;2;0;9;15;14;20;0;0;0;0;0;5;4;0;9;0;0
1317;744;3;0;6;16;7;18;0;0;0;0;0;6;0;0;4;2;0
1318;19;1;1;27;43;31;51;1;3;0;0;49;19;2;6;16;1;10
1318;863;1;0;15;46;20;54;0;0;0;1;75;7;2;6;12;3;0
1319;580;1;0;59;105;63;111;0;1;0;0;16;32;21;6;53;6;0
1319;580;2;1;20;24;20;24;0;0;0;0;14;20;0;0;1;0;19
1319;715;1;0;31;62;33;64;0;3;0;0;0;13;11;7;30;1;0
1319;715;2;0;0;2;0;2;0;0;0;0;0;0;0;0;0;0;0
1320;158;1;0;8;40;15;51;0;0;0;0;21;6;0;2;8;0;0
1320;158;2;0;2;10;11;23;0;0;0;0;0;2;0;0;2;0;0
1320;424;1;0;31;49;33;52;1;1;1;0;93;17;5;9;26;0;5
1320;424;2;0;2;7;4;10;1;1;1;0;82;1;0;1;2;0;0
1321;762;1;1;34;61;35;64;0;0;1;0;47;24;6;4;17;0;17
1321;864;1;0;5;13;7;15;0;0;0;0;0;1;2;2;5;0;0
1322;695;1;0;5;14;43;58;0;0;0;0;0;1;2;2;4;0;1
1322;695;2;0;20;42;39;67;0;0;0;0;10;5;7;8;16;3;1
1322;695;3;0;4;12;47;63;0;0;0;0;0;3;0;1;4;0;0
1322;755;1;0;1;11;68;94;1;1;0;0;252;1;0;0;1;0;0
1322;755;2;0;26;41;75;119;1;2;0;0;172;15;4;7;19;2;5
1322;755;3;0;8;14;82;107;1;1;0;0;245;6;0;2;8;0;0
1323;619;1;0;7;17;12;23;2;3;0;0;87;5;1;1;6;0;1
1323;494;1;0;4;11;11;21;0;0;1;0;0;2;2;0;4;0;0
1324;173;1;0;5;19;14;29;0;1;0;0;135;3;1;1;4;1;0
1324;173;2;0;11;23;25;43;1;2;0;1;114;9;1;1;7;3;1
1324;173;3;0;9;37;25;65;1;5;0;0;140;6;3;0;9;0;0
1324;228;1;0;4;22;16;39;0;2;0;0;19;3;0;1;3;1;0
1324;228;2;0;2;8;12;21;1;4;0;0;96;0;1;1;1;1;0
1324;228;3;0;12;32;24;48;0;1;0;0;0;6;3;3;12;0;0
1325;825;1;0;39;71;40;72;0;0;0;0;0;15;13;11;39;0;0
1325;825;2;1;33;72;33;72;0;0;0;0;3;13;11;9;31;2;0
1325;825;3;0;33;64;33;64;0;1;0;0;12;23;5;5;33;0;0
1325;670;1;0;21;63;21;63;1;1;0;0;10;13;4;4;21;0;0
1325;670;2;0;22;91;22;91;0;0;0;0;0;17;3;2;21;1;0
1325;670;3;0;20;72;20;73;0;0;0;0;13;17;1;2;17;0;3
1326;517;1;0;6;37;7;38;2;2;0;0;143;3;2;1;6;0;0
1326;517;2;0;14;66;16;70;1;2;0;0;51;12;1;1;14;0;0
1326;517;3;0;5;44;5;48;0;2;0;0;130;4;1;0;5;0;0
1326;455;1;0;10;32;18;43;0;0;0;0;0;7;3;0;8;2;0
1326;455;2;0;24;72;24;73;0;0;0;0;0;16;8;0;24;0;0
1326;455;3;0;23;46;31;55;0;0;0;0;1;13;10;0;19;4;0
1327;865;1;0;22;46;24;48;4;6;0;0;101;10;6;6;19;3;0
1327;865;2;0;14;32;16;37;1;3;0;0;79;7;3;4;12;1;1
1327;92;1;0;16;37;21;42;1;2;2;0;24;9;3;4;15;1;0
1327;92;2;0;14;21;17;24;0;0;0;0;0;7;5;2;14;0;0
1328;684;1;0;15;48;15;48;0;0;0;0;0;11;4;0;15;0;0
1328;684;2;0;18;51;18;51;0;0;0;0;0;5;12;1;18;0;0
1328;684;3;0;24;68;24;69;0;0;0;0;0;10;14;0;24;0;0
1328;731;1;0;16;40;16;40;0;0;0;0;0;6;0;10;16;0;0
1328;731;2;0;20;41;20;41;0;0;0;0;0;9;2;9;20;0;0
1328;731;3;0;36;69;36;69;0;0;0;0;0;22;2;12;35;1;0
1329;13;1;0;15;24;18;27;0;0;0;0;0;9;1;5;8;7;0
1329;184;1;0;27;41;73;96;1;4;1;0;168;23;4;0;8;0;19
1330;766;1;0;23;63;24;66;1;2;0;0;93;12;10;1;20;3;0
1330;766;2;0;4;12;4;12;0;0;0;0;0;4;0;0;4;0;0
1330;687;1;0;17;44;20;48;0;1;0;0;0;4;6;7;16;1;0
1330;687;2;0;6;10;6;10;0;0;0;0;0;2;2;2;6;0;0
1331;805;1;0;26;57;26;57;0;0;0;0;0;10;7;9;26;0;0
1331;805;2;0;44;79;44;79;0;0;0;0;0;30;10;4;44;0;0
1331;805;3;1;73;140;73;140;0;2;0;0;6;58;15;0;61;11;1
1331;119;1;0;22;57;22;57;0;0;0;0;0;14;6;2;22;0;0
1331;119;2;0;29;80;29;80;0;1;0;0;0;25;4;0;28;1;0
1331;119;3;0;55;113;55;113;0;0;0;0;8;46;9;0;43;12;0
1332;303;1;0;1;3;5;7;0;0;0;0;0;1;0;0;1;0;0
1332;303;2;0;12;15;18;22;0;0;0;0;5;9;3;0;6;5;1
1332;303;3;0;35;58;74;106;0;0;0;0;194;33;1;1;14;5;16
1332;604;1;0;9;11;36;49;3;3;2;0;288;7;1;1;2;0;7
1332;604;2;0;8;11;15;18;4;6;0;0;251;5;1;2;7;1;0
1332;604;3;0;5;22;5;22;0;7;0;0;23;5;0;0;5;0;0
1333;823;1;0;2;6;29;35;1;2;0;0;52;1;0;1;2;0;0
1333;539;1;0;4;10;5;11;2;2;1;1;148;3;1;0;3;1;0
1334;415;1;0;7;13;12;18;2;4;0;0;135;4;1;2;7;0;0
1334;415;2;0;4;4;18;18;1;3;2;0;168;3;1;0;4;0;0
1334;866;1;0;10;25;13;28;0;0;0;0;3;7;0;3;8;0;2
1334;866;2;0;2;12;12;22;0;0;0;0;0;2;0;0;2;0;0
1335;867;1;0;5;5;15;16;1;1;0;0;34;1;3;1;2;0;3
1335;867;2;0;3;4;3;4;0;0;0;0;0;1;2;0;3;0;0
1335;227;1;1;2;4;4;7;0;0;0;0;226;2;0;0;1;0;1
1335;227;2;0;1;3;6;8;0;0;1;0;85;1;0;0;0;0;1
1336;738;1;0;13;32;15;35;0;0;0;0;26;7;5;1;10;3;0
1336;738;2;0;9;13;9;13;0;0;0;0;0;9;0;0;8;1;0
1336;738;3;0;25;60;25;60;0;0;0;0;0;21;4;0;25;0;0
1336;344;1;0;20;40;29;53;1;1;0;0;147;14;6;0;13;2;5
1336;344;2;0;15;33;46;64;1;1;0;0;251;13;1;1;7;0;8
1336;344;3;0;23;57;25;59;0;0;0;0;24;16;6;1;23;0;0
1337;437;1;0;21;35;43;66;1;1;2;0;201;18;2;1;3;0;18
1337;550;1;0;0;5;1;6;0;0;0;0;4;0;0;0;0;0;0
1338;818;1;0;32;80;32;80;0;1;0;0;0;23;7;2;32;0;0
1338;818;2;0;27;55;28;57;0;2;0;0;3;17;6;4;27;0;0
1338;818;3;0;28;67;29;68;0;1;0;0;0;19;7;2;27;1;0
1338;503;1;0;11;28;12;29;1;2;1;0;85;6;4;1;11;0;0
1338;503;2;0;11;30;13;32;2;4;0;0;119;10;0;1;11;0;0
1338;503;3;0;23;49;31;58;1;3;0;0;124;12;7;4;22;1;0
1339;364;1;0;3;5;3;5;0;0;4;0;0;1;2;0;2;0;1
1339;802;1;0;4;11;8;17;1;1;0;0;56;1;0;3;3;1;0
1340;450;1;0;4;6;25;31;1;1;1;0;258;1;0;3;3;0;1
1340;450;2;0;15;26;22;34;1;1;0;0;134;8;2;5;13;2;0
1340;450;3;1;6;7;6;7;0;0;0;0;4;1;1;4;1;0;5
1340;235;1;0;6;8;17;23;0;0;0;0;0;0;1;5;6;0;0
1340;235;2;0;10;39;11;41;0;0;0;0;21;4;4;2;7;3;0
1340;235;3;0;0;1;0;1;0;0;0;0;0;0;0;0;0;0;0
1341;822;1;0;9;21;14;26;1;1;0;0;98;4;2;3;9;0;0
1341;822;2;0;4;11;4;11;3;4;0;0;226;4;0;0;4;0;0
1341;822;3;0;8;33;8;33;0;0;0;0;0;8;0;0;8;0;0
1341;792;1;0;8;15;25;33;0;1;0;0;94;2;0;6;8;0;0
1341;792;2;0;26;33;68;80;0;0;0;0;0;21;1;4;9;12;5
1341;792;3;0;51;107;51;107;0;1;0;0;0;34;9;8;51;0;0
1342;323;1;0;27;36;27;36;0;0;0;0;0;7;10;10;27;0;0
1342;323;2;0;51;83;51;83;0;0;0;0;0;36;11;4;51;0;0
1342;323;3;0;35;58;35;58;0;0;0;0;3;21;13;1;35;0;0
1342;323;4;0;56;84;57;85;0;0;0;0;0;42;11;3;56;0;0
1342;323;5;0;61;95;62;96;0;0;0;0;0;44;16;1;58;3;0
1342;11;1;0;9;21;9;21;0;0;0;0;0;1;1;7;9;0;0
1342;11;2;0;16;46;16;46;0;0;0;0;0;7;0;9;16;0;0
1342;11;3;0;17;54;17;54;0;0;0;0;0;7;4;6;17;0;0
1342;11;4;0;26;73;26;73;0;0;0;0;0;15;5;6;26;0;0
1342;11;5;0;21;47;21;47;0;0;0;0;0;11;4;6;17;4;0
1343;672;1;0;12;13;14;16;0;1;3;0;23;11;0;1;9;3;0
1343;672;2;1;16;21;16;21;0;0;1;0;8;13;3;0;14;1;1
1343;253;1;0;38;49;53;68;2;4;1;0;200;21;10;7;13;23;2
1343;253;2;0;12;25;16;29;1;3;0;0;93;4;8;0;4;8;0
1344;468;1;0;11;26;30;47;0;0;0;0;54;4;1;6;9;2;0
1344;468;2;0;16;27;26;37;1;2;1;0;125;7;3;6;8;2;6
1344;468;3;0;2;8;8;15;1;3;0;0;83;0;0;2;1;0;1
1344;55;1;0;17;27;25;35;0;0;0;0;49;12;3;2;16;1;0
1344;55;2;0;10;15;14;20;0;0;0;0;0;6;3;1;10;0;0
1344;55;3;0;14;20;20;26;0;3;0;0;37;10;2;2;12;1;1
1345;443;1;0;18;35;20;37;3;3;0;0;75;9;7;2;14;3;1
1345;443;2;0;9;20;11;23;2;2;0;0;99;7;1;1;9;0;0
1345;443;3;0;0;3;0;3;2;6;0;0;133;0;0;0;0;0;0
1345;406;1;0;18;38;23;46;0;1;0;0;0;13;3;2;15;3;0
1345;406;2;0;21;48;27;55;0;0;0;0;0;15;5;1;21;0;0
1345;406;3;1;28;37;35;45;0;0;0;0;16;26;1;1;11;1;16
1346;578;1;0;22;35;23;36;0;1;0;0;0;9;6;7;22;0;0
1346;578;2;0;41;77;61;98;1;1;0;0;33;31;10;0;35;1;5
1346;578;3;0;36;71;45;83;1;3;0;0;74;28;6;2;29;3;4
1346;80;1;0;20;37;22;40;1;2;0;0;49;15;1;4;17;1;2
1346;80;2;0;31;66;40;75;0;4;0;0;41;26;4;1;28;3;0
1346;80;3;0;35;69;42;77;0;2;0;0;10;30;4;1;34;1;0
1347;34;1;0;0;2;3;5;0;0;0;0;2;0;0;0;0;0;0
1347;34;2;0;16;23;16;23;0;0;0;0;7;16;0;0;0;0;16
1347;554;1;0;0;0;8;8;9;12;0;0;279;0;0;0;0;0;0
1347;554;2;0;1;3;1;3;0;1;0;0;0;1;0;0;1;0;0
1348;868;1;0;22;32;29;40;0;5;0;0;110;9;13;0;6;16;0
1348;868;2;0;24;56;40;72;0;0;0;0;22;20;4;0;21;3;0
1348;868;3;0;20;64;30;74;1;1;0;0;40;15;4;1;16;4;0
1348;491;1;0;31;48;46;63;0;0;0;0;99;26;4;1;9;20;2
1348;491;2;0;22;48;35;62;2;2;0;0;112;12;6;4;16;5;1
1348;491;3;0;31;54;41;64;2;2;0;0;74;21;8;2;19;11;1
1349;155;1;0;19;34;40;61;2;4;0;0;155;17;2;0;12;4;3
1349;155;2;0;10;18;28;36;5;9;0;0;160;6;4;0;8;1;1
1349;155;3;0;28;50;43;66;4;6;0;0;106;25;3;0;26;1;1
1349;793;1;1;11;19;14;23;0;0;0;0;5;9;1;1;8;2;1
1349;793;2;0;12;25;12;25;0;0;0;0;6;9;2;1;8;3;1
1349;793;3;0;13;34;13;34;0;0;0;0;0;6;2;5;10;2;1
1350;787;1;0;19;54;19;54;1;4;0;0;24;11;5;3;17;1;1
1350;787;2;0;20;42;20;42;0;2;0;0;0;7;7;6;20;0;0
1350;787;3;0;13;44;13;44;0;2;0;0;0;5;5;3;11;2;0
1350;445;1;0;55;120;56;121;0;0;0;0;2;41;6;8;52;2;1
1350;445;2;0;32;75;32;75;0;0;0;0;0;16;8;8;32;0;0
1350;445;3;0;27;80;27;80;0;0;0;0;0;17;3;7;27;0;0
1351;301;1;0;23;42;24;43;0;0;0;0;1;14;5;4;22;1;0
1351;301;2;0;13;20;27;35;0;1;0;0;13;8;4;1;11;2;0
1351;301;3;0;11;35;68;93;0;0;0;0;2;11;0;0;9;2;0
1351;869;1;0;33;50;34;51;0;2;0;0;22;16;3;14;32;1;0
1351;869;2;0;19;29;22;32;1;2;0;0;146;11;1;7;13;1;5
1351;869;3;0;15;36;17;38;1;3;0;0;166;10;3;2;12;3;0
1352;280;1;0;11;15;11;15;0;0;1;0;18;5;6;0;9;2;0
1352;286;1;0;1;4;1;4;0;0;0;0;0;0;1;0;1;0;0
1353;14;1;1;7;9;7;9;0;0;0;0;2;7;0;0;5;0;2
1353;870;1;0;2;5;2;5;0;0;0;0;0;1;1;0;2;0;0
1354;723;1;0;7;14;13;20;0;0;0;0;14;3;3;1;4;3;0
1354;723;2;0;8;12;25;30;0;0;0;0;0;5;2;1;5;0;3
1354;723;3;0;14;27;28;42;0;0;0;0;0;5;9;0;13;1;0
1354;283;1;0;16;25;23;34;4;6;0;0;194;7;3;6;10;2;4
1354;283;2;0;12;21;36;55;2;2;0;0;215;10;1;1;4;1;7
1354;283;3;0;16;31;26;43;3;6;0;0;163;5;5;6;9;5;2
1355;871;1;0;4;9;21;27;0;0;0;0;0;2;1;1;3;0;1
1355;871;2;0;58;109;75;129;0;0;0;0;4;30;21;7;45;13;0
1355;871;3;0;74;131;77;134;1;1;0;0;8;42;17;15;64;10;0
1355;872;1;0;5;7;50;58;1;1;0;0;275;4;1;0;1;0;4
1355;872;2;0;45;81;52;88;0;0;0;0;89;34;11;0;34;11;0
1355;872;3;0;52;107;54;109;0;1;0;0;7;41;11;0;44;8;0
1356;748;1;0;13;31;15;34;0;0;0;0;0;8;2;3;12;1;0
1356;748;2;0;19;41;26;48;0;0;0;0;0;11;5;3;19;0;0
1356;748;3;0;47;75;47;75;0;0;0;0;0;24;16;7;47;0;0
1356;748;4;0;48;68;52;73;0;1;0;0;1;35;7;6;45;3;0
1356;120;1;0;8;18;12;23;1;3;0;0;106;7;1;0;7;0;1
1356;120;2;0;7;19;7;19;0;2;0;0;124;2;4;1;3;4;0
1356;120;3;0;5;19;5;19;0;0;0;0;0;5;0;0;5;0;0
1356;120;4;0;2;12;3;14;0;2;0;0;42;2;0;0;2;0;0
1357;108;1;0;10;28;10;28;0;0;0;0;0;5;2;3;10;0;0
1357;108;2;0;10;30;10;30;0;1;0;0;76;6;1;3;10;0;0
1357;108;3;0;7;17;13;24;3;4;0;0;248;5;1;1;5;0;2
1357;873;1;0;11;24;11;24;0;0;0;0;0;0;4;7;11;0;0
1357;873;2;0;14;22;14;23;0;2;0;0;10;1;5;8;13;1;0
1357;873;3;0;5;14;8;17;0;0;0;0;0;2;2;1;5;0;0
1358;85;1;0;12;41;12;41;0;0;0;0;3;5;3;4;12;0;0
1358;85;2;0;13;29;18;39;0;0;0;0;81;12;0;1;6;2;5
1358;85;3;0;5;17;17;34;0;0;0;0;140;5;0;0;1;0;4
1358;828;1;0;29;60;32;69;1;6;0;0;84;24;2;3;14;2;13
1358;828;2;0;8;17;9;18;1;7;0;0;119;3;5;0;7;1;0
1358;828;3;0;10;27;15;32;1;7;0;0;66;7;2;1;10;0;0
1359;79;1;0;7;8;43;49;1;1;0;0;261;6;0;1;1;0;6
1359;79;2;0;39;60;52;83;3;3;0;0;186;38;0;1;3;0;36
1359;79;3;0;22;30;50;65;1;1;0;0;239;20;0;2;3;0;19
1359;295;1;1;2;3;3;7;0;0;0;0;9;1;1;0;2;0;0
1359;295;2;0;0;8;0;9;0;0;0;0;25;0;0;0;0;0;0
1359;295;3;0;1;5;2;9;0;0;0;0;0;0;1;0;1;0;0
1360;339;1;0;20;69;23;75;0;0;0;0;0;17;1;2;19;1;0
1360;339;2;0;2;9;2;9;0;0;0;0;0;1;0;1;2;0;0
1360;209;1;0;32;67;32;67;0;1;0;0;4;23;8;1;28;4;0
1360;209;2;1;2;5;2;5;0;0;0;0;1;1;1;0;2;0;0
1361;516;1;0;7;19;20;32;1;6;0;0;162;2;4;1;5;2;0
1361;516;2;0;10;23;33;59;2;4;0;0;177;6;3;1;5;5;0
1361;516;3;0;6;17;30;56;2;3;0;0;269;6;0;0;2;0;4
1361;874;1;1;8;19;9;21;0;0;0;0;16;3;4;1;5;3;0
1361;874;2;0;11;24;14;28;0;0;0;0;0;8;3;0;6;5;0
1361;874;3;0;1;12;3;15;0;0;0;0;0;0;1;0;1;0;0
1362;306;1;0;7;31;9;34;0;0;0;0;0;1;2;4;7;0;0
1362;306;2;0;17;31;36;54;2;3;0;0;96;14;3;0;0;2;15
1362;306;3;1;43;82;43;82;0;1;0;0;1;24;6;13;42;1;0
1362;372;1;0;14;26;33;48;2;2;0;0;105;12;0;2;6;0;8
1362;372;2;0;18;24;46;62;1;2;0;0;163;17;1;0;2;0;16
1362;372;3;0;13;36;13;36;0;0;0;0;0;13;0;0;13;0;0
1363;324;1;0;12;38;12;38;0;0;0;0;0;5;3;4;12;0;0
1363;324;2;0;26;58;26;58;0;0;0;0;5;19;7;0;26;0;0
1363;324;3;0;37;78;39;80;0;0;0;0;8;27;6;4;36;1;0
1363;557;1;0;14;56;14;56;0;0;0;0;0;4;7;3;14;0;0
1363;557;2;0;28;73;28;73;0;3;0;0;0;15;10;3;28;0;0
1363;557;3;0;25;76;25;76;0;1;0;0;0;14;10;1;25;0;0
1364;233;1;0;41;61;48;70;0;0;0;0;59;16;8;17;29;12;0
1364;233;2;0;24;31;27;35;1;2;0;0;76;23;0;1;2;0;22
1364;875;1;0;3;20;12;33;0;0;0;0;44;1;1;1;3;0;0
1364;875;2;0;1;6;1;6;0;0;0;0;19;0;0;1;1;0;0
1365;191;1;1;60;91;63;95;2;3;0;0;27;38;21;1;54;2;4
1365;736;1;0;36;75;36;77;0;0;0;0;26;15;10;11;34;2;0
1366;507;1;0;12;26;17;33;0;1;0;0;60;4;4;4;11;1;0
1366;507;2;0;22;33;29;42;2;5;0;0;100;9;4;9;21;1;0
1366;507;3;0;4;9;4;9;1;1;0;0;4;2;0;2;2;2;0
1366;832;1;0;14;35;25;49;4;4;0;0;79;13;1;0;4;2;8
1366;832;2;0;12;34;18;43;0;0;0;0;0;7;5;0;12;0;0
1366;832;3;1;13;21;14;23;0;1;0;0;8;13;0;0;2;0;11
1367;27;1;0;15;23;15;23;0;0;0;0;0;6;5;4;14;1;0
1367;27;2;0;22;45;22;46;1;1;0;0;37;13;5;4;20;1;1
1367;27;3;0;17;31;17;31;2;3;0;0;27;7;4;6;15;1;1
1367;27;4;0;29;58;29;58;0;1;0;0;0;7;13;9;28;1;0
1367;27;5;0;29;54;36;61;0;0;0;0;110;15;10;4;26;3;0
1367;257;1;0;12;43;12;43;0;0;0;0;0;6;5;1;11;1;0
1367;257;2;0;18;87;22;91;0;0;0;0;0;7;8;3;18;0;0
1367;257;3;0;25;79;26;81;0;1;0;0;0;13;8;4;24;1;0
1367;257;4;0;49;161;60;179;1;1;0;0;33;37;11;1;48;1;0
1367;257;5;0;41;140;57;162;0;0;0;0;2;34;6;1;41;0;0
1368;717;1;1;45;91;50;102;0;1;0;0;92;28;10;7;24;9;12
1368;717;2;0;9;17;13;26;0;0;0;0;0;7;1;1;9;0;0
1368;717;3;0;1;7;1;7;0;0;0;0;0;1;0;0;1;0;0
1368;650;1;0;6;28;7;30;1;2;0;0;42;5;1;0;6;0;0
1368;650;2;0;22;44;39;70;1;3;0;0;235;21;1;0;7;2;13
1368;650;3;0;0;1;1;4;1;1;1;0;44;0;0;0;0;0;0
1369;533;1;0;27;60;27;60;0;0;0;0;5;14;9;4;27;0;0
1369;533;2;0;50;110;50;110;0;0;0;0;0;42;8;0;48;2;0
1369;533;3;0;43;102;43;102;0;0;0;0;0;31;8;4;42;1;0
1369;474;1;0;29;73;29;75;0;0;0;0;25;12;5;12;27;2;0
1369;474;2;0;32;88;33;89;0;0;0;0;0;8;11;13;32;0;0
1369;474;3;0;29;85;29;85;0;0;0;0;0;10;10;9;29;0;0
1370;813;1;0;28;88;29;89;0;0;0;0;0;16;8;4;22;6;0
1370;813;2;0;32;91;33;92;0;0;0;0;0;18;9;5;29;3;0
1370;813;3;0;34;90;35;91;0;0;0;0;0;18;7;9;33;1;0
1370;521;1;0;19;47;21;52;0;3;0;0;5;11;3;5;19;0;0
1370;521;2;0;36;75;39;78;0;2;0;0;10;15;11;10;34;2;0
1370;521;3;0;28;75;28;76;0;1;0;0;2;14;3;11;27;1;0
1371;278;1;0;3;5;5;7;2;2;1;0;42;2;1;0;0;2;1
1371;476;1;0;1;2;1;2;1;3;0;0;40;1;0;0;1;0;0
1372;540;1;0;4;20;17;35;2;6;0;0;193;2;1;1;3;1;0
1372;540;2;0;18;49;19;51;0;1;0;0;0;13;1;4;16;2;0
1372;540;3;0;7;13;7;13;0;0;0;0;0;2;1;4;7;0;0
1372;431;1;0;12;16;13;18;1;5;0;0;19;7;1;4;11;1;0
1372;431;2;0;20;44;22;46;0;6;1;0;15;15;2;3;16;3;1
1372;431;3;0;11;14;13;17;1;1;1;0;28;4;2;5;11;0;0
1373;530;1;0;7;11;14;22;0;1;0;1;171;2;2;3;2;3;2
1373;530;2;0;6;14;17;27;1;3;0;0;98;4;1;1;3;1;2
1373;530;3;0;6;11;7;13;0;0;1;0;22;4;1;1;6;0;0
1373;876;1;0;1;4;7;12;2;5;0;0;108;0;1;0;1;0;0
1373;876;2;0;13;27;16;34;1;2;0;0;176;12;1;0;4;2;7
1373;876;3;0;4;9;20;44;1;1;1;0;240;3;1;0;2;0;2
1374;38;1;0;9;15;9;15;0;0;1;0;0;3;2;4;8;0;1
1374;877;1;0;4;17;7;22;1;1;0;0;41;2;2;0;2;0;2
1375;641;1;0;2;4;6;9;3;5;0;0;201;1;1;0;2;0;0
1375;641;2;0;0;3;4;11;1;3;0;0;99;0;0;0;0;0;0
1375;641;3;0;2;2;7;7;3;5;0;0;134;0;2;0;1;1;0
1375;53;1;0;9;17;18;26;0;0;0;0;38;8;0;1;3;0;6
1375;53;2;0;14;20;23;32;0;0;0;0;126;11;3;0;2;0;12
1375;53;3;0;8;11;17;24;0;0;1;2;106;4;3;1;0;2;6
1376;724;1;0;14;38;17;43;0;0;0;1;21;5;6;3;9;5;0
1376;724;2;0;17;31;33;50;0;0;1;2;155;14;1;2;4;0;13
1376;878;1;0;31;46;32;50;2;4;0;0;101;18;7;6;23;2;6
1376;878;2;0;10;17;14;27;2;2;0;1;71;4;1;5;9;1;0
1377;811;1;0;9;23;14;36;6;7;0;0;134;2;4;3;7;2;0
1377;811;2;0;13;22;17;28;2;2;0;0;83;1;7;5;7;5;1
1377;811;3;0;18;29;21;33;1;2;0;0;85;4;12;2;15;3;0
1377;730;1;0;6;21;14;31;0;0;0;0;0;3;2;1;4;1;1
1377;730;2;0;14;35;25;49;0;0;0;0;0;8;3;3;12;2;0
1377;730;3;0;17;31;23;40;0;0;1;0;51;13;3;1;15;2;0
1378;544;1;0;0;1;0;1;0;0;0;0;13;0;0;0;0;0;0
1378;62;1;0;1;2;3;4;1;1;0;0;11;1;0;0;1;0;0
1379;560;1;0;26;52;26;52;0;0;0;0;0;8;7;11;24;2;0
1379;560;2;0;21;55;21;55;0;0;0;0;0;13;4;4;20;1;0
1379;319;1;0;15;38;16;39;0;0;0;0;0;4;7;4;13;2;0
1379;319;2;1;20;39;20;39;0;0;0;0;3;13;5;2;15;2;3
1380;262;1;0;38;62;38;62;0;0;0;0;0;26;1;11;38;0;0
1380;262;2;0;32;55;32;55;0;0;0;0;0;20;3;9;32;0;0
1380;262;3;0;25;58;25;58;0;1;0;0;0;17;0;8;25;0;0
1380;462;1;0;27;49;27;49;0;0;0;0;0;16;4;7;27;0;0
1380;462;2;0;26;54;26;54;0;0;0;0;0;16;2;8;26;0;0
1380;462;3;0;14;48;14;48;0;0;0;0;0;7;2;5;14;0;0
1381;545;1;0;18;27;19;28;0;0;0;0;70;11;2;5;16;2;0
1381;545;2;0;17;34;23;41;0;0;0;0;80;10;4;3;11;6;0
1381;545;3;0;11;28;15;33;0;0;0;0;75;4;4;3;11;0;0
1381;132;1;0;20;38;22;40;0;0;0;0;6;10;7;3;20;0;0
1381;132;2;0;23;43;31;51;0;0;0;0;6;16;5;2;22;1;0
1381;132;3;0;24;54;27;57;0;0;0;0;0;13;6;5;23;1;0
1382;577;1;0;16;32;42;59;1;2;0;0;13;9;4;3;9;6;1
1382;577;2;0;34;78;49;94;2;4;1;0;106;22;9;3;27;1;6
1382;577;3;0;24;62;76;120;2;5;0;0;144;13;7;4;15;6;3
1382;579;1;0;11;20;36;48;0;0;0;0;113;4;3;4;9;2;0
1382;579;2;0;9;29;9;29;1;5;0;0;12;6;2;1;6;3;0
1382;579;3;0;9;29;9;29;0;2;0;0;0;3;0;6;9;0;0
1383;105;1;0;20;42;23;45;1;11;0;0;125;16;3;1;13;6;1
1383;105;2;0;14;35;16;37;2;3;2;0;120;12;1;1;11;2;1
1383;399;1;0;16;29;21;34;0;0;0;0;0;8;3;5;16;0;0
1383;399;2;0;19;28;20;29;0;0;0;0;0;13;5;1;18;1;0
1384;161;1;0;11;23;11;23;0;0;0;0;0;4;3;4;11;0;0
1384;161;2;1;24;51;27;54;1;1;0;0;129;17;4;3;12;1;11
1384;161;3;0;6;6;9;9;1;1;0;0;113;5;1;0;1;0;5
1384;133;1;0;8;22;19;33;1;1;0;0;165;8;0;0;4;0;4
1384;133;2;0;8;24;11;28;0;1;0;1;30;8;0;0;8;0;0
1384;133;3;0;5;8;20;24;0;1;0;1;165;5;0;0;1;0;4
1385;879;1;0;27;36;55;66;1;3;0;0;188;16;2;9;18;1;8
1385;879;2;1;6;10;8;12;0;0;0;0;18;3;0;3;4;0;2
1385;338;1;0;6;18;10;22;0;0;0;0;0;5;1;0;5;0;1
1385;338;2;0;5;9;7;11;0;0;0;0;0;4;0;1;5;0;0
1386;663;1;0;16;31;24;41;1;1;0;0;260;11;4;1;3;0;13
1386;663;2;0;12;18;25;36;2;2;0;0;274;9;2;1;2;0;10
1386;663;3;0;10;21;24;37;0;0;0;0;249;10;0;0;2;1;7
1386;737;1;0;6;8;18;25;0;0;0;0;0;4;0;2;3;0;3
1386;737;2;0;2;6;15;21;0;0;0;0;0;1;1;0;1;0;1
1386;737;3;0;4;11;22;33;0;0;0;0;0;2;0;2;2;1;1
1387;350;1;1;17;28;17;28;0;0;0;0;2;13;2;2;14;0;3
1387;225;1;0;14;31;14;31;0;0;0;0;0;14;0;0;14;0;0
1388;841;1;0;11;37;11;37;0;0;0;0;0;6;4;1;11;0;0
1388;841;2;0;21;41;21;41;0;1;0;0;0;12;8;1;21;0;0
1388;841;3;0;7;12;7;12;0;0;0;0;0;4;2;1;7;0;0
1388;616;1;0;35;69;35;69;0;0;0;0;0;23;7;5;35;0;0
1388;616;2;0;36;79;36;79;0;0;0;0;0;32;4;0;36;0;0
1388;616;3;1;24;37;25;38;0;0;0;0;13;22;2;0;17;1;6
1389;193;1;0;28;40;51;66;1;2;0;0;249;24;2;2;4;2;22
1389;193;2;0;23;40;53;75;1;1;0;0;160;19;4;0;19;1;3
1389;193;3;0;19;31;32;47;1;2;0;0;129;17;1;1;10;0;9
1389;880;1;1;5;17;5;18;0;0;0;0;12;5;0;0;3;0;2
1389;880;2;0;6;20;6;20;1;1;0;0;19;5;1;0;5;1;0
1389;880;3;0;12;24;19;32;1;1;0;1;85;9;1;2;7;4;1
1390;741;1;0;12;31;14;33;2;2;0;0;40;4;4;4;9;3;0
1390;741;2;0;9;34;14;39;0;1;0;0;2;4;3;2;9;0;0
1390;741;3;0;15;37;31;54;0;0;1;0;0;6;6;3;14;0;1
1390;685;1;0;24;43;31;51;1;2;0;0;20;9;5;10;23;1;0
1390;685;2;0;23;48;47;74;1;3;0;0;92;11;4;8;21;2;0
1390;685;3;0;19;45;28;55;1;3;0;0;73;8;7;4;16;3;0
1391;585;1;0;16;38;16;38;0;0;0;0;0;3;8;5;16;0;0
1391;585;2;0;19;38;19;38;0;1;0;0;7;11;1;7;19;0;0
1391;585;3;0;37;69;43;77;0;0;0;0;0;25;4;8;33;4;0
1391;585;4;0;33;57;58;84;0;0;0;0;0;21;2;10;32;1;0
1391;585;5;0;16;33;52;90;1;1;0;0;181;14;0;2;11;0;5
1391;490;1;0;24;58;24;58;0;0;0;0;0;11;9;4;24;0;0
1391;490;2;0;22;60;22;60;0;0;0;0;0;11;9;2;22;0;0
1391;490;3;0;20;65;20;65;0;3;0;0;0;12;4;4;20;0;0
1391;490;4;0;22;46;23;48;0;3;0;0;50;19;2;1;22;0;0
1391;490;5;0;4;21;6;23;0;0;0;0;0;3;1;0;4;0;0
1392;36;1;1;11;19;11;19;0;0;0;0;1;4;2;5;10;0;1
1392;307;1;0;8;33;8;33;0;0;0;0;0;7;1;0;8;0;0
1393;412;1;0;12;35;16;40;0;0;0;0;0;7;5;0;12;0;0
1393;412;2;0;12;56;12;56;0;0;0;0;0;6;3;3;12;0;0
1393;412;3;0;8;42;13;47;0;0;0;0;30;6;2;0;6;2;0
1393;754;1;0;14;41;22;51;0;1;0;0;59;5;1;8;12;2;0
1393;754;2;0;28;62;28;62;0;2;0;0;0;20;3;5;28;0;0
1393;754;3;1;25;65;27;68;0;1;0;0;98;22;1;2;21;4;0
1394;515;1;0;14;30;19;36;0;0;0;0;0;10;1;3;14;0;0
1394;515;2;0;18;39;18;39;0;0;0;0;0;14;2;2;17;1;0
1394;515;3;0;5;15;5;15;0;0;0;0;0;4;1;0;5;0;0
1394;106;1;0;25;49;29;55;1;3;0;0;116;19;4;2;20;5;0
1394;106;2;0;22;40;26;46;1;3;0;0;82;13;3;6;20;2;0
1394;106;3;0;24;34;24;34;0;0;0;0;0;21;1;2;24;0;0
1395;527;1;0;32;60;32;60;1;2;0;0;6;7;17;8;32;0;0
1395;527;2;0;27;46;40;64;2;4;0;0;132;8;19;0;25;0;2
1395;527;3;0;2;6;8;14;1;2;0;0;224;1;0;1;1;0;1
1395;484;1;0;20;36;20;36;0;1;0;0;0;1;6;13;20;0;0
1395;484;2;0;7;20;11;27;0;1;0;0;5;4;2;1;7;0;0
1395;484;3;0;6;8;21;23;0;0;0;0;38;5;1;0;2;1;3
1396;433;1;0;6;11;14;21;3;3;1;0;166;4;0;2;6;0;0
1396;739;1;0;9;20;14;25;0;0;0;0;0;1;1;7;9;0;0
1397;786;1;0;35;55;35;55;0;0;0;0;0;10;0;25;35;0;0
1397;786;2;0;33;47;35;50;0;2;0;0;88;15;2;16;32;1;0
1397;407;1;0;24;44;24;44;0;0;0;0;0;2;9;13;24;0;0
1397;407;2;1;13;28;14;29;0;0;0;0;1;1;9;3;13;0;0
1398;514;1;0;29;61;30;64;1;1;0;0;10;24;1;4;28;0;1
1398;514;2;0;10;25;10;26;0;0;0;0;79;10;0;0;10;0;0
1398;514;3;0;21;66;21;67;0;0;0;0;20;17;4;0;20;1;0
1398;371;1;0;9;43;9;43;0;0;0;0;0;5;1;3;9;0;0
1398;371;2;0;11;21;13;23;1;4;0;0;115;9;1;1;5;4;2
1398;371;3;0;13;30;13;30;0;2;0;0;0;6;6;1;12;1;0
1399;363;1;0;15;34;17;38;1;1;0;0;26;2;8;5;13;2;0
1399;363;2;0;25;50;28;54;0;0;0;0;0;9;10;6;23;2;0
1399;363;3;0;18;28;28;39;0;1;0;0;29;4;11;3;11;7;0
1399;499;1;0;8;20;11;27;0;1;0;0;25;1;4;3;5;3;0
1399;499;2;0;12;30;14;33;0;0;0;0;19;6;4;2;11;1;0
1399;499;3;0;8;13;27;39;1;1;0;0;105;2;4;2;6;2;0
1400;881;1;0;11;29;11;29;0;1;0;0;14;7;2;2;11;0;0
1400;881;2;0;19;36;19;36;0;1;0;0;0;13;5;1;17;2;0
1400;881;3;0;23;62;23;62;0;0;0;0;0;16;6;1;21;2;0
1400;674;1;0;23;47;27;53;0;0;0;0;4;8;7;8;21;2;0
1400;674;2;0;30;60;32;62;0;0;0;0;8;9;9;12;26;4;0
1400;674;3;0;48;82;53;89;1;1;0;0;32;25;21;2;31;17;0
1401;440;1;0;6;18;13;26;1;1;0;0;10;5;1;0;6;0;0
1401;440;2;0;10;16;11;17;0;0;0;0;14;8;2;0;8;2;0
1401;440;3;0;10;19;12;22;0;1;0;0;76;8;1;1;10;0;0
1401;153;1;0;7;26;7;26;1;2;0;0;44;7;0;0;7;0;0
1401;153;2;0;17;36;17;36;0;0;0;0;56;13;4;0;17;0;0
1401;153;3;0;8;24;19;35;0;0;0;0;0;7;1;0;8;0;0
1402;882;1;0;17;26;19;28;0;2;0;0;64;7;2;8;14;3;0
1402;208;1;1;10;29;25;44;0;0;0;0;4;10;0;0;10;0;0
1403;883;1;0;11;26;16;34;0;0;0;1;56;10;0;1;10;1;0
1403;883;2;0;15;53;15;53;0;0;0;0;0;12;3;0;15;0;0
1403;302;1;1;39;64;68;113;1;3;2;1;140;29;7;3;18;3;18
1403;302;2;0;40;80;41;81;0;0;0;0;0;31;7;2;40;0;0
1404;602;1;0;36;63;38;65;0;0;0;0;0;20;6;10;33;3;0
1404;602;2;0;45;63;46;64;0;0;0;0;28;30;6;9;36;2;7
1404;83;1;0;22;54;22;55;0;0;0;0;16;13;5;4;22;0;0
1404;83;2;0;23;41;23;41;0;0;0;0;22;13;5;5;21;2;0
1405;110;1;0;8;33;8;35;0;1;0;0;88;1;3;4;7;1;0
1405;110;2;0;5;30;17;50;0;0;0;0;163;4;0;1;4;1;0
1405;110;3;0;8;29;15;38;0;0;0;0;137;4;1;3;8;0;0
1405;110;4;0;6;31;11;37;0;0;0;1;153;3;2;1;6;0;0
1405;110;5;0;7;29;8;30;0;3;0;0;70;2;2;3;7;0;0
1405;644;1;1;51;75;69;109;0;0;1;0;70;35;9;7;18;5;28
1405;644;2;0;9;22;14;28;0;0;0;0;10;4;3;2;9;0;0
1405;644;3;0;20;33;26;39;0;0;0;0;31;9;7;4;16;4;0
1405;644;4;0;14;26;22;34;0;0;0;0;27;10;1;3;12;1;1
1405;644;5;0;18;33;23;38;0;0;0;0;94;13;4;1;12;3;3
1406;475;1;0;6;12;43;54;1;2;0;0;228;5;0;1;4;0;2
1406;475;2;0;2;5;34;42;2;3;0;0;199;1;1;0;0;1;1
1406;475;3;0;15;25;65;81;0;1;0;0;206;14;1;0;6;0;9
1406;526;1;0;6;20;7;21;0;0;0;0;1;5;1;0;6;0;0
1406;526;2;0;6;13;17;25;1;1;0;0;61;5;1;0;2;1;3
1406;526;3;0;11;26;12;27;0;1;0;0;0;7;2;2;11;0;0
1407;469;1;1;13;46;13;46;0;0;0;0;3;6;1;6;12;0;1
1407;40;1;0;10;22;10;22;0;0;0;0;0;0;1;9;10;0;0
1408;681;1;0;8;15;36;43;1;4;0;0;211;6;0;2;7;1;0
1408;681;2;0;9;21;18;35;0;3;0;0;85;6;1;2;9;0;0
1408;681;3;0;9;31;9;32;0;2;0;0;65;8;0;1;9;0;0
1408;569;1;0;8;32;16;40;0;1;0;0;0;5;2;1;8;0;0
1408;569;2;0;12;38;22;48;0;0;0;0;0;10;1;1;12;0;0
1408;569;3;0;18;58;27;69;0;0;0;0;0;9;5;4;18;0;0
1409;884;1;0;1;2;1;2;0;0;0;0;0;0;1;0;1;0;0
1409;885;1;0;1;1;1;1;0;0;0;0;0;0;1;0;1;0;0
1410;188;1;0;16;38;16;38;0;1;0;0;5;4;6;6;16;0;0
1410;473;1;2;30;47;33;51;0;0;0;0;8;23;0;7;27;0;3
1411;728;1;0;42;91;43;92;2;2;1;0;68;27;14;1;34;2;6
1411;719;1;0;29;77;29;77;0;0;0;0;0;9;13;7;24;5;0
1412;612;1;1;15;50;17;52;1;3;1;0;82;11;2;2;15;0;0
1412;612;2;0;9;51;9;51;0;1;0;1;27;5;2;2;8;1;0
1412;612;3;0;14;62;14;63;1;3;0;0;40;9;2;3;13;1;0
1412;143;1;0;14;33;15;35;0;3;0;0;8;3;6;5;12;2;0
1412;143;2;0;23;43;24;45;1;2;1;0;28;10;3;10;20;3;0
1412;143;3;0;39;64;42;69;1;1;2;0;11;16;11;12;34;2;3
1413;420;1;1;12;18;12;18;0;1;0;0;5;10;1;1;3;2;7
1413;886;1;0;0;5;0;5;0;0;0;0;0;0;0;0;0;0;0
1414;704;1;0;19;29;31;45;0;0;0;0;0;11;7;1;12;7;0
1414;704;2;0;20;32;32;51;1;1;0;0;86;14;5;1;5;3;12
1414;704;3;0;10;21;12;25;1;2;0;0;183;8;2;0;4;1;5
1414;887;1;0;8;25;9;27;0;1;0;0;143;0;0;8;4;4;0
1414;887;2;0;6;22;15;35;0;1;0;0;115;1;0;5;3;3;0
1414;887;3;0;5;7;12;15;0;1;0;0;60;2;2;1;1;3;1
1415;639;1;0;12;32;35;61;0;1;0;0;64;6;3;3;7;4;1
1415;639;2;0;25;55;43;80;0;0;0;0;58;13;6;6;14;4;7
1415;639;3;0;29;49;60;89;2;2;0;0;205;22;6;1;7;5;17
1415;660;1;0;6;25;6;26;1;2;0;0;106;2;1;3;5;1;0
1415;660;2;0;10;28;14;35;0;1;0;0;72;5;5;0;6;4;0
1415;660;3;0;0;6;1;7;0;2;3;0;49;0;0;0;0;0;0
1416;888;1;0;19;47;31;62;1;3;0;0;77;11;5;3;18;1;0
1416;888;2;0;18;48;22;53;0;0;0;0;5;16;2;0;18;0;0
1416;888;3;0;18;54;25;61;0;0;0;0;42;14;4;0;18;0;0
1416;111;1;0;12;36;15;42;0;0;0;0;67;7;3;2;11;1;0
1416;111;2;0;21;55;26;61;0;0;0;0;78;9;6;6;20;1;0
1416;111;3;0;27;55;33;62;0;5;0;0;108;12;9;6;24;3;0
1417;218;1;0;9;17;46;57;1;2;0;0;101;5;4;0;9;0;0
1417;218;2;0;22;32;40;56;0;2;0;0;66;15;7;0;19;3;0
1417;218;3;0;27;37;30;40;0;2;0;0;0;6;19;2;26;1;0
1417;751;1;0;24;43;24;43;0;0;0;0;0;16;5;3;23;1;0
1417;751;2;0;22;35;22;35;0;0;0;0;0;15;6;1;14;8;0
1417;751;3;0;19;46;20;47;0;0;0;0;4;12;4;3;19;0;0
1418;388;1;0;34;75;39;80;0;0;0;0;0;28;2;4;34;0;0
1418;388;2;0;22;62;26;66;0;0;0;0;0;20;1;1;22;0;0
1418;388;3;0;31;87;31;87;0;0;0;0;0;29;2;0;31;0;0
1418;388;4;0;33;85;34;87;0;0;0;0;0;32;1;0;33;0;0
1418;388;5;0;53;99;53;99;0;0;0;0;0;48;4;1;53;0;0
1418;230;1;0;18;51;19;52;2;3;0;0;28;8;3;7;18;0;0
1418;230;2;0;26;60;26;60;1;1;0;0;22;11;9;6;25;1;0
1418;230;3;0;29;84;29;85;0;0;0;0;0;13;10;6;28;1;0
1418;230;4;0;29;73;31;75;3;5;0;0;78;22;4;3;28;1;0
1418;230;5;0;35;86;35;86;0;2;0;0;0;27;6;2;35;0;0
1419;804;1;0;11;22;26;39;0;2;0;0;16;7;4;0;9;2;0
1419;804;2;0;33;52;47;66;0;0;0;1;64;29;4;0;23;10;0
1419;804;3;0;27;43;52;68;1;1;0;0;152;13;12;2;9;14;4
1419;804;4;0;29;38;75;86;0;0;0;1;197;22;7;0;5;5;19
1419;804;5;0;34;46;65;83;0;0;2;0;259;20;5;9;8;7;19
1419;435;1;0;18;22;27;31;2;2;0;0;200;11;4;3;7;10;1
1419;435;2;0;20;30;29;41;0;1;1;0;166;7;10;3;7;12;1
1419;435;3;0;17;20;20;23;0;2;1;0;95;6;9;2;4;13;0
1419;435;4;0;7;8;8;10;1;2;1;0;71;3;3;1;4;3;0
1419;435;5;0;7;8;12;13;0;2;0;0;6;5;0;2;6;0;1
1420;151;1;0;5;25;12;32;0;0;0;0;3;4;0;1;5;0;0
1420;151;2;0;6;15;18;29;0;1;0;0;0;4;1;1;6;0;0
1420;151;3;0;46;62;80;98;1;1;0;0;104;44;2;0;2;0;44
1420;444;1;0;20;31;20;31;0;0;0;0;18;2;1;17;20;0;0
1420;444;2;0;21;30;67;79;2;2;0;0;188;14;3;4;9;0;12
1420;444;3;0;4;6;13;18;2;4;0;0;156;3;0;1;1;0;3
1421;511;1;0;23;48;23;48;0;0;0;0;0;15;5;3;23;0;0
1421;511;2;0;51;99;51;99;0;0;0;0;0;40;10;1;47;4;0
1421;511;3;0;66;111;70;115;0;0;0;0;0;46;20;0;46;20;0
1421;555;1;0;18;46;18;46;0;0;0;0;0;8;4;6;18;0;0
1421;555;2;0;45;85;45;85;0;0;0;0;0;28;14;3;45;0;0
1421;555;3;0;59;112;61;114;0;0;0;0;0;41;15;3;42;17;0
1422;365;1;0;12;40;13;41;0;0;0;0;0;9;3;0;12;0;0
1422;365;2;0;18;42;18;42;0;0;0;0;0;13;5;0;13;5;0
1422;365;3;0;29;58;30;60;0;0;1;0;3;19;9;1;21;4;4
1422;500;1;0;13;28;22;38;2;9;0;0;91;9;4;0;12;1;0
1422;500;2;0;21;47;25;52;2;2;0;0;59;15;4;2;18;2;1
1422;500;3;0;17;43;25;51;1;6;0;0;61;11;4;2;15;2;0
1423;705;1;0;20;48;23;52;1;2;0;0;74;14;1;5;14;6;0
1423;705;2;0;25;66;27;71;1;4;0;0;27;20;4;1;20;5;0
1423;705;3;0;19;41;26;49;2;3;0;0;174;15;3;1;12;6;1
1423;791;1;0;31;51;31;51;0;0;0;0;0;16;8;7;31;0;0
1423;791;2;0;41;66;41;66;0;0;0;0;0;28;10;3;41;0;0
1423;791;3;0;33;51;58;76;0;1;0;0;0;30;3;0;27;6;0
1424;12;1;0;18;51;20;53;0;1;0;0;5;5;1;12;18;0;0
1424;12;2;0;22;46;27;51;0;2;0;0;68;8;9;5;18;4;0
1424;12;3;0;20;59;31;71;0;1;1;0;45;6;10;4;16;4;0
1424;96;1;0;31;72;39;80;0;0;0;0;0;19;6;6;28;3;0
1424;96;2;0;28;51;41;67;0;1;0;0;0;23;1;4;23;5;0
1424;96;3;0;21;45;22;46;1;2;0;0;39;17;3;1;19;0;2
1425;706;1;0;17;51;17;52;0;1;0;0;6;7;5;5;17;0;0
1425;706;2;0;39;108;41;110;0;3;0;0;18;30;8;1;33;6;0
1425;706;3;0;23;67;23;67;0;0;0;0;0;14;7;2;23;0;0
1425;635;1;0;22;45;22;46;0;0;0;0;0;11;5;6;21;1;0
1425;635;2;1;24;58;24;58;0;0;0;0;6;23;1;0;23;0;1
1425;635;3;0;16;44;16;44;0;0;0;0;0;14;2;0;16;0;0
1426;134;1;0;8;13;16;23;1;1;1;0;232;7;0;1;2;0;6
1426;134;2;0;15;26;33;68;1;1;0;0;134;13;0;2;3;0;12
1426;383;1;0;8;18;20;31;0;0;0;0;27;7;1;0;5;0;3
1426;383;2;0;4;23;13;35;0;0;0;0;0;3;1;0;4;0;0
1427;889;1;0;1;9;1;9;0;0;0;0;5;1;0;0;1;0;0
1427;222;1;0;5;10;5;10;1;1;1;0;41;5;0;0;5;0;0
1428;448;1;0;32;43;138;173;1;1;0;0;276;32;0;0;1;0;31
1428;448;2;1;34;40;110;129;0;0;2;0;278;33;1;0;2;0;32
1428;448;3;0;27;37;78;96;1;4;1;0;131;19;5;3;20;2;5
1428;343;1;0;4;11;5;12;0;0;0;0;0;3;1;0;3;0;1
1428;343;2;0;2;5;2;5;0;0;0;0;0;0;0;2;2;0;0
1428;343;3;0;18;34;19;35;0;0;0;0;5;16;2;0;15;0;3
1429;890;1;0;19;39;55;84;1;1;1;0;253;18;1;0;3;2;14
1429;890;2;0;18;31;19;32;0;0;0;0;0;17;1;0;15;3;0
1429;712;1;0;0;2;4;6;0;3;2;0;28;0;0;0;0;0;0
1429;712;2;0;3;5;3;5;1;1;2;0;39;2;0;1;3;0;0
1430;207;1;0;17;33;17;33;0;0;0;0;2;2;2;13;17;0;0
1430;207;2;1;22;25;22;25;0;0;0;0;3;6;4;12;21;0;1
1430;464;1;0;15;50;17;52;0;0;0;0;0;2;2;11;15;0;0
1430;464;2;0;9;21;9;21;0;0;0;0;0;0;1;8;9;0;0
1431;397;1;0;32;64;33;65;0;0;0;0;17;17;5;10;30;2;0
1431;397;2;0;28;38;42;53;1;1;0;0;172;19;4;5;18;3;7
1431;397;3;0;20;38;21;39;1;1;1;0;46;14;1;5;19;0;1
1431;857;1;0;32;77;32;77;0;0;0;0;1;18;7;7;31;1;0
1431;857;2;0;22;48;26;54;0;0;0;0;0;17;2;3;22;0;0
1431;857;3;0;26;57;26;57;0;0;0;0;0;16;4;6;26;0;0
1432;498;1;0;9;16;13;20;1;4;0;0;91;5;0;4;9;0;0
1432;498;2;0;21;48;24;51;0;3;0;0;28;14;4;3;20;1;0
1432;498;3;0;15;44;15;44;1;6;0;0;61;14;0;1;15;0;0
1432;256;1;0;18;53;18;53;0;0;0;0;0;9;7;2;18;0;0
1432;256;2;0;38;90;38;90;0;1;0;0;0;24;11;3;38;0;0
1432;256;3;0;56;127;62;133;0;2;0;0;14;43;13;0;54;2;0
1433;891;1;0;13;27;13;28;0;1;0;0;0;8;4;1;12;1;0
1433;20;1;1;19;43;24;49;1;4;0;0;97;18;0;1;15;0;4
1434;838;1;0;15;40;15;40;0;0;0;0;0;4;5;6;15;0;0
1434;838;2;0;20;41;20;41;0;0;0;0;0;4;8;8;20;0;0
1434;838;3;0;23;46;23;46;0;0;0;0;0;5;9;9;23;0;0
1434;33;1;0;15;48;15;48;0;0;0;0;0;8;4;3;15;0;0
1434;33;2;0;14;44;14;44;0;0;0;0;0;6;2;6;14;0;0
1434;33;3;0;20;44;21;45;0;0;0;0;0;10;5;5;17;3;0
1435;783;1;0;11;29;15;35;0;0;0;0;44;5;1;5;11;0;0
1435;783;2;0;9;21;10;23;1;2;0;0;90;6;2;1;5;2;2
1435;783;3;0;8;19;8;19;0;0;2;0;54;7;1;0;7;1;0
1435;756;1;0;20;35;45;62;1;3;0;0;21;5;7;8;17;3;0
1435;756;2;0;17;31;36;53;4;5;1;0;144;10;2;5;6;8;3
1435;756;3;0;10;21;35;50;2;3;1;1;221;10;0;0;2;0;8
1436;340;1;0;35;58;44;69;1;3;0;0;107;30;5;0;22;3;10
1436;340;2;1;30;65;30;65;0;0;0;0;0;27;2;1;30;0;0
1436;312;1;0;14;38;14;39;0;0;0;0;4;6;4;4;14;0;0
1436;312;2;0;14;43;14;43;0;0;0;0;0;8;3;3;14;0;0
1437;272;1;0;14;35;20;41;1;8;0;0;97;2;1;11;14;0;0
1437;272;2;0;15;33;18;37;2;5;0;0;148;6;4;5;12;2;1
1437;272;3;0;13;32;17;38;2;3;1;0;173;6;2;5;13;0;0
1437;810;1;0;14;29;15;30;0;0;0;0;2;7;6;1;8;2;4
1437;810;2;0;19;39;19;39;0;0;0;0;0;11;5;3;19;0;0
1437;810;3;0;7;25;7;25;0;0;0;0;0;6;0;1;7;0;0
1438;655;1;0;11;36;11;36;0;3;0;0;4;8;0;3;11;0;0
1438;25;1;1;25;36;25;36;1;1;0;0;8;24;1;0;23;2;0
1439;683;1;1;21;40;21;40;0;0;0;0;9;19;2;0;8;0;13
1439;335;1;0;12;20;12;20;0;0;0;0;0;5;5;2;11;1;0
1440;1;1;0;14;41;23;51;0;0;0;0;6;7;2;5;14;0;0
1440;1;2;1;69;100;131;171;1;1;0;0;68;56;13;0;47;9;13
1440;534;1;0;29;54;29;54;1;2;0;0;42;14;5;10;29;0;0
1440;534;2;0;21;37;28;47;1;4;0;0;80;15;6;0;20;1;0
1441;596;1;0;13;31;13;31;0;0;0;0;0;5;3;5;13;0;0
1441;596;2;0;18;27;18;27;0;0;0;0;0;7;4;7;18;0;0
1441;596;3;0;12;23;13;24;1;2;0;0;18;3;2;7;12;0;0
1441;596;4;0;11;22;11;22;0;0;1;1;11;3;5;3;11;0;0
1441;596;5;0;3;5;10;12;1;1;1;0;58;3;0;0;2;0;1
1441;760;1;0;10;28;10;28;0;1;0;0;0;5;2;3;10;0;0
1441;760;2;0;13;36;13;36;0;0;0;0;0;4;2;7;13;0;0
1441;760;3;0;7;32;13;38;1;3;0;0;34;1;2;4;7;0;0
1441;760;4;0;13;26;19;32;0;5;0;0;87;10;0;3;13;0;0
1441;760;5;0;1;4;54;60;1;1;0;0;183;0;1;0;1;0;0
1442;2;1;0;27;40;29;42;1;2;0;0;170;9;10;8;19;2;6
1442;2;2;0;10;15;24;30;2;3;0;0;224;5;4;1;6;1;3
1442;2;3;0;17;26;23;38;2;5;0;0;133;5;6;6;15;2;0
1442;2;4;0;0;1;1;3;1;2;1;0;261;0;0;0;0;0;0
1442;2;5;0;41;74;49;82;2;2;0;0;163;30;2;9;34;0;7
1442;257;1;0;13;30;40;61;0;0;0;0;1;11;1;1;9;0;4
1442;257;2;0;12;16;80;90;0;0;0;0;0;9;3;0;8;1;3
1442;257;3;0;24;46;63;86;0;1;0;1;6;21;2;1;20;2;2
1442;257;4;0;7;14;28;38;0;0;0;1;31;7;0;0;1;0;6
1442;257;5;0;55;98;70;115;0;0;0;0;9;54;1;0;53;2;0
1443;764;1;0;12;20;25;34;0;2;0;0;205;9;3;0;3;9;0
1443;764;2;0;16;16;48;54;1;3;2;0;260;15;1;0;2;1;13
1443;676;1;0;10;14;14;20;0;0;0;0;0;3;4;3;9;1;0
1443;676;2;0;6;11;12;17;0;0;0;0;0;3;3;0;4;0;2
1444;826;1;0;29;55;31;57;0;0;0;0;0;16;10;3;29;0;0
1444;826;2;0;11;18;18;25;0;0;0;0;0;8;2;1;6;0;5
1444;826;3;0;22;32;41;52;0;0;0;0;0;11;11;0;16;0;6
1444;254;1;1;70;104;76;110;0;1;0;0;55;43;11;16;54;0;16
1444;254;2;0;19;27;46;58;0;0;0;0;260;16;2;1;4;0;15
1444;254;3;0;17;34;29;49;1;3;0;0;218;14;0;3;8;0;9
1445;508;1;1;2;10;2;10;0;0;0;0;3;1;1;0;2;0;0
1445;336;1;0;0;3;0;3;0;0;0;0;0;0;0;0;0;0;0
1446;9;1;0;14;30;25;41;0;1;0;0;27;14;0;0;12;2;0
1446;9;2;0;27;48;28;50;0;0;0;0;1;20;0;7;25;2;0
1446;9;3;1;27;39;42;54;1;1;0;0;95;24;2;1;14;10;3
1446;219;1;0;28;44;38;54;0;0;0;0;77;16;9;3;22;6;0
1446;219;2;0;31;55;31;56;0;0;0;0;0;25;1;5;29;2;0
1446;219;3;0;34;51;44;61;0;0;0;0;51;28;5;1;27;7;0
1447;812;1;0;30;88;30;88;0;0;0;0;0;23;5;2;30;0;0
1447;812;2;0;54;109;54;109;0;0;0;0;0;48;5;1;54;0;0
1447;812;3;0;61;111;61;111;0;0;0;0;0;51;10;0;61;0;0
1447;315;1;0;45;89;45;89;0;0;0;0;0;11;2;32;45;0;0
1447;315;2;0;67;108;67;108;0;0;0;0;0;37;1;29;67;0;0
1447;315;3;0;92;153;92;153;0;1;0;0;0;55;3;34;92;0;0
1448;264;1;1;20;41;21;42;0;0;0;0;21;16;2;2;16;4;0
1448;831;1;0;17;25;21;29;0;1;0;0;36;9;1;7;17;0;0
1449;21;1;0;28;68;29;69;0;1;0;0;20;15;3;10;26;2;0
1449;21;2;0;3;6;3;6;0;1;0;0;0;2;0;1;3;0;0
1449;691;1;0;39;93;44;98;1;1;0;0;5;21;15;3;29;9;1
1449;691;2;0;25;34;42;54;0;0;1;0;53;24;1;0;8;0;17
1450;586;1;1;18;34;25;42;1;1;2;1;131;13;4;1;13;4;1
1450;586;2;0;6;7;20;21;1;1;3;0;232;6;0;0;2;1;3
1450;276;1;0;23;33;35;45;0;0;0;0;29;14;2;7;18;3;2
1450;276;2;0;9;10;20;22;0;0;0;0;7;8;1;0;6;0;3
1451;307;1;1;20;36;25;42;0;0;0;0;15;16;3;1;8;0;12
1451;620;1;0;10;25;10;25;0;0;0;0;0;1;0;9;10;0;0
1452;671;1;0;7;17;12;23;0;2;0;0;20;7;0;0;7;0;0
1452;671;2;0;1;3;1;3;0;0;0;0;0;1;0;0;1;0;0
1452;120;1;0;36;73;45;87;0;0;0;0;128;27;9;0;23;4;9
1452;120;2;0;13;25;15;27;0;0;0;0;10;8;5;0;12;1;0
1453;80;1;0;17;34;17;34;0;0;0;0;0;3;2;12;17;0;0
1453;80;2;0;14;33;22;46;1;1;0;0;112;2;2;10;13;0;1
1453;80;3;0;17;47;17;48;1;2;0;0;13;4;6;7;15;2;0
1453;80;4;0;12;25;51;82;0;0;0;0;255;11;1;0;3;2;7
1453;80;5;0;17;26;53;73;0;0;0;0;281;15;1;1;1;0;16
1453;630;1;0;29;49;29;49;0;0;0;0;0;1;0;28;29;0;0
1453;630;2;0;25;37;27;39;0;0;0;0;0;3;0;22;25;0;0
1453;630;3;0;24;47;24;47;0;0;0;0;0;2;3;19;24;0;0
1453;630;4;0;8;11;17;20;0;1;0;0;0;2;0;6;8;0;0
1453;630;5;0;1;1;8;10;0;1;0;0;0;0;0;1;1;0;0
1454;711;1;0;19;30;23;34;0;0;0;0;0;9;6;4;19;0;0
1454;711;2;0;23;48;24;49;0;2;0;0;11;15;7;1;22;1;0
1454;711;3;0;5;6;5;6;0;0;0;0;0;3;1;1;5;0;0
1454;625;1;0;20;40;21;41;0;0;0;0;40;12;6;2;20;0;0
1454;625;2;0;23;58;25;61;0;0;0;0;14;17;4;2;21;1;1
1454;625;3;1;10;16;10;16;0;0;0;0;4;4;4;2;10;0;0
1455;122;1;2;16;29;18;31;0;0;0;0;5;14;2;0;4;6;6
1455;561;1;0;8;23;8;23;0;0;0;0;0;3;2;3;8;0;0
1456;37;1;0;10;21;26;37;1;3;1;0;125;6;0;4;8;2;0
1456;86;1;0;10;25;10;25;0;0;0;0;0;6;3;1;10;0;0
1457;609;1;0;13;17;20;26;0;0;0;1;45;11;0;2;2;0;11
1457;609;2;0;6;12;16;24;0;0;0;0;3;3;2;1;6;0;0
1457;609;3;0;8;31;16;46;0;0;0;1;130;7;1;0;3;0;5
1457;628;1;0;3;4;10;11;5;6;0;0;187;0;2;1;3;0;0
1457;628;2;0;9;16;21;37;4;4;0;0;256;9;0;0;8;0;1
1457;628;3;0;2;10;4;12;2;4;0;1;131;1;1;0;2;0;0
1458;769;1;0;21;45;21;45;0;0;0;0;0;12;3;6;21;0;0
1458;769;2;0;22;60;33;73;0;0;0;0;0;16;3;3;19;3;0
1458;769;3;0;19;51;34;70;0;1;0;0;0;15;2;2;15;4;0
1458;746;1;0;45;68;46;69;0;0;0;0;0;23;3;19;44;1;0
1458;746;2;0;43;85;51;94;0;1;0;0;0;28;5;10;39;4;0
1458;746;3;0;46;82;61;100;1;1;0;0;86;27;7;12;38;8;0
1459;615;1;1;24;48;38;77;0;0;0;0;178;17;3;4;14;4;6
1459;615;2;1;26;76;27;77;0;1;0;0;23;16;8;2;22;2;2
1459;892;1;0;16;39;27;55;0;0;0;0;0;10;4;2;15;1;0
1459;892;2;0;31;76;34;80;0;0;0;0;0;15;5;11;31;0;0
1460;331;1;0;4;11;12;23;0;0;0;0;0;3;1;0;3;1;0
1460;331;2;1;25;38;29;43;0;0;1;0;46;23;1;1;1;2;22
1460;366;1;0;5;7;19;22;2;9;0;0;281;0;2;3;1;4;0
1460;366;2;0;1;3;1;3;0;1;0;0;0;1;0;0;1;0;0
1461;316;1;0;20;45;42;73;0;1;0;0;154;6;10;4;20;0;0
1461;316;2;0;28;45;34;51;1;2;0;0;148;11;10;7;26;2;0
1461;316;3;0;5;14;21;37;1;1;0;0;162;3;2;0;4;1;0
1461;893;1;0;13;39;36;68;0;0;0;0;0;5;8;0;5;8;0
1461;893;2;0;20;49;37;67;0;0;0;0;23;19;1;0;18;2;0
1461;893;3;0;11;27;39;58;1;1;0;0;43;7;4;0;6;5;0
1462;389;1;0;12;19;20;29;0;0;0;0;201;12;0;0;0;0;12
1462;389;2;1;21;24;24;31;0;0;0;0;15;18;1;2;7;0;14
1462;700;1;0;0;1;0;1;0;2;0;0;53;0;0;0;0;0;0
1462;700;2;0;2;3;2;3;0;0;0;0;0;2;0;0;2;0;0
1463;696;1;0;34;64;34;64;0;0;0;0;0;28;4;2;27;7;0
1463;696;2;0;10;22;32;47;0;0;0;0;14;4;4;2;7;2;1
1463;696;3;0;13;44;14;45;0;1;0;0;0;9;3;1;11;2;0
1463;442;1;0;11;63;13;66;0;3;0;0;24;5;5;1;9;2;0
1463;442;2;0;16;44;25;58;1;1;0;0;131;8;6;2;4;5;7
1463;442;3;0;9;50;10;52;0;5;0;0;9;8;1;0;8;1;0
1464;408;1;0;2;8;2;8;0;0;0;0;0;0;0;2;2;0;0
1464;3;1;1;8;15;8;15;0;0;0;0;3;8;0;0;4;2;2
1465;135;1;1;33;60;33;60;0;0;0;0;12;26;2;5;18;0;15
1465;259;1;0;15;26;15;26;0;0;0;0;2;5;3;7;14;1;0
1466;524;1;0;22;37;22;37;0;1;0;0;13;20;2;0;22;0;0
1466;524;2;0;15;33;17;35;0;0;0;0;0;12;1;2;13;2;0
1466;524;3;0;9;24;9;24;0;1;0;0;9;7;2;0;9;0;0
1466;349;1;0;10;20;10;20;2;3;0;0;34;7;1;2;10;0;0
1466;349;2;0;15;22;15;22;1;2;0;0;69;12;2;1;12;3;0
1466;349;3;0;20;32;28;42;1;2;0;0;139;16;4;0;11;3;6
1467;391;1;0;5;10;38;53;3;3;0;0;202;3;1;1;3;1;1
1467;391;2;0;8;11;51;66;1;1;0;0;271;5;0;3;3;0;5
1467;391;3;0;1;3;8;11;1;1;3;0;73;0;0;1;1;0;0
1467;472;1;0;13;21;16;24;0;0;0;1;19;6;5;2;8;4;1
1467;472;2;0;2;6;2;6;0;0;0;0;0;0;0;2;2;0;0
1467;472;3;0;3;5;3;5;0;0;0;0;0;1;2;0;3;0;0
1468;768;1;0;18;64;19;66;0;3;0;0;29;6;6;6;17;1;0
1468;768;2;0;14;33;29;48;2;7;0;0;199;9;5;0;11;3;0
1468;768;3;0;11;37;15;41;0;1;0;0;35;4;3;4;8;3;0
1468;642;1;0;15;32;40;65;0;0;0;0;39;13;0;2;8;4;3
1468;642;2;0;15;20;26;34;1;1;1;0;31;12;3;0;7;8;0
1468;642;3;0;16;39;19;42;1;2;1;0;85;8;6;2;13;3;0
1469;58;1;0;22;47;22;47;0;0;0;0;0;13;7;2;21;1;0
1469;58;2;0;9;26;11;29;0;0;0;0;0;5;2;2;9;0;0
1469;138;1;1;41;79;43;82;1;4;0;0;29;15;17;9;37;4;0
1469;138;2;0;23;44;35;58;3;3;1;0;103;9;6;8;23;0;0
1470;707;1;0;16;18;50;61;1;1;0;0;294;16;0;0;2;0;14
1470;707;2;0;16;18;69;82;1;2;0;0;290;15;1;0;3;0;13
1470;707;3;0;0;1;8;9;2;2;1;0;71;0;0;0;0;0;0
1470;743;1;0;1;3;1;3;0;0;0;0;0;1;0;0;1;0;0
1470;743;2;0;2;7;10;17;0;0;0;0;0;2;0;0;2;0;0
1470;743;3;0;0;1;0;1;0;0;0;0;0;0;0;0;0;0;0
1471;274;1;0;4;5;10;12;0;0;1;0;0;3;0;1;1;1;2
1471;380;1;0;9;12;12;16;1;1;0;0;85;7;1;1;4;0;5
1472;43;1;0;2;2;8;9;0;0;0;1;40;1;0;1;1;0;1
1472;759;1;0;1;1;9;13;1;2;0;0;53;1;0;0;1;0;0
1473;532;1;0;18;43;27;54;0;2;0;0;67;12;5;1;9;9;0
1473;532;2;0;62;88;72;106;1;2;0;0;102;58;4;0;9;2;51
1473;754;1;0;37;69;42;74;0;0;0;0;0;22;9;6;29;8;0
1473;754;2;1;36;58;50;79;0;0;0;0;101;36;0;0;9;4;23
1474;894;1;0;27;44;36;60;1;1;0;0;100;18;2;7;23;1;3
1474;894;2;0;10;13;10;13;0;0;0;0;0;9;0;1;9;1;0
1474;800;1;0;28;52;33;58;0;0;0;0;0;9;13;6;28;0;0
1474;800;2;0;25;31;29;37;1;1;1;0;31;24;1;0;15;1;9
1475;632;1;0;17;37;17;37;0;0;0;0;13;12;4;1;12;5;0
1475;632;2;0;13;33;19;40;1;2;0;0;51;10;3;0;8;5;0
1475;632;3;0;13;31;25;45;0;0;0;0;30;7;4;2;10;3;0
1475;456;1;0;16;34;16;34;0;0;0;0;0;5;6;5;12;4;0
1475;456;2;0;7;21;23;40;1;1;0;0;103;0;6;1;4;3;0
1475;456;3;0;20;32;35;51;0;2;0;0;136;11;8;1;7;13;0
1476;334;1;0;14;19;20;26;2;2;1;0;169;9;2;3;6;1;7
1476;334;2;0;14;19;28;33;0;0;0;0;287;14;0;0;2;0;12
1476;334;3;0;4;5;4;5;0;0;1;0;22;3;1;0;4;0;0
1476;645;1;0;3;8;7;12;0;0;1;0;34;0;1;2;3;0;0
1476;645;2;0;1;3;4;6;0;1;0;0;0;1;0;0;1;0;0
1476;645;3;0;2;3;2;3;0;1;0;0;0;2;0;0;2;0;0
1477;595;1;0;26;73;26;73;0;0;0;0;7;12;3;11;26;0;0
1477;595;2;0;36;77;36;77;0;0;0;0;0;20;7;9;32;4;0
1477;595;3;0;22;58;22;58;0;1;0;0;0;13;2;7;22;0;0
1477;354;1;0;14;40;14;40;0;0;0;0;0;7;6;1;13;1;0
1477;354;2;0;18;46;18;46;0;0;0;0;0;13;3;2;18;0;0
1477;354;3;0;25;63;25;63;0;1;0;0;3;13;8;4;23;2;0
1478;234;1;0;1;3;13;18;0;0;1;0;57;1;0;0;0;0;1
1478;345;1;0;3;4;5;10;0;2;0;1;59;2;1;0;0;1;2
1479;580;1;0;1;2;5;7;0;0;0;0;0;0;0;1;1;0;0
1479;580;2;0;15;29;39;57;0;0;0;0;180;14;1;0;5;0;10
1479;580;3;0;12;22;14;26;0;0;1;0;25;8;3;1;6;0;6
1479;895;1;0;0;3;13;20;1;4;0;0;290;0;0;0;0;0;0
1479;895;2;0;4;5;4;5;1;4;0;0;56;3;1;0;4;0;0
1479;895;3;0;1;4;1;4;0;2;0;0;0;1;0;0;1;0;0
1480;701;1;0;25;54;25;54;0;0;0;0;0;17;4;4;24;1;0
1480;701;2;0;18;35;18;36;0;2;0;0;0;11;4;3;18;0;0
1480;701;3;0;12;27;13;30;1;4;0;0;71;8;3;1;9;3;0
1480;668;1;0;18;69;19;70;0;0;0;0;16;12;1;5;17;1;0
1480;668;2;0;40;98;40;98;0;0;0;0;0;23;3;14;39;1;0
1480;668;3;1;29;57;37;66;0;1;0;0;14;22;4;3;25;1;3
1481;179;1;0;14;25;15;28;0;0;0;0;2;10;4;0;5;8;1
1481;179;2;0;0;2;2;4;0;0;0;0;0;0;0;0;0;0;0
1481;154;1;0;5;13;6;14;5;8;0;0;229;4;0;1;1;1;3
1481;154;2;0;3;7;10;17;2;2;1;0;217;2;0;1;2;0;1
1482;801;1;0;12;14;43;48;0;3;0;1;148;4;2;6;3;7;2
1482;801;2;0;2;2;38;48;1;1;0;0;227;2;0;0;0;0;2
1482;24;1;0;8;19;21;33;1;1;0;0;118;4;3;1;4;2;2
1482;24;2;0;0;1;12;14;0;0;1;0;0;0;0;0;0;0;0
1483;792;1;0;10;23;20;36;1;2;0;1;73;5;4;1;7;2;1
1483;792;2;0;7;21;8;23;2;5;0;0;133;1;1;5;5;2;0
1483;792;3;0;9;27;19;44;1;1;0;0;172;8;1;0;7;0;2
1483;753;1;0;23;41;42;63;1;1;0;1;123;9;12;2;11;7;5
1483;753;2;0;13;34;32;53;0;1;0;0;65;8;2;3;4;3;6
1483;753;3;0;27;33;67;82;0;0;1;1;72;25;1;1;10;0;17
1484;233;1;0;13;15;38;51;0;1;0;0;277;6;3;4;6;7;0
1484;233;2;1;52;72;52;72;0;1;0;0;14;38;5;9;40;9;3
1484;827;1;0;7;14;12;21;0;0;0;0;0;4;2;1;5;2;0
1484;827;2;0;23;57;25;60;0;0;0;0;0;15;4;4;21;2;0
1485;731;1;0;7;22;11;30;2;4;0;0;165;4;1;2;7;0;0
1485;731;2;0;9;20;35;53;1;3;0;1;212;9;0;0;6;1;2
1485;731;3;0;23;56;23;56;0;3;0;0;6;20;1;2;21;2;0
1485;785;1;0;24;43;34;54;0;1;0;0;0;8;10;6;21;3;0
1485;785;2;0;17;21;34;42;0;0;0;0;19;14;1;2;12;3;2
1485;785;3;0;35;68;35;68;0;0;0;0;1;19;13;3;35;0;0
1486;692;1;1;4;9;4;9;1;1;0;0;5;3;1;0;2;0;2
1486;750;1;0;11;16;11;16;0;1;0;0;0;6;2;3;11;0;0
1487;833;1;0;2;10;3;12;0;0;0;0;0;1;1;0;2;0;0
1487;833;2;0;2;8;2;8;0;0;0;0;0;2;0;0;2;0;0
1487;833;3;0;16;24;36;47;0;0;1;0;249;10;6;0;1;9;6
1487;538;1;0;12;26;48;64;1;2;0;0;229;7;3;2;6;0;6
1487;538;2;0;25;37;66;100;1;2;0;0;266;22;0;3;4;0;21
1487;538;3;0;5;11;9;16;0;4;0;0;21;2;2;1;2;3;0
1488;755;1;0;16;25;35;49;1;4;0;0;78;11;2;3;12;4;0
1488;755;2;0;41;56;43;59;1;9;0;0;23;37;4;0;31;9;1
1488;755;3;0;1;2;18;20;1;3;1;0;167;1;0;0;1;0;0
1488;683;1;0;2;17;2;17;0;0;0;0;0;0;1;1;2;0;0
1488;683;2;0;12;58;12;58;0;0;0;0;0;8;4;0;12;0;0
1488;683;3;0;0;5;2;7;0;0;0;0;0;0;0;0;0;0;0
1489;143;1;0;7;9;34;41;0;0;0;0;20;0;1;6;1;6;0
1489;143;2;0;11;20;20;32;0;0;0;1;7;8;3;0;8;2;1
1489;143;3;0;54;80;62;88;0;0;0;0;16;30;23;1;44;10;0
1489;479;1;0;8;18;17;37;2;4;0;0;229;3;3;2;5;0;3
1489;479;2;0;1;7;8;20;1;7;1;0;235;1;0;0;0;0;1
1489;479;3;0;9;18;10;20;0;11;0;0;99;6;3;0;6;3;0
1490;459;1;0;11;19;23;33;1;2;0;0;137;6;2;3;8;1;2
1490;459;2;0;19;34;21;37;0;1;0;0;28;12;5;2;18;1;0
1490;321;1;0;11;20;17;26;0;0;1;0;0;4;1;6;8;3;0
1490;321;2;1;27;41;32;46;0;0;0;0;8;17;4;6;14;1;12
1491;351;1;0;1;7;1;7;0;0;0;0;0;1;0;0;1;0;0
1491;608;1;1;10;14;10;14;0;0;0;0;2;7;0;3;7;0;3
1492;657;1;1;27;50;27;50;0;0;0;0;4;10;5;12;18;5;4
1492;657;2;3;26;57;26;57;0;0;0;0;9;17;2;7;25;1;0
1492;133;1;0;24;57;25;58;0;3;0;0;0;15;4;5;23;1;0
1492;133;2;0;25;57;25;57;0;1;0;0;0;23;2;0;24;1;0
1493;614;1;0;5;9;7;12;2;2;0;0;25;2;3;0;4;1;0
1493;253;1;1;6;11;10;15;0;0;0;1;19;3;1;2;4;0;2
1494;330;1;1;13;18;13;18;0;1;0;0;2;11;2;0;4;3;6
1494;401;1;0;7;12;10;16;0;2;0;0;0;3;3;1;5;1;1
1495;209;1;0;31;54;31;54;0;0;1;0;49;18;6;7;26;3;2
1495;209;2;0;24;45;37;60;0;3;0;1;126;15;8;1;12;9;3
1495;209;3;0;19;26;36;48;1;5;0;0;214;8;11;0;5;14;0
1495;275;1;0;16;36;16;36;0;1;0;0;12;6;4;6;16;0;0
1495;275;2;0;24;42;33;51;1;3;0;0;49;18;3;3;18;6;0
1495;275;3;0;14;19;36;42;0;2;0;0;13;7;7;0;1;13;0
1496;236;1;0;22;61;24;64;0;3;0;0;51;17;3;2;20;2;0
1496;236;2;0;31;90;32;91;0;2;0;0;8;24;3;4;29;0;2
1496;236;3;0;31;73;35;77;0;1;0;0;23;27;2;2;29;2;0
1496;471;1;0;23;73;23;73;0;0;0;0;0;18;5;0;19;4;0
1496;471;2;0;36;72;38;75;0;0;0;0;0;29;6;1;32;2;2
1496;471;3;0;39;76;40;77;0;1;0;0;3;34;4;1;34;5;0
1497;199;1;0;10;16;28;38;2;2;1;0;134;7;0;3;3;0;7
1497;809;1;0;2;7;6;12;0;0;0;1;13;1;0;1;2;0;0
1498;281;1;0;23;68;23;68;0;2;0;0;2;12;8;3;22;1;0
1498;281;2;1;39;77;51;91;1;1;0;0;126;35;3;1;19;2;18
1498;281;3;0;29;62;35;69;3;4;0;0;84;18;8;3;25;2;2
1498;599;1;0;58;79;58;79;0;0;0;0;0;27;14;17;58;0;0
1498;599;2;0;29;60;30;61;0;0;0;0;10;16;7;6;27;2;0
1498;599;3;0;56;102;56;102;0;0;0;0;0;44;9;3;56;0;0
1499;398;1;1;36;66;54;87;0;0;0;0;19;27;5;4;22;10;4
1499;896;1;0;35;57;46;69;0;0;0;0;64;23;12;0;16;19;0
1500;457;1;0;33;51;33;51;0;0;0;0;0;6;10;17;33;0;0
1500;457;2;0;38;64;39;65;1;3;0;0;55;21;10;7;37;1;0
1500;457;3;0;40;64;47;71;2;5;0;0;83;20;10;10;39;1;0
1500;839;1;0;18;40;18;40;0;0;0;0;0;12;5;1;18;0;0
1500;839;2;0;30;81;30;82;0;0;0;0;0;18;6;6;28;2;0
1500;839;3;0;40;81;40;81;0;0;0;0;0;29;6;5;36;4;0
1501;1;1;0;20;42;20;42;0;0;0;0;1;9;5;6;17;3;0
1501;1;2;0;77;144;77;144;0;0;0;0;0;46;27;4;77;0;0
1501;1;3;0;59;114;68;125;2;4;0;0;62;37;17;5;59;0;0
1501;94;1;0;23;58;24;59;0;1;0;0;13;14;1;8;23;0;0
1501;94;2;0;27;74;27;74;0;1;0;0;0;23;3;1;27;0;0
1501;94;3;0;25;65;27;67;0;1;0;1;8;17;5;3;23;1;1
1502;197;1;0;3;7;3;7;0;0;0;0;0;0;1;2;3;0;0
1502;117;1;1;14;20;14;20;0;0;0;0;3;8;2;4;10;0;4
1503;554;1;0;11;15;16;21;1;2;2;0;276;8;3;0;3;0;8
1503;554;2;0;6;8;16;18;1;1;2;0;259;6;0;0;0;0;6
1503;554;3;0;19;29;33;45;1;3;0;1;237;18;1;0;0;3;16
1503;554;4;0;2;2;28;37;1;2;0;0;263;0;1;1;2;0;0
1503;554;5;0;0;2;27;32;2;7;0;0;235;0;0;0;0;0;0
1503;326;1;0;6;11;7;14;0;0;0;0;0;4;2;0;0;0;6
1503;326;2;0;1;2;3;6;0;0;0;0;0;1;0;0;1;0;0
1503;326;3;0;5;15;6;17;0;1;0;0;33;4;1;0;0;0;5
1503;326;4;0;2;2;6;8;0;0;0;0;0;2;0;0;1;0;1
1503;326;5;0;6;9;6;9;0;1;0;0;24;6;0;0;0;1;5
1504;333;1;0;30;60;35;68;1;1;0;0;152;18;3;9;26;0;4
1504;333;2;0;9;31;12;35;2;4;1;0;107;9;0;0;6;3;0
1504;587;1;0;16;47;22;55;0;1;0;0;21;11;1;4;15;1;0
1504;587;2;1;37;66;42;73;0;0;0;0;66;30;6;1;10;24;3
1505;790;1;0;33;69;41;79;0;2;0;0;33;28;2;3;30;3;0
1505;790;2;0;20;40;30;53;0;1;0;0;108;13;3;4;15;5;0
1505;790;3;0;17;45;20;48;0;0;0;0;0;10;4;3;13;4;0
1505;709;1;0;28;60;35;71;0;0;0;0;21;14;10;4;21;7;0
1505;709;2;0;23;50;36;64;0;0;0;0;0;13;9;1;12;11;0
1505;709;3;0;28;49;34;55;0;1;0;0;18;12;11;5;22;6;0
1506;523;1;0;11;25;11;25;0;1;0;0;0;5;1;5;11;0;0
1506;523;2;0;21;42;21;42;0;0;0;0;0;13;6;2;21;0;0
1506;523;3;1;19;36;38;59;0;0;0;0;137;15;4;0;18;0;1
1506;285;1;0;7;33;7;33;0;0;0;0;0;5;1;1;7;0;0
1506;285;2;0;20;49;20;49;0;0;0;0;0;8;9;3;20;0;0
1506;285;3;0;11;25;12;28;0;0;0;0;0;6;4;1;11;0;0
1507;661;1;1;16;33;16;33;0;0;0;0;3;6;2;8;16;0;0
1507;829;1;0;8;31;8;31;0;0;0;0;0;6;2;0;8;0;0
1508;649;1;1;37;61;47;75;0;0;0;0;163;17;5;15;21;1;15
1508;649;2;0;27;73;32;78;1;4;0;0;73;15;3;9;24;3;0
1508;649;3;0;23;52;30;63;0;5;0;1;29;18;3;2;20;3;0
1508;662;1;0;10;34;14;39;0;0;0;0;0;5;2;3;10;0;0
1508;662;2;0;22;50;25;53;0;0;0;0;0;12;6;4;19;0;3
1508;662;3;0;43;68;76;119;0;1;1;0;84;30;9;4;28;2;13
1509;108;1;0;6;21;12;29;1;2;0;0;138;4;2;0;5;0;1
1509;108;2;1;2;5;2;5;0;0;0;0;1;2;0;0;2;0;0
1509;68;1;0;5;12;8;16;0;0;0;0;0;1;0;4;5;0;0
1509;68;2;0;4;7;4;7;0;0;0;0;0;4;0;0;4;0;0
1510;360;1;0;16;26;23;36;1;2;0;1;162;7;9;0;5;9;2
1510;360;2;0;37;53;42;62;1;3;0;0;83;17;18;2;25;12;0
1510;360;3;0;23;41;31;55;3;4;0;0;238;13;10;0;10;12;1
1510;82;1;0;23;32;48;70;1;3;0;0;61;12;9;2;9;13;1
1510;82;2;0;33;71;46;86;0;0;0;0;0;14;13;6;21;12;0
1510;82;3;0;6;30;17;47;0;0;0;1;2;3;3;0;4;2;0
1511;22;1;0;32;40;70;92;2;2;0;0;263;32;0;0;1;0;31
1511;22;2;0;25;37;32;47;1;1;0;0;94;23;2;0;4;1;20
1511;607;1;0;3;12;7;18;0;0;0;0;2;0;0;3;3;0;0
1511;607;2;0;2;10;2;11;0;0;0;0;0;0;0;2;2;0;0
1512;136;1;0;6;13;17;25;1;1;0;0;60;2;2;2;5;1;0
1512;136;2;0;10;19;20;31;0;0;0;0;8;2;5;3;9;1;0
1512;136;3;0;7;10;30;36;0;0;0;0;19;2;1;4;7;0;0
1512;897;1;0;4;10;14;21;1;1;0;1;153;3;1;0;1;0;3
1512;897;2;0;4;12;16;29;1;4;0;0;170;4;0;0;3;1;0
1512;897;3;0;5;10;35;42;1;3;0;0;195;4;1;0;3;1;1
1513;131;1;1;24;29;39;46;0;1;0;0;19;13;9;2;7;8;9
1513;560;1;0;4;6;11;18;0;0;0;0;49;0;1;3;3;1;0
1514;231;1;0;3;3;5;7;0;0;0;0;0;2;1;0;1;1;1
1514;231;2;0;11;18;12;19;0;0;0;0;0;5;3;3;11;0;0
1514;231;3;0;22;45;41;66;0;1;0;0;0;20;2;0;21;0;1
1514;387;1;0;16;17;61;66;2;7;1;0;275;15;1;0;1;0;15
1514;387;2;0;9;20;12;23;1;1;0;0;41;3;2;4;9;0;0
1514;387;3;0;13;33;34;54;1;4;0;0;120;9;0;4;12;0;1
1515;207;1;0;13;19;16;23;1;1;0;0;66;7;3;3;7;1;5
1515;464;1;0;14;27;17;30;0;0;0;0;0;4;1;9;14;0;0
1516;284;1;1;26;36;26;36;0;0;0;0;0;20;6;0;26;0;0
1516;849;1;0;12;16;12;16;0;0;0;0;0;3;1;8;12;0;0
1517;666;1;0;5;11;5;11;0;0;1;0;3;2;2;1;5;0;0
1517;558;1;0;1;3;1;3;0;1;0;0;7;0;0;1;1;0;0
1518;37;1;0;20;31;34;46;1;1;0;0;100;10;9;1;14;4;2
1518;37;2;0;6;6;33;35;0;0;2;0;0;6;0;0;0;0;6
1518;37;3;0;4;6;4;6;0;0;0;0;43;3;1;0;0;4;0
1518;828;1;0;10;28;40;58;1;3;0;0;96;4;3;3;9;1;0
1518;828;2;0;3;3;60;65;1;1;0;0;296;3;0;0;0;0;3
1518;828;3;0;1;2;18;23;1;2;1;0;112;1;0;0;1;0;0
1519;669;1;0;8;13;12;17;1;1;1;0;18;5;2;1;8;0;0
1519;669;2;0;21;46;21;46;0;0;0;0;0;16;5;0;20;1;0
1519;669;3;0;14;33;14;33;0;0;0;0;6;7;7;0;13;1;0
1519;60;1;0;16;25;25;34;1;3;0;0;133;6;4;6;13;1;2
1519;60;2;0;23;39;23;39;0;0;0;0;13;12;6;5;21;2;0
1519;60;3;0;22;33;35;50;3;4;0;0;164;14;6;2;16;3;3
1520;557;1;0;29;42;32;45;1;4;0;0;29;8;8;13;25;4;0
1520;557;2;0;1;1;1;1;0;0;0;0;0;0;0;1;1;0;0
1520;721;1;0;25;36;30;41;0;1;0;0;14;3;6;16;23;2;0
1520;721;2;0;0;0;0;0;0;0;0;0;0;0;0;0;0;0;0
1521;898;1;0;5;9;50;55;1;1;0;0;9;4;0;1;2;0;3
1521;898;2;0;20;50;21;51;1;2;0;0;23;13;4;3;14;2;4
1521;898;3;0;16;47;16;47;0;1;0;0;0;4;9;3;15;1;0
1521;434;1;0;5;7;43;45;1;1;0;0;250;2;1;2;2;0;3
1521;434;2;0;14;29;14;29;0;0;0;0;0;3;2;9;14;0;0
1521;434;3;0;15;43;15;43;0;1;0;0;0;6;2;7;15;0;0
1522;899;1;0;29;51;29;51;0;1;0;0;0;21;4;4;28;1;0
1522;899;2;0;29;68;31;72;0;0;0;0;1;23;4;2;28;1;0
1522;899;3;1;34;58;34;58;0;0;0;0;3;31;3;0;33;0;1
1522;747;1;0;44;88;44;88;0;0;0;0;0;23;14;7;40;4;0
1522;747;2;0;48;84;49;85;0;2;0;0;5;33;11;4;46;2;0
1522;747;3;0;11;22;11;22;0;3;0;0;0;7;2;2;11;0;0
1523;69;1;0;10;17;17;26;1;2;0;0;45;4;1;5;8;2;0
1523;69;2;0;1;1;6;6;1;3;0;0;92;1;0;0;0;1;0
1523;69;3;0;39;54;47;62;0;2;0;0;27;32;5;2;28;2;9
1523;62;1;0;18;28;49;64;1;3;0;1;157;13;3;2;6;5;7
1523;62;2;0;11;13;30;34;2;3;0;0;179;4;4;3;1;4;6
1523;62;3;0;19;40;21;42;1;3;0;0;66;14;3;2;17;2;0
1524;758;1;1;30;53;31;54;0;3;0;0;18;19;10;1;22;8;0
1524;758;2;0;11;23;37;51;0;0;0;0;0;6;5;0;8;3;0
1524;758;3;0;33;70;41;78;0;0;0;0;0;22;11;0;30;3;0
1524;900;1;0;16;46;16;46;0;0;0;0;0;9;5;2;15;1;0
1524;900;2;0;11;22;28;40;1;1;0;0;228;8;0;3;4;0;7
1524;900;3;0;20;33;21;35;0;2;0;0;52;14;3;3;18;2;0
1525;279;1;0;46;66;46;66;0;0;0;0;0;16;10;20;46;0;0
1525;279;2;0;43;58;82;101;0;0;0;0;0;21;9;13;24;7;12
1525;279;3;0;24;30;94;107;0;0;0;0;0;19;3;2;4;8;12
1525;703;1;0;28;42;28;42;0;1;0;0;0;20;3;5;27;1;0
1525;703;2;0;26;36;44;56;1;2;0;0;145;20;3;3;8;3;15
1525;703;3;0;11;13;35;40;2;4;0;0;259;11;0;0;0;1;10
1526;697;1;1;42;80;55;103;1;1;0;0;195;39;3;0;23;4;15
1526;697;2;0;42;79;43;80;0;0;0;0;29;24;3;15;34;8;0
1526;697;3;0;29;58;29;59;0;0;0;0;0;17;5;7;29;0;0
1526;697;4;0;35;79;39;84;0;1;0;0;12;24;1;10;35;0;0
1526;697;5;0;30;55;40;71;0;0;0;0;0;22;2;6;27;3;0
1526;139;1;0;13;25;14;26;0;0;0;0;0;8;5;0;12;1;0
1526;139;2;0;31;65;33;67;0;0;0;0;0;7;23;1;25;6;0
1526;139;3;1;32;68;42;86;0;0;0;0;64;14;16;2;27;0;5
1526;139;4;0;47;90;48;91;0;0;0;0;22;24;22;1;42;5;0
1526;139;5;0;41;76;41;77;3;4;0;0;98;18;23;0;28;13;0
1527;901;1;0;24;58;28;63;0;1;0;0;0;15;2;7;21;3;0
1527;901;2;0;0;5;8;18;0;0;0;0;0;0;0;0;0;0;0
1527;901;3;0;17;38;24;45;2;3;0;0;85;14;0;3;10;7;0
1527;681;1;0;14;30;14;30;0;2;0;0;25;8;2;4;13;1;0
1527;681;2;0;2;2;24;35;2;2;1;0;275;2;0;0;2;0;0
1527;681;3;0;8;14;26;35;0;2;0;0;123;5;2;1;7;0;1
1528;778;1;1;16;30;16;32;0;0;0;0;12;1;0;15;16;0;0
1528;778;2;1;20;28;20;28;0;0;0;0;7;6;0;14;20;0;0
1528;265;1;0;14;46;14;46;0;0;0;0;0;5;8;1;13;1;0
1528;265;2;0;6;26;6;27;0;0;0;0;10;4;2;0;4;2;0
1529;381;1;0;0;1;0;1;0;0;0;0;0;0;0;0;0;0;0
1529;280;1;1;6;18;6;18;0;0;0;0;4;5;1;0;2;0;4
1530;303;1;0;22;50;22;50;1;4;1;0;36;14;8;0;19;3;0
1530;303;2;0;19;27;28;39;1;1;1;1;145;17;2;0;9;3;7
1530;303;3;0;42;84;42;84;1;1;0;0;11;33;8;1;35;7;0
1530;715;1;0;27;69;32;74;0;2;0;0;16;12;7;8;23;4;0
1530;715;2;0;8;19;16;29;0;2;1;0;64;4;1;3;8;0;0
1530;715;3;0;38;87;39;89;0;1;0;0;6;22;6;10;34;4;0
1531;159;1;0;2;11;53;80;2;2;1;0;212;2;0;0;2;0;0
1531;159;2;0;7;16;28;43;3;5;0;1;169;4;3;0;7;0;0
1531;159;3;0;2;6;14;23;0;1;1;0;108;2;0;0;2;0;0
1531;902;1;0;4;13;11;25;1;1;0;0;37;2;0;2;4;0;0
1531;902;2;0;9;29;32;53;1;1;0;1;44;7;1;1;9;0;0
1531;902;3;0;2;8;2;8;0;0;0;0;8;2;0;0;2;0;0
1532;617;1;0;8;13;28;39;1;3;0;0;79;5;3;0;5;3;0
1532;617;2;0;2;6;34;43;1;1;0;0;287;0;1;1;0;2;0
1532;617;3;0;8;16;15;24;1;4;0;0;49;4;4;0;2;6;0
1532;176;1;0;4;12;19;34;1;2;0;0;135;1;1;2;4;0;0
1532;176;2;0;0;1;8;9;0;0;0;0;0;0;0;0;0;0;0
1532;176;3;0;11;18;34;44;1;1;0;0;187;9;2;0;9;2;0
1533;260;1;1;14;21;14;21;0;0;0;0;15;14;0;0;0;1;13
1533;814;1;0;1;1;1;1;0;0;0;0;0;0;0;1;1;0;0
1534;621;1;1;30;60;37;70;0;2;0;0;39;11;1;18;26;2;2
1534;621;2;0;8;20;10;25;0;1;0;0;0;2;1;5;8;0;0
1534;621;3;0;10;28;13;31;1;1;0;0;11;10;0;0;10;0;0
1534;309;1;0;23;37;32;54;0;0;0;0;86;21;2;0;22;1;0
1534;309;2;0;12;21;24;38;0;0;0;0;223;12;0;0;8;0;4
1534;309;3;0;17;37;31;56;0;1;0;0;186;14;3;0;12;0;5
1535;630;1;0;35;65;35;65;0;0;0;0;0;10;4;21;35;0;0
1535;630;2;0;38;68;38;68;0;0;0;0;0;16;3;19;38;0;0
1535;630;3;0;37;64;42;70;0;0;0;0;8;18;3;16;37;0;0
1535;714;1;0;7;29;7;29;0;0;0;0;0;5;1;1;7;0;0
1535;714;2;0;17;46;17;46;0;0;0;0;0;11;5;1;17;0;0
1535;714;3;0;14;58;15;59;2;4;0;0;51;9;4;1;14;0;0
1536;903;1;0;32;68;35;71;0;0;0;0;0;21;7;4;32;0;0
1536;903;2;0;35;89;35;91;0;2;0;0;9;21;11;3;32;3;0
1536;903;3;0;35;112;35;114;0;1;0;0;0;17;14;4;29;6;0
1536;851;1;0;26;66;26;67;1;1;0;0;3;11;9;6;26;0;0
1536;851;2;0;34;61;35;62;0;0;0;0;0;19;8;7;34;0;0
1536;851;3;0;57;83;58;84;0;0;0;0;0;39;12;6;57;0;0
1537;396;1;0;0;6;0;6;0;0;0;0;0;0;0;0;0;0;0
1537;259;1;1;7;11;7;11;0;0;0;0;5;7;0;0;1;0;6
1538;490;1;0;20;46;20;47;2;3;1;0;32;12;6;2;19;1;0
1538;490;2;0;6;16;6;16;1;1;1;0;35;3;3;0;5;1;0
1538;752;1;0;7;19;7;19;0;0;1;0;8;3;2;2;7;0;0
1538;752;2;0;4;9;4;9;0;0;0;0;0;1;0;3;4;0;0
1539;556;1;0;12;33;12;35;0;0;0;0;0;9;3;0;12;0;0
1539;556;2;0;15;52;25;62;0;0;0;0;0;11;3;1;15;0;0
1539;556;3;0;13;56;17;64;1;2;0;0;13;9;4;0;10;3;0
1539;392;1;0;10;41;14;45;2;4;0;0;35;6;2;2;10;0;0
1539;392;2;0;18;45;18;45;0;0;0;0;27;10;8;0;17;1;0
1539;392;3;0;40;90;45;96;0;0;0;0;79;25;14;1;28;1;11
1540;526;1;1;30;53;30;53;0;0;0;0;31;19;7;4;20;2;8
1540;821;1;0;5;22;5;22;0;1;0;0;0;2;3;0;5;0;0
1541;427;1;0;16;39;16;39;0;0;0;0;0;1;11;4;16;0;0
1541;427;2;0;28;59;28;59;0;0;0;0;27;12;15;1;28;0;0
1541;427;3;0;31;58;32;59;0;1;0;0;8;12;19;0;31;0;0
1541;830;1;0;27;61;27;61;0;0;0;0;0;6;7;14;27;0;0
1541;830;2;1;44;89;52;100;0;0;0;0;5;21;13;10;43;1;0
1541;830;3;0;39;94;40;96;1;1;0;0;2;19;13;7;38;1;0
1542;623;1;0;39;74;41;78;1;1;0;1;72;29;10;0;29;10;0
1542;623;2;0;41;76;52;87;0;4;0;0;46;31;7;3;34;6;1
1542;623;3;0;61;117;62;118;0;1;0;0;17;34;25;2;60;1;0
1542;719;1;0;35;83;41;89;1;1;0;1;13;21;11;3;25;10;0
1542;719;2;0;30;66;33;69;1;1;0;0;40;18;10;2;26;3;1
1542;719;3;0;34;112;34;112;0;0;0;0;0;18;12;4;34;0;0
1543;842;1;0;29;35;103;114;0;0;0;0;91;26;2;1;1;2;26
1543;876;1;0;3;7;9;16;0;3;0;0;74;0;2;1;1;2;0
1544;688;1;0;17;35;27;49;0;1;0;0;20;10;7;0;5;5;7
1544;688;2;0;9;23;35;56;0;0;0;0;0;8;1;0;3;1;5
1544;688;3;0;5;7;24;39;0;0;0;1;22;3;2;0;2;1;2
1544;904;1;0;9;16;17;27;2;3;0;0;104;3;3;3;7;1;1
1544;904;2;0;9;19;30;46;1;1;0;0;251;8;1;0;3;0;6
1544;904;3;0;16;29;23;43;2;2;0;0;255;16;0;0;0;0;16
1545;83;1;0;7;11;23;32;0;0;0;0;3;5;0;2;6;0;1
1545;83;2;0;13;19;51;61;1;2;0;0;213;5;3;5;8;1;4
1545;83;3;1;24;36;46;66;1;2;0;0;123;14;5;5;14;0;10
1545;905;1;0;1;10;10;28;3;5;1;0;176;1;0;0;1;0;0
1545;905;2;0;1;5;5;10;0;3;1;0;27;1;0;0;1;0;0
1545;905;3;0;5;21;16;35;1;3;1;0;67;3;2;0;5;0;0
1546;846;1;0;19;55;20;57;0;0;0;0;0;14;0;5;17;2;0
1546;846;2;0;21;63;23;66;0;0;0;0;0;10;7;4;19;2;0
1546;846;3;0;27;86;27;86;0;1;0;0;0;17;6;4;23;4;0
1546;49;1;0;19;35;19;35;0;0;0;0;22;18;0;1;16;3;0
1546;49;2;0;20;44;20;44;0;0;0;0;0;15;5;0;18;2;0
1546;49;3;0;26;56;27;57;0;0;0;0;0;22;4;0;24;2;0
1547;277;1;0;16;27;16;28;0;0;0;0;0;4;10;2;16;0;0
1547;277;2;0;2;5;3;6;0;0;0;0;0;0;2;0;2;0;0
1547;155;1;0;12;34;12;35;0;3;0;0;3;7;2;3;12;0;0
1547;155;2;0;4;6;5;7;1;3;0;0;85;4;0;0;1;1;2
1548;336;1;0;14;22;20;30;2;6;0;0;116;7;4;3;11;0;3
1548;336;2;0;5;12;13;23;1;5;1;0;150;3;2;0;5;0;0
1548;336;3;0;4;6;4;6;2;4;0;0;187;3;1;0;1;1;2
1548;36;1;0;10;25;14;30;0;0;0;0;3;7;2;1;10;0;0
1548;36;2;0;8;26;14;33;0;0;0;0;31;6;1;1;6;2;0
1548;36;3;0;0;4;4;9;0;0;0;1;97;0;0;0;0;0;0
1549;708;1;0;51;75;67;99;1;1;0;0;67;38;13;0;6;45;0
1549;708;2;0;19;27;23;31;0;0;0;0;56;9;9;1;6;8;5
1549;837;1;0;10;20;13;25;1;5;0;0;129;5;4;1;2;6;2
1549;837;2;0;3;12;3;12;0;1;0;0;40;2;1;0;2;1;0
1550;766;1;0;23;50;23;50;0;0;0;0;0;5;16;2;22;1;0
1550;766;2;0;22;30;40;55;1;2;1;0;210;4;18;0;7;15;0
1550;906;1;0;18;38;18;38;0;1;0;0;9;4;2;12;15;3;0
1550;906;2;0;7;13;11;19;0;1;0;0;24;2;4;1;5;2;0
1551;619;1;0;0;9;0;10;2;3;1;0;118;0;0;0;0;0;0
1551;12;1;0;8;9;8;10;0;0;1;0;0;3;4;1;7;1;0
1552;803;1;0;3;14;8;21;1;4;1;0;134;1;1;1;3;0;0
1552;803;2;0;16;32;16;35;1;2;0;0;81;10;3;3;10;5;1
1552;803;3;0;14;39;14;39;0;0;1;0;20;9;4;1;9;0;5
1552;173;1;0;8;21;8;23;0;0;0;0;49;8;0;0;8;0;0
1552;173;2;0;14;28;23;38;1;3;0;0;110;10;3;1;12;2;0
1552;173;3;0;21;43;21;43;1;3;0;0;120;14;2;5;20;0;1
1553;807;1;1;39;53;44;58;0;1;0;0;82;21;16;2;25;8;6
1553;807;2;0;48;69;73;99;0;1;0;1;89;33;14;1;22;14;12
1553;807;3;1;17;21;17;21;0;0;0;0;0;12;3;2;9;8;0
1553;907;1;0;19;47;19;47;0;0;0;0;0;8;8;3;13;6;0
1553;907;2;0;29;50;32;54;1;1;0;0;48;24;4;1;19;10;0
1553;907;3;0;3;6;5;9;0;0;0;0;0;0;3;0;3;0;0
1554;414;1;0;28;39;44;60;1;3;0;0;219;28;0;0;0;0;28
1554;380;1;0;2;4;3;5;1;1;0;0;26;1;0;1;1;0;1
1555;684;1;0;32;72;34;74;0;1;0;0;0;26;6;0;31;1;0
1555;684;2;0;36;85;37;87;0;0;0;0;0;22;14;0;36;0;0
1555;684;3;0;17;34;47;73;1;2;0;0;187;10;7;0;16;0;1
1555;908;1;0;41;89;41;89;0;0;1;0;49;25;11;5;35;6;0
1555;908;2;0;34;68;34;68;0;0;0;0;4;17;11;6;33;1;0
1555;908;3;0;12;26;25;41;0;0;1;0;0;11;0;1;12;0;0
1556;613;1;0;18;33;27;44;0;1;0;0;73;6;10;2;11;7;0
1556;613;2;0;6;9;15;22;1;1;0;0;119;3;3;0;3;2;1
1556;613;3;0;31;63;41;74;0;0;0;0;19;22;7;2;23;8;0
1556;909;1;0;17;29;20;37;0;1;0;0;23;1;10;6;7;10;0
1556;909;2;0;6;10;13;21;1;5;0;0;90;0;5;1;1;5;0
1556;909;3;0;24;56;31;65;0;8;0;0;58;9;11;4;12;12;0
1557;798;1;0;23;40;31;48;0;3;0;0;54;7;0;16;23;0;0
1557;798;2;0;21;38;21;38;0;0;1;0;0;5;1;15;21;0;0
1557;798;3;0;16;31;26;45;0;0;0;0;0;5;2;9;16;0;0
1557;517;1;0;17;54;27;68;0;1;0;0;47;13;0;4;17;0;0
1557;517;2;0;25;61;35;75;2;2;0;0;103;17;6;2;20;1;4
1557;517;3;0;27;67;50;97;1;2;0;0;141;15;5;7;18;0;9
1558;32;1;0;12;41;60;89;0;0;0;0;0;7;2;3;9;3;0
1558;32;2;1;28;42;86;107;0;0;0;0;20;20;6;2;10;17;1
1558;32;3;0;4;15;35;54;0;0;0;1;12;3;0;1;4;0;0
1558;32;4;0;20;49;38;69;1;1;0;0;37;13;2;5;11;9;0
1558;32;5;0;20;56;43;89;0;1;1;0;90;11;2;7;17;2;1
1558;593;1;0;14;40;25;51;1;2;0;0;80;9;4;1;12;2;0
1558;593;2;0;15;29;62;76;1;1;0;0;183;9;0;6;7;1;7
1558;593;3;0;9;18;40;51;1;1;1;0;196;6;0;3;9;0;0
1558;593;4;0;19;43;31;55;1;2;0;0;58;17;0;2;18;1;0
1558;593;5;0;23;49;41;68;0;1;0;0;0;20;2;1;21;2;0
1559;468;1;0;40;111;40;111;0;0;0;0;0;15;11;14;36;4;0
1559;468;2;0;49;127;49;127;0;2;0;0;0;27;10;12;46;3;0
1559;468;3;0;38;118;38;118;0;0;0;0;0;17;12;9;37;1;0
1559;406;1;0;41;69;41;69;0;0;0;0;0;19;14;8;34;7;0
1559;406;2;0;34;61;34;61;0;0;0;0;0;10;14;10;33;1;0
1559;406;3;0;30;60;30;60;0;0;0;0;0;17;8;5;27;3;0
1560;525;1;1;18;30;19;31;0;0;0;0;17;17;1;0;6;1;11
1560;910;1;0;6;19;6;19;0;0;0;0;0;5;1;0;6;0;0
1561;533;1;0;12;50;12;50;0;0;0;0;0;7;2;3;12;0;0
1561;533;2;0;24;51;24;51;0;0;1;0;17;11;9;4;23;1;0
1561;859;1;0;26;52;26;52;0;2;0;0;0;16;2;8;26;0;0
1561;859;2;0;12;30;12;30;0;4;0;0;11;9;1;2;10;2;0
1562;762;1;0;26;82;26;82;0;0;0;0;0;17;5;4;24;2;0
1562;762;2;0;22;59;23;60;0;1;0;0;7;11;6;5;19;3;0
1562;762;3;0;24;67;24;67;0;0;0;0;0;14;6;4;22;2;0
1562;495;1;0;25;50;25;50;0;1;0;0;0;12;5;8;25;0;0
1562;495;2;0;30;58;31;59;0;0;0;0;0;16;8;6;29;1;0
1562;495;3;0;27;76;27;76;0;2;0;0;0;15;6;6;26;1;0
1563;471;1;1;6;11;14;20;2;2;5;0;219;3;2;1;5;1;0
1563;471;2;0;15;20;23;31;3;3;1;0;170;12;2;1;10;2;3
1563;130;1;0;1;4;5;11;0;0;0;0;20;0;0;1;1;0;0
1563;130;2;0;2;9;29;37;0;1;0;0;2;0;2;0;2;0;0
1564;399;1;0;27;41;28;43;0;0;0;0;2;8;5;14;25;2;0
1564;399;2;1;22;43;26;47;0;0;0;0;1;15;4;3;22;0;0
1564;835;1;0;22;58;22;58;0;2;0;0;31;5;6;11;21;1;0
1564;835;2;0;16;58;16;58;0;3;0;0;19;13;2;1;16;0;0
1565;38;1;0;12;20;12;20;0;0;1;0;14;0;2;10;12;0;0
1565;877;1;0;4;14;8;18;1;2;0;0;79;1;1;2;3;0;1
1566;268;1;0;39;75;39;75;0;0;0;0;0;20;6;13;34;5;0
1566;268;2;0;28;61;29;62;0;0;0;0;17;16;7;5;22;6;0
1566;268;3;0;36;76;48;88;0;1;0;0;9;27;3;6;35;1;0
1566;448;1;0;24;63;25;64;0;1;0;0;5;14;6;4;20;4;0
1566;448;2;0;18;56;32;71;2;5;0;0;112;11;5;2;14;4;0
1566;448;3;0;35;87;38;90;0;4;0;0;63;18;14;3;24;11;0
1567;820;1;0;14;38;15;39;0;2;0;0;1;8;2;4;12;2;0
1567;636;1;1;43;72;43;72;0;0;0;0;2;27;10;6;35;7;1
1568;763;1;0;27;38;45;62;0;0;0;0;233;18;6;3;10;2;15
1568;763;2;0;32;55;44;67;1;2;0;0;178;20;9;3;19;4;9
1568;763;3;0;22;35;58;77;2;2;0;0;238;15;5;2;9;2;11
1568;855;1;0;2;7;12;18;0;2;0;0;0;1;0;1;2;0;0
1568;855;2;0;2;10;19;29;0;0;0;0;33;2;0;0;2;0;0
1568;855;3;0;4;12;8;17;0;0;0;0;0;3;0;1;4;0;0
1569;489;1;0;12;39;12;39;0;0;0;0;0;1;3;8;12;0;0
1569;489;2;0;20;64;20;64;0;0;0;0;0;3;7;10;20;0;0
1569;489;3;0;21;57;21;57;0;0;0;0;0;4;10;7;21;0;0
1569;489;4;0;20;51;20;51;0;0;0;0;0;10;7;3;20;0;0
1569;489;5;0;21;60;21;60;0;0;0;0;0;4;11;6;21;0;0
1569;388;1;1;27;52;27;52;0;0;0;0;14;22;1;4;11;11;5
1569;388;2;0;16;32;16;32;0;0;0;0;0;11;5;0;16;0;0
1569;388;3;0;20;41;20;41;0;0;0;0;0;12;8;0;20;0;0
1569;388;4;0;38;63;38;63;0;0;0;0;0;22;15;1;38;0;0
1569;388;5;0;36;71;36;71;0;0;0;0;0;18;16;2;36;0;0
1570;13;1;0;15;39;16;40;0;0;0;0;0;0;5;10;15;0;0
1570;13;2;0;13;28;14;29;0;0;0;0;0;4;2;7;11;2;0
1570;390;1;1;51;83;53;86;0;1;0;0;7;29;13;9;50;1;0
1570;390;2;0;42;60;54;78;0;0;1;0;148;36;5;1;22;2;18
1571;299;1;1;36;55;38;57;0;0;0;0;28;18;13;5;28;2;6
1571;299;2;0;37;61;37;61;0;0;0;0;0;26;7;4;32;3;2
1571;299;3;0;39;66;41;68;1;1;0;0;17;33;4;2;32;1;6
1571;730;1;0;32;96;32;96;0;3;0;0;8;13;13;6;31;1;0
1571;730;2;0;35;102;35;103;0;1;0;0;0;19;9;7;34;1;0
1571;730;3;0;32;106;34;111;0;1;0;0;0;21;6;5;29;2;1
1572;744;1;1;11;14;11;14;0;0;0;0;5;9;0;2;6;0;5
1572;502;1;0;7;14;7;15;0;0;0;0;0;3;1;3;7;0;0
1573;873;1;1;16;29;16;29;0;0;0;0;3;12;1;3;15;0;1
1573;862;1;0;8;24;9;25;0;0;0;0;0;3;1;4;6;2;0
1574;460;1;1;19;36;21;38;0;0;0;0;3;7;7;5;17;1;1
1574;460;2;0;24;55;24;55;0;0;0;0;0;21;3;0;24;0;0
1574;460;3;0;38;63;46;72;1;2;1;0;98;22;10;6;18;7;13
1574;808;1;0;17;30;17;30;0;0;0;0;0;0;3;14;17;0;0
1574;808;2;0;23;44;23;44;0;0;0;0;0;4;4;15;23;0;0
1574;808;3;0;18;46;20;49;1;2;0;0;15;10;5;3;15;3;0
1575;95;1;0;31;50;33;52;0;0;0;0;0;14;7;10;29;2;0
1575;95;2;0;10;18;10;18;0;1;0;0;7;2;6;2;6;4;0
1575;598;1;0;23;60;38;78;0;0;0;0;27;10;8;5;18;5;0
1575;598;2;0;15;27;49;65;1;1;0;0;139;4;3;8;5;9;1
1576;561;1;0;22;45;22;45;0;0;0;0;0;5;4;13;22;0;0
1576;561;2;0;37;62;37;62;0;1;0;0;0;17;8;12;37;0;0
1576;561;3;0;29;72;29;72;0;1;0;0;0;16;1;12;29;0;0
1576;911;1;0;24;51;24;51;0;0;0;0;0;6;10;8;24;0;0
1576;911;2;0;21;61;21;61;0;0;0;0;0;11;5;5;21;0;0
1576;911;3;0;38;76;40;78;0;1;0;0;0;20;7;11;38;0;0
1577;122;1;0;43;98;43;98;0;0;0;0;9;26;17;0;42;1;0
1577;122;2;0;59;135;60;136;0;2;0;0;11;42;17;0;51;8;0
1577;122;3;0;69;144;69;144;0;3;0;0;1;46;23;0;68;1;0
1577;888;1;0;44;103;47;106;0;0;0;0;11;14;13;17;43;1;0
1577;888;2;0;54;115;55;117;0;0;0;0;30;31;13;10;45;9;0
1577;888;3;0;50;136;50;136;0;0;0;0;0;34;11;5;49;1;0
1578;912;1;0;4;13;9;19;0;1;0;0;0;2;2;0;2;2;0
1578;912;2;0;13;34;24;48;0;1;0;0;7;2;8;3;6;7;0
1578;912;3;0;27;47;42;69;0;1;0;0;14;15;9;3;11;16;0
1578;473;1;0;4;11;18;28;1;2;0;0;235;4;0;0;3;1;0
1578;473;2;0;20;39;25;46;0;1;0;0;163;18;2;0;17;3;0
1578;473;3;0;11;26;20;38;0;3;0;0;183;9;2;0;7;4;0
1579;913;1;0;1;4;1;4;0;0;0;0;0;0;1;0;1;0;0
1579;726;1;0;2;6;2;6;1;2;1;0;32;0;1;1;2;0;0
1580;746;1;0;29;58;39;69;1;1;1;0;45;18;4;7;25;4;0
1580;652;1;0;39;59;45;66;0;0;0;0;0;20;9;10;36;3;0
1581;322;1;0;51;69;52;70;0;0;0;0;9;19;19;13;50;1;0
1581;322;2;0;58;87;58;87;0;0;0;0;0;29;20;9;55;3;0
1581;107;1;0;7;26;7;26;0;1;0;0;2;5;1;1;7;0;0
1581;107;2;0;4;18;4;18;0;0;0;0;0;2;1;1;4;0;0
1582;31;1;0;18;88;18;89;0;0;0;0;0;14;2;2;18;0;0
1582;31;2;0;19;69;23;75;0;1;0;0;24;11;7;1;17;2;0
1582;31;3;0;21;68;21;68;0;0;0;0;0;14;6;1;18;2;1
1582;570;1;0;23;56;23;57;0;2;0;0;0;11;4;8;23;0;0
1582;570;2;0;15;40;15;41;0;2;0;0;12;10;4;1;14;1;0
1582;570;3;0;22;54;22;54;0;2;0;0;13;11;7;4;22;0;0
1583;253;1;0;41;77;57;95;1;3;0;0;138;18;15;8;30;2;9
1583;253;2;0;60;105;66;115;4;6;0;0;182;31;13;16;12;8;40
1583;450;1;0;18;45;19;47;0;1;1;0;0;9;7;2;18;0;0
1583;450;2;0;6;17;8;20;1;2;0;0;14;3;3;0;5;1;0
1584;584;1;1;26;46;36;64;1;1;1;0;83;19;1;6;15;1;10
1584;208;1;0;8;25;10;27;0;0;0;0;0;7;1;0;8;0;0
1585;402;1;0;27;46;27;46;0;0;0;0;0;3;0;24;27;0;0
1585;402;2;0;14;27;19;34;0;0;2;0;55;3;3;8;12;2;0
1585;402;3;0;11;15;15;19;0;0;0;0;0;4;3;4;8;3;0
1585;836;1;0;16;39;16;39;0;0;0;0;0;0;2;14;16;0;0
1585;836;2;0;8;22;15;30;0;2;0;0;92;0;4;4;5;3;0
1585;836;3;0;4;12;9;19;0;2;0;0;70;0;1;3;3;1;0
1586;63;1;1;26;49;26;49;0;0;0;0;3;16;7;3;25;1;0
1586;480;1;0;9;41;9;41;0;0;0;0;0;5;1;3;9;0;0
1587;810;1;0;30;57;31;58;0;0;0;0;0;25;5;0;27;2;1
1587;810;2;0;19;37;19;37;0;0;0;0;10;9;6;4;16;3;0
1587;810;3;0;35;69;37;71;0;0;0;0;8;25;7;3;33;2;0
1587;733;1;0;19;57;20;58;1;2;0;0;107;11;7;1;17;1;1
1587;733;2;0;8;21;28;53;1;1;0;0;175;5;2;1;7;1;0
1587;733;3;0;21;54;22;55;0;8;0;0;104;12;4;5;20;1;0
1588;687;1;0;32;71;34;74;1;2;0;0;56;15;12;5;23;7;2
1588;687;2;0;54;82;66;102;3;3;0;0;164;46;6;2;13;25;16
1588;687;3;0;12;29;24;44;2;5;0;0;147;10;1;1;9;0;3
1588;646;1;0;29;78;30;79;0;0;0;0;1;14;9;6;29;0;0
1588;646;2;0;16;38;17;41;0;0;0;0;0;9;4;3;16;0;0
1588;646;3;0;32;67;43;78;0;0;0;0;4;25;6;1;25;5;2
1589;73;1;0;16;24;30;44;0;0;0;1;28;3;7;6;9;7;0
1589;73;2;0;4;12;15;26;0;0;0;1;46;2;0;2;4;0;0
1589;73;3;0;20;41;40;64;0;0;0;1;57;7;10;3;4;16;0
1589;426;1;0;7;14;24;36;1;2;0;0;184;3;2;2;5;2;0
1589;426;2;0;4;12;31;48;3;3;0;0;167;1;2;1;3;1;0
1589;426;3;0;7;16;20;36;1;3;1;0;171;2;4;1;6;1;0
1590;272;1;0;4;6;25;36;2;5;1;0;195;2;2;0;0;1;3
1590;850;1;0;7;8;25;26;0;0;0;0;30;3;2;2;4;1;2
1591;914;1;0;5;86;5;86;0;0;0;0;0;2;2;1;5;0;0
1591;914;2;0;10;80;10;80;0;1;0;0;0;6;2;2;10;0;0
1591;914;3;0;24;93;24;93;0;1;0;0;4;17;4;3;24;0;0
1591;379;1;0;36;62;36;62;0;0;0;0;0;4;8;24;36;0;0
1591;379;2;0;46;81;46;81;0;0;0;0;0;19;4;23;41;5;0
1591;379;3;0;44;78;45;79;0;1;0;0;8;20;8;16;39;5;0
1592;252;1;0;34;55;34;55;0;0;0;0;0;12;14;8;34;0;0
1592;252;2;1;36;62;36;62;0;0;1;0;54;18;16;2;33;0;3
1592;252;3;1;5;11;5;11;0;0;0;0;3;4;1;0;4;1;0
1592;915;1;0;15;50;15;51;0;1;0;0;0;9;4;2;15;0;0
1592;915;2;0;16;57;17;58;0;0;0;0;15;13;2;1;16;0;0
1592;915;3;0;3;17;3;17;0;0;0;0;0;3;0;0;3;0;0
1593;711;1;0;24;42;24;42;1;3;0;0;45;9;1;14;23;1;0
1593;711;2;0;22;36;22;36;0;0;0;0;11;10;4;8;22;0;0
1593;711;3;0;45;69;45;69;0;0;0;0;0;25;7;13;45;0;0
1593;66;1;0;10;41;10;41;0;1;0;0;0;5;4;1;10;0;0
1593;66;2;0;22;60;25;64;0;0;0;0;79;16;5;1;13;0;9
1593;66;3;0;27;86;27;86;0;0;0;0;0;18;5;4;27;0;0
1594;23;1;0;17;30;17;30;0;0;0;0;0;7;5;5;17;0;0
1594;23;2;0;23;44;23;44;0;0;0;0;0;14;4;5;23;0;0
1594;23;3;0;25;67;25;67;0;0;0;0;0;4;13;8;25;0;0
1594;852;1;0;15;39;15;39;0;0;0;0;0;5;5;5;15;0;0
1594;852;2;0;24;61;24;61;0;0;0;0;0;8;12;4;24;0;0
1594;852;3;0;23;68;23;68;0;0;0;0;0;12;8;3;23;0;0
1595;663;1;0;9;13;17;25;2;2;1;0;235;3;4;2;4;0;5
1595;663;2;0;11;22;17;29;1;1;1;0;151;5;3;3;8;0;3
1595;663;3;0;16;22;22;30;1;1;1;0;180;8;3;5;13;0;3
1595;883;1;0;3;8;21;27;0;0;0;0;0;2;1;0;1;0;2
1595;883;2;0;6;28;16;39;0;0;1;0;0;3;1;2;6;0;0
1595;883;3;0;6;30;13;40;0;0;0;0;0;4;2;0;6;0;0
1596;597;1;0;26;55;36;69;0;4;0;0;82;16;7;3;20;6;0
1596;597;2;0;9;18;34;58;0;4;0;0;241;3;4;2;5;3;1
1596;597;3;0;26;55;49;83;0;6;0;0;165;18;7;1;18;8;0
1596;916;1;0;25;71;31;80;0;0;0;0;6;13;5;7;21;4;0
1596;916;2;0;11;24;32;48;0;1;0;0;3;5;2;4;8;3;0
1596;916;3;0;19;56;33;74;0;2;0;0;0;10;2;7;17;2;0
1597;338;1;1;8;13;11;16;0;0;0;0;4;7;1;0;4;4;0
1597;917;1;0;2;9;3;10;0;1;0;0;17;2;0;0;2;0;0
1598;33;1;1;15;45;16;46;0;0;0;0;1;9;3;3;12;3;0
1598;675;1;0;14;22;15;23;0;0;0;0;0;1;3;10;14;0;0
1599;659;1;0;15;31;15;31;0;2;0;0;0;8;3;4;15;0;0
1599;791;1;1;45;77;45;77;0;0;0;0;26;36;9;0;40;0;5
1600;141;1;0;29;57;30;58;0;2;0;0;9;7;18;4;19;10;0
1600;286;1;0;44;72;54;85;1;1;0;0;96;31;12;1;17;4;23
1601;769;1;0;16;34;17;36;0;0;0;0;0;7;6;3;15;1;0
1601;769;2;0;24;50;26;52;0;0;0;0;23;20;3;1;23;1;0
1601;769;3;1;35;65;42;73;0;0;0;0;17;27;7;1;30;4;1
1601;637;1;0;32;77;32;77;0;1;0;0;16;11;4;17;30;2;0
1601;637;2;0;39;85;39;86;0;1;0;0;13;10;14;15;36;3;0
1601;637;3;0;41;96;41;97;0;2;0;0;4;15;9;17;38;3;0
1602;163;1;1;40;85;43;89;0;1;0;0;5;13;13;14;36;2;2
1602;918;1;0;17;53;17;53;0;0;0;0;0;15;2;0;17;0;0
1603;856;1;0;7;28;21;45;2;3;0;0;56;6;1;0;5;2;0
1603;856;2;0;4;13;6;16;1;1;0;0;42;1;2;1;4;0;0
1603;49;1;0;11;20;18;29;0;0;0;0;101;10;1;0;7;1;3
1603;49;2;0;36;45;50;60;0;0;0;1;210;36;0;0;2;0;34
1604;735;1;0;26;52;29;58;0;0;0;0;55;10;4;12;24;2;0
1604;735;2;0;9;19;28;41;1;1;0;0;154;5;1;3;6;0;3
1604;735;3;1;21;44;51;80;0;0;0;0;112;7;3;11;21;0;0
1604;825;1;0;18;41;18;41;0;2;0;0;17;9;3;6;18;0;0
1604;825;2;1;4;8;14;19;0;1;0;0;77;2;0;2;4;0;0
1604;825;3;0;8;27;8;28;0;1;0;0;0;2;3;3;8;0;0
1605;423;1;0;13;26;20;37;0;1;0;0;21;0;2;11;13;0;0
1605;423;2;0;4;9;4;9;0;1;0;0;13;3;1;0;3;1;0
1605;323;1;0;8;14;8;14;0;0;0;0;0;3;4;1;7;1;0
1605;323;2;1;17;21;18;22;0;0;0;0;18;15;2;0;3;0;14
1606;594;1;0;44;55;74;90;1;1;0;0;273;36;6;2;3;0;41
1606;594;2;0;16;20;49;54;2;2;0;0;227;10;6;0;5;4;7
1606;594;3;0;20;29;31;40;1;2;0;0;178;11;5;4;8;8;4
1606;594;4;0;28;45;28;45;1;1;0;0;44;7;9;12;26;2;0
1606;594;5;1;55;68;114;129;1;1;0;0;245;42;11;2;8;3;44
1606;161;1;0;1;1;2;2;0;0;1;0;0;0;1;0;1;0;0
1606;161;2;0;4;10;5;11;0;0;0;0;0;4;0;0;4;0;0
1606;161;3;0;5;12;8;15;0;0;0;0;19;4;0;1;5;0;0
1606;161;4;0;13;37;13;37;0;0;1;0;7;11;2;0;12;1;0
1606;161;5;0;1;3;1;3;0;0;0;0;8;0;0;1;1;0;0
1607;151;1;0;8;24;22;40;0;1;0;0;5;3;1;4;7;1;0
1607;151;2;0;11;27;15;32;0;1;0;0;65;5;3;3;10;1;0
1607;151;3;0;8;15;14;21;0;0;0;0;0;2;3;3;8;0;0
1607;132;1;0;20;32;33;45;1;1;0;0;67;5;4;11;19;1;0
1607;132;2;0;31;53;35;57;0;0;0;0;22;9;6;16;28;3;0
1607;132;3;0;40;65;43;69;1;1;0;0;63;18;6;16;37;0;3
1608;667;1;0;29;48;38;57;4;5;0;0;148;11;11;7;13;15;1
1608;667;2;0;40;74;44;78;0;2;0;0;27;25;7;8;23;17;0
1608;667;3;0;21;52;26;57;0;0;0;0;5;12;4;5;16;5;0
1608;256;1;0;19;25;27;33;0;0;1;0;19;11;3;5;13;6;0
1608;256;2;0;32;67;34;69;0;5;0;0;61;22;8;2;21;11;0
1608;256;3;0;28;45;41;59;2;5;0;0;164;15;10;3;17;7;4
1609;11;1;0;39;66;39;66;0;1;0;0;0;27;3;9;38;1;0
1609;11;2;0;49;84;49;84;0;0;0;0;0;37;2;10;49;0;0
1609;11;3;0;53;101;53;101;0;0;0;0;0;45;4;4;51;2;0
1609;787;1;0;38;71;38;71;0;1;0;0;0;14;8;16;38;0;0
1609;787;2;0;45;91;45;91;0;0;0;0;0;23;7;15;45;0;0
1609;787;3;0;30;84;30;84;0;0;0;0;0;16;5;9;28;2;0
1610;767;1;0;7;20;7;20;0;3;0;0;12;5;1;1;7;0;0
1610;767;2;0;20;41;22;43;0;2;0;0;54;16;3;1;18;2;0
1610;767;3;0;10;31;10;31;0;3;0;0;15;9;1;0;10;0;0
1610;515;1;0;16;29;16;29;0;0;0;0;0;8;0;8;16;0;0
1610;515;2;0;27;44;28;45;0;0;0;0;0;8;5;14;25;2;0
1610;515;3;0;27;42;27;42;0;0;0;0;0;5;3;19;27;0;0
1611;106;1;0;5;6;6;8;1;2;0;0;47;4;1;0;1;0;4
1611;827;1;0;2;7;3;8;0;0;0;0;0;2;0;0;2;0;0
1612;695;1;0;37;78;58;100;0;0;0;0;0;26;6;5;30;7;0
1612;695;2;0;24;41;27;44;0;0;2;0;68;20;4;0;20;2;2
1612;654;1;0;31;74;48;92;2;4;0;0;126;16;14;1;20;7;4
1612;654;2;0;13;33;13;33;0;2;0;0;17;9;3;1;11;2;0
1613;705;1;0;36;87;39;91;0;0;0;0;0;22;5;9;29;7;0
1613;705;2;0;58;108;59;111;0;2;0;0;0;45;6;7;47;11;0
1613;705;3;0;66;116;75;125;0;0;0;0;0;49;14;3;51;15;0
1613;228;1;0;49;85;49;85;0;0;0;0;0;39;6;4;42;7;0
1613;228;2;0;64;94;66;96;0;0;0;0;0;47;12;5;52;12;0
1613;228;3;0;51;89;54;92;0;1;0;0;0;44;4;3;40;11;0
1614;381;1;0;13;42;13;42;1;1;0;0;23;10;1;2;11;2;0
1614;381;2;1;29;61;31;63;0;3;0;0;36;20;5;4;21;0;8
1614;381;3;0;15;29;23;38;1;1;0;0;67;9;6;0;14;1;0
1614;415;1;0;11;30;11;30;0;0;0;0;0;8;0;3;11;0;0
1614;415;2;0;23;54;23;54;0;2;0;0;0;18;3;2;22;1;0
1614;415;3;0;42;65;58;82;1;1;0;0;114;39;3;0;27;9;6
1615;741;1;0;14;49;14;49;0;0;0;0;0;4;3;7;14;0;0
1615;741;2;0;18;42;18;42;0;0;0;0;0;5;6;7;18;0;0
1615;741;3;0;11;34;11;34;0;0;0;0;0;3;2;6;11;0;0
1615;569;1;0;26;62;26;62;0;0;0;0;0;13;6;7;26;0;0
1615;569;2;0;22;50;22;50;0;0;0;0;0;8;9;5;22;0;0
1615;569;3;0;22;62;22;62;0;0;0;0;0;13;2;7;22;0;0
1616;449;1;1;30;53;52;76;1;1;1;0;51;15;7;8;18;11;1
1616;872;1;0;16;55;25;66;0;0;0;1;101;8;7;1;10;6;0
1617;147;1;0;16;32;20;37;1;1;0;0;90;9;4;3;11;1;4
1617;147;2;0;11;26;32;48;2;2;0;0;143;7;3;1;10;1;0
1617;147;3;0;18;39;27;49;1;2;0;0;111;12;4;2;16;2;0
1617;147;4;0;10;18;26;42;2;2;0;0;220;6;4;0;7;3;0
1617;147;5;0;17;26;33;45;2;4;0;0;157;14;2;1;16;1;0
1617;793;1;0;17;37;20;41;0;3;1;0;80;8;6;3;9;8;0
1617;793;2;0;10;22;14;26;1;2;0;0;35;4;5;1;3;7;0
1617;793;3;0;11;27;12;29;1;1;0;0;53;8;3;0;10;1;0
1617;793;4;0;9;15;20;27;0;1;0;0;24;5;4;0;4;5;0
1617;793;5;0;19;35;28;47;0;0;0;0;42;17;1;1;12;5;2
1618;465;1;0;23;42;23;42;0;0;0;0;0;11;8;4;23;0;0
1618;465;2;0;28;51;52;79;0;0;0;0;4;19;8;1;18;10;0
1618;465;3;0;26;63;32;74;1;2;0;0;81;11;11;4;18;8;0
1618;919;1;0;29;56;29;56;0;0;0;0;0;9;8;12;29;0;0
1618;919;2;0;29;55;48;86;0;0;0;0;140;13;10;6;20;9;0
1618;919;3;0;37;65;52;82;0;0;0;1;50;19;11;7;30;7;0
1619;625;1;1;16;24;16;24;0;0;0;0;31;12;3;1;11;3;2
1619;920;1;0;8;21;14;28;0;1;0;0;4;6;2;0;7;1;0
1620;383;1;0;6;12;26;43;1;3;0;0;118;2;2;2;6;0;0
1620;383;2;0;4;13;15;25;0;0;0;0;0;0;2;2;4;0;0
1620;658;1;0;6;12;17;24;1;1;0;0;81;3;2;1;5;0;1
1620;658;2;0;4;12;14;24;1;1;1;0;112;2;2;0;4;0;0
1621;863;1;0;34;65;36;69;1;1;0;0;13;6;10;18;31;0;3
1621;863;2;0;28;51;29;53;0;1;0;0;23;12;2;14;26;2;0
1621;863;3;0;5;18;33;54;1;1;0;0;237;1;0;4;4;0;1
1621;921;1;0;24;45;24;45;0;0;0;0;0;4;7;13;24;0;0
1621;921;2;0;26;48;27;49;0;0;0;0;0;6;5;15;22;4;0
1621;921;3;0;3;6;8;12;0;0;0;0;0;1;0;2;3;0;0
1622;835;1;0;11;29;23;41;0;0;0;0;151;2;3;6;9;2;0
1622;835;2;0;13;31;17;35;0;1;2;0;111;7;4;2;7;3;3
1622;835;3;0;7;20;19;33;0;2;0;1;173;2;3;2;6;1;0
1622;874;1;0;4;18;8;25;0;0;0;0;28;0;2;2;3;1;0
1622;874;2;0;5;15;7;17;1;1;0;0;99;1;2;2;5;0;0
1622;874;3;0;5;19;11;25;1;2;0;0;54;3;2;0;3;2;0
1623;922;1;0;4;30;4;30;0;1;0;0;0;2;1;1;4;0;0
1623;340;1;1;7;13;7;13;0;0;0;0;5;6;0;1;7;0;0
1624;260;1;0;30;47;30;47;0;2;0;0;3;23;7;0;16;11;3
1624;899;1;0;1;5;1;5;0;1;0;0;0;0;1;0;1;0;0
1625;438;1;0;2;7;11;16;0;0;0;0;0;0;0;2;2;0;0
1625;604;1;0;35;53;61;83;1;1;0;0;258;32;0;3;3;0;32
1626;870;1;0;26;61;27;63;0;0;0;0;13;15;6;5;20;6;0
1626;671;1;0;42;67;62;91;1;1;1;0;116;35;7;0;28;14;0
1627;364;1;0;30;44;40;61;1;2;2;0;254;25;4;1;2;0;28
1627;364;2;0;43;70;69;106;0;0;2;1;222;39;4;0;3;0;40
1627;364;3;0;13;22;32;41;0;1;0;1;9;12;1;0;1;0;12
1627;607;1;0;1;2;5;8;0;0;0;0;37;0;0;1;1;0;0
1627;607;2;0;2;18;7;26;1;1;0;0;24;0;1;1;2;0;0
1627;607;3;0;3;16;8;23;0;0;0;0;158;2;1;0;2;0;1
1628;667;1;0;18;30;30;46;2;4;1;0;177;7;2;9;5;6;7
1628;753;1;0;8;12;16;21;0;0;0;0;0;4;2;2;7;0;1
1629;175;1;0;24;75;25;77;0;2;0;0;29;15;9;0;18;6;0
1629;316;1;0;63;105;64;106;0;0;0;0;26;44;16;3;53;10;0
1630;255;1;0;8;26;27;51;2;2;0;0;163;6;1;1;5;0;3
1630;255;2;0;7;15;38;54;1;1;0;0;281;6;0;1;1;0;6
1630;255;3;0;10;24;27;48;1;1;0;0;223;9;1;0;2;0;8
1630;255;4;0;6;11;29;39;2;2;0;0;281;6;0;0;1;0;5
1630;255;5;0;3;8;11;19;1;1;1;0;230;3;0;0;1;0;2
1630;524;1;0;5;22;6;24;1;1;0;0;23;2;1;2;4;0;1
1630;524;2;0;0;7;4;12;0;0;0;0;0;0;0;0;0;0;0
1630;524;3;0;4;10;4;11;0;0;0;0;0;3;1;0;4;0;0
1630;524;4;0;0;4;2;7;0;0;0;0;0;0;0;0;0;0;0
1630;524;5;0;0;6;9;15;0;1;0;0;45;0;0;0;0;0;0
1631;657;1;0;11;27;13;29;0;0;0;0;5;2;5;4;8;3;0
1631;657;2;0;0;2;0;2;0;0;0;0;12;0;0;0;0;0;0
1631;470;1;0;19;43;20;44;1;1;0;0;98;3;14;2;9;10;0
1631;470;2;0;4;6;5;7;2;2;1;0;44;0;3;1;4;0;0
1632;219;1;1;10;33;10;33;0;0;0;0;4;5;0;5;10;0;0
1632;119;1;0;4;18;4;18;0;0;0;0;0;3;0;1;4;0;0
1633;330;1;0;0;4;0;4;0;0;3;0;0;0;0;0;0;0;0
1633;923;1;0;0;6;0;6;1;1;0;0;39;0;0;0;0;0;0
1634;452;1;0;33;71;38;81;0;0;0;0;12;17;7;9;28;5;0
1634;452;2;0;46;70;56;84;0;0;0;0;182;36;6;4;31;15;0
1634;452;3;0;41;74;51;88;0;0;0;0;133;25;11;5;28;13;0
1634;924;1;0;23;45;24;46;0;1;0;0;50;11;8;4;15;8;0
1634;924;2;0;19;41;37;60;0;0;0;0;0;8;9;2;9;10;0
1634;924;3;0;26;50;44;69;0;0;0;0;11;15;8;3;22;4;0
1635;39;1;0;7;33;16;44;0;0;0;0;0;5;1;1;7;0;0
1635;39;2;0;29;76;35;85;0;0;0;0;0;21;5;3;28;1;0
1635;39;3;0;7;30;11;37;0;1;0;0;7;3;3;1;6;1;0
1635;191;1;0;20;34;48;65;0;0;0;0;165;17;0;3;10;0;10
1635;191;2;0;19;41;25;47;2;3;0;0;64;8;6;5;19;0;0
1635;191;3;0;17;33;21;39;1;2;0;0;136;11;5;1;14;1;2
1636;445;1;1;30;68;31;69;0;2;0;0;11;14;9;7;26;4;0
1636;445;2;0;22;58;29;66;1;1;0;0;36;16;3;3;17;1;4
1636;445;3;0;20;61;20;61;0;1;0;0;0;10;6;4;19;1;0
1636;431;1;0;18;45;20;48;1;3;0;0;30;12;4;2;13;5;0
1636;431;2;0;9;27;11;30;1;5;0;0;54;2;5;2;8;1;0
1636;431;3;0;19;44;21;46;1;3;0;0;18;6;6;7;18;1;0
1637;153;1;0;3;8;10;16;2;2;2;0;264;2;1;0;1;0;2
1637;153;2;0;13;22;29;44;1;1;0;0;274;12;1;0;2;2;9
1637;153;3;0;2;18;2;18;0;2;0;0;28;2;0;0;2;0;0
1637;355;1;0;0;0;6;7;0;1;0;0;0;0;0;0;0;0;0
1637;355;2;0;1;4;9;13;0;0;0;0;0;0;1;0;1;0;0
1637;355;3;0;4;15;4;16;0;0;1;0;13;1;2;1;4;0;0
1638;158;1;0;15;35;34;58;0;0;1;0;0;8;5;2;11;4;0
1638;158;2;0;40;69;58;91;0;0;0;0;62;8;28;4;16;24;0
1638;158;3;0;45;84;77;121;0;0;0;0;49;29;16;0;31;14;0
1638;779;1;0;28;62;34;70;1;2;0;0;193;19;8;1;23;1;4
1638;779;2;0;13;48;15;50;1;7;0;0;78;5;7;1;6;7;0
1638;779;3;0;26;63;26;64;1;4;0;0;99;21;4;1;24;2;0
1639;276;1;0;12;30;12;32;3;4;0;0;168;6;5;1;10;1;1
1639;276;2;0;11;24;18;35;1;2;1;0;114;10;0;1;7;0;4
1639;276;3;0;15;31;33;55;0;0;0;0;163;7;4;4;13;0;2
1639;795;1;0;7;37;9;39;0;0;1;0;0;2;5;0;4;3;0
1639;795;2;0;12;22;27;40;0;1;2;1;121;4;5;3;12;0;0
1639;795;3;0;7;24;9;27;0;2;0;0;3;6;0;1;7;0;0
1640;96;1;0;35;63;72;102;0;0;0;0;20;15;5;15;32;3;0
1640;96;2;0;13;26;55;69;2;2;0;0;194;4;8;1;10;3;0
1640;96;3;0;23;37;36;58;2;3;0;0;138;17;5;1;19;2;2
1640;197;1;0;15;49;16;50;0;0;0;0;82;8;3;4;15;0;0
1640;197;2;0;10;30;10;31;0;0;0;1;42;8;1;1;5;0;5
1640;197;3;0;17;37;20;40;0;1;0;0;26;8;7;2;12;5;0
1641;550;1;0;3;8;6;11;0;0;0;0;21;3;0;0;2;0;1
1641;550;2;0;1;10;2;11;0;0;0;0;0;1;0;0;1;0;0
1641;283;1;0;21;31;35;52;1;1;1;0;203;14;4;3;4;0;17
1641;283;2;0;5;9;17;26;1;4;1;0;121;3;1;1;5;0;0
1642;672;1;0;27;51;27;51;0;0;0;0;0;21;4;2;25;2;0
1642;672;2;0;0;1;0;1;0;0;0;0;0;0;0;0;0;0;0
1642;320;1;0;33;56;33;56;0;0;0;0;0;18;5;10;31;2;0
1642;320;2;1;8;10;8;10;0;0;0;0;1;5;2;1;7;0;1
1643;181;1;0;6;6;17;17;1;3;2;0;290;6;0;0;1;0;5
1643;181;2;0;20;29;32;43;1;2;0;0;117;15;2;3;16;2;2
1643;181;3;0;26;46;33;57;1;3;0;0;45;20;2;4;24;1;1
1643;321;1;0;2;3;12;15;0;0;1;0;0;1;0;1;1;1;0
1643;321;2;0;33;47;54;69;0;0;0;0;6;13;10;10;28;4;1
1643;321;3;0;35;42;46;54;0;0;0;0;0;12;13;10;33;2;0
1644;326;1;1;17;33;20;36;0;0;0;0;29;16;1;0;1;0;16
1644;879;1;0;1;1;2;2;0;0;0;0;0;1;0;0;0;0;1
1645;826;1;0;14;42;15;43;0;1;0;0;13;11;2;1;14;0;0
1645;826;2;0;16;36;23;48;0;2;0;0;0;14;2;0;13;1;2
1645;826;3;0;24;45;24;47;0;0;0;0;0;13;7;4;23;1;0
1645;259;1;0;40;72;40;72;0;0;0;0;0;23;7;10;39;1;0
1645;259;2;0;49;77;57;87;0;0;0;0;156;38;8;3;31;0;18
1645;259;3;0;48;68;48;68;0;0;1;0;49;34;9;5;45;0;3
1646;492;1;0;4;11;6;13;0;5;0;0;15;4;0;0;3;1;0
1646;468;1;0;9;16;12;19;0;0;1;0;40;7;2;0;4;4;1
1647;333;1;0;3;11;3;11;1;1;1;0;26;2;1;0;3;0;0
1647;786;1;0;1;5;1;5;0;0;0;0;14;1;0;0;1;0;0
1648;723;1;0;20;33;20;33;0;0;0;0;0;4;10;6;20;0;0
1648;723;2;0;45;71;45;71;0;0;0;0;0;14;21;10;41;4;0
1648;723;3;0;44;77;44;77;0;0;0;0;0;25;14;5;43;1;0
1648;847;1;0;20;40;20;40;0;0;0;0;0;8;3;9;20;0;0
1648;847;2;0;30;64;31;65;0;2;0;0;1;19;6;5;29;1;0
1648;847;3;0;38;91;38;91;0;0;0;0;0;27;10;1;38;0;0
1649;399;1;0;30;39;30;39;0;0;0;0;0;18;9;3;28;2;0
1649;399;2;1;2;3;2;3;0;0;0;0;3;2;0;0;1;0;1
1649;875;1;0;31;57;32;58;0;1;0;0;16;18;7;6;28;3;0
1649;875;2;0;1;2;1;2;0;0;0;0;0;0;0;1;1;0;0
1650;354;1;0;37;63;42;68;0;1;0;0;0;21;11;5;35;2;0
1650;354;2;0;23;38;29;45;0;0;1;0;75;19;3;1;12;0;11
1650;484;1;0;30;56;35;61;1;1;0;0;63;17;5;8;25;5;0
1650;484;2;0;6;8;6;8;0;2;0;0;0;4;1;1;6;0;0
1651;783;1;1;17;36;18;37;0;1;0;0;54;10;5;2;9;1;7
1651;783;2;0;24;58;24;58;0;0;0;0;0;12;3;9;23;1;0
1651;783;3;0;11;26;11;26;0;1;0;0;19;9;0;2;10;1;0
1651;179;1;0;18;31;19;32;1;1;0;0;19;12;5;1;13;5;0
1651;179;2;0;25;55;26;56;0;0;0;0;0;16;7;2;24;1;0
1651;179;3;1;26;42;31;47;0;0;0;0;3;21;5;0;13;7;6
1652;685;1;0;16;25;46;59;1;2;0;0;209;9;5;2;7;0;9
1652;685;2;0;11;16;43;56;1;5;0;0;228;7;1;3;6;1;4
1652;685;3;0;9;10;16;17;1;2;1;0;97;7;2;0;3;1;5
1652;343;1;0;4;9;5;10;0;0;0;0;0;1;2;1;4;0;0
1652;343;2;0;3;9;4;10;0;0;0;0;0;3;0;0;3;0;0
1652;343;3;0;4;5;4;6;0;0;0;0;0;3;0;1;3;0;1
1653;608;1;1;13;18;13;18;0;0;0;0;5;12;1;0;7;0;6
1653;184;1;0;4;15;4;15;0;0;0;0;0;2;2;0;4;0;0
1654;728;1;0;6;16;6;16;0;0;0;0;7;1;4;1;6;0;0
1654;660;1;0;9;29;9;29;1;1;1;0;19;4;2;3;9;0;0
1655;69;1;1;37;69;37;69;0;0;0;0;83;21;4;12;24;0;13
1655;69;2;0;10;15;34;41;1;1;0;0;24;4;1;5;10;0;0
1655;69;3;0;37;64;37;64;0;1;0;0;0;13;5;19;37;0;0
1655;307;1;0;17;49;20;52;0;1;0;0;0;15;0;2;17;0;0
1655;307;2;1;17;34;32;59;0;0;0;1;175;14;2;1;12;3;2
1655;307;3;0;24;68;24;68;0;1;0;0;0;16;5;3;24;0;0
1656;645;1;0;9;25;10;26;0;0;0;0;0;1;7;1;9;0;0
1656;645;2;0;31;57;44;75;2;2;1;0;176;30;1;0;1;0;30
1656;628;1;0;13;23;15;25;1;1;0;0;45;4;2;7;13;0;0
1656;628;2;0;11;17;16;22;1;1;0;0;62;11;0;0;2;1;8
1657;447;1;0;14;42;15;46;0;0;0;0;68;1;6;7;12;2;0
1657;447;2;0;15;44;22;53;0;3;0;0;124;2;11;2;9;6;0
1657;447;3;0;20;48;21;51;0;3;0;0;60;4;6;10;17;3;0
1657;53;1;0;20;32;34;47;0;1;0;0;34;8;8;4;13;7;0
1657;53;2;0;20;38;34;54;1;1;0;0;16;12;6;2;14;6;0
1657;53;3;0;21;43;28;52;0;3;0;0;40;9;5;7;18;3;0
1658;501;1;0;18;37;18;37;0;1;0;0;73;8;5;5;15;3;0
1658;501;2;0;12;23;24;38;1;1;0;0;159;6;4;2;7;3;2
1658;501;3;1;29;49;45;69;2;3;2;0;226;23;6;0;2;6;21
1658;818;1;0;11;34;20;43;0;0;0;0;8;7;2;2;10;1;0
1658;818;2;0;7;16;14;24;0;2;0;0;48;5;2;0;5;2;0
1658;818;3;0;5;9;6;10;0;0;0;0;34;4;1;0;4;1;0
1659;428;1;0;16;49;16;49;0;0;0;0;0;1;7;8;16;0;0
1659;428;2;0;26;75;26;75;0;0;0;0;0;9;8;9;26;0;0
1659;428;3;0;28;91;28;91;0;1;0;0;6;7;12;9;28;0;0
1659;602;1;0;13;35;13;35;0;0;0;0;0;1;2;10;13;0;0
1659;602;2;0;15;51;15;51;0;0;0;0;0;4;3;8;14;1;0
1659;602;3;0;20;54;21;55;1;1;0;0;13;16;1;3;20;0;0
1660;925;1;0;25;60;25;60;0;0;0;0;0;13;10;2;25;0;0
1660;925;2;0;19;73;19;74;0;2;0;0;5;14;4;1;19;0;0
1660;926;1;0;20;50;20;50;0;0;0;0;0;7;6;7;19;1;0
1660;926;2;2;43;74;49;83;0;0;0;0;86;35;6;2;32;6;5
1661;897;1;0;19;42;20;47;0;0;0;0;14;7;6;6;19;0;0
1661;897;2;0;1;4;9;13;2;3;0;0;175;1;0;0;1;0;0
1661;142;1;0;31;62;31;62;0;1;0;0;28;15;7;9;31;0;0
1661;142;2;0;11;13;33;36;0;0;1;0;58;5;5;1;6;2;3
1662;731;1;0;32;50;32;50;0;0;0;0;0;12;2;18;32;0;0
1662;731;2;0;19;34;22;37;0;0;0;0;0;5;3;11;17;2;0
1662;731;3;0;44;72;44;72;0;0;0;0;0;20;11;13;43;1;0
1662;751;1;0;21;79;22;80;0;1;0;0;16;13;1;7;20;1;0
1662;751;2;0;7;30;7;30;0;0;0;0;56;5;1;1;6;1;0
1662;751;3;0;8;26;8;26;0;0;0;0;5;4;2;2;8;0;0
1663;885;1;0;9;22;16;30;3;4;0;0;154;4;5;0;7;1;1
1663;885;2;1;16;28;21;34;6;6;0;0;113;15;1;0;15;0;1
1663;885;3;1;29;47;31;50;4;6;0;0;43;20;9;0;24;4;1
1663;866;1;0;6;22;28;46;0;0;0;0;0;1;1;4;6;0;0
1663;866;2;0;8;22;30;45;0;0;0;0;0;4;0;4;7;1;0
1663;866;3;0;14;37;23;47;0;1;0;0;2;8;1;5;14;0;0
1664;378;1;0;5;15;23;40;1;1;0;0;233;4;0;1;4;0;1
1664;378;2;0;7;13;25;34;1;1;2;0;258;7;0;0;4;0;3
1664;378;3;0;3;5;17;29;1;1;1;0;158;2;1;0;0;1;2
1664;823;1;0;4;16;7;19;0;0;0;0;0;2;1;1;4;0;0
1664;823;2;0;4;9;15;21;0;0;0;0;0;3;0;1;4;0;0
1664;823;3;0;14;26;70;104;0;0;0;1;131;12;2;0;2;0;12
1665;476;1;0;19;60;19;60;1;1;0;0;6;11;2;6;19;0;0
1665;476;2;0;26;60;26;60;0;1;0;0;2;12;12;2;26;0;0
1665;476;3;0;40;86;42;89;1;2;0;0;40;31;9;0;37;3;0
1665;693;1;0;9;28;9;28;0;1;0;0;0;4;2;3;8;1;0
1665;693;2;0;14;36;14;36;0;0;0;0;0;6;3;5;14;0;0
1665;693;3;0;12;34;13;36;0;0;0;0;0;5;3;4;12;0;0
1666;385;1;0;16;51;16;51;0;0;0;0;0;9;1;6;16;0;0
1666;385;2;0;19;42;56;86;0;2;0;0;51;6;10;3;16;3;0
1666;385;3;0;19;51;52;86;0;0;0;0;14;7;8;4;19;0;0
1666;499;1;0;20;34;20;34;0;0;0;0;0;12;2;6;20;0;0
1666;499;2;0;16;25;28;38;1;2;0;0;105;6;7;3;9;7;0
1666;499;3;0;20;31;25;39;1;1;0;0;96;12;5;3;10;5;5
1667;437;1;0;21;54;23;62;1;4;1;0;55;11;8;2;21;0;0
1667;384;1;1;18;30;18;30;0;0;0;0;12;8;7;3;18;0;0
1668;858;1;0;26;38;49;69;0;1;0;0;162;15;9;2;20;6;0
1668;858;2;0;1;1;1;1;0;0;0;0;23;0;1;0;1;0;0
1668;435;1;0;19;33;30;46;0;0;0;0;0;8;7;4;12;7;0
1668;435;2;0;1;4;1;4;0;0;1;0;0;1;0;0;1;0;0
1669;406;1;0;13;26;41;56;0;1;0;0;2;9;4;0;12;1;0
1669;406;2;0;27;43;47;64;0;0;0;0;7;17;9;1;24;3;0
1669;406;3;0;43;68;61;92;1;1;0;0;70;29;14;0;32;10;1
1669;781;1;0;9;28;12;31;3;5;0;0;199;8;0;1;8;1;0
1669;781;2;0;16;56;29;70;0;6;0;0;135;15;1;0;14;2;0
1669;781;3;0;7;40;7;40;0;9;0;1;74;6;1;0;6;1;0
1670;761;1;0;14;33;16;36;0;0;0;0;0;6;7;1;12;2;0
1670;474;1;1;38;57;42;61;0;3;0;0;49;31;2;5;17;1;20
1671;927;1;0;20;47;20;47;0;0;0;0;19;10;5;5;20;0;0
1671;927;2;0;11;30;15;36;1;2;0;0;55;8;2;1;11;0;0
1671;609;1;0;25;54;25;54;0;1;1;0;17;20;0;5;25;0;0
1671;609;2;1;25;42;52;84;0;0;2;0;102;21;4;0;22;2;1
1672;425;1;0;18;24;44;52;0;0;0;0;144;10;7;1;10;8;0
1672;425;2;0;22;38;31;51;1;1;0;0;167;14;4;4;14;2;6
1672;425;3;0;7;14;23;38;2;2;0;0;227;6;1;0;4;0;3
1672;344;1;0;8;20;31;51;0;2;0;0;80;3;3;2;3;5;0
1672;344;2;0;9;25;23;42;0;0;0;0;30;8;1;0;8;1;0
1672;344;3;0;5;16;18;31;1;1;0;0;40;3;2;0;2;3;0
1673;281;1;0;5;8;16;19;0;0;0;1;20;4;0;1;3;0;2
1673;281;2;0;3;7;4;8;0;0;1;0;35;2;0;1;3;0;0
1673;260;1;0;5;8;20;28;2;3;0;0;252;2;3;0;3;2;0
1673;260;2;0;1;6;1;6;0;2;0;0;4;1;0;0;1;0;0
1674;928;1;0;12;27;13;28;1;4;0;0;176;4;5;3;12;0;0
1674;928;2;0;21;64;22;65;1;3;0;0;35;10;8;3;20;1;0
1674;928;3;0;3;18;6;22;1;2;0;0;168;0;3;0;2;1;0
1674;304;1;0;11;19;14;23;0;0;0;0;0;4;6;1;10;0;1
1674;304;2;0;28;49;28;49;0;0;0;0;2;16;11;1;26;1;1
1674;304;3;0;25;40;32;50;0;0;0;0;40;12;13;0;14;10;1
1675;758;1;0;3;11;3;11;1;1;0;0;6;1;2;0;2;0;1
1675;720;1;0;2;6;2;6;0;0;0;0;0;1;1;0;2;0;0
1676;929;1;0;14;56;14;56;0;0;0;0;0;9;4;1;14;0;0
1676;929;2;0;17;56;17;56;0;0;0;0;0;9;5;3;17;0;0
1676;929;3;0;8;27;8;28;0;0;0;0;0;6;2;0;8;0;0
1676;366;1;0;43;94;45;96;0;1;0;0;0;18;20;5;42;1;0
1676;366;2;0;37;83;38;84;0;0;0;0;0;13;18;6;36;1;0
1676;366;3;0;20;43;25;56;3;7;1;0;164;8;10;2;15;4;1
1677;713;1;0;25;50;25;50;0;0;1;0;3;12;5;8;25;0;0
1677;713;2;1;37;67;37;67;0;0;0;0;0;21;8;8;37;0;0
1677;713;3;0;34;78;34;78;1;1;0;0;3;28;2;4;34;0;0
1677;930;1;0;24;76;25;77;0;0;0;0;0;22;1;1;23;1;0
1677;930;2;1;22;80;22;80;0;0;0;0;2;16;1;5;22;0;0
1677;930;3;0;18;80;18;80;0;0;0;0;0;13;2;3;17;1;0
1678;931;1;0;19;49;19;49;0;0;0;0;0;4;7;8;18;1;0
1678;931;2;0;31;80;31;80;0;0;0;0;0;10;11;10;30;1;0
1678;931;3;0;31;84;48;113;0;0;0;0;30;13;1;17;31;0;0
1678;612;1;0;18;60;18;60;1;5;0;0;16;10;7;1;18;0;0
1678;612;2;0;15;73;15;73;0;3;0;0;0;10;5;0;15;0;0
1678;612;3;0;13;56;13;57;1;3;0;0;6;13;0;0;13;0;0
1679;932;1;0;8;34;8;34;0;2;0;0;0;5;3;0;7;1;0
1679;932;2;0;18;49;18;49;0;1;0;0;0;16;2;0;18;0;0
1679;932;3;1;18;28;27;37;3;4;0;0;234;16;1;1;2;1;15
1679;933;1;0;13;40;13;40;0;1;0;0;0;11;2;0;12;1;0
1679;933;2;0;19;50;19;50;0;1;0;0;0;15;4;0;19;0;0
1679;933;3;0;5;18;7;22;0;0;0;0;0;3;2;0;5;0;0
1680;934;1;0;4;17;4;18;0;0;0;0;0;3;0;1;2;2;0
1680;934;2;0;5;22;6;23;0;1;0;0;8;2;2;1;3;2;0
1680;934;3;0;3;8;3;8;0;0;0;0;0;1;0;2;2;1;0
1680;538;1;0;36;63;50;87;3;4;0;0;210;33;2;1;6;4;26
1680;538;2;0;11;18;33;44;3;4;0;0;218;8;3;0;6;2;3
1680;538;3;0;13;23;44;59;4;7;0;0;268;9;2;2;0;8;5
1681;560;1;0;11;15;49;58;3;4;0;0;202;9;0;2;2;0;9
1681;560;2;0;18;25;55;75;3;6;0;0;213;15;1;2;4;1;13
1681;560;3;0;37;57;45;65;1;2;0;0;18;24;3;10;19;3;15
1681;717;1;0;5;9;10;15;0;0;0;0;0;1;1;3;4;0;1
1681;717;2;0;12;19;24;36;0;0;0;0;0;4;5;3;11;0;1
1681;717;3;0;23;52;23;52;0;0;0;0;0;8;5;10;23;0;0
1682;27;1;0;22;32;36;46;0;2;0;0;97;20;2;0;20;2;0
1682;27;2;0;41;77;41;77;2;2;0;0;83;37;4;0;38;1;2
1682;27;3;0;26;47;29;50;0;0;0;2;37;24;1;1;22;0;4
1682;27;4;0;31;48;34;51;0;0;0;1;24;27;4;0;23;7;1
1682;27;5;0;27;41;27;41;0;0;0;0;0;25;2;0;25;2;0
1682;2;1;1;28;50;42;75;0;3;0;0;64;23;4;1;19;4;5
1682;2;2;0;33;74;36;77;0;0;0;0;0;27;6;0;31;1;1
1682;2;3;0;23;48;25;52;2;3;0;0;121;14;8;1;15;2;6
1682;2;4;0;20;50;23;56;3;4;0;0;184;18;1;1;15;5;0
1682;2;5;0;25;52;35;63;1;1;0;0;137;24;1;0;24;1;0
1683;262;1;0;22;44;23;45;1;1;0;0;23;16;2;4;21;1;0
1683;262;2;0;9;26;9;26;0;0;0;0;0;7;0;2;8;1;0
1683;230;1;0;29;54;41;68;1;1;0;0;55;13;9;7;21;0;8
1683;230;2;1;33;50;33;50;0;0;0;0;2;25;2;6;20;8;5
1684;135;1;0;34;69;34;69;0;0;0;0;0;16;13;5;30;4;0
1684;135;2;0;34;60;34;60;0;1;0;0;0;23;9;2;25;9;0
1684;135;3;0;32;48;45;62;1;2;0;0;18;24;8;0;23;5;4
1684;51;1;0;38;54;39;55;0;1;0;0;0;16;8;14;35;3;0
1684;51;2;0;44;81;48;85;0;0;1;0;16;27;9;8;38;6;0
1684;51;3;1;43;62;85;107;0;1;0;0;173;34;8;1;27;10;6
1685;328;1;1;7;10;7;10;0;1;0;0;2;7;0;0;6;0;1
1685;880;1;0;2;9;2;9;0;0;0;0;0;2;0;0;2;0;0
1686;935;1;1;8;10;8;10;0;0;0;0;0;8;0;0;4;4;0
1686;493;1;0;2;7;2;7;0;0;0;0;0;0;1;1;1;1;0
1687;389;1;0;27;30;36;39;0;0;0;1;163;18;0;9;11;0;16
1687;389;2;0;17;26;57;76;1;1;1;0;250;16;0;1;1;0;16
1687;389;3;0;17;22;28;33;1;2;0;0;180;6;2;9;14;0;3
1687;38;1;1;6;10;6;10;0;0;1;0;11;2;1;3;6;0;0
1687;38;2;0;4;7;5;8;0;0;0;0;14;3;0;1;4;0;0
1687;38;3;0;15;21;15;21;0;0;1;1;0;10;4;1;15;0;0
1688;813;1;0;0;1;0;1;0;0;0;0;0;0;0;0;0;0;0
1688;82;1;1;17;20;21;24;0;0;0;0;10;17;0;0;4;0;13
1689;634;1;0;25;37;31;43;0;3;0;0;61;4;19;2;5;20;0
1689;634;2;0;1;16;1;16;1;2;0;0;11;1;0;0;1;0;0
1689;9;1;0;11;16;15;20;0;0;0;0;100;8;2;1;7;4;0
1689;9;2;0;10;20;10;20;0;0;1;0;5;10;0;0;10;0;0
1690;108;1;0;16;33;20;37;2;4;0;0;141;9;6;1;11;1;4
1690;108;2;0;11;15;30;35;1;1;1;0;278;10;1;0;0;0;11
1690;108;3;0;17;33;22;39;1;1;1;0;100;13;2;2;13;0;4
1690;674;1;0;32;44;66;78;0;0;0;0;18;12;14;6;21;11;0
1690;674;2;0;2;5;56;64;0;1;0;0;0;1;1;0;2;0;0
1690;674;3;0;21;39;25;43;0;0;0;0;0;12;6;3;18;3;0
1691;715;1;0;18;32;23;38;2;2;1;1;97;15;3;0;0;4;14
1691;910;1;0;3;7;6;11;1;2;0;0;66;3;0;0;0;2;1
1692;892;1;0;2;3;2;3;0;0;0;0;0;1;1;0;2;0;0
1692;530;1;1;2;3;2;3;0;0;0;0;1;1;0;1;2;0;0
1693;936;1;0;2;2;29;39;1;1;1;0;277;2;0;0;2;0;0
1693;936;2;0;35;67;36;68;0;4;0;0;0;20;9;6;31;4;0
1693;936;3;0;19;38;21;40;2;9;0;0;103;14;3;2;18;1;0
1693;140;1;0;1;2;3;4;0;0;0;0;0;0;0;1;1;0;0
1693;140;2;0;65;118;71;126;1;1;0;0;46;58;6;1;55;4;6
1693;140;3;0;49;82;61;94;1;1;0;0;29;36;11;2;36;6;7
1694;388;1;0;11;48;11;48;0;0;0;0;0;10;1;0;11;0;0
1694;388;2;1;70;140;70;140;0;0;0;0;10;70;0;0;56;0;14
1694;285;1;0;32;60;32;60;1;2;0;0;23;10;13;9;32;0;0
1694;285;2;0;15;41;15;41;0;0;0;0;0;11;3;1;15;0;0
1695;937;1;0;2;6;4;8;0;0;0;0;5;1;1;0;2;0;0
1695;937;2;0;10;18;14;22;0;0;0;0;0;5;5;0;10;0;0
1695;937;3;0;1;4;17;24;0;0;0;1;3;0;0;1;1;0;0
1695;396;1;0;23;35;44;57;1;2;0;0;235;21;1;1;4;1;18
1695;396;2;0;5;18;22;38;1;1;1;0;237;5;0;0;3;0;2
1695;396;3;0;2;4;18;33;1;2;0;0;272;2;0;0;2;0;0
1696;440;1;0;11;26;13;28;0;2;0;0;74;8;1;2;11;0;0
1696;440;2;0;15;38;15;38;0;2;0;0;5;10;3;2;14;1;0
1696;440;3;0;10;38;11;39;0;4;0;0;51;10;0;0;10;0;0
1696;595;1;0;15;40;15;40;0;0;0;0;5;9;3;3;13;2;0
1696;595;2;0;31;70;31;70;0;0;0;0;2;30;1;0;29;2;0
1696;595;3;0;26;54;27;55;1;1;0;0;20;20;1;5;26;0;0
1697;691;1;0;16;49;18;52;0;0;0;0;0;3;9;4;14;2;0
1697;691;2;0;26;46;39;60;1;1;0;0;12;10;12;4;18;8;0
1697;691;3;0;24;54;24;54;0;0;0;0;35;15;6;3;21;2;1
1697;487;1;0;28;53;28;53;0;1;0;0;17;13;10;5;25;3;0
1697;487;2;0;33;66;45;78;0;3;0;0;136;11;17;5;23;10;0
1697;487;3;0;24;67;27;70;0;3;0;0;24;15;7;2;22;2;0
1698;223;1;0;14;24;15;26;0;0;0;0;10;9;2;3;8;5;1
1698;253;1;0;13;33;35;58;2;7;2;0;177;3;10;0;11;2;0
1699;20;1;0;3;5;3;5;0;0;0;0;0;0;0;3;3;0;0
1699;56;1;0;6;9;6;9;1;1;0;0;1;5;0;1;3;0;3
1700;938;1;0;3;8;3;8;0;0;0;0;0;3;0;0;3;0;0
1700;649;1;1;11;17;11;17;0;0;1;0;20;6;2;3;11;0;0
1701;24;1;0;22;30;24;32;1;1;0;0;128;21;1;0;5;3;14
1701;655;1;0;4;8;14;18;0;0;2;0;0;0;3;1;3;1;0
1702;629;1;0;33;54;68;89;0;0;0;0;139;11;17;5;14;19;0
1702;629;2;0;29;44;48;64;0;0;0;0;94;5;13;11;18;11;0
1702;629;3;0;33;58;35;60;0;0;0;0;0;4;12;17;31;2;0
1702;315;1;0;12;26;35;49;0;0;0;0;8;7;4;1;8;4;0
1702;315;2;0;20;44;42;66;0;0;0;0;8;14;5;1;16;4;0
1702;315;3;0;34;60;40;66;1;1;0;0;25;17;9;8;24;4;6
1703;734;1;0;30;48;33;51;0;0;0;0;48;17;10;3;18;12;0
1703;734;2;0;33;73;41;81;1;2;0;0;69;21;7;5;23;4;6
1703;734;3;0;22;42;25;45;0;1;0;0;26;11;11;0;13;9;0
1703;661;1;0;9;22;26;42;2;6;0;0;131;3;4;2;8;1;0
1703;661;2;0;27;57;36;68;0;1;0;0;5;18;5;4;20;3;4
1703;661;3;1;29;53;31;55;0;0;0;0;32;21;6;2;25;2;2
1704;710;1;0;3;15;18;34;0;1;0;1;82;3;0;0;3;0;0
1704;710;2;0;13;32;28;48;1;2;0;0;118;9;4;0;7;4;2
1704;710;3;0;6;15;31;40;1;3;2;0;51;3;1;2;6;0;0
1704;639;1;0;10;22;31;44;0;0;0;0;128;3;0;7;6;0;4
1704;639;2;0;16;38;47;70;0;1;0;0;84;6;7;3;11;5;0
1704;639;3;0;15;27;34;53;1;2;0;0;133;9;4;2;10;2;3
1705;789;1;0;17;31;17;31;0;1;0;0;7;5;5;7;16;1;0
1705;789;2;0;22;41;38;64;1;1;0;0;103;12;2;8;18;1;3
1705;789;3;0;46;82;49;85;1;1;0;0;63;35;4;7;40;2;4
1705;939;1;0;13;29;13;29;0;0;0;0;0;11;1;1;13;0;0
1705;939;2;0;9;28;9;28;0;0;0;0;0;7;2;0;9;0;0
1705;939;3;0;22;51;22;51;0;0;0;0;0;20;2;0;22;0;0
1706;508;1;0;14;68;14;68;0;0;0;0;0;8;4;2;14;0;0
1706;508;2;0;19;68;19;68;0;0;0;0;0;8;6;5;19;0;0
1706;508;3;0;31;81;31;81;0;0;0;0;0;16;7;8;31;0;0
1706;508;4;0;13;52;15;55;0;0;0;0;0;6;6;1;13;0;0
1706;508;5;0;10;36;10;37;0;0;0;0;0;5;3;2;10;0;0
1706;319;1;0;21;56;21;56;0;0;0;0;0;14;4;3;21;0;0
1706;319;2;0;30;75;30;75;0;0;0;0;4;25;0;5;25;0;5
1706;319;3;0;37;91;37;91;0;0;0;0;0;30;3;4;37;0;0
1706;319;4;1;56;100;62;107;0;0;0;0;58;50;2;4;26;2;28
1706;319;5;0;8;22;21;36;3;3;0;0;153;5;0;3;5;0;3
1707;668;1;0;22;42;26;47;1;1;0;0;73;11;6;5;19;3;0
1707;668;2;0;13;32;17;38;1;2;0;0;72;10;1;2;11;2;0
1707;491;1;0;35;62;41;70;0;0;0;0;74;28;1;6;14;2;19
1707;491;2;0;46;62;52;69;0;1;0;0;8;42;4;0;18;4;24
1708;502;1;0;3;5;3;5;0;0;0;0;0;1;2;0;3;0;0
1708;744;1;0;0;3;0;3;0;0;0;0;0;0;0;0;0;0;0
1709;603;1;0;27;52;30;57;0;1;0;0;83;23;3;1;24;2;1
1709;603;2;1;26;52;29;61;0;0;0;1;90;24;0;2;18;1;7
1709;745;1;0;25;50;33;58;1;2;2;0;36;14;5;6;23;0;2
1709;745;2;0;14;23;23;32;1;2;0;0;55;8;4;2;13;1;0
1710;334;1;1;30;56;40;69;0;2;1;0;149;24;5;1;15;5;10
1710;703;1;0;20;38;24;42;0;0;0;0;2;17;3;0;16;4;0
1711;151;1;0;5;15;37;52;0;1;0;0;119;5;0;0;3;2;0
1711;151;2;0;7;16;29;42;0;0;0;0;116;4;3;0;3;4;0
1711;151;3;0;17;34;43;65;0;2;0;0;36;14;2;1;11;6;0
1711;552;1;0;11;19;16;25;0;0;0;0;101;6;1;4;10;1;0
1711;552;2;0;6;12;10;17;1;2;0;0;123;3;1;2;6;0;0
1711;552;3;0;17;33;25;44;0;0;0;0;54;8;1;8;16;1;0
1712;469;1;0;31;69;31;69;1;1;0;0;17;10;7;14;31;0;0
1712;469;2;0;15;30;28;50;1;1;0;0;141;3;3;9;5;10;0
1712;469;3;0;18;35;19;37;0;0;0;0;9;8;7;3;17;1;0
1712;894;1;0;25;52;26;53;0;0;0;0;5;5;2;18;24;1;0
1712;894;2;0;12;18;42;54;0;2;0;0;77;4;4;4;7;5;0
1712;894;3;0;18;35;28;46;0;3;0;0;103;10;4;4;12;6;0
1713;199;1;0;28;54;35;64;1;1;1;0;113;13;8;7;28;0;0
1713;199;2;2;26;41;29;46;0;0;0;0;4;11;4;11;26;0;0
1713;832;1;0;10;30;10;30;0;0;0;0;3;7;3;0;10;0;0
1713;832;2;0;9;24;9;24;0;0;0;0;0;9;0;0;9;0;0
1714;236;1;0;29;80;30;81;2;3;0;0;30;17;2;10;27;0;2
1714;236;2;0;31;114;31;115;1;3;0;0;8;16;8;7;31;0;0
1714;236;3;0;40;121;40;122;0;2;0;0;0;26;7;7;37;3;0
1714;134;1;0;12;48;14;53;0;1;0;0;1;4;4;4;12;0;0
1714;134;2;0;36;86;36;86;0;0;0;0;0;14;9;13;35;1;0
1714;134;3;0;28;85;28;86;1;3;0;0;25;13;11;4;27;1;0
1715;940;1;0;26;77;27;81;1;4;0;0;70;10;10;6;25;1;0
1715;940;2;0;38;94;38;94;0;1;0;0;0;23;7;8;38;0;0
1715;940;3;0;39;116;39;116;0;0;0;0;0;12;11;16;38;1;0
1715;1;1;0;25;48;36;59;0;0;0;0;0;11;11;3;23;2;0
1715;1;2;0;51;100;51;100;0;0;0;0;1;36;10;5;40;11;0
1715;1;3;0;44;86;44;86;0;2;0;0;0;31;8;5;43;1;0
1716;60;1;0;24;59;29;64;0;0;0;0;20;14;8;2;19;5;0
1716;60;2;0;13;22;16;26;0;0;0;1;52;6;7;0;6;7;0
1716;60;3;0;14;44;20;50;0;0;0;0;11;5;8;1;14;0;0
1716;598;1;0;26;51;45;71;3;4;1;0;109;18;4;4;12;7;7
1716;598;2;0;12;17;44;54;1;4;0;1;153;6;4;2;4;5;3
1716;598;3;0;33;49;56;78;0;4;0;0;67;27;3;3;25;8;0
1717;117;1;0;21;69;21;69;0;1;0;0;0;6;10;5;20;1;0
1717;117;2;0;28;71;29;73;0;0;0;1;8;13;7;8;27;0;1
1717;117;3;0;8;15;26;43;1;5;0;1;249;7;1;0;4;0;4
1717;95;1;0;20;40;20;40;0;0;0;0;0;8;7;5;19;1;0
1717;95;2;0;31;61;31;61;1;1;0;0;10;12;6;13;31;0;0
1717;95;3;0;8;18;34;53;0;0;0;0;5;6;1;1;3;0;5
1718;380;1;0;1;1;13;15;1;1;0;1;19;0;0;1;1;0;0
1718;380;2;0;0;6;4;10;0;1;0;0;0;0;0;0;0;0;0
1718;380;3;0;2;3;14;18;1;2;1;0;94;2;0;0;2;0;0
1718;434;1;0;11;14;41;50;0;0;0;2;274;10;1;0;0;0;11
1718;434;2;0;4;4;14;19;0;0;0;0;221;2;0;2;2;0;2
1718;434;3;0;2;4;22;27;0;0;0;0;173;1;1;0;1;1;0
1719;581;1;0;38;71;38;71;0;0;0;0;0;31;3;4;37;1;0
1719;581;2;0;24;50;24;50;0;0;0;0;0;21;2;1;22;2;0
1719;581;3;0;31;50;31;50;1;1;0;0;23;23;3;5;30;1;0
1719;581;4;0;37;76;37;76;0;0;0;0;0;26;4;7;37;0;0
1719;581;5;0;23;54;24;55;0;0;0;0;5;16;3;4;22;1;0
1719;232;1;0;29;66;29;66;0;0;0;0;0;14;8;7;28;1;0
1719;232;2;0;82;125;94;138;0;0;0;0;46;62;15;5;58;12;12
1719;232;3;0;49;81;52;84;1;2;0;0;43;36;8;5;41;7;1
1719;232;4;0;32;57;32;57;1;2;0;0;34;22;3;7;32;0;0
1719;232;5;0;49;82;50;83;2;2;0;0;64;39;5;5;36;6;7
1720;3;1;0;12;13;28;29;1;1;0;0;266;9;3;0;2;1;9
1720;3;2;0;33;57;39;63;1;1;0;0;107;23;7;3;23;6;4
1720;3;3;0;35;45;67;83;2;3;0;0;168;32;3;0;7;0;28
1720;642;1;0;2;3;27;28;0;0;0;0;0;1;0;1;1;0;1
1720;642;2;0;16;30;41;56;0;0;0;0;0;8;6;2;8;7;1
1720;642;3;0;5;8;9;12;0;0;0;0;0;2;3;0;2;3;0
1721;739;1;0;37;66;37;66;0;1;0;0;0;10;6;21;36;1;0
1721;739;2;0;36;62;46;73;0;0;0;0;64;19;8;9;26;9;1
1721;739;3;0;16;28;28;40;1;1;0;0;137;8;1;7;15;0;1
1721;233;1;0;27;51;27;51;0;0;0;0;0;10;6;11;27;0;0
1721;233;2;0;20;43;25;48;0;3;0;0;41;6;2;12;20;0;0
1721;233;3;0;12;28;21;37;0;0;0;0;28;7;0;5;11;0;1
1722;401;1;0;23;31;81;90;1;1;0;0;290;23;0;0;0;0;23
1722;401;2;0;4;4;7;7;1;2;1;0;97;2;1;1;1;2;1
1722;620;1;0;0;1;1;2;0;0;0;0;0;0;0;0;0;0;0
1722;620;2;0;2;3;2;3;0;0;0;0;0;0;1;1;1;1;0
1723;278;1;1;13;17;13;17;0;0;0;0;1;3;6;4;12;0;1
1723;683;1;0;7;14;7;14;0;0;0;0;0;3;1;3;7;0;0
1724;587;1;0;21;44;22;45;0;0;0;0;7;7;6;8;17;4;0
1724;587;2;0;17;27;24;34;1;3;0;0;201;9;7;1;6;8;3
1724;587;3;0;48;69;58;79;1;2;0;0;188;25;23;0;20;24;4
1724;40;1;0;27;45;27;45;1;1;0;0;18;14;11;2;27;0;0
1724;40;2;0;10;14;18;22;1;1;0;0;27;5;5;0;8;2;0
1724;40;3;0;20;29;25;34;0;0;0;0;10;15;5;0;12;8;0
1725;712;1;0;14;36;14;36;0;3;0;0;14;6;5;3;14;0;0
1725;712;2;0;0;1;0;1;0;1;0;0;0;0;0;0;0;0;0
1725;275;1;1;54;77;54;77;0;0;0;0;16;27;12;15;53;0;1
1725;275;2;0;11;14;11;15;0;0;0;0;34;10;0;1;1;0;10
1726;839;1;1;22;37;31;46;1;1;1;0;40;14;3;5;17;0;5
1726;540;1;0;13;29;13;29;0;0;0;0;0;11;0;2;13;0;0
1727;700;1;0;35;71;36;72;0;2;0;0;9;28;6;1;29;6;0
1727;700;2;0;27;82;31;86;0;2;0;0;8;23;4;0;22;5;0
1727;700;3;0;40;80;41;81;2;3;0;0;23;36;2;2;27;6;7
1727;878;1;0;22;48;22;48;0;1;0;0;9;6;12;4;17;5;0
1727;878;2;0;33;61;34;62;1;2;0;0;14;20;11;2;30;2;1
1727;878;3;0;21;61;26;66;1;2;0;0;6;11;6;4;21;0;0
1728;576;1;0;13;35;56;84;1;2;0;0;182;5;3;5;7;2;4
1728;576;2;0;14;21;38;47;1;4;0;0;269;9;5;0;0;5;9
1728;576;3;0;30;43;87;104;1;4;0;0;200;24;4;2;10;0;20
1728;497;1;0;6;13;9;16;0;0;0;0;0;1;2;3;6;0;0
1728;497;2;0;2;4;16;19;0;0;0;0;10;0;0;2;2;0;0
1728;497;3;0;15;30;22;37;0;0;0;0;0;10;3;2;14;1;0
1729;803;1;0;4;4;12;12;1;1;2;1;128;3;1;0;1;0;3
1729;941;1;0;1;2;2;3;0;0;0;0;3;0;0;1;1;0;0
1730;882;1;0;15;29;20;35;1;3;0;0;124;11;2;2;11;2;2
1730;882;2;0;27;48;27;48;0;1;0;0;10;14;10;3;26;1;0
1730;882;3;0;25;40;25;40;0;1;0;0;3;10;13;2;21;4;0
1730;68;1;0;13;29;14;31;0;0;0;0;0;9;2;2;12;0;1
1730;68;2;0;23;40;23;40;0;0;0;0;1;18;3;2;21;2;0
1730;68;3;0;20;43;25;49;0;0;0;0;79;15;5;0;17;3;0
1731;942;1;0;21;56;21;56;0;1;0;0;1;9;9;3;21;0;0
1731;942;2;0;31;61;31;61;1;2;0;0;5;16;7;8;30;1;0
1731;942;3;0;23;47;25;49;3;4;0;0;125;20;3;0;18;1;4
1731;942;4;0;48;77;49;78;1;4;0;0;13;36;6;6;45;3;0
1731;942;5;0;19;26;70;79;1;2;0;0;276;16;3;0;1;0;18
1731;812;1;0;8;31;8;31;0;0;0;0;0;5;0;3;8;0;0
1731;812;2;0;11;38;11;38;0;0;0;0;0;4;0;7;11;0;0
1731;812;3;0;8;22;8;22;0;0;0;0;3;7;0;1;7;0;1
1731;812;4;0;13;48;13;48;0;0;0;0;7;9;2;2;10;3;0
1731;812;5;0;1;4;17;20;0;0;0;0;0;0;1;0;0;0;1
1732;522;1;1;26;36;37;47;0;1;0;0;31;23;3;0;7;3;16
1732;408;1;0;12;28;32;59;0;0;0;0;164;8;3;1;6;0;6
1733;444;1;0;14;33;14;33;2;2;0;0;79;7;7;0;14;0;0
1733;444;2;1;5;8;5;8;0;0;1;1;7;2;3;0;5;0;0
1733;572;1;0;7;23;14;30;0;0;0;0;2;2;4;1;7;0;0
1733;572;2;0;2;5;2;5;0;0;0;0;5;0;2;0;2;0;0
1734;36;1;0;14;45;14;45;0;0;0;0;0;8;4;2;14;0;0
1734;36;2;1;41;78;41;78;0;0;0;0;22;28;10;3;34;3;4
1734;36;3;0;33;61;33;61;0;0;0;0;19;25;5;3;30;3;0
1734;466;1;0;12;44;12;44;0;2;0;0;0;9;1;2;9;3;0
1734;466;2;0;30;69;30;69;0;1;0;0;0;20;7;3;23;6;1
1734;466;3;0;32;82;32;82;0;1;0;0;26;25;5;2;23;9;0
1735;555;1;1;30;49;37;56;0;0;0;0;40;23;7;0;10;18;2
1735;555;2;0;24;61;24;61;0;0;0;0;0;11;13;0;20;4;0
1735;555;3;0;41;82;42;83;0;0;0;0;0;28;12;1;37;4;0
1735;516;1;0;37;62;38;63;0;4;0;0;100;18;19;0;10;27;0
1735;516;2;0;24;51;24;51;1;3;0;0;59;12;10;2;14;10;0
1735;516;3;0;22;56;25;59;0;4;0;0;39;12;10;0;17;5;0
1736;644;1;0;29;36;31;38;3;4;1;0;127;11;4;14;28;1;0
1736;644;2;0;28;48;28;48;0;0;0;0;15;16;4;8;26;2;0
1736;511;1;0;15;32;20;37;0;0;0;0;0;1;5;9;15;0;0
1736;511;2;0;11;29;14;32;0;0;0;0;0;3;3;5;11;0;0
1737;685;1;0;20;27;25;32;0;1;0;0;7;5;9;6;13;7;0
1737;685;2;0;15;30;15;30;0;1;0;0;0;9;2;4;15;0;0
1737;685;3;0;28;70;28;70;0;1;0;0;0;19;6;3;28;0;0
1737;448;1;0;10;23;18;42;1;1;0;0;168;6;4;0;6;4;0
1737;448;2;0;12;33;47;81;0;0;0;0;201;7;5;0;7;5;0
1737;448;3;0;45;102;50;112;0;0;0;0;86;39;6;0;40;4;1
1738;324;1;1;5;8;5;8;0;0;0;0;3;5;0;0;3;0;2
1738;83;1;0;5;5;5;5;0;0;0;0;0;0;1;4;5;0;0
1739;495;1;0;19;47;28;56;0;0;0;0;78;10;6;3;17;2;0
1739;495;2;0;19;39;23;43;0;0;0;0;0;8;5;6;19;0;0
1739;495;3;0;21;40;32;51;0;1;0;0;63;6;9;6;21;0;0
1739;887;1;0;22;51;42;71;0;1;0;0;22;15;0;7;22;0;0
1739;887;2;0;12;30;12;30;0;1;0;0;74;4;1;7;12;0;0
1739;887;3;0;11;39;30;58;0;1;0;0;69;7;1;3;11;0;0
1740;943;1;0;20;46;20;46;0;0;0;0;0;8;3;9;20;0;0
1740;943;2;0;23;49;23;49;0;0;0;0;70;12;4;7;19;1;3
1740;943;3;0;10;19;13;22;1;3;0;0;47;6;3;1;7;3;0
1740;209;1;0;16;56;16;56;0;0;0;0;0;8;1;7;16;0;0
1740;209;2;0;18;51;18;51;0;1;1;0;4;11;6;1;15;2;1
1740;209;3;0;20;33;22;35;3;3;0;0;85;9;9;2;15;5;0
1741;719;1;0;41;84;60;104;0;0;0;0;22;30;4;7;33;4;4
1741;719;2;0;22;37;49;65;1;2;0;0;89;9;11;2;6;12;4
1741;719;3;0;43;87;45;89;0;0;0;0;13;32;5;6;37;6;0
1741;944;1;0;28;66;36;79;1;1;0;0;80;19;6;3;28;0;0
1741;944;2;0;7;17;19;35;1;1;0;0;157;5;1;1;6;0;1
1741;944;3;0;29;85;30;86;0;3;0;0;9;21;4;4;28;1;0
1742;680;1;0;13;40;20;47;0;0;0;0;0;7;1;5;13;0;0
1742;680;2;0;16;55;17;56;0;0;0;0;0;10;2;4;16;0;0
1742;680;3;0;9;19;30;44;1;1;0;0;47;8;0;1;1;0;8
1742;680;4;0;27;65;29;67;1;1;0;0;11;12;7;8;26;1;0
1742;680;5;0;34;104;37;109;0;0;0;0;0;20;10;4;34;0;0
1742;553;1;0;6;23;12;31;0;1;0;0;61;2;2;2;6;0;0
1742;553;2;0;11;37;12;38;0;1;0;0;17;8;2;1;11;0;0
1742;553;3;0;3;9;15;26;1;2;1;0;216;3;0;0;0;0;3
1742;553;4;0;5;29;7;31;0;2;0;0;23;2;2;1;5;0;0
1742;553;5;0;18;47;18;47;0;3;0;0;53;16;0;2;17;1;0
1743;852;1;0;15;30;29;46;0;1;0;0;182;9;5;1;6;5;4
1743;852;2;0;5;9;7;12;0;0;0;1;43;2;3;0;3;2;0
1743;852;3;0;40;60;50;70;1;1;0;0;41;21;18;1;36;4;0
1743;796;1;0;5;7;11;13;1;6;1;0;16;1;0;4;5;0;0
1743;796;2;0;9;14;19;26;2;3;0;1;216;8;1;0;4;2;3
1743;796;3;0;13;35;13;35;0;2;0;0;5;6;2;5;13;0;0
1744;397;1;1;3;5;3;5;0;0;0;0;1;3;0;0;2;0;1
1744;845;1;0;1;7;1;7;0;0;0;0;0;1;0;0;1;0;0
1745;37;1;0;9;14;44;76;2;2;0;0;283;8;1;0;0;0;9
1745;37;2;0;5;9;49;60;2;3;0;0;188;4;1;0;1;2;2
1745;37;3;0;14;34;60;101;2;2;0;0;202;10;2;2;5;2;7
1745;811;1;0;2;8;47;67;0;0;0;0;0;0;1;1;2;0;0
1745;811;2;0;7;13;35;46;1;1;0;0;64;4;2;1;6;1;0
1745;811;3;0;10;18;20;29;0;0;0;0;0;6;3;1;7;3;0
1746;449;1;0;3;10;4;12;1;1;1;0;81;1;0;2;2;0;1
1746;347;1;0;0;0;1;1;0;0;0;0;0;0;0;0;0;0;0
1747;945;1;0;12;16;15;20;0;1;0;0;159;5;2;5;6;6;0
1747;945;2;0;5;16;20;33;1;1;0;0;140;2;2;1;5;0;0
1747;945;3;0;12;22;13;23;0;6;0;0;77;6;2;4;12;0;0
1747;662;1;0;10;34;10;37;0;1;0;0;0;3;5;2;5;5;0
1747;662;2;0;14;32;19;42;0;0;0;0;6;3;4;7;10;4;0
1747;662;3;0;18;47;21;53;0;1;0;0;9;10;4;4;12;6;0
1748;367;1;0;7;28;21;46;0;1;0;0;174;3;3;1;5;1;1
1748;367;2;0;29;41;65;92;1;1;0;0;241;18;8;3;2;2;25
1748;367;3;0;14;22;48;60;2;2;0;1;232;9;4;1;3;3;8
1748;905;1;0;8;17;25;38;0;4;1;0;21;3;4;1;7;1;0
1748;905;2;0;6;15;19;29;0;1;0;0;25;3;2;1;6;0;0
1748;905;3;0;4;7;20;34;1;3;0;0;33;2;2;0;2;2;0
1749;838;1;0;14;25;16;27;0;0;0;0;0;5;5;4;14;0;0
1749;838;2;0;10;31;10;31;0;0;0;0;0;5;4;1;10;0;0
1749;709;1;0;8;47;11;51;0;1;0;0;0;5;1;2;7;1;0
1749;709;2;1;17;40;17;40;0;0;0;0;2;9;3;5;15;0;2
1750;457;1;1;18;32;25;40;0;0;0;0;51;11;2;5;16;0;2
1750;457;2;0;15;40;25;51;1;3;0;0;40;14;1;0;15;0;0
1750;457;3;0;7;16;20;30;2;3;0;0;165;5;1;1;6;1;0
1750;558;1;0;21;44;21;44;0;3;0;0;11;14;4;3;17;4;0
1750;558;2;0;29;86;44;103;0;1;0;0;74;23;5;1;20;9;0
1750;558;3;0;11;27;28;57;0;2;0;0;30;8;2;1;10;1;0
1751;561;1;0;23;45;24;46;2;6;0;0;101;5;11;7;15;8;0
1751;561;2;0;16;26;16;27;1;2;0;0;47;10;3;3;12;4;0
1751;62;1;0;16;35;18;37;0;1;0;0;0;7;4;5;13;3;0
1751;62;2;1;12;35;12;35;0;0;0;0;1;10;1;1;7;0;5
1752;130;1;0;14;32;36;63;0;0;0;0;13;4;6;4;11;3;0
1752;130;2;0;19;33;31;49;0;0;0;0;34;6;5;8;17;2;0
1752;130;3;0;20;55;27;62;0;1;0;0;42;6;10;4;17;3;0
1752;900;1;0;11;26;16;34;2;3;0;0;112;9;0;2;10;1;0
1752;900;2;0;7;27;12;35;1;2;0;0;116;1;2;4;7;0;0
1752;900;3;0;10;38;14;45;0;2;0;0;21;5;2;3;9;1;0
1753;667;1;0;30;60;44;76;1;2;0;0;89;17;4;9;19;8;3
1753;667;2;0;36;75;41;82;0;0;0;1;45;25;7;4;19;0;17
1753;518;1;0;17;34;20;37;1;2;1;0;20;11;5;1;14;3;0
1753;518;2;0;11;30;11;30;0;2;0;1;6;5;4;2;11;0;0
1754;869;1;0;17;42;21;46;0;0;0;0;122;7;8;2;14;3;0
1754;869;2;0;12;33;12;35;1;2;0;0;160;5;5;2;9;3;0
1754;869;3;0;16;31;17;32;0;1;0;0;222;10;4;2;13;3;0
1754;946;1;0;16;29;27;40;0;1;0;0;24;8;2;6;13;3;0
1754;946;2;0;14;30;36;53;0;0;0;0;7;4;3;7;9;5;0
1754;946;3;0;11;21;40;52;0;2;0;0;5;8;1;2;7;4;0
1755;133;1;1;23;42;37;57;0;1;0;0;188;19;4;0;12;5;6
1755;133;2;0;22;49;31;58;0;3;0;0;0;13;7;2;17;5;0
1755;133;3;0;30;39;70;82;1;2;0;0;203;29;1;0;6;0;24
1755;133;4;0;24;50;34;60;1;2;0;0;123;16;6;2;15;9;0
1755;133;5;0;27;30;75;83;1;1;0;0;278;27;0;0;8;0;19
1755;360;1;0;12;16;15;24;0;0;0;0;62;5;7;0;8;3;1
1755;360;2;0;27;40;41;54;0;0;0;0;213;10;17;0;9;18;0
1755;360;3;0;1;8;3;10;0;0;0;0;64;1;0;0;1;0;0
1755;360;4;0;23;38;31;46;0;0;0;0;92;10;13;0;14;9;0
1755;360;5;0;3;6;4;8;0;0;0;0;0;1;2;0;3;0;0
1756;19;1;0;25;42;27;45;1;1;1;0;23;17;7;1;13;10;2
1756;19;2;0;4;8;5;9;0;0;0;0;18;4;0;0;3;1;0
1756;19;3;0;1;1;1;1;0;0;0;0;0;0;1;0;1;0;0
1756;105;1;0;15;27;17;30;2;8;2;0;149;13;1;1;7;6;2
1756;105;2;0;28;39;39;50;3;6;2;0;234;22;3;3;7;2;19
1756;105;3;0;20;22;21;25;1;1;0;0;48;20;0;0;1;0;19
1757;851;1;0;34;81;34;81;0;1;0;0;11;19;7;8;32;2;0
1757;851;2;0;43;102;43;102;0;2;0;0;0;28;8;7;40;3;0
1757;851;3;0;35;87;40;92;0;1;0;0;0;24;6;5;34;1;0
1757;471;1;0;49;81;49;81;0;1;0;0;0;39;4;6;46;3;0
1757;471;2;0;43;77;43;77;0;1;0;0;0;36;4;3;36;7;0
1757;471;3;0;40;88;41;90;1;1;0;0;13;31;4;5;39;1;0
1758;907;1;0;8;19;8;19;0;0;0;0;7;4;4;0;7;1;0
1758;907;2;0;14;32;14;32;0;0;0;0;0;10;3;1;14;0;0
1758;392;1;0;10;36;10;36;2;3;0;0;20;6;2;2;10;0;0
1758;392;2;1;16;53;17;54;0;0;0;0;3;6;7;3;16;0;0
1759;157;1;0;24;55;24;55;0;1;0;0;0;13;8;3;24;0;0
1759;157;2;1;6;16;6;16;0;1;0;0;1;4;2;0;5;0;1
1759;527;1;0;27;46;27;46;0;0;0;0;0;12;13;2;27;0;0
1759;527;2;0;5;12;5;12;0;0;0;0;0;1;4;0;5;0;0
1760;653;1;0;22;70;23;71;0;1;0;0;0;17;1;4;21;1;0
1760;653;2;0;10;39;10;39;0;1;0;0;0;9;0;1;8;2;0
1760;599;1;1;57;100;57;100;0;0;0;0;5;23;11;23;49;7;1
1760;599;2;2;28;48;28;48;0;0;0;0;4;17;6;5;20;4;4
1761;623;1;0;42;84;42;84;0;0;0;0;23;33;7;2;37;5;0
1761;623;2;0;55;82;56;84;0;0;0;0;0;30;16;9;55;0;0
1761;623;3;0;42;71;50;81;0;0;0;0;89;31;7;4;42;0;0
1761;688;1;0;28;71;36;79;0;1;0;0;0;20;4;4;25;3;0
1761;688;2;0;22;86;22;86;0;2;0;0;0;13;7;2;22;0;0
1761;688;3;0;18;64;25;72;0;1;0;0;0;16;2;0;18;0;0
1762;947;1;0;10;18;22;34;0;0;0;0;5;7;1;2;8;1;1
1762;947;2;0;6;14;6;14;0;0;0;0;0;2;2;2;6;0;0
1762;188;1;0;34;47;83;104;2;2;1;0;186;23;9;2;11;3;20
1762;188;2;1;17;35;17;35;0;0;0;0;0;8;3;6;16;1;0
1763;948;1;0;28;44;28;44;0;1;0;0;0;8;13;7;27;1;0
1763;948;2;0;11;17;38;45;1;1;0;0;132;5;3;3;9;0;2
1763;948;3;0;10;16;10;16;1;5;0;0;98;7;2;1;10;0;0
1763;790;1;0;34;73;34;73;0;0;0;0;0;26;7;1;29;5;0
1763;790;2;0;15;36;17;38;0;0;0;0;0;10;1;4;14;1;0
1763;790;3;0;19;43;25;49;0;0;0;0;0;15;2;2;18;1;0
1764;234;1;0;60;101;68;112;0;3;0;0;55;44;11;5;35;22;3
1764;234;2;0;56;90;74;112;0;5;1;0;54;43;12;1;36;17;3
1764;234;3;0;33;54;75;116;1;2;0;1;125;23;8;2;26;3;4
1764;949;1;0;17;32;20;35;1;3;0;0;92;17;0;0;12;4;1
1764;949;2;0;15;31;16;32;2;2;0;0;96;14;1;0;12;2;1
1764;949;3;0;19;27;22;31;1;3;0;0;99;18;0;1;10;5;4
1765;569;1;1;20;45;21;46;0;0;0;0;16;16;2;2;20;0;0
1765;816;1;0;7;18;7;18;0;1;0;0;0;6;0;1;7;0;0
1766;950;1;0;3;8;15;21;1;2;0;0;32;2;1;0;0;3;0
1766;950;2;0;14;17;21;25;1;4;0;0;74;9;5;0;1;11;2
1766;950;3;0;13;22;20;30;0;0;0;1;35;10;3;0;4;1;8
1766;420;1;0;7;16;39;57;1;3;0;1;238;1;6;0;1;6;0
1766;420;2;1;18;30;40;57;1;2;0;1;200;15;3;0;5;2;11
1766;420;3;0;8;10;31;44;1;3;0;0;237;5;3;0;6;1;1
1767;748;1;0;0;2;3;6;0;0;0;0;0;0;0;0;0;0;0
1767;554;1;0;4;7;14;19;1;2;1;0;189;3;1;0;0;0;4
1768;711;1;0;10;22;12;24;1;2;0;0;82;8;2;0;10;0;0
1768;711;2;0;18;34;18;34;0;0;0;0;0;8;2;8;18;0;0
1768;711;3;0;10;36;11;37;0;1;0;0;0;3;6;1;10;0;0
1768;464;1;0;28;58;28;59;1;1;0;0;6;16;3;9;19;6;3
1768;464;2;0;31;59;31;59;0;0;0;0;0;7;4;20;31;0;0
1768;464;3;0;33;75;40;86;0;0;0;0;26;9;2;22;31;0;2
1769;180;1;0;7;25;7;25;0;0;0;0;0;2;2;3;7;0;0
1769;132;1;1;23;46;23;46;0;0;0;0;10;19;4;0;12;0;11
1770;460;1;1;13;21;13;21;0;0;0;0;8;11;1;1;5;0;8
1770;754;1;0;5;9;5;9;0;1;0;0;0;1;0;4;5;0;0
1771;807;1;0;32;64;34;66;0;0;0;0;27;10;16;6;23;9;0
1771;807;2;0;8;23;11;26;2;2;0;0;19;6;2;0;7;1;0
1771;556;1;0;18;58;27;68;0;0;0;0;0;16;2;0;16;2;0
1771;556;2;0;15;34;15;34;0;0;1;0;0;13;2;0;15;0;0
1772;951;1;1;11;15;22;26;0;0;0;0;2;2;3;6;10;1;0
1772;686;1;0;8;31;17;48;1;1;0;0;117;2;2;4;6;2;0
1773;824;1;0;19;43;34;69;1;3;0;0;101;14;2;3;14;2;3
1773;824;2;0;23;63;23;63;0;2;0;0;23;17;2;4;23;0;0
1773;824;3;0;28;59;28;59;0;5;0;0;31;22;2;4;28;0;0
1773;952;1;0;11;39;17;45;0;0;0;0;0;6;0;5;10;1;0
1773;952;2;0;13;56;15;58;0;0;0;0;0;5;1;7;13;0;0
1773;952;3;0;30;63;32;67;0;0;0;0;12;15;9;6;23;7;0
1774;784;1;0;14;39;14;39;1;2;0;0;6;8;5;1;14;0;0
1774;784;2;0;14;44;14;44;0;3;0;0;21;10;1;3;14;0;0
1774;784;3;1;26;56;38;69;0;0;0;0;92;22;3;1;21;0;5
1774;542;1;0;23;72;23;72;0;1;0;0;0;7;7;9;22;1;0
1774;542;2;0;21;52;21;52;0;0;0;0;0;4;9;8;21;0;0
1774;542;3;0;17;54;28;65;0;0;0;0;0;6;7;4;17;0;0
1775;953;1;0;1;5;1;6;0;0;0;1;163;1;0;0;1;0;0
1775;953;2;0;9;26;16;35;0;0;1;0;114;4;3;2;6;3;0
1775;953;3;0;0;5;15;21;0;1;0;0;67;0;0;0;0;0;0
1775;954;1;0;3;3;7;11;1;2;1;1;119;2;0;1;1;0;2
1775;954;2;0;12;23;14;33;1;3;0;0;102;7;1;4;9;3;0
1775;954;3;0;2;5;4;7;0;1;0;0;24;0;2;0;0;2;0
1776;766;1;1;3;9;3;9;0;0;0;0;3;3;0;0;2;0;1
1776;698;1;0;6;12;6;12;0;0;0;0;0;2;2;2;6;0;0
1777;955;1;0;8;20;9;23;0;2;0;0;102;5;0;3;7;1;0
1777;955;2;0;13;31;13;32;1;3;0;0;155;11;1;1;12;1;0
1777;955;3;0;5;9;6;11;0;2;0;0;199;4;0;1;4;0;1
1777;617;1;0;11;20;27;38;1;1;0;0;104;6;5;0;5;5;1
1777;617;2;0;25;51;43;70;0;0;0;0;0;19;5;1;20;5;0
1777;617;3;0;6;12;27;37;0;1;1;0;25;5;1;0;4;1;1
1778;423;1;0;20;34;29;43;2;3;0;0;97;5;10;5;12;3;5
1778;423;2;0;29;55;29;55;0;2;0;0;0;10;11;8;28;1;0
1778;423;3;0;26;29;45;48;1;6;0;0;90;12;11;3;17;7;2
1778;423;4;0;36;52;52;68;1;3;0;0;38;11;13;12;27;8;1
1778;423;5;0;24;40;31;47;0;1;0;0;15;13;5;6;19;5;0
1778;579;1;0;7;18;15;26;1;1;0;0;107;3;1;3;7;0;0
1778;579;2;0;31;53;31;53;0;2;0;0;2;10;7;14;29;2;0
1778;579;3;0;15;29;38;53;1;1;0;0;103;7;5;3;10;4;1
1778;579;4;0;19;33;24;38;0;2;0;0;46;7;5;7;16;3;0
1778;579;5;0;27;41;35;49;1;2;0;0;48;8;12;7;20;7;0
1779;332;1;0;19;39;19;39;0;0;0;0;0;9;9;1;19;0;0
1779;332;2;0;18;51;18;51;0;0;0;0;0;11;7;0;18;0;0
1779;332;3;0;25;59;25;59;0;0;0;0;0;20;5;0;25;0;0
1779;332;4;0;28;54;28;54;0;0;0;0;0;18;10;0;28;0;0
1779;332;5;0;42;80;42;80;0;0;0;0;0;34;8;0;42;0;0
1779;443;1;0;15;31;15;31;0;1;0;0;0;7;3;5;15;0;0
1779;443;2;0;15;28;15;28;0;0;0;0;0;6;0;9;15;0;0
1779;443;3;0;14;22;14;22;0;0;0;0;0;7;3;4;14;0;0
1779;443;4;0;16;23;16;23;0;2;0;0;0;6;4;6;16;0;0
1779;443;5;0;21;43;21;43;0;1;0;0;0;9;3;9;21;0;0
1780;657;1;0;12;32;12;32;0;0;0;0;0;5;3;4;12;0;0
1780;81;1;1;26;36;26;36;0;0;0;0;2;12;5;9;23;0;3
1781;500;1;0;16;22;65;74;1;2;0;0;214;14;1;1;6;1;9
1781;500;2;0;39;66;79;107;1;1;0;0;140;37;2;0;22;0;17
1781;500;3;0;33;41;39;47;2;4;0;0;156;25;0;8;17;10;6
1781;330;1;0;17;27;28;39;0;0;1;0;25;13;0;4;10;0;7
1781;330;2;0;10;24;10;25;0;0;0;0;0;7;3;0;10;0;0
1781;330;3;0;10;18;10;18;0;0;3;1;16;9;1;0;7;3;0
1782;765;1;0;12;22;48;62;0;0;0;0;29;4;0;8;12;0;0
1782;765;2;0;10;14;68;80;0;0;0;0;14;5;1;4;10;0;0
1782;765;3;0;10;21;55;74;0;0;0;0;0;9;0;1;10;0;0
1782;12;1;0;21;46;34;60;0;0;0;0;93;19;2;0;15;6;0
1782;12;2;0;21;47;55;82;0;0;0;0;183;17;4;0;12;4;5
1782;12;3;0;38;75;86;124;0;0;0;0;132;23;8;7;27;6;5
1783;526;1;0;20;59;20;59;0;0;0;0;0;12;8;0;19;1;0
1783;614;1;1;35;75;39;79;0;1;0;0;8;26;6;3;22;1;12
1784;119;1;0;41;53;54;66;0;1;0;0;155;34;7;0;2;39;0
1784;119;2;0;21;28;25;32;0;0;1;0;67;10;11;0;7;14;0
1784;881;1;0;25;37;47;65;1;3;0;0;44;18;3;4;5;20;0
1784;881;2;0;11;21;14;25;0;1;0;0;20;7;4;0;8;3;0
1785;374;1;0;44;88;45;89;0;0;0;0;48;21;15;8;42;2;0
1785;374;2;0;39;90;39;90;0;0;0;0;18;17;8;14;37;2;0
1785;374;3;0;47;105;47;105;0;0;0;0;7;30;6;11;47;0;0
1785;637;1;0;44;56;45;57;0;1;0;0;0;26;9;9;37;7;0
1785;637;2;0;40;60;40;60;0;0;0;0;0;25;3;12;37;3;0
1785;637;3;0;65;93;65;93;0;1;0;0;7;52;3;10;62;3;0
1786;708;1;0;7;9;18;21;0;0;0;0;0;6;0;1;1;0;6
1786;708;2;0;5;11;27;33;0;0;0;0;5;2;3;0;0;2;3
1786;708;3;0;21;42;70;96;0;0;0;0;0;19;2;0;9;1;11
1786;477;1;0;4;7;31;40;1;1;0;0;276;4;0;0;0;0;4
1786;477;2;0;11;16;34;40;1;4;0;1;246;11;0;0;0;3;8
1786;477;3;0;12;20;26;36;1;2;0;0;200;10;1;1;7;2;3
1787;956;1;0;14;29;14;29;0;1;0;0;0;13;0;1;14;0;0
1787;917;1;0;25;37;37;62;0;1;0;0;27;24;1;0;12;3;10
1788;891;1;0;17;28;17;28;0;0;0;0;0;4;10;3;17;0;0
1788;284;1;1;20;33;20;33;0;0;0;0;2;13;6;1;19;1;0
1789;957;1;0;12;16;15;19;1;1;0;0;96;3;3;6;8;4;0
1789;957;2;0;5;8;7;10;0;1;0;0;54;1;0;4;5;0;0
1789;875;1;0;19;29;39;52;1;1;0;0;131;18;0;1;5;0;14
1789;875;2;1;18;34;21;39;0;0;0;0;56;16;0;2;5;1;12
1790;80;1;0;11;28;11;28;0;0;0;0;12;3;4;4;10;1;0
1790;80;2;0;25;57;28;61;0;0;0;0;0;13;8;4;21;0;4
1790;80;3;0;20;57;20;57;0;0;0;0;0;10;3;7;20;0;0
1790;80;4;1;27;56;27;56;0;0;0;0;2;14;6;7;27;0;0
1790;80;5;1;22;30;24;32;0;0;0;0;13;15;6;1;7;0;15
1790;498;1;0;12;23;12;23;0;2;0;0;8;7;3;2;12;0;0
1790;498;2;0;15;36;19;41;2;2;0;0;39;14;1;0;12;0;3
1790;498;3;0;13;31;13;31;0;2;0;0;3;10;3;0;13;0;0
1790;498;4;0;15;39;15;39;0;3;0;0;1;12;2;1;15;0;0
1790;498;5;0;5;10;5;10;0;0;0;0;0;5;0;0;5;0;0
1791;523;1;0;25;45;30;50;1;4;0;0;41;12;10;3;13;5;7
1791;523;2;0;9;10;22;24;2;2;1;0;118;7;0;2;5;0;4
1791;286;1;0;26;55;26;55;0;1;0;0;13;12;14;0;22;4;0
1791;286;2;0;4;10;4;10;0;0;0;0;0;1;3;0;4;0;0
1792;433;1;0;9;14;28;34;1;6;0;0;184;8;1;0;0;2;7
1792;433;2;0;1;1;2;3;0;1;2;0;75;0;1;0;1;0;0
1792;380;1;1;20;28;41;50;0;0;0;0;64;17;1;2;10;0;10
1792;380;2;0;0;1;0;1;0;0;1;0;0;0;0;0;0;0;0
1793;494;1;0;15;24;15;24;0;1;0;0;0;9;1;5;15;0;0
1793;762;1;1;20;29;20;29;0;0;0;0;2;17;2;1;19;0;1
1794;879;1;0;27;34;33;40;1;2;0;0;95;7;5;15;26;0;1
1794;879;2;0;15;19;26;32;2;4;0;0;180;6;2;7;13;2;0
1794;879;3;0;17;23;17;23;0;1;0;0;26;7;4;6;17;0;0
1794;33;1;0;20;39;23;42;0;1;0;0;34;7;10;3;17;3;0
1794;33;2;0;19;37;22;40;0;0;0;0;0;13;4;2;19;0;0
1794;33;3;0;43;74;43;74;0;0;0;0;0;34;4;5;43;0;0
1795;841;1;0;12;28;12;28;1;4;0;0;54;5;0;7;8;2;2
1795;841;2;0;18;41;18;41;0;2;0;0;0;7;4;7;18;0;0
1795;841;3;0;20;59;20;59;0;2;0;0;0;14;1;5;20;0;0
1795;647;1;0;29;40;30;41;0;0;0;0;8;23;4;2;27;1;1
1795;647;2;0;35;79;35;79;0;0;0;0;0;31;1;3;35;0;0
1795;647;3;0;40;84;41;85;1;2;0;0;19;39;1;0;40;0;0
1796;671;1;0;27;51;30;54;0;0;0;0;20;20;2;5;26;1;0
1796;671;2;0;38;65;51;79;0;0;0;0;8;22;14;2;24;14;0
1796;671;3;0;33;61;64;96;0;0;0;0;77;24;8;1;22;4;7
1796;908;1;0;45;99;48;107;0;0;0;0;57;32;7;6;43;0;2
1796;908;2;0;27;55;29;57;0;0;0;0;140;20;6;1;18;9;0
1796;908;3;0;22;53;30;62;0;1;0;0;74;11;9;2;16;6;0
1797;276;1;0;13;19;28;36;4;6;0;0;215;7;1;5;11;0;2
1797;276;2;0;21;33;26;40;4;6;0;0;198;16;3;2;15;1;5
1797;276;3;0;22;47;26;52;3;6;0;0;160;16;5;1;20;2;0
1797;143;1;0;7;14;8;15;0;0;1;0;0;3;3;1;6;0;1
1797;143;2;0;22;40;27;45;0;0;0;0;5;12;10;0;19;3;0
1797;143;3;0;23;47;25;49;0;0;0;0;3;15;6;2;21;2;0
1798;893;1;0;9;24;9;24;0;0;0;0;0;3;0;6;9;0;0
1798;621;1;0;18;44;18;44;0;1;1;0;0;7;7;4;17;1;0
1799;958;1;0;9;39;9;39;0;3;0;0;34;4;4;1;8;1;0
1799;958;2;0;4;7;4;7;0;3;0;0;29;2;0;2;4;0;0
1799;340;1;0;19;42;19;43;0;0;0;0;0;10;7;2;18;1;0
1799;340;2;1;6;11;6;11;0;0;1;0;31;4;2;0;3;2;1
1800;202;1;0;21;55;25;59;0;1;0;0;54;15;6;0;12;9;0
1800;202;2;0;23;53;31;62;1;2;0;0;133;11;9;3;16;4;3
1800;202;3;0;19;42;29;52;1;5;0;0;103;12;6;1;15;3;1
1800;456;1;0;24;29;31;36;0;0;0;0;35;13;7;4;13;11;0
1800;456;2;0;28;42;37;52;0;0;0;0;7;14;11;3;18;10;0
1800;456;3;0;24;33;31;40;0;1;0;0;25;10;12;2;15;9;0
1801;351;1;1;36;85;36;85;0;0;0;0;2;30;6;0;32;0;4
1801;34;1;0;14;56;14;56;0;1;0;0;0;11;1;2;14;0;0
1802;515;1;0;15;64;15;65;0;0;0;0;0;11;4;0;15;0;0
1802;703;1;1;23;51;24;52;0;0;0;0;2;17;5;1;21;1;1
1803;259;1;0;23;69;23;69;0;1;0;0;1;15;6;2;17;0;6
1803;398;1;0;17;53;17;53;0;1;0;0;0;9;5;3;17;0;0
1804;658;1;0;17;43;17;43;0;0;0;0;0;13;4;0;16;1;0
1804;658;2;0;11;29;15;34;2;3;0;0;44;7;3;1;10;1;0
1804;658;3;0;25;46;25;46;2;2;0;0;2;13;12;0;25;0;0
1804;633;1;0;8;50;8;50;0;0;0;0;0;1;3;4;7;1;0
1804;633;2;0;12;42;14;46;0;0;0;0;61;2;6;4;8;4;0
1804;633;3;0;9;53;9;53;0;0;0;0;3;3;4;2;7;2;0
1805;153;1;0;17;38;35;69;2;4;0;0;211;14;3;0;3;2;12
1805;153;2;0;16;33;32;59;1;2;0;0;189;15;1;0;4;0;12
1805;153;3;0;3;5;19;30;3;4;0;0;272;0;3;0;3;0;0
1805;783;1;1;11;18;15;23;0;0;0;0;59;10;1;0;4;4;3
1805;783;2;1;6;12;19;26;0;1;0;0;30;5;1;0;5;0;1
1805;783;3;0;3;7;5;10;0;0;0;0;0;2;1;0;3;0;0
1806;821;1;0;2;11;2;11;0;0;0;0;0;1;0;1;2;0;0
1806;859;1;1;9;16;9;16;0;0;0;0;2;4;3;2;8;0;1
1807;853;1;0;7;21;7;22;0;3;0;0;8;1;1;5;7;0;0
1807;430;1;1;9;21;10;23;0;0;0;0;77;7;1;1;5;0;4
1808;315;1;0;8;19;25;39;0;0;0;0;0;3;3;2;6;2;0
1808;315;2;0;7;18;47;67;0;1;0;0;117;4;3;0;4;3;0
1808;315;3;1;18;31;72;88;0;1;0;0;76;12;2;4;10;8;0
1808;425;1;0;11;26;15;31;0;0;0;0;90;5;2;4;9;2;0
1808;425;2;0;11;28;27;51;0;0;0;0;125;7;4;0;7;4;0
1808;425;3;0;13;33;21;47;1;1;0;0;79;6;3;4;11;2;0
1809;684;1;0;1;12;16;36;0;4;0;0;206;1;0;0;0;1;0
1809;684;2;0;4;12;38;59;1;5;0;0;249;3;1;0;1;1;2
1809;684;3;0;2;5;25;38;1;3;0;0;268;2;0;0;1;0;1
1809;338;1;0;8;24;11;28;0;0;0;0;0;6;2;0;5;3;0
1809;338;2;0;6;18;13;25;0;0;0;0;0;4;2;0;5;1;0
1809;338;3;0;8;19;13;25;0;0;0;0;0;7;1;0;2;6;0
1810;438;1;0;5;47;12;60;0;1;0;0;76;4;1;0;5;0;0
1810;438;2;0;6;56;6;56;0;0;0;0;11;3;2;1;6;0;0
1810;438;3;0;4;29;17;49;2;4;2;0;173;3;1;0;2;0;2
1810;402;1;0;5;20;5;22;0;0;0;0;0;1;4;0;5;0;0
1810;402;2;0;12;34;14;36;0;0;0;0;17;4;4;4;12;0;0
1810;402;3;0;10;25;11;26;0;0;0;0;0;1;0;9;10;0;0
1811;840;1;0;15;28;18;31;0;3;0;0;34;11;3;1;15;0;0
1811;840;2;0;4;8;7;12;2;3;0;0;169;2;2;0;4;0;0
1811;840;3;0;26;45;71;100;1;1;0;0;46;16;6;4;22;0;4
1811;959;1;0;14;52;28;66;0;0;0;0;0;8;2;4;14;0;0
1811;959;2;1;17;37;54;89;1;1;0;1;60;17;0;0;5;7;5
1811;959;3;0;10;45;10;45;0;0;0;0;0;8;0;2;10;0;0
1812;252;1;0;27;62;27;62;0;0;0;0;0;13;9;5;27;0;0
1812;252;2;0;25;49;25;49;0;0;0;0;0;11;8;6;25;0;0
1812;252;3;0;33;51;33;51;0;0;0;0;0;20;7;6;33;0;0
1812;252;4;0;29;52;29;52;0;0;0;0;0;12;10;7;29;0;0
1812;252;5;0;33;48;35;50;0;0;0;0;3;21;8;4;32;1;0
1812;365;1;0;11;33;11;33;0;0;0;0;0;4;2;5;11;0;0
1812;365;2;0;19;42;19;42;0;0;0;0;0;10;6;3;19;0;0
1812;365;3;0;14;45;14;45;0;0;0;0;0;11;3;0;14;0;0
1812;365;4;0;12;39;12;39;0;0;0;0;0;6;5;1;12;0;0
1812;365;5;0;20;66;24;70;0;0;0;0;42;17;2;1;20;0;0
1813;139;1;1;21;33;21;33;0;0;0;0;2;13;5;3;19;1;1
1813;158;1;0;19;42;20;43;0;2;0;0;39;16;1;2;18;1;0
1814;219;1;0;19;39;19;39;0;0;0;0;0;8;2;9;19;0;0
1814;219;2;0;21;40;37;56;0;1;0;0;77;12;2;7;20;1;0
1814;219;3;0;24;52;40;72;1;5;0;0;109;16;4;4;21;3;0
1814;461;1;0;25;50;25;50;1;1;0;0;12;20;4;1;25;0;0
1814;461;2;1;26;45;29;48;0;1;0;0;4;20;5;1;24;2;0
1814;461;3;0;16;32;16;32;0;3;0;0;0;11;3;2;15;1;0
1815;452;1;0;5;16;5;16;0;0;0;0;0;5;0;0;5;0;0
1815;301;1;0;30;40;30;40;1;1;0;0;17;27;2;1;14;0;16
1816;787;1;1;10;32;20;42;0;0;0;0;171;9;1;0;3;1;6
1816;787;2;0;20;59;20;59;0;0;0;0;0;3;0;17;20;0;0
1816;787;3;0;30;83;34;87;0;1;0;0;3;8;5;17;29;0;1
1816;630;1;0;14;23;16;25;0;0;0;0;6;5;2;7;13;1;0
1816;630;2;0;24;47;24;47;0;0;0;0;0;9;3;12;24;0;0
1816;630;3;0;39;63;39;63;0;0;0;0;0;16;3;20;38;0;1
1817;768;1;0;23;92;23;92;0;0;0;0;0;16;2;5;23;0;0
1817;768;2;0;21;88;21;88;0;1;0;0;0;17;1;3;21;0;0
1817;768;3;0;19;72;19;72;0;2;0;0;0;16;1;2;19;0;0
1817;45;1;0;34;89;34;89;0;0;0;0;0;29;1;4;34;0;0
1817;45;2;0;65;110;65;110;0;0;0;0;0;63;2;0;62;3;0
1817;45;3;0;42;88;44;90;0;1;0;0;20;38;2;2;42;0;0
1818;830;1;0;45;85;48;88;1;1;0;0;63;26;6;13;43;2;0
1818;830;2;1;19;25;29;35;0;0;1;0;39;18;0;1;5;3;11
1818;902;1;0;39;77;42;80;0;0;0;1;19;28;8;3;27;12;0
1818;902;2;0;7;14;7;14;1;2;0;0;20;6;0;1;6;1;0
1819;257;1;1;13;22;13;22;0;0;0;0;7;13;0;0;3;0;10
1819;797;1;0;2;5;2;5;0;0;0;0;0;1;0;1;2;0;0
1820;960;1;1;39;72;40;73;0;0;0;0;39;29;7;3;30;3;6
1820;960;2;1;26;50;39;63;0;0;0;0;111;18;2;6;21;0;5
1820;960;3;1;35;53;35;53;0;0;0;0;48;22;6;7;32;0;3
1820;961;1;0;23;36;27;40;0;1;0;0;0;16;3;4;17;4;2
1820;961;2;0;17;42;25;51;0;0;0;0;0;13;0;4;16;0;1
1820;961;3;0;14;39;19;50;0;0;0;0;0;5;2;7;13;0;1
1821;134;1;0;13;25;20;34;1;2;0;0;132;8;1;4;11;0;2
1821;134;2;0;13;14;26;28;1;1;1;0;251;12;0;1;1;0;12
1821;520;1;0;12;29;24;42;1;1;0;0;54;10;1;1;12;0;0
1821;520;2;0;0;4;1;5;0;0;0;0;0;0;0;0;0;0;0
1822;483;1;0;17;23;17;23;0;0;0;0;0;5;2;10;17;0;0
1822;483;2;0;22;36;22;36;0;2;0;0;6;8;6;8;21;1;0
1822;483;3;0;12;32;12;32;0;1;0;0;0;7;4;1;11;1;0
1822;533;1;1;40;91;45;108;0;0;0;0;90;37;2;1;13;5;22
1822;533;2;0;22;55;22;55;0;0;0;0;0;17;3;2;22;0;0
1822;533;3;0;16;61;17;62;0;1;0;0;14;13;2;1;14;2;0
1823;499;1;0;10;15;29;34;0;1;0;0;79;3;5;2;5;5;0
1823;499;2;0;5;7;14;16;0;0;0;0;0;4;1;0;4;1;0
1823;82;1;0;23;40;58;75;1;1;0;0;120;12;5;6;15;8;0
1823;82;2;1;31;53;36;58;2;2;0;0;113;16;3;12;6;2;23
1824;962;1;0;10;26;10;26;0;0;0;0;0;2;7;1;9;1;0
1824;962;2;0;5;9;31;36;2;2;1;0;185;3;2;0;5;0;0
1824;962;3;0;2;4;38;42;1;3;0;0;176;2;0;0;2;0;0
1824;312;1;0;22;52;22;52;0;0;0;0;0;9;2;11;22;0;0
1824;312;2;0;25;46;25;46;0;0;0;1;40;11;3;11;12;0;13
1824;312;3;0;16;29;22;37;0;0;0;0;56;12;2;2;9;0;7
1825;426;1;0;17;36;31;55;0;1;0;1;11;10;2;5;10;2;5
1825;426;2;0;12;22;23;33;0;0;0;0;9;2;5;5;10;2;0
1825;426;3;0;27;56;36;65;0;0;0;0;9;7;4;16;26;1;0
1825;833;1;0;8;27;17;40;1;2;0;0;191;5;3;0;4;2;2
1825;833;2;0;12;25;24;38;1;2;0;0;199;10;1;1;2;1;9
1825;833;3;0;19;46;33;60;0;3;0;0;59;12;5;2;15;4;0
1826;321;1;0;20;31;20;31;0;0;0;0;0;1;3;16;20;0;0
1826;321;2;0;29;54;29;54;0;0;0;0;0;7;12;10;28;1;0
1826;489;1;0;15;38;15;38;0;0;0;0;0;3;5;7;15;0;0
1826;489;2;1;26;58;26;58;0;0;0;0;3;15;9;2;25;0;1
1827;443;1;0;13;39;15;42;1;1;0;0;6;7;3;3;12;0;1
1827;443;2;0;7;16;27;40;2;3;0;0;245;6;0;1;5;0;2
1827;443;3;0;22;44;30;53;1;2;0;0;90;21;0;1;20;0;2
1827;963;1;0;15;38;20;43;0;0;0;0;0;5;2;8;15;0;0
1827;963;2;0;5;11;32;39;0;0;0;0;3;1;3;1;4;1;0
1827;963;3;0;19;42;25;48;0;0;0;0;2;8;3;8;19;0;0
1828;524;1;1;33;75;33;75;0;1;0;0;4;30;2;1;27;1;5
1828;265;1;0;25;54;25;54;0;0;0;0;0;21;1;3;25;0;0
1829;468;1;0;29;70;29;70;0;0;0;0;1;7;6;16;27;1;1
1829;468;2;0;23;78;24;79;0;0;0;0;0;11;3;9;22;1;0
1829;468;3;1;14;49;14;49;0;0;0;0;2;6;2;6;13;0;1
1829;221;1;0;13;38;13;38;0;0;0;0;0;2;2;9;13;0;0
1829;221;2;0;15;43;15;43;0;0;0;0;7;4;4;7;15;0;0
1829;221;3;0;16;23;16;23;0;0;0;0;0;6;1;9;16;0;0
1830;525;1;0;0;0;0;0;3;8;1;0;242;0;0;0;0;0;0
1830;525;2;0;0;4;0;4;0;5;0;0;48;0;0;0;0;0;0
1830;525;3;0;2;15;2;15;0;3;0;0;0;2;0;0;2;0;0
1830;303;1;0;2;6;9;14;0;0;0;0;34;1;1;0;0;2;0
1830;303;2;0;4;6;24;32;0;0;0;0;217;2;2;0;1;2;1
1830;303;3;0;23;40;50;69;1;1;0;0;199;23;0;0;3;0;20
1831;511;1;0;13;48;13;48;0;0;0;0;0;8;1;4;13;0;0
1831;511;2;0;20;65;26;74;0;0;0;0;0;11;9;0;18;2;0
1831;511;3;0;37;88;41;94;0;0;0;0;1;25;11;1;32;5;0
1831;472;1;0;30;64;30;64;0;0;0;0;0;20;0;10;30;0;0
1831;472;2;0;23;56;27;62;0;1;0;0;55;20;1;2;19;0;4
1831;472;3;0;30;68;31;69;0;2;0;0;26;23;4;3;27;3;0
1832;837;1;0;20;67;20;67;0;0;0;0;0;5;4;11;20;0;0
1832;837;2;0;19;62;22;65;0;0;0;0;0;9;4;6;18;1;0
1832;837;3;0;22;59;28;67;1;2;0;0;61;4;8;10;15;7;0
1832;701;1;0;15;43;15;43;0;0;0;0;1;5;4;6;14;1;0
1832;701;2;0;19;50;20;55;0;2;0;0;47;9;5;5;15;4;0
1832;701;3;0;10;29;13;34;0;3;0;0;37;2;6;2;9;1;0
1833;415;1;0;10;21;10;21;0;0;0;0;0;1;2;7;10;0;0
1833;490;1;0;14;24;14;24;0;0;0;0;16;6;8;0;6;0;8
1834;964;1;0;18;83;21;87;1;1;0;0;74;12;3;3;18;0;0
1834;964;2;0;38;118;38;118;0;1;0;0;0;21;13;4;38;0;0
1834;964;3;0;48;132;48;133;0;0;0;0;1;25;14;9;48;0;0
1834;471;1;0;19;45;24;52;0;0;0;0;0;14;1;4;19;0;0
1834;471;2;0;32;54;33;55;0;1;0;0;0;25;7;0;32;0;0
1834;471;3;0;36;81;36;81;0;1;0;0;1;26;7;3;36;0;0
1835;39;1;0;26;51;26;51;0;0;0;0;0;7;4;15;26;0;0
1835;39;2;0;30;66;30;66;0;0;0;0;0;9;11;10;30;0;0
1835;39;3;0;43;83;43;83;0;0;0;0;0;12;15;16;43;0;0
1835;755;1;0;9;22;9;22;0;0;0;0;0;3;1;5;9;0;0
1835;755;2;0;16;45;16;45;0;1;0;0;0;8;5;3;16;0;0
1835;755;3;0;17;42;17;42;0;0;0;0;0;13;4;0;17;0;0
1836;843;1;1;16;32;29;60;1;2;0;0;213;13;3;0;6;0;10
1836;843;2;0;2;3;2;3;0;0;0;0;1;2;0;0;2;0;0
1836;331;1;0;6;23;39;60;0;0;0;0;7;5;1;0;6;0;0
1836;331;2;1;11;17;11;17;0;0;0;0;8;9;2;0;6;1;4
1837;364;1;0;7;25;11;34;2;2;3;0;204;7;0;0;6;0;1
1837;364;2;0;3;6;8;11;0;4;0;0;17;3;0;0;3;0;0
1837;364;3;0;2;21;33;64;0;4;0;0;1;2;0;0;2;0;0
1837;521;1;0;11;25;13;27;0;0;0;1;2;11;0;0;5;6;0
1837;521;2;0;6;21;34;55;1;1;0;0;209;6;0;0;3;0;3
1837;521;3;0;29;58;60;94;0;0;0;0;211;28;1;0;11;0;18
