luta_id;lutador_id;adversario_id;data;resultado;vitoria;derrota;empate;sem_resultado;duracao_seg;idade_na_luta;kd;sig_acertados;sig_tentados;total_acertados;total_tentados;quedas;quedas_tentadas;tent_finalizacao;reversoes;controle_seg;cabeca;corpo;perna;distancia;clinch;chao
1;1;2;2026-09-19;W;1;0;0;0;1500;24,9;1;181;305;259;392;0;0;1;1;133;158;17;6;160;17;4
1;2;1;2026-09-19;L;0;1;0;0;1500;36,4;0;147;284;159;300;5;18;0;0;551;91;30;26;124;16;7
2;3;4;2026-09-19;W;1;0;0;0;296;29,9;1;8;19;9;20;1;10;0;0;180;7;0;1;3;5;0
2;4;3;2026-09-19;L;0;1;0;0;296;30,3;0;4;10;22;28;0;0;0;0;6;3;1;0;2;2;0
3;5;6;2026-09-19;W;1;0;0;0;208;39,2;1;38;75;38;75;0;0;0;0;5;29;9;0;26;3;9
3;6;5;2026-09-19;L;0;1;0;0;208;35,4;0;20;46;20;46;0;0;0;0;0;17;3;0;18;2;0
4;7;8;2026-09-19;L;0;1;0;0;12;26,3;0;1;2;1;2;0;0;0;0;0;0;0;1;1;0;0
4;8;7;2026-09-19;W;1;0;0;0;12;33,2;1;3;6;3;6;0;0;0;0;2;3;0;0;1;0;2
5;9;10;2026-09-19;W;1;0;0;0;900;38,9;0;62;162;140;246;1;5;0;0;174;56;4;2;42;20;0
5;10;9;2026-09-19;L;0;1;0;0;900;27,8;0;67;121;89;146;1;3;0;0;259;52;13;2;50;16;1
6;11;12;2026-09-19;W;1;0;0;0;722;33,8;3;72;128;80;138;3;3;0;0;135;38;22;12;37;21;14
6;12;11;2026-09-19;L;0;1;0;0;722;30,8;0;83;127;108;153;0;1;0;0;0;27;38;18;59;24;0
7;13;14;2026-09-19;L;0;1;0;0;900;33,5;0;31;68;54;93;1;6;0;0;418;17;9;5;12;9;10
7;14;13;2026-09-19;W;1;0;0;0;900;38,1;0;30;69;83;128;2;2;0;0;308;29;1;0;18;6;6
8;15;16;2026-09-19;W;1;0;0;0;900;26,0;0;70;145;93;171;0;1;0;0;71;40;5;25;62;8;0
8;16;15;2026-09-19;L;0;1;0;0;900;32,7;0;46;129;51;135;1;4;0;0;138;35;4;7;44;2;0
9;17;18;2026-09-19;W;1;0;0;0;124;31,4;1;16;34;16;34;0;0;0;0;3;13;1;2;10;0;6
9;18;17;2026-09-19;L;0;1;0;0;124;35,8;0;3;4;3;4;0;0;0;0;0;1;1;1;3;0;0
10;19;20;2026-09-19;W;1;0;0;0;900;28,8;1;61;110;63;112;1;3;0;0;57;29;11;21;56;4;1
10;20;19;2026-09-19;L;0;1;0;0;900;33,9;0;32;108;33;109;0;0;0;0;0;16;1;15;30;2;0
11;21;22;2026-09-19;W;1;0;0;0;202;29,0;0;1;4;1;4;0;0;1;0;0;0;0;1;1;0;0
11;22;21;2026-09-19;L;0;1;0;0;202;32,6;0;3;7;13;20;0;0;1;0;192;3;0;0;1;0;2
12;23;24;2026-09-19;L;0;1;0;0;117;38,1;0;7;12;13;18;0;0;0;0;0;3;4;0;7;0;0
12;24;23;2026-09-19;W;1;0;0;0;117;31,6;0;20;27;24;31;0;0;0;0;39;18;0;2;3;0;17
13;25;26;2026-09-12;W;1;0;0;0;777;29,7;1;39;77;40;78;1;2;1;0;97;27;10;2;32;3;4
13;26;25;2026-09-12;L;0;1;0;0;777;28,4;0;40;108;41;109;0;1;0;0;21;17;5;18;35;5;0
14;27;28;2026-09-12;W;1;0;0;0;900;32,8;0;67;180;71;184;2;2;0;0;154;35;22;10;61;4;2
14;28;27;2026-09-12;L;0;1;0;0;900;32,1;0;71;183;77;189;1;8;0;0;35;58;9;4;61;7;3
15;29;30;2026-09-12;W;1;0;0;0;900;28,7;1;89;237;128;280;5;5;3;0;293;56;21;12;78;9;2
15;30;29;2026-09-12;L;0;1;0;0;900;24,3;1;79;178;80;179;1;2;0;0;7;46;24;9;69;10;0
16;31;32;2026-09-12;L;0;1;0;0;900;36,6;0;72;226;73;227;0;0;0;0;2;51;19;2;70;2;0
16;32;31;2026-09-12;W;1;0;0;0;900;33,1;1;80;196;96;213;0;0;0;0;57;63;5;12;69;8;3
17;33;34;2026-09-12;L;0;1;0;0;900;34,9;0;28;95;30;97;0;0;0;0;0;21;0;7;28;0;0
17;34;33;2026-09-12;W;1;0;0;0;900;35,6;0;24;74;32;82;4;10;0;0;218;5;4;15;23;0;1
18;35;36;2026-09-12;W;1;0;0;0;900;28,1;0;52;139;58;146;1;1;0;0;19;25;10;17;52;0;0
18;36;35;2026-09-12;L;0;1;0;0;900;35,1;0;27;124;27;124;0;1;0;0;5;19;4;4;26;1;0
19;37;38;2026-09-12;W;1;0;0;0;900;39,7;0;64;204;142;309;5;11;0;0;354;52;6;6;43;5;16
19;38;37;2026-09-12;L;0;1;0;0;900;30,6;0;58;124;70;136;0;0;1;0;4;41;11;6;56;1;1
20;39;40;2026-09-12;W;1;0;0;0;900;29,0;0;78;160;91;175;0;0;0;0;0;39;17;22;66;2;10
20;40;39;2026-09-12;L;0;1;0;0;900;42,3;0;42;97;44;102;3;8;0;0;76;12;10;20;38;0;4
21;41;42;2026-09-12;W;1;0;0;0;265;34,3;1;46;81;46;81;0;0;0;0;0;16;18;12;45;1;0
21;42;41;2026-09-12;L;0;1;0;0;265;29,1;0;16;48;16;48;0;0;0;0;0;13;0;3;16;0;0
22;43;44;2026-09-12;L;0;1;0;0;766;38,5;0;15;30;87;108;0;0;0;1;21;6;7;2;5;10;0
22;44;43;2026-09-12;W;1;0;0;0;766;33,7;0;56;82;95;126;2;8;1;0;595;24;28;4;7;35;14
23;45;46;2026-09-12;L;0;1;0;0;900;32,1;0;73;189;77;193;1;9;0;0;75;64;4;5;60;12;1
23;46;45;2026-09-12;W;1;0;0;0;900;26,5;0;109;247;110;248;0;0;0;0;0;78;9;22;108;1;0
24;47;48;2026-09-12;W;1;0;0;0;36;22,9;0;7;13;7;13;1;1;0;0;4;4;1;2;4;0;3
24;48;47;2026-09-12;L;0;1;0;0;36;23,8;0;3;6;3;6;0;0;0;0;0;0;1;2;3;0;0
25;49;50;2026-09-12;L;0;1;0;0;900;34,0;0;63;118;74;129;0;4;0;0;41;39;14;10;46;17;0
25;50;49;2026-09-12;W;1;0;0;0;900;21,9;0;77;190;87;200;0;0;0;0;9;45;20;12;57;20;0
26;51;52;2026-09-05;L;0;1;0;0;155;36,6;0;14;31;14;31;0;0;0;0;0;0;2;12;14;0;0
26;52;51;2026-09-05;W;1;0;0;0;155;28,8;1;12;17;12;17;0;0;0;0;2;7;2;3;9;0;3
27;53;54;2026-09-05;L;0;1;0;0;100;29,5;0;7;13;7;13;0;0;0;0;0;0;2;5;7;0;0
27;54;53;2026-09-05;W;1;0;0;0;100;29,0;1;9;13;9;13;0;0;0;0;2;7;2;0;6;0;3
28;55;56;2026-09-05;W;1;0;0;0;900;39,4;0;12;28;49;66;0;2;1;0;66;7;2;3;11;1;0
28;56;55;2026-09-05;L;0;1;0;0;900;32,8;0;8;29;21;42;2;3;0;0;328;5;2;1;3;1;4
29;57;58;2026-09-05;W;1;0;0;0;900;25,1;1;83;137;120;180;0;1;0;0;41;46;21;16;64;11;8
29;58;57;2026-09-05;L;0;1;0;0;900;33,8;0;15;84;43;115;4;11;1;0;212;12;3;0;11;4;0
30;59;60;2026-09-05;W;1;0;0;0;787;24,1;0;44;61;79;108;13;24;1;0;620;36;7;1;17;1;26
30;60;59;2026-09-05;L;0;1;0;0;787;31,7;0;12;35;17;40;0;0;0;0;0;5;4;3;10;2;0
31;61;62;2026-09-05;W;1;0;0;0;174;28,7;2;18;30;19;31;0;0;0;0;20;16;2;0;10;0;8
31;62;61;2026-09-05;L;0;1;0;0;174;32,1;0;4;24;4;24;0;0;0;0;0;2;2;0;4;0;0
32;63;64;2026-09-05;L;0;1;0;0;900;30,9;0;36;146;38;148;0;3;1;0;31;24;11;1;36;0;0
32;64;63;2026-09-05;W;1;0;0;0;900;28,3;0;112;218;115;221;2;2;0;0;13;82;18;12;107;5;0
33;65;66;2026-09-05;W;1;0;0;0;355;28,5;0;48;67;114;137;6;7;0;0;213;47;1;0;10;6;32
33;66;65;2026-09-05;L;0;1;0;0;355;35,0;0;13;34;16;37;0;1;1;0;20;10;3;0;6;7;0
34;67;68;2026-09-05;L;0;1;0;0;537;30,8;0;39;59;48;71;3;8;1;0;308;27;5;7;11;3;25
34;68;67;2026-09-05;W;1;0;0;0;537;32,6;1;22;46;29;56;0;0;0;0;95;22;0;0;1;6;15
35;69;70;2026-09-05;L;0;1;0;0;900;33,3;1;28;86;57;118;0;0;0;0;9;17;7;4;26;2;0
35;70;69;2026-09-05;W;1;0;0;0;900;24,3;0;50;105;69;131;4;19;1;0;366;44;4;2;33;9;8
36;71;72;2026-09-05;L;0;1;0;0;900;29,0;0;10;32;70;99;0;3;1;1;264;5;1;4;5;2;3
36;72;71;2026-09-05;W;1;0;0;0;900;32,1;0;28;49;61;88;3;8;3;0;379;15;11;2;10;6;12
37;73;74;2026-09-05;W;1;0;0;0;900;36,7;0;34;63;60;93;4;7;1;0;539;16;16;2;13;19;2
37;74;73;2026-09-05;L;0;1;0;0;900;27,7;0;23;64;103;151;0;1;0;1;195;16;7;0;13;9;1
38;75;76;2026-09-05;W;1;0;0;0;275;31,4;1;18;43;20;47;0;0;0;0;5;13;4;1;16;1;1
38;76;75;2026-09-05;L;0;1;0;0;275;31,6;0;22;50;23;51;0;0;0;0;33;15;4;3;19;3;0
39;77;78;2026-09-05;W;1;0;0;0;562;31,5;1;146;249;154;262;0;0;1;0;101;104;29;13;106;10;30
39;78;77;2026-09-05;L;0;1;0;0;562;27,2;0;72;197;72;199;0;0;0;0;0;52;11;9;68;4;0
40;79;80;2026-08-29;L;0;1;0;0;408;30,7;0;13;21;23;32;1;3;0;0;118;7;0;6;13;0;0
40;80;79;2026-08-29;W;1;0;0;0;408;28,7;1;11;23;24;36;0;0;1;0;2;5;3;3;9;0;2
41;81;82;2026-08-29;L;0;1;0;0;289;37,2;0;19;59;19;59;0;0;0;0;0;11;3;5;18;1;0
41;82;81;2026-08-29;W;1;0;0;0;289;26,7;1;18;48;20;50;0;0;0;0;0;12;3;3;16;0;2
42;83;84;2026-08-29;L;0;1;0;0;334;33,2;0;14;28;18;32;0;0;0;0;0;5;5;4;14;0;0
42;84;83;2026-08-29;W;1;0;0;0;334;32,8;1;27;50;29;52;0;1;0;0;39;19;5;3;21;1;5
43;85;86;2026-08-29;L;0;1;0;0;900;34,4;0;10;43;52;88;4;8;0;0;440;6;2;2;10;0;0
43;86;85;2026-08-29;W;1;0;0;0;900;30,6;0;41;80;85;126;0;2;0;0;14;18;5;18;39;2;0
44;87;88;2026-08-29;W;1;0;0;0;266;30,0;2;59;82;60;83;0;0;0;0;4;42;9;8;54;5;0
44;88;87;2026-08-29;L;0;1;0;0;266;29,9;0;28;57;28;57;0;2;0;0;44;23;2;3;27;1;0
45;89;90;2026-08-29;W;1;0;0;0;448;25,1;1;53;129;56;137;1;1;0;0;63;28;20;5;38;8;7
45;90;89;2026-08-29;L;0;1;0;0;448;27,4;0;33;66;37;70;0;0;0;0;3;17;13;3;28;5;0
46;91;92;2026-08-29;L;0;1;0;0;783;25,7;0;51;141;51;141;0;1;0;0;8;24;9;18;49;2;0
46;92;91;2026-08-29;W;1;0;0;0;783;27,6;0;47;77;47;77;0;0;1;1;13;23;9;15;47;0;0
47;93;94;2026-08-29;W;1;0;0;0;254;24,2;0;39;67;71;101;2;4;1;0;238;39;0;0;0;0;39
47;94;93;2026-08-29;L;0;1;0;0;254;28,7;0;0;0;1;3;0;0;0;0;0;0;0;0;0;0;0
48;95;96;2026-08-29;L;0;1;0;0;900;32,8;0;43;95;72;130;0;5;1;1;287;18;9;16;32;9;2
48;96;95;2026-08-29;W;1;0;0;0;900;34,2;0;58;129;130;204;0;2;0;0;71;33;10;15;52;6;0
49;97;98;2026-08-29;L;0;1;0;0;60;28,4;0;4;7;4;7;0;0;0;0;0;0;2;2;4;0;0
49;98;97;2026-08-29;W;1;0;0;0;60;30,0;1;11;20;12;21;0;0;0;0;2;9;2;0;6;3;2
50;99;100;2026-08-29;L;0;1;0;0;353;30,1;0;32;59;32;59;0;1;0;0;1;20;3;9;31;1;0
50;100;99;2026-08-29;W;1;0;0;0;353;33,4;1;30;111;32;113;0;0;0;0;7;24;6;0;26;0;4
51;101;102;2026-08-29;L;0;1;0;0;186;38,6;0;16;42;16;44;0;0;0;0;0;7;5;4;12;4;0
51;102;101;2026-08-29;W;1;0;0;0;186;28,5;1;16;25;16;25;0;0;0;0;0;9;6;1;13;3;0
52;103;104;2026-08-29;L;0;1;0;0;900;31,9;0;39;79;72;116;0;1;0;0;70;12;13;14;34;5;0
52;104;103;2026-08-29;W;1;0;0;0;900;28,1;0;41;70;47;80;4;11;0;0;394;32;1;8;15;1;25
53;105;106;2026-08-22;L;0;1;0;0;1500;32,8;0;90;159;111;184;3;29;0;0;640;89;1;0;64;20;6
53;106;105;2026-08-22;W;1;0;0;0;1500;34,5;3;174;283;243;359;0;0;0;0;160;111;39;24;135;31;8
54;107;108;2026-08-22;L;0;1;0;0;900;31,6;0;23;67;33;77;0;2;0;1;22;22;1;0;21;0;2
54;108;107;2026-08-22;W;1;0;0;0;900;29,0;0;64;99;126;177;4;6;0;0;367;30;13;21;43;4;17
55;109;110;2026-08-22;W;1;0;0;0;241;36,0;0;71;83;106;119;0;0;0;0;221;70;1;0;3;0;68
55;110;109;2026-08-22;L;0;1;0;0;241;38,1;0;1;4;4;8;0;0;0;0;0;0;0;1;1;0;0
56;111;112;2026-08-22;W;1;0;0;0;427;29,7;1;73;106;82;115;0;4;0;1;54;52;5;16;65;8;0
56;112;111;2026-08-22;L;0;1;0;0;427;31,3;0;77;151;84;158;1;1;0;0;30;53;19;5;58;15;4
57;113;114;2026-08-22;W;1;0;0;0;99;27,5;1;16;35;16;35;0;0;0;0;2;9;7;0;12;2;2
57;114;113;2026-08-22;L;0;1;0;0;99;29,5;0;10;28;10;28;0;0;0;0;0;4;5;1;9;1;0
58;115;116;2026-08-22;W;1;0;0;0;269;30,9;0;5;9;46;50;1;3;1;0;162;2;1;2;4;0;1
58;116;115;2026-08-22;L;0;1;0;0;269;29,3;0;1;4;2;5;0;0;1;0;2;1;0;0;1;0;0
59;117;118;2026-08-22;W;1;0;0;0;218;37,1;1;17;29;17;29;0;0;0;0;2;10;2;5;14;1;2
59;118;117;2026-08-22;L;0;1;0;0;218;31,3;0;14;27;14;27;0;0;0;0;0;6;1;7;14;0;0
60;119;120;2026-08-22;L;0;1;0;0;80;34,2;0;3;7;3;7;0;0;0;0;0;3;0;0;3;0;0
60;120;119;2026-08-22;W;1;0;0;0;80;36,5;1;2;5;2;5;0;0;0;0;0;2;0;0;2;0;0
61;121;122;2026-08-22;W;1;0;0;0;899;30,9;1;125;227;125;227;1;3;1;0;45;63;21;41;107;8;10
61;122;121;2026-08-22;L;0;1;0;0;899;31,0;0;71;168;73;170;0;2;0;0;0;43;24;4;58;13;0
62;123;124;2026-08-22;W;1;0;0;0;167;28,3;1;11;25;11;25;0;0;0;0;12;8;3;0;10;1;0
62;124;123;2026-08-22;L;0;1;0;0;167;32,2;0;5;21;5;21;0;5;0;0;0;4;0;1;5;0;0
63;125;126;2026-08-22;L;0;1;0;0;900;26,1;0;137;253;153;270;3;9;0;0;159;93;29;15;122;8;7
63;126;125;2026-08-22;W;1;0;0;0;900;26,3;0;123;298;133;309;2;7;0;0;89;106;11;6;89;33;1
64;127;128;2026-08-22;L;0;1;0;0;253;30,0;0;24;43;28;48;1;1;1;0;65;11;12;1;20;4;0
64;128;127;2026-08-22;W;1;0;0;0;253;27,4;1;38;78;40;80;0;0;0;0;14;32;6;0;34;1;3
65;129;130;2026-08-22;W;1;0;0;0;702;25,3;0;136;217;139;220;1;1;0;0;84;84;29;23;114;22;0
65;130;129;2026-08-22;L;0;1;0;0;702;33,7;0;49;104;59;115;0;0;0;0;18;13;21;15;44;5;0
66;131;132;2026-08-15;W;1;0;0;0;1500;34,8;1;22;44;78;114;7;15;0;0;750;9;3;10;15;6;1
66;132;131;2026-08-15;L;0;1;0;0;1500;28,7;0;29;65;89;141;0;0;0;0;34;7;16;6;22;7;0
67;133;134;2026-08-15;W;1;0;0;0;1500;33,4;0;65;168;122;239;4;6;1;0;648;40;14;11;55;2;8
67;134;133;2026-08-15;L;0;1;0;0;1500;31,2;0;49;131;136;237;1;3;0;2;407;37;9;3;24;8;17
68;135;136;2026-08-15;W;1;0;0;0;39;31,2;1;9;14;9;14;0;0;0;0;5;8;1;0;1;0;8
68;136;135;2026-08-15;L;0;1;0;0;39;31,4;0;2;4;2;4;0;0;0;0;0;1;0;1;2;0;0
69;137;138;2026-08-15;L;0;1;0;0;565;28,9;0;34;67;34;68;1;1;0;0;37;19;9;6;22;9;3
69;138;137;2026-08-15;W;1;0;0;0;565;34,7;0;43;70;61;92;2;7;1;0;182;25;12;6;15;14;14
70;139;140;2026-08-15;L;0;1;0;0;392;40,6;0;30;64;30;64;0;0;0;0;0;13;11;6;29;1;0
70;140;139;2026-08-15;W;1;0;0;0;392;30,3;0;63;126;70;133;0;0;0;0;19;41;10;12;49;14;0
71;141;142;2026-08-15;W;1;0;0;0;900;37,6;0;155;229;159;233;0;1;0;0;12;51;56;48;149;6;0
71;142;141;2026-08-15;L;0;1;0;0;900;33,5;0;74;164;76;166;0;0;0;0;26;37;19;18;72;2;0
72;143;144;2026-08-15;W;1;0;0;0;696;35,6;0;66;142;70;146;0;5;1;0;13;40;14;12;63;1;2
72;144;143;2026-08-15;L;0;1;0;0;696;30,7;1;55;131;59;137;1;4;0;0;72;22;13;20;49;2;4
73;145;146;2026-08-15;W;1;0;0;0;98;27,6;1;11;31;11;31;0;0;0;0;0;9;1;1;9;0;2
73;146;145;2026-08-15;L;0;1;0;0;98;36,3;0;6;15;6;15;0;1;0;0;3;4;1;1;5;1;0
74;147;148;2026-08-15;L;0;1;0;0;900;34,7;0;46;122;50;127;0;1;1;0;44;31;7;8;43;3;0
74;148;147;2026-08-15;W;1;0;0;0;900;32,2;0;65;136;98;179;0;2;1;0;225;53;2;10;39;4;22
75;149;150;2026-08-15;L;0;1;0;0;670;23,4;0;13;56;14;58;1;1;0;0;55;5;5;3;11;1;1
75;150;149;2026-08-15;W;1;0;0;0;670;29,6;2;69;115;69;115;0;0;0;0;9;37;18;14;66;1;2
76;151;152;2026-08-15;W;1;0;0;0;500;39,0;0;24;38;61;78;0;1;1;1;59;20;1;3;9;2;13
76;152;151;2026-08-15;L;0;1;0;0;500;33,7;0;7;9;20;24;1;3;0;1;385;2;1;4;5;0;2
77;153;154;2026-08-15;W;1;0;0;0;684;39,8;0;16;45;28;57;1;1;1;1;23;14;2;0;16;0;0
77;154;153;2026-08-15;L;0;1;0;0;684;28,5;0;26;35;67;83;4;6;0;0;380;22;4;0;7;0;19
78;155;156;2026-08-08;L;0;1;0;0;265;35,7;0;3;10;3;10;0;1;2;0;20;3;0;0;3;0;0
78;156;155;2026-08-08;W;1;0;0;0;265;26,6;0;10;24;20;35;1;1;1;0;122;8;1;1;6;3;1
79;157;158;2026-08-08;W;1;0;0;0;900;41,6;0;116;236;124;246;4;9;0;0;167;94;20;2;101;8;7
79;158;157;2026-08-08;L;0;1;0;0;900;37,7;0;73;208;113;249;1;3;0;0;108;50;16;7;68;3;2
80;159;160;2026-08-08;L;0;1;0;0;35;42,2;0;0;2;0;2;0;1;0;0;0;0;0;0;0;0;0
80;160;159;2026-08-08;W;1;0;0;0;35;30,0;1;5;6;5;6;0;0;0;0;9;4;0;1;2;1;2
81;161;162;2026-08-08;L;0;1;0;0;900;39,2;0;56;100;68;115;0;2;0;0;22;29;17;10;52;4;0
81;162;161;2026-08-08;W;1;0;0;0;900;30,7;0;81;125;199;246;2;6;0;0;463;35;22;24;52;24;5
82;163;164;2026-08-08;L;0;1;0;0;615;28,1;0;25;57;35;67;0;8;0;0;166;8;11;6;18;7;0
82;164;163;2026-08-08;W;1;0;0;0;615;26,2;2;133;221;163;251;0;0;0;0;60;121;11;1;92;14;27
83;165;166;2026-08-08;W;1;0;0;0;900;28,1;2;66;109;134;180;0;1;1;0;284;51;9;6;27;19;20
83;166;165;2026-08-08;L;0;1;0;0;900;32,3;1;45;76;72;103;0;0;0;0;170;25;13;7;36;9;0
84;167;168;2026-08-08;W;1;0;0;0;299;29,3;2;48;70;48;70;0;0;0;0;8;17;14;17;34;2;12
84;168;167;2026-08-08;L;0;1;0;0;299;33,3;0;14;25;14;25;1;1;0;0;3;2;4;8;14;0;0
85;169;170;2026-08-08;L;0;1;0;0;110;32,5;0;3;4;3;4;0;1;0;0;11;1;0;2;3;0;0
85;170;169;2026-08-08;W;1;0;0;0;110;30,0;0;2;7;7;12;1;2;1;0;61;2;0;0;1;1;0
86;171;172;2026-08-08;W;1;0;0;0;900;29,2;1;67;119;89;141;1;1;0;0;169;43;5;19;49;13;5
86;172;171;2026-08-08;L;0;1;0;0;900;32,0;0;46;119;126;213;1;9;0;0;231;41;4;1;28;7;11
87;173;174;2026-08-08;W;1;0;0;0;189;32,4;1;12;28;12;28;0;0;0;0;4;11;0;1;8;0;4
87;174;173;2026-08-08;L;0;1;0;0;189;32,1;0;7;25;7;25;0;0;0;0;0;4;1;2;7;0;0
88;175;176;2026-08-08;W;1;0;0;0;398;30,3;0;24;44;45;70;2;4;1;0;282;19;5;0;6;5;13
88;176;175;2026-08-08;L;0;1;0;0;398;29,5;0;7;18;18;30;0;0;0;0;6;2;2;3;5;2;0
89;177;178;2026-08-08;L;0;1;0;0;900;23,7;0;56;107;102;159;4;7;1;0;370;41;6;9;52;2;2
89;178;177;2026-08-08;W;1;0;0;0;900;29,4;0;106;173;125;192;0;0;0;1;50;64;30;12;91;8;7
90;179;180;2026-08-01;W;1;0;0;0;30;33,3;1;11;14;11;14;0;0;0;0;4;9;1;1;5;0;6
90;180;179;2026-08-01;L;0;1;0;0;30;39,6;0;1;3;1;3;0;0;0;0;0;0;0;1;1;0;0
91;181;182;2026-08-01;L;0;1;0;0;176;43,4;0;3;7;6;11;0;0;0;0;4;1;2;0;3;0;0
91;182;181;2026-08-01;W;1;0;0;0;176;28,7;0;35;46;36;47;0;1;0;0;64;22;3;10;15;0;20
92;183;184;2026-08-01;W;1;0;0;0;900;34,5;0;71;136;83;149;0;0;0;0;191;28;27;16;66;5;0
92;184;183;2026-08-01;L;0;1;0;0;900;40,7;0;33;129;37;133;0;2;0;0;0;18;8;7;29;4;0
93;185;186;2026-08-01;L;0;1;0;0;254;32,2;0;1;1;1;1;2;3;0;0;60;0;0;1;1;0;0
93;186;185;2026-08-01;W;1;0;0;0;254;31,3;0;1;3;13;15;1;1;2;1;157;0;1;0;1;0;0
94;187;188;2026-08-01;L;0;1;0;0;61;31,5;0;7;24;7;24;0;0;0;0;0;5;2;0;7;0;0
94;188;187;2026-08-01;W;1;0;0;0;61;30,3;1;30;48;36;54;0;0;0;0;22;27;2;1;8;0;22
95;189;190;2026-08-01;L;0;1;0;0;81;29,2;0;6;19;7;20;0;0;0;0;0;5;1;0;6;0;0
95;190;189;2026-08-01;W;1;0;0;0;81;25,8;0;5;11;6;13;0;0;1;0;40;1;0;4;5;0;0
96;191;192;2026-08-01;L;0;1;0;0;547;31,4;0;46;87;47;88;0;1;0;0;0;24;17;5;44;2;0
96;192;191;2026-08-01;W;1;0;0;0;547;36,6;1;46;110;59;128;0;1;0;0;62;26;10;10;42;1;3
97;193;194;2026-08-01;L;0;1;0;0;109;28,6;0;6;11;6;11;0;1;0;0;0;4;1;1;6;0;0
97;194;193;2026-08-01;W;1;0;0;0;109;28,5;2;14;25;18;29;0;0;0;0;15;13;1;0;4;0;10
98;195;196;2026-08-01;W;1;0;0;0;900;33,5;0;57;147;87;189;1;1;2;1;245;51;2;4;41;3;13
98;196;195;2026-08-01;L;0;1;0;0;900;26,3;1;42;102;43;103;3;8;0;0;71;26;7;9;36;6;0
99;197;198;2026-08-01;L;0;1;0;0;573;28,8;0;46;89;68;111;0;0;0;0;0;35;9;2;44;2;0
99;198;197;2026-08-01;W;1;0;0;0;573;30,8;0;44;74;67;100;4;12;2;0;264;32;7;5;24;6;14
100;199;200;2026-08-01;W;1;0;0;0;281;33,8;0;75;98;132;174;1;1;0;0;244;71;4;0;7;0;68
100;200;199;2026-08-01;L;0;1;0;0;281;36,9;0;2;13;11;23;0;0;0;0;0;1;1;0;1;0;1
101;201;202;2026-08-01;W;1;0;0;0;221;30,0;1;21;39;21;39;0;0;0;0;0;14;7;0;16;5;0
101;202;201;2026-08-01;L;0;1;0;0;221;34,5;0;13;48;13;48;0;2;0;0;0;7;5;1;12;1;0
102;203;204;2026-08-01;W;1;0;0;0;142;24,4;1;10;16;10;16;0;0;0;0;2;8;1;1;6;2;2
102;204;203;2026-08-01;L;0;1;0;0;142;34,3;0;8;18;8;18;0;0;0;0;0;2;1;5;8;0;0
103;205;206;2026-08-01;L;0;1;0;0;200;32,1;0;25;53;25;53;0;0;0;0;0;18;1;6;25;0;0
103;206;205;2026-08-01;W;1;0;0;0;200;26,6;0;20;47;22;49;1;2;1;0;26;14;0;6;20;0;0
104;207;208;2026-07-25;W;1;0;0;0;1361;34,1;0;54;113;156;235;2;4;3;0;506;19;26;9;44;4;6
104;208;207;2026-07-25;L;0;1;0;0;1361;33,9;0;39;63;45;70;0;0;1;0;0;2;3;34;39;0;0
105;209;210;2026-07-25;L;0;1;0;0;261;31,0;0;11;42;11;42;0;1;0;0;8;9;2;0;10;1;0
105;210;209;2026-07-25;W;1;0;0;0;261;29,5;2;27;61;32;67;0;0;0;0;6;25;1;1;25;0;2
106;211;212;2026-07-25;W;1;0;0;0;900;31,6;0;74;131;109;167;2;6;0;0;54;46;8;20;53;21;0
106;212;211;2026-07-25;L;0;1;0;0;900;24,7;0;16;62;32;80;1;7;0;0;302;6;4;6;15;1;0
107;213;214;2026-07-25;W;1;0;0;0;672;34,4;1;66;120;68;122;0;0;0;0;141;46;20;0;35;30;1
107;214;213;2026-07-25;L;0;1;0;0;672;36,1;0;20;43;29;52;0;2;0;0;0;12;4;4;10;10;0
108;215;216;2026-07-25;W;1;0;0;0;900;33,3;0;27;70;91;138;4;10;0;0;466;16;7;4;18;7;2
108;216;215;2026-07-25;L;0;1;0;0;900;31,9;0;33;83;73;124;2;7;3;0;166;16;7;10;23;8;2
109;217;218;2026-07-25;W;1;0;0;0;92;28,6;0;1;1;3;3;0;0;2;0;9;0;1;0;1;0;0
109;218;217;2026-07-25;L;0;1;0;0;92;31,3;0;0;1;6;7;0;1;0;0;37;0;0;0;0;0;0
110;219;220;2026-07-25;L;0;1;0;0;589;38,3;0;34;93;34;93;0;0;0;0;0;8;3;23;34;0;0
110;220;219;2026-07-25;W;1;0;0;0;589;30,5;2;60;133;60;133;0;0;0;0;2;41;9;10;52;4;4
111;221;222;2026-07-25;L;0;1;0;0;486;39,8;0;14;86;14;86;0;1;0;0;0;10;1;3;14;0;0
111;222;221;2026-07-25;W;1;0;0;0;486;30,2;2;64;132;65;133;0;0;0;0;8;58;6;0;59;0;5
112;54;223;2026-07-25;W;1;0;0;0;284;28,9;1;33;44;77;96;0;0;1;0;123;31;2;0;2;25;6
112;223;54;2026-07-25;L;0;1;0;0;284;30,6;0;1;3;1;3;1;3;0;0;123;0;0;1;1;0;0
113;224;225;2026-07-25;W;1;0;0;0;900;26,6;0;35;80;57;110;8;14;1;0;260;12;5;18;34;0;1
113;225;224;2026-07-25;L;0;1;0;0;900;29,9;0;39;118;49;130;0;1;0;0;8;18;4;17;37;0;2
114;226;227;2026-07-25;W;1;0;0;0;900;25,6;0;13;34;81;106;8;13;1;1;745;12;1;0;4;1;8
114;227;226;2026-07-25;L;0;1;0;0;900;33,8;0;22;37;55;71;0;0;2;0;36;9;11;2;9;2;11
115;228;229;2026-07-25;L;0;1;0;0;787;38,9;0;44;81;53;94;1;3;3;0;76;13;25;6;22;21;1
115;229;228;2026-07-25;W;1;0;0;0;787;29,0;1;65;99;91;133;1;2;3;2;467;58;7;0;38;11;16
116;230;231;2026-07-18;W;1;0;0;0;1500;32,5;0;136;273;139;278;0;2;0;0;6;102;24;10;132;4;0
116;231;230;2026-07-18;L;0;1;0;0;1500;39,2;0;92;234;99;244;0;7;0;0;24;49;37;6;88;4;0
117;232;233;2026-07-18;L;0;1;0;0;900;42,3;0;15;46;36;69;5;8;0;0;372;7;6;2;6;8;1
117;233;232;2026-07-18;W;1;0;0;0;900;31,0;0;68;117;94;148;1;3;0;1;136;37;17;14;43;25;0
118;234;235;2026-07-18;W;1;0;0;0;135;26,8;0;3;7;4;8;1;2;1;0;87;2;0;1;3;0;0
118;235;234;2026-07-18;L;0;1;0;0;135;33,7;0;1;1;3;3;0;0;0;0;0;0;0;1;1;0;0
119;236;237;2026-07-18;L;0;1;0;0;900;31,4;0;24;102;26;108;1;8;0;0;30;18;5;1;22;2;0
119;237;236;2026-07-18;W;1;0;0;0;900;26,0;0;66;164;86;195;7;9;1;1;300;41;20;5;56;9;1
120;29;238;2026-07-18;W;1;0;0;0;809;28,6;2;252;513;255;517;0;0;0;0;57;185;52;15;234;11;7
120;238;29;2026-07-18;L;0;1;0;0;809;32,1;0;56;147;56;147;0;0;0;0;0;48;4;4;56;0;0
121;26;239;2026-07-18;W;1;0;0;0;900;28,2;1;35;85;70;126;1;3;0;0;114;22;9;4;29;5;1
121;239;26;2026-07-18;L;0;1;0;0;900;24,8;0;32;87;54;111;3;14;1;1;190;23;7;2;26;4;2
122;240;241;2026-07-18;W;1;0;0;0;900;27,5;0;52;152;67;168;3;4;2;0;129;35;10;7;41;11;0
122;241;240;2026-07-18;L;0;1;0;0;900;32,8;0;66;168;80;186;0;4;0;1;107;55;7;4;61;2;3
123;88;242;2026-07-18;L;0;1;0;0;400;29,8;0;11;32;26;52;0;0;0;0;0;7;0;4;11;0;0
123;242;88;2026-07-18;W;1;0;0;0;400;25,5;0;39;56;52;72;3;6;0;0;231;38;1;0;12;0;27
124;243;244;2026-07-18;W;1;0;0;0;900;26,2;0;6;11;21;29;12;18;3;0;661;4;1;1;2;0;4
124;244;243;2026-07-18;L;0;1;0;0;900;29,5;0;7;20;23;37;0;2;1;0;47;5;2;0;2;3;2
125;245;246;2026-07-18;W;1;0;0;0;900;28,2;0;44;127;60;144;3;5;4;0;137;35;8;1;42;1;1
125;246;245;2026-07-18;L;0;1;0;0;900;31,7;0;28;90;32;94;5;9;0;0;257;20;4;4;28;0;0
126;247;248;2026-07-18;W;1;0;0;0;100;27,8;1;15;26;17;28;0;0;0;0;10;12;0;3;7;0;8
126;248;247;2026-07-18;L;0;1;0;0;100;34,7;0;11;25;11;25;0;0;0;0;0;0;2;9;11;0;0
127;249;250;2026-07-18;L;0;1;0;0;244;29,2;0;2;6;6;10;0;0;0;0;0;1;0;1;2;0;0
127;250;249;2026-07-18;W;1;0;0;0;244;34,2;0;5;7;22;29;1;2;2;0;211;2;3;0;1;2;2
128;251;252;2026-07-11;L;0;1;0;0;69;38,0;0;0;6;5;11;0;0;0;0;0;0;0;0;0;0;0
128;252;251;2026-07-11;W;1;0;0;0;69;34,6;0;12;19;14;22;0;0;0;0;37;8;0;4;5;0;7
129;253;254;2026-07-11;L;0;1;0;0;52;30,6;0;1;3;1;3;0;1;0;0;4;1;0;0;1;0;0
129;254;253;2026-07-11;W;1;0;0;0;52;31,5;0;4;5;4;5;0;0;1;0;37;2;0;2;4;0;0
130;255;256;2026-07-11;L;0;1;0;0;900;34,2;0;89;176;104;196;1;4;0;0;73;70;9;10;73;16;0
130;256;255;2026-07-11;W;1;0;0;0;900;33,0;1;114;185;143;215;8;20;3;0;201;76;20;18;82;17;15
131;257;258;2026-07-11;W;1;0;0;0;820;33,9;0;84;152;146;218;3;6;2;0;293;78;4;2;55;11;18
131;258;257;2026-07-11;L;0;1;0;0;820;27,1;1;56;94;63;101;1;2;1;0;129;31;17;8;34;10;12
132;259;260;2026-07-11;W;1;0;0;0;299;39,8;1;43;72;57;86;0;0;0;0;3;18;20;5;35;0;8
132;260;259;2026-07-11;L;0;1;0;0;299;31,8;0;45;80;59;96;1;1;0;0;132;40;5;0;25;2;18
133;261;262;2026-07-11;L;0;1;0;0;661;34,3;0;51;99;57;106;3;6;0;0;130;21;17;13;45;6;0
133;262;261;2026-07-11;W;1;0;0;0;661;35,6;0;54;111;55;112;0;0;0;0;0;54;0;0;51;3;0
134;7;263;2026-07-11;W;1;0;0;0;151;26,1;1;41;57;41;57;0;1;0;0;10;25;12;4;28;12;1
134;263;7;2026-07-11;L;0;1;0;0;151;29,3;0;13;33;14;34;0;0;0;0;0;10;3;0;9;4;0
135;264;265;2026-07-11;L;0;1;0;0;167;35,0;0;13;32;13;32;0;1;0;0;0;10;2;1;12;1;0
135;265;264;2026-07-11;W;1;0;0;0;167;32,6;1;16;30;16;30;0;0;0;0;0;13;2;1;12;4;0
136;266;267;2026-07-11;W;1;0;0;0;183;27,0;1;43;67;43;67;0;0;0;0;2;30;9;4;35;6;2
136;267;266;2026-07-11;L;0;1;0;0;183;31,5;0;23;41;23;41;0;0;0;0;0;9;4;10;23;0;0
137;268;269;2026-07-11;L;0;1;0;0;900;32,6;0;72;156;74;158;1;9;0;0;31;48;12;12;66;6;0
137;269;268;2026-07-11;W;1;0;0;0;900;34,2;0;137;215;153;231;0;0;0;0;82;77;28;32;126;6;5
138;270;271;2026-07-11;W;1;0;0;0;284;24,3;1;25;33;28;37;0;1;0;0;3;12;5;8;24;0;1
138;271;270;2026-07-11;L;0;1;0;0;284;38,3;0;37;50;39;52;1;1;0;0;33;8;15;14;37;0;0
139;272;273;2026-07-11;W;1;0;0;0;900;28,9;0;86;134;95;145;5;22;0;0;242;65;6;15;68;5;13
139;273;272;2026-07-11;L;0;1;0;0;900;23,7;0;82;187;92;197;0;0;0;1;13;55;27;0;66;16;0
140;17;274;2026-07-11;W;1;0;0;0;75;31,2;1;10;20;10;20;0;0;0;0;5;8;2;0;5;0;5
140;274;17;2026-07-11;L;0;1;0;0;75;32,3;0;5;10;5;10;0;0;0;0;0;3;1;1;5;0;0
141;275;276;2026-07-11;W;1;0;0;0;439;30,5;0;21;49;25;53;0;0;2;0;61;15;4;2;19;0;2
141;276;275;2026-07-11;L;0;1;0;0;439;35,3;0;28;73;30;75;0;2;0;0;12;21;2;5;27;1;0
142;277;278;2026-06-27;W;1;0;0;0;315;33,3;1;25;39;28;43;2;2;0;0;42;13;2;10;16;3;6
142;278;277;2026-06-27;L;0;1;0;0;315;31,3;0;22;52;26;56;0;0;0;0;6;16;4;2;20;2;0
143;279;280;2026-06-27;W;1;0;0;0;900;32,1;0;52;85;112;165;0;0;0;1;53;16;18;18;44;5;3
143;280;279;2026-06-27;L;0;1;0;0;900;32,7;1;35;82;61;113;0;2;0;0;244;21;9;5;19;1;15
144;281;282;2026-06-27;L;0;1;0;0;91;32,1;0;0;16;0;16;0;0;0;0;0;0;0;0;0;0;0
144;282;281;2026-06-27;W;1;0;0;0;91;25,5;1;4;10;4;10;0;0;0;0;3;3;0;1;2;0;2
145;143;283;2026-06-27;L;0;1;0;0;813;35,5;0;21;45;32;57;0;0;1;0;0;5;8;8;18;3;0
145;283;143;2026-06-27;W;1;0;0;0;813;32,4;0;28;51;73;102;6;9;1;0;528;15;7;6;18;1;9
146;20;284;2026-06-27;L;0;1;0;0;900;33,6;0;19;55;23;61;0;1;0;0;7;13;3;3;19;0;0
146;284;20;2026-06-27;W;1;0;0;0;900;33,6;0;47;98;114;179;5;6;1;0;533;32;9;6;36;0;11
147;285;286;2026-06-27;W;1;0;0;0;205;35,8;1;10;27;10;27;0;0;1;0;36;5;4;1;9;1;0
147;286;285;2026-06-27;L;0;1;0;0;205;31,3;0;5;19;5;19;0;0;0;0;3;1;2;2;5;0;0
148;287;288;2026-06-27;W;1;0;0;0;900;30,9;0;21;41;53;87;17;27;0;0;672;20;1;0;19;0;2
148;288;287;2026-06-27;L;0;1;0;0;900;28,8;0;15;51;29;67;0;0;0;0;3;14;1;0;15;0;0
149;289;290;2026-06-27;W;1;0;0;0;8;25,5;1;6;8;6;8;0;0;0;0;3;6;0;0;1;0;5
149;290;289;2026-06-27;L;0;1;0;0;8;26,9;0;0;1;0;1;0;0;0;0;0;0;0;0;0;0;0
150;56;291;2026-06-27;W;1;0;0;0;238;32,6;0;1;3;13;18;2;2;1;0;148;0;1;0;1;0;0
150;291;56;2026-06-27;L;0;1;0;0;238;28,8;0;2;6;15;23;0;0;0;0;0;0;2;0;2;0;0
151;292;293;2026-06-27;W;1;0;0;0;256;33,0;1;17;26;42;53;0;0;1;0;32;9;4;4;13;0;4
151;293;292;2026-06-27;L;0;1;0;0;256;32,7;0;7;35;7;35;0;0;0;0;0;3;2;2;7;0;0
152;57;294;2026-06-27;W;1;0;0;0;395;24,9;2;71;107;73;109;0;0;0;0;27;16;26;29;61;10;0
152;294;57;2026-06-27;L;0;1;0;0;395;26,2;0;23;64;29;71;0;0;0;0;17;15;7;1;20;3;0
153;295;296;2026-06-27;L;0;1;0;0;900;28,7;1;69;159;70;160;0;0;0;0;2;59;9;1;65;4;0
153;296;295;2026-06-27;W;1;0;0;0;900;26,8;0;79;229;89;241;2;10;0;0;98;44;11;24;70;6;3
154;297;298;2026-06-27;W;1;0;0;0;868;29,4;0;37;87;60;111;2;6;0;0;192;26;8;3;14;4;19
154;298;297;2026-06-27;L;0;1;0;0;868;27,6;0;35;72;54;100;0;1;0;0;33;11;19;5;33;2;0
155;299;300;2026-06-20;W;1;0;0;0;762;32,6;1;19;56;47;88;0;0;0;0;10;11;2;6;13;0;6
155;300;299;2026-06-20;L;0;1;0;0;762;35,7;0;27;53;53;89;2;5;0;0;240;21;4;2;20;0;7
156;182;301;2026-06-20;W;1;0;0;0;503;28,6;0;52;70;59;77;0;1;0;2;113;38;11;3;31;1;20
156;301;182;2026-06-20;L;0;1;0;0;503;32,5;0;19;48;58;88;5;7;1;2;181;10;3;6;14;2;3
157;302;303;2026-06-20;L;0;1;0;0;223;36,1;0;23;48;23;48;0;1;0;0;0;11;7;5;19;4;0
157;303;302;2026-06-20;W;1;0;0;0;223;28,5;1;20;38;23;43;1;3;1;0;23;17;3;0;18;0;2
158;304;305;2026-06-20;L;0;1;0;0;77;34,4;0;3;13;3;13;0;0;0;0;0;0;3;0;3;0;0
158;305;304;2026-06-20;W;1;0;0;0;77;26,8;0;5;7;7;9;1;2;1;0;27;3;0;2;5;0;0
159;306;307;2026-06-20;W;1;0;0;0;596;30,6;1;105;152;105;152;0;1;0;0;17;47;28;30;89;10;6
159;307;306;2026-06-20;L;0;1;0;0;596;36,0;0;40;113;40;113;0;1;0;0;0;31;9;0;38;2;0
160;92;94;2026-06-20;L;0;1;0;0;900;27,4;0;51;114;58;121;0;2;0;0;101;16;13;22;49;2;0
160;94;92;2026-06-20;W;1;0;0;0;900;28,5;0;51;136;52;137;0;1;0;0;8;32;16;3;48;3;0
161;308;309;2026-06-20;W;1;0;0;0;196;35,2;0;3;10;28;37;0;0;1;0;12;2;1;0;3;0;0
161;309;308;2026-06-20;L;0;1;0;0;196;34,9;0;10;25;13;28;1;1;0;0;87;8;2;0;8;2;0
162;310;311;2026-06-20;L;0;1;0;0;900;34,8;1;58;142;98;195;0;4;0;0;261;28;21;9;41;10;7
162;311;310;2026-06-20;W;1;0;0;0;900;27,7;0;38;89;54;108;0;1;0;0;47;29;9;0;37;1;0
163;15;312;2026-06-20;L;0;1;0;0;900;25,7;0;105;252;115;267;0;3;0;0;66;86;18;1;95;9;1
163;312;15;2026-06-20;W;1;0;0;0;900;33,8;0;87;193;94;202;1;2;0;0;22;35;34;18;86;1;0
164;313;314;2026-06-20;L;0;1;0;0;23;30,6;0;0;1;0;1;0;0;0;0;0;0;0;0;0;0;0
164;314;313;2026-06-20;W;1;0;0;0;23;29,7;1;6;11;6;11;0;0;0;0;1;3;1;2;6;0;0
165;315;316;2026-06-20;L;0;1;0;0;900;31,5;0;7;26;126;147;0;0;0;0;0;4;1;2;6;0;1
165;316;315;2026-06-20;W;1;0;0;0;900;26,2;0;9;11;110;120;2;10;0;0;741;6;3;0;6;1;2
166;317;318;2026-06-20;W;1;0;0;0;900;26,3;0;76;138;111;175;0;6;3;0;154;46;23;7;66;10;0
166;318;317;2026-06-20;L;0;1;0;0;900;28,2;0;58;89;74;105;5;9;0;0;254;38;15;5;41;17;0
167;319;320;2026-06-14;L;0;1;0;0;1200;29,4;1;97;162;111;177;1;3;0;0;152;55;37;5;68;22;7
167;320;319;2026-06-14;W;1;0;0;0;1200;37,6;0;91;192;119;228;0;5;0;0;92;79;8;4;73;15;3
168;321;322;2026-06-14;L;0;1;0;0;387;38,9;0;12;33;12;33;0;0;0;0;0;3;1;8;12;0;0
168;322;321;2026-06-14;W;1;0;0;0;387;36,2;1;54;86;54;86;0;2;0;0;12;39;4;11;36;3;15
169;323;324;2026-06-14;W;1;0;0;0;542;31,6;1;41;81;41;81;0;0;0;0;2;32;7;2;41;0;0
169;324;323;2026-06-14;L;0;1;0;0;542;38,6;0;32;56;32;56;0;0;0;0;0;6;0;26;32;0;0
170;325;326;2026-06-14;W;1;0;0;0;549;28,6;1;86;117;105;138;2;3;1;0;244;74;7;5;39;11;36
170;326;325;2026-06-14;L;0;1;0;0;549;41,3;0;7;40;8;41;0;1;0;0;0;5;2;0;4;3;0
171;4;327;2026-06-14;W;1;0;0;0;269;30,0;2;19;40;20;41;0;0;0;0;13;16;1;2;17;0;2
171;327;4;2026-06-14;L;0;1;0;0;269;40,1;0;3;12;3;12;0;3;0;0;0;2;0;1;3;0;0
172;328;329;2026-06-14;W;1;0;0;0;274;30,4;1;16;24;44;53;1;1;0;0;194;15;0;1;7;0;9
172;329;328;2026-06-14;L;0;1;0;0;274;33,3;0;2;7;26;31;0;0;0;0;0;1;0;1;2;0;0
173;330;331;2026-06-14;W;1;0;0;0;462;31,5;1;24;66;24;66;0;1;0;0;5;21;2;1;17;0;7
173;331;330;2026-06-14;L;0;1;0;0;462;34,1;0;47;104;47;104;0;0;0;0;0;33;3;11;47;0;0
174;332;333;2026-06-06;L;0;1;0;0;1500;37,9;0;86;275;86;275;0;2;0;0;8;52;22;12;86;0;0
174;333;332;2026-06-06;W;1;0;0;0;1500;28,8;0;128;260;128;261;0;1;0;0;0;83;11;34;126;2;0
175;19;334;2026-06-06;L;0;1;0;0;900;28,5;0;90;180;90;180;0;1;0;0;8;83;4;3;85;5;0
175;334;19;2026-06-06;W;1;0;0;0;900;30,4;0;89;194;91;196;1;4;0;0;28;61;10;18;79;10;0
176;53;335;2026-06-06;L;0;1;0;0;900;29,2;0;16;32;48;70;3;5;1;1;307;11;3;2;12;3;1
176;335;53;2026-06-06;W;1;0;0;0;900;26,2;0;31;66;65;116;2;6;0;1;407;13;11;7;13;7;11
177;336;337;2026-06-06;W;1;0;0;0;892;31,7;0;22;41;54;77;2;5;2;1;700;9;10;3;12;6;4
177;337;336;2026-06-06;L;0;1;0;0;892;21,8;0;9;25;112;130;0;1;1;1;74;4;4;1;9;0;0
178;10;338;2026-06-06;W;1;0;0;0;85;27,5;1;6;22;6;22;0;1;0;0;17;2;1;3;4;0;2
178;338;10;2026-06-06;L;0;1;0;0;85;29,7;0;0;8;0;8;0;0;0;0;0;0;0;0;0;0;0
179;275;339;2026-06-06;W;1;0;0;0;148;30,4;1;19;23;19;23;0;0;0;0;5;16;2;1;7;0;12
179;339;275;2026-06-06;L;0;1;0;0;148;36,4;0;8;21;8;21;0;0;0;0;0;5;1;2;8;0;0
180;340;341;2026-06-06;W;1;0;0;0;900;36,1;0;79;202;79;202;0;2;0;0;0;60;13;6;79;0;0
180;341;340;2026-06-06;L;0;1;0;0;900;31,9;0;55;115;55;115;0;0;0;0;0;27;20;8;54;1;0
181;38;342;2026-06-06;W;1;0;0;0;253;30,4;2;24;44;24;44;0;0;1;0;24;20;2;2;21;0;3
181;342;38;2026-06-06;L;0;1;0;0;253;36,2;0;17;29;17;29;0;3;0;0;0;11;3;3;17;0;0
182;343;344;2026-06-06;L;0;1;0;0;222;37,8;0;7;13;9;16;1;1;0;0;23;6;0;1;6;0;1
182;344;343;2026-06-06;W;1;0;0;0;222;35,5;1;11;25;24;41;0;0;1;0;112;9;2;0;9;2;0
183;24;345;2026-06-06;W;1;0;0;0;259;31,3;0;5;13;15;24;0;0;1;0;77;3;2;0;3;2;0
183;345;24;2026-06-06;L;0;1;0;0;259;31,0;0;7;9;27;29;0;5;1;1;141;3;4;0;3;4;0
184;114;346;2026-06-06;W;1;0;0;0;900;29,3;0;64;99;92;136;3;6;1;0;269;35;20;9;36;15;13
184;346;114;2026-06-06;L;0;1;0;0;900;29,9;0;62;112;110;165;2;4;0;1;198;41;14;7;44;8;10
185;347;348;2026-06-06;W;1;0;0;0;94;31,8;1;13;17;13;17;0;0;0;0;3;11;0;2;12;0;1
185;348;347;2026-06-06;L;0;1;0;0;94;33,5;0;8;21;8;21;0;0;0;0;0;4;3;1;8;0;0
186;80;349;2026-05-30;W;1;0;0;0;582;28,5;0;24;52;30;58;1;1;1;0;3;6;4;14;23;1;0
186;349;80;2026-05-30;L;0;1;0;0;582;38,4;0;9;17;17;26;1;4;0;0;35;2;5;2;9;0;0
187;9;350;2026-05-30;W;1;0;0;0;255;38,6;2;28;52;42;68;0;0;0;0;107;26;0;2;23;2;3
187;350;9;2026-05-30;L;0;1;0;0;255;27,8;0;16;37;28;51;0;0;0;0;43;2;13;1;7;9;0
188;351;352;2026-05-30;W;1;0;0;0;39;34,0;1;7;9;10;13;0;0;0;0;5;7;0;0;6;0;1
188;352;351;2026-05-30;L;0;1;0;0;39;26,5;0;0;4;0;4;0;0;0;0;0;0;0;0;0;0;0
189;84;353;2026-05-30;W;1;0;0;0;110;32,6;1;9;21;9;21;0;0;0;0;3;6;2;1;8;0;1
189;353;84;2026-05-30;L;0;1;0;0;110;28,7;0;3;7;3;7;0;0;0;0;0;3;0;0;3;0;0
190;354;355;2026-05-30;W;1;0;0;0;900;31,8;1;55;96;109;173;0;0;0;0;570;46;9;0;49;0;6
190;355;354;2026-05-30;L;0;1;0;0;900;38,9;0;27;75;40;88;0;3;0;1;27;12;11;4;27;0;0
191;85;86;2026-05-30;NC;0;0;0;1;405;34,2;0;9;45;22;58;0;2;1;0;32;4;3;2;8;1;0
191;86;85;2026-05-30;NC;0;0;0;1;405;30,4;1;26;53;31;58;1;2;0;0;71;15;5;6;20;1;5
192;76;356;2026-05-30;W;1;0;0;0;220;31,4;1;21;40;21;40;0;0;0;0;3;14;3;4;18;0;3
192;356;76;2026-05-30;L;0;1;0;0;220;26,4;0;10;25;10;25;0;0;0;0;0;3;1;6;10;0;0
193;103;357;2026-05-30;L;0;1;0;0;900;31,7;0;63;146;63;146;0;0;0;0;0;13;8;42;62;1;0
193;357;103;2026-05-30;W;1;0;0;0;900;24,0;0;72;153;72;153;0;0;0;0;0;61;7;4;71;1;0
194;83;358;2026-05-30;L;0;1;0;0;431;32,9;0;6;11;12;17;0;0;1;0;0;4;2;0;6;0;0
194;358;83;2026-05-30;W;1;0;0;0;431;27,7;1;57;70;84;105;2;6;0;0;330;46;10;1;8;4;45
195;93;359;2026-05-30;W;1;0;0;0;199;23,9;0;17;27;20;30;1;3;1;0;137;17;0;0;3;0;14
195;359;93;2026-05-30;L;0;1;0;0;199;32,5;0;1;2;1;2;0;0;0;0;0;0;0;1;1;0;0
196;101;360;2026-05-30;L;0;1;0;0;900;38,4;0;68;198;91;224;0;0;0;0;7;33;21;14;58;10;0
196;360;101;2026-05-30;W;1;0;0;0;900;41,4;0;122;197;136;212;1;4;1;0;126;77;43;2;94;28;0
197;361;362;2026-05-30;L;0;1;0;0;110;30,4;0;7;14;12;19;0;0;0;0;0;2;2;3;7;0;0
197;362;361;2026-05-30;W;1;0;0;0;110;30,6;1;17;29;25;38;1;1;0;0;41;13;1;3;7;1;9
198;363;364;2026-05-30;L;0;1;0;0;244;30,4;0;3;7;10;16;0;0;0;0;8;1;0;2;2;1;0
198;364;363;2026-05-30;W;1;0;0;0;244;30,9;0;0;7;5;15;0;2;3;1;178;0;0;0;0;0;0
199;365;366;2026-05-16;W;1;0;0;0;1500;32,3;1;98;152;156;222;7;7;0;0;568;81;6;11;79;0;19
199;366;365;2026-05-16;L;0;1;0;0;1500;29,7;0;100;254;118;280;0;4;0;0;105;47;20;33;97;0;3
200;6;367;2026-05-16;W;1;0;0;0;569;35,1;1;72;138;79;145;0;0;0;0;11;56;13;3;67;3;2
200;367;6;2026-05-16;L;0;1;0;0;569;31,2;0;72;182;74;186;0;6;0;0;54;54;15;3;64;8;0
201;368;369;2026-05-16;L;0;1;0;0;548;31,9;0;15;33;15;34;0;0;0;0;0;3;9;3;14;1;0
201;369;368;2026-05-16;W;1;0;0;0;548;28,0;0;13;25;18;32;5;8;1;0;228;3;3;7;10;2;1
202;68;370;2026-05-16;W;1;0;0;0;900;32,3;0;36;80;52;99;0;0;0;0;135;21;10;5;30;6;0
202;370;68;2026-05-16;L;0;1;0;0;900;27,5;0;36;71;51;89;0;4;0;0;262;13;17;6;27;9;0
203;371;372;2026-05-16;L;0;1;0;0;445;27,3;0;29;80;29;80;0;0;0;0;11;12;9;8;29;0;0
203;372;371;2026-05-16;W;1;0;0;0;445;25,6;1;37;56;66;92;1;3;2;0;114;34;0;3;14;0;23
204;373;374;2026-05-16;L;0;1;0;0;211;36,4;0;13;25;20;33;0;0;0;0;0;8;3;2;12;1;0
204;374;373;2026-05-16;W;1;0;0;0;211;32,1;1;21;56;36;73;0;0;0;0;54;9;7;5;20;1;0
205;375;376;2026-05-16;L;0;1;0;0;900;35,9;0;54;123;57;126;0;6;1;0;69;40;8;6;52;2;0
205;376;375;2026-05-16;W;1;0;0;0;900;34,5;0;37;66;118;166;2;3;0;0;511;35;2;0;28;4;5
206;44;377;2026-05-16;W;1;0;0;0;471;33,3;0;28;38;72;84;6;17;0;0;315;19;9;0;3;10;15
206;377;44;2026-05-16;L;0;1;0;0;471;22,6;0;8;13;28;33;0;1;0;0;53;2;5;1;3;5;0
207;378;379;2026-05-16;W;1;0;0;0;900;34,7;0;30;92;66;158;1;4;0;0;282;27;2;1;29;0;1
207;379;378;2026-05-16;L;0;1;0;0;900;28,7;0;53;110;72;130;0;0;0;0;0;15;16;22;53;0;0
208;380;381;2026-05-16;W;1;0;0;0;344;32,0;1;43;60;44;62;0;0;0;0;34;40;2;1;8;0;35
208;381;380;2026-05-16;L;0;1;0;0;344;34,9;0;8;17;21;30;1;1;0;0;116;2;1;5;7;0;1
209;382;383;2026-05-16;W;1;0;0;0;576;34,1;0;46;94;80;139;1;1;1;0;245;22;10;14;45;1;0
209;383;382;2026-05-16;L;0;1;0;0;576;33,9;0;34;75;80;137;0;0;0;0;13;9;13;12;29;5;0
210;359;384;2026-05-16;W;1;0;0;0;900;32,5;0;149;299;178;335;1;5;1;1;146;129;8;12;133;16;0
210;384;359;2026-05-16;L;0;1;0;0;900;37,4;0;113;246;117;252;1;3;0;0;48;79;20;14;108;5;0
211;385;386;2026-05-16;L;0;1;0;0;788;32,6;0;29;49;158;183;0;1;0;0;110;16;9;4;19;1;9
211;386;385;2026-05-16;W;1;0;0;0;788;29,5;0;20;38;50;68;4;9;1;0;558;18;2;0;8;2;10
212;387;388;2026-05-09;L;0;1;0;0;1500;32,0;0;98;240;137;283;9;13;0;0;436;52;35;11;96;2;0
212;388;387;2026-05-09;W;1;0;0;0;1500;35,2;0;123;312;160;355;0;1;0;0;181;118;5;0;119;1;3
213;1;389;2026-05-09;W;1;0;0;0;1292;24,6;2;131;209;190;269;1;2;2;0;81;118;12;1;104;9;18
213;389;1;2026-05-09;L;0;1;0;0;1292;26,3;0;55;151;100;199;8;21;0;0;638;45;3;7;43;4;8
214;33;390;2026-05-09;L;0;1;0;0;900;34,6;0;54;130;54;130;0;1;0;0;1;30;6;18;53;1;0
214;390;33;2026-05-09;W;1;0;0;0;900;37,5;0;88;143;88;143;0;1;0;0;3;22;23;43;88;0;0
215;391;392;2026-05-09;W;1;0;0;0;900;33,5;0;77;180;245;416;4;10;0;0;729;76;0;1;6;0;71
215;392;391;2026-05-09;L;0;1;0;0;900;32,0;0;5;31;21;53;0;0;0;0;0;2;2;1;5;0;0
216;259;393;2026-05-09;W;1;0;0;0;260;39,7;0;57;87;64;95;1;1;1;0;94;44;9;4;22;0;35
216;393;259;2026-05-09;L;0;1;0;0;260;40,0;0;5;13;7;15;0;0;1;0;7;3;0;2;4;1;0
217;18;394;2026-05-09;L;0;1;0;0;370;35,5;0;6;20;8;22;0;3;0;0;63;5;1;0;6;0;0
217;394;18;2026-05-09;W;1;0;0;0;370;24,1;1;23;82;27;86;0;0;0;0;0;15;6;2;20;1;2
218;142;395;2026-05-09;L;0;1;0;0;373;33,2;0;8;22;9;23;0;0;0;0;0;7;1;0;8;0;0
218;395;142;2026-05-09;W;1;0;0;0;373;32,7;0;16;28;22;34;6;11;1;0;232;11;1;4;9;5;2
219;199;396;2026-05-09;L;0;1;0;0;882;33,6;1;33;64;49;81;1;5;0;1;142;27;1;5;27;4;2
219;396;199;2026-05-09;W;1;0;0;0;882;32,2;0;35;94;71;136;1;3;4;0;428;19;14;2;24;6;5
220;397;398;2026-05-09;W;1;0;0;0;209;42,7;0;9;17;10;18;0;0;1;0;0;5;3;1;9;0;0
220;398;397;2026-05-09;L;0;1;0;0;209;37,7;0;7;16;8;17;2;2;0;0;44;4;2;1;7;0;0
221;399;400;2026-05-09;W;1;0;0;0;900;34,0;3;61;124;69;132;1;1;0;0;154;46;12;3;46;4;11
221;400;399;2026-05-09;L;0;1;0;0;900;31,9;0;62;160;80;178;0;0;0;0;0;28;18;16;62;0;0
222;401;402;2026-05-09;W;1;0;0;0;900;35,5;0;25;70;78;125;3;20;0;0;672;7;6;12;18;7;0
222;402;401;2026-05-09;L;0;1;0;0;900;28,9;0;23;64;54;98;0;0;0;0;0;12;8;3;13;10;0
223;42;403;2026-05-09;L;0;1;0;0;852;28,8;0;78;211;89;222;0;1;0;0;21;69;5;4;70;8;0
223;403;42;2026-05-09;W;1;0;0;0;852;25,3;0;107;213;136;242;1;5;1;0;136;56;31;20;98;2;7
224;404;405;2026-05-09;L;0;1;0;0;900;29,9;0;68;153;70;155;1;7;0;0;67;24;25;19;61;6;1
224;405;404;2026-05-09;W;1;0;0;0;900;25,4;1;153;269;180;296;0;2;0;0;69;79;45;29;140;8;5
225;406;407;2026-05-02;L;0;1;0;0;797;29,6;0;41;76;53;90;2;5;0;0;73;25;8;8;41;0;0
225;407;406;2026-05-02;W;1;0;0;0;797;32,7;3;104;193;104;193;0;0;0;0;42;79;11;14;89;1;14
226;156;408;2026-05-02;W;1;0;0;0;209;26,3;1;12;19;15;24;0;2;0;0;20;11;1;0;7;2;3
226;408;156;2026-05-02;L;0;1;0;0;209;37,0;0;3;9;4;10;2;5;0;0;152;2;0;1;3;0;0
227;37;209;2026-05-02;L;0;1;0;0;900;39,4;0;90;261;93;265;2;11;0;0;34;44;11;35;87;3;0
227;209;37;2026-05-02;W;1;0;0;0;900;30,8;0;136;254;136;254;1;3;0;0;29;122;14;0;129;7;0
228;30;409;2026-05-02;W;1;0;0;0;167;24,0;1;22;40;22;40;0;0;0;0;4;14;2;6;19;0;3
228;409;30;2026-05-02;L;0;1;0;0;167;25,3;0;9;30;9;30;0;0;0;0;0;0;3;6;9;0;0
229;120;410;2026-05-02;L;0;1;0;0;524;36,2;0;41;100;51;110;1;2;0;0;216;30;11;0;34;7;0
229;410;120;2026-05-02;W;1;0;0;0;524;31,7;1;89;163;100;177;0;0;0;0;0;62;14;13;81;8;0
230;13;169;2026-05-02;L;0;1;0;0;900;33,1;0;13;22;27;37;0;0;0;0;42;12;0;1;2;5;6
230;169;13;2026-05-02;W;1;0;0;0;900;32,2;0;21;25;111;130;5;11;0;2;705;15;0;6;7;4;10
231;411;412;2026-05-02;W;1;0;0;0;900;31,3;0;79;150;125;217;3;7;0;0;610;69;6;4;32;2;45
231;412;411;2026-05-02;L;0;1;0;0;900;35,8;0;17;37;39;65;0;0;1;0;5;5;8;4;17;0;0
232;338;413;2026-05-02;W;1;0;0;0;162;29,6;0;21;31;22;32;0;0;0;0;9;20;0;1;10;1;10
232;413;338;2026-05-02;L;0;1;0;0;162;31,3;0;13;21;13;21;0;2;0;0;0;2;2;9;13;0;0
233;414;415;2026-05-02;W;1;0;0;0;900;30,7;0;36;82;54;103;3;3;0;0;137;30;6;0;36;0;0
233;415;414;2026-05-02;L;0;1;0;0;900;38,4;0;32;76;53;100;0;3;3;2;263;23;6;3;31;0;1
234;416;417;2026-05-02;W;1;0;0;0;900;26,9;0;46;117;57;132;0;6;4;1;181;15;21;10;43;3;0
234;417;416;2026-05-02;L;0;1;0;0;900;35,5;0;48;121;56;134;2;2;0;1;214;37;9;2;42;5;1
235;127;418;2026-05-02;W;1;0;0;0;710;29,7;1;12;17;22;32;0;3;5;1;97;6;6;0;6;6;0
235;418;127;2026-05-02;L;0;1;0;0;710;35,6;0;12;16;38;44;2;2;0;1;556;11;1;0;0;2;10
236;419;420;2026-05-02;W;1;0;0;0;900;27,2;0;55;112;83;147;1;4;0;1;206;39;13;3;46;7;2
236;420;419;2026-05-02;L;0;1;0;0;900;35,3;0;39;90;74;132;2;5;0;0;325;22;3;14;34;2;3
237;421;422;2026-05-02;L;0;1;0;0;236;26,1;0;1;2;3;5;0;0;0;1;28;0;0;1;1;0;0
237;422;421;2026-05-02;W;1;0;0;0;236;31,0;0;1;1;19;25;1;1;1;0;104;1;0;0;1;0;0
238;423;424;2026-04-25;W;1;0;0;0;1500;36,7;0;46;89;220;293;6;11;1;0;829;25;12;9;25;15;6
238;424;423;2026-04-25;L;0;1;0;0;1500;29,6;0;35;65;61;97;0;0;1;0;239;25;6;4;32;3;0
239;425;426;2026-04-25;L;0;1;0;0;900;35,6;0;51;100;66;117;0;1;0;0;129;20;16;15;44;7;0
239;426;425;2026-04-25;W;1;0;0;0;900;30,6;0;70;152;121;207;0;3;0;1;141;20;32;18;68;1;1
240;45;427;2026-04-25;W;1;0;0;0;900;31,7;0;59;169;79;194;4;7;0;0;110;52;1;6;57;2;0
240;427;45;2026-04-25;L;0;1;0;0;900;33,6;0;50;145;54;149;0;1;0;0;0;40;9;1;50;0;0
241;428;429;2026-04-25;W;1;0;0;0;900;40,4;0;162;307;164;309;0;1;0;0;2;56;45;61;148;14;0
241;429;428;2026-04-25;L;0;1;0;0;900;30,7;0;99;196;100;199;1;5;0;0;43;48;37;14;91;8;0
242;430;431;2026-04-25;L;0;1;0;0;900;34,0;1;35;66;72;104;0;0;0;0;23;26;8;1;26;3;6
242;431;430;2026-04-25;W;1;0;0;0;900;39,0;0;21;38;33;51;6;18;2;0;465;7;8;6;13;7;1
243;66;432;2026-04-25;W;1;0;0;0;430;34,7;1;15;27;20;35;0;0;0;0;176;11;3;1;8;0;7
243;432;66;2026-04-25;L;0;1;0;0;430;36,3;0;8;13;8;13;1;7;1;0;69;4;1;3;7;0;1
244;146;433;2026-04-25;W;1;0;0;0;900;36,0;0;54;102;73;123;2;2;0;0;51;42;8;4;49;5;0
244;433;146;2026-04-25;L;0;1;0;0;900;36,6;1;40;70;58;93;4;15;1;0;384;15;11;14;35;5;0
245;128;434;2026-04-25;W;1;0;0;0;134;27,1;1;21;29;38;50;0;0;1;0;123;16;5;0;2;5;14
245;434;128;2026-04-25;L;0;1;0;0;134;30,7;0;3;4;9;11;0;0;0;0;2;0;2;1;1;2;0
246;435;436;2026-04-25;L;0;1;0;0;900;34,7;0;26;45;34;53;0;0;1;1;99;11;10;5;22;3;1
246;436;435;2026-04-25;W;1;0;0;0;900;32,4;0;42;83;108;161;2;6;0;2;614;41;1;0;21;0;21
247;276;437;2026-04-25;W;1;0;0;0;900;35,1;0;34;72;91;136;5;5;1;0;314;21;4;9;24;3;7
247;437;276;2026-04-25;L;0;1;0;0;900;33,0;0;23;63;50;93;2;3;0;1;188;10;7;6;16;7;0
248;438;439;2026-04-25;W;1;0;0;0;900;27,1;0;33;69;60;99;2;3;0;0;396;26;3;4;28;4;1
248;439;438;2026-04-25;L;0;1;0;0;900;25,9;0;9;36;20;48;0;6;1;0;47;4;2;3;9;0;0
249;440;441;2026-04-25;L;0;1;0;0;900;40,4;0;40;89;43;94;4;9;0;0;63;36;1;3;37;3;0
249;441;440;2026-04-25;W;1;0;0;0;900;32,2;0;53;117;53;117;1;2;0;0;36;33;15;5;50;3;0
250;102;442;2026-04-25;L;0;1;0;0;900;28,1;0;78;111;87;125;0;0;0;0;4;48;12;18;72;6;0
250;442;102;2026-04-25;W;1;0;0;0;900;35,5;0;60;195;80;216;3;5;0;0;147;34;19;7;54;1;5
251;443;444;2026-04-18;L;0;1;0;0;728;39,7;0;40;92;42;94;0;7;0;0;1;16;10;14;39;1;0
251;444;443;2026-04-18;W;1;0;0;0;728;34,4;2;56;121;56;121;0;0;0;0;14;51;3;2;44;1;11
252;12;445;2026-04-18;W;1;0;0;0;900;30,4;0;58;104;88;142;1;4;0;1;21;28;26;4;41;17;0
252;445;12;2026-04-18;L;0;1;0;0;900;30,9;0;36;77;48;92;7;13;0;0;433;28;6;2;34;0;2
253;446;447;2026-04-18;L;0;1;0;0;125;36,7;1;16;31;16;31;0;0;0;0;10;13;1;2;15;1;0
253;447;446;2026-04-18;W;1;0;0;0;125;37,9;2;19;28;30;43;0;0;0;0;27;18;0;1;7;0;12
254;448;449;2026-04-18;W;1;0;0;0;900;37,1;0;18;76;72;138;3;5;0;0;489;11;5;2;17;1;0
254;449;448;2026-04-18;L;0;1;0;0;900;32,4;0;15;43;88;127;0;0;2;0;0;5;1;9;14;1;0
255;125;450;2026-04-18;W;1;0;0;0;900;25,8;1;122;226;131;237;0;0;0;1;67;62;27;33;114;2;6
255;450;125;2026-04-18;L;0;1;0;0;900;31,1;0;45;101;46;103;2;15;0;0;153;34;1;10;42;2;1
256;123;197;2026-04-18;W;1;0;0;0;80;27,9;1;4;8;4;8;0;0;0;0;0;4;0;0;4;0;0
256;197;123;2026-04-18;L;0;1;0;0;80;28,5;0;5;13;5;13;0;0;0;0;0;0;2;3;5;0;0
257;186;451;2026-04-18;W;1;0;0;0;142;31,0;0;7;13;14;20;1;1;1;0;102;1;2;4;7;0;0
257;451;186;2026-04-18;L;0;1;0;0;142;34,2;0;4;6;4;6;0;0;0;0;0;1;2;1;4;0;0
258;452;453;2026-04-18;L;0;1;0;0;583;34,7;0;60;97;77;117;0;1;0;0;90;30;9;21;47;13;0
258;453;452;2026-04-18;W;1;0;0;0;583;35,1;1;57;121;79;145;0;4;0;0;80;40;8;9;39;10;8
259;454;455;2026-04-18;W;1;0;0;0;900;35,0;0;69;153;92;185;4;8;1;0;312;51;12;6;43;17;9
259;455;454;2026-04-18;L;0;1;0;0;900;30,2;0;41;118;81;163;0;0;0;0;0;30;7;4;35;6;0
260;49;456;2026-04-18;W;1;0;0;0;900;33,5;0;50;149;52;154;0;2;0;0;44;35;5;10;50;0;0
260;456;49;2026-04-18;L;0;1;0;0;900;36,1;0;70;230;73;233;0;0;0;0;0;28;25;17;70;0;0
261;196;457;2026-04-18;D;0;0;1;0;900;26,0;0;91;217;96;222;1;6;0;0;31;53;26;12;84;7;0
261;457;196;2026-04-18;D;0;0;1;0;900;34,3;0;135;253;160;279;0;0;0;0;75;79;19;37;124;10;1
262;341;458;2026-04-18;W;1;0;0;0;163;31,8;1;21;34;21;34;0;0;0;0;9;12;8;1;16;0;5
262;458;341;2026-04-18;L;0;1;0;0;163;31,8;0;6;24;6;24;0;2;0;0;0;4;2;0;6;0;0
263;459;460;2026-04-11;L;0;1;0;0;225;33,5;0;14;20;14;20;0;0;0;0;0;6;1;7;14;0;0
263;460;459;2026-04-11;W;1;0;0;0;225;35,4;1;27;42;27;42;0;0;0;0;4;21;1;5;16;0;11
264;461;462;2026-04-11;L;0;1;0;0;683;37,0;0;34;70;34;70;1;2;1;0;20;26;8;0;30;4;0
264;462;461;2026-04-11;W;1;0;0;0;683;35,0;1;55;80;61;86;0;1;0;1;80;27;16;12;44;6;5
265;34;325;2026-04-11;L;0;1;0;0;900;35,1;0;174;302;214;345;2;7;0;0;125;151;17;6;112;60;2
265;325;34;2026-04-11;W;1;0;0;0;900;28,4;0;177;293;181;298;0;1;0;0;31;164;13;0;146;31;0
266;463;464;2026-04-11;W;1;0;0;0;900;36,3;0;34;73;34;73;0;0;0;0;0;10;7;17;34;0;0
266;464;463;2026-04-11;L;0;1;0;0;900;34,0;0;42;80;42;80;0;1;0;0;10;7;6;29;41;1;0
267;465;466;2026-04-11;W;1;0;0;0;246;42,4;2;37;49;40;52;0;0;0;0;6;23;7;7;35;0;2
267;466;465;2026-04-11;L;0;1;0;0;246;37,8;0;15;30;15;30;0;0;0;0;0;9;1;5;15;0;0
268;5;467;2026-04-11;L;0;1;0;0;900;38,8;0;49;88;49;88;0;0;0;0;0;28;14;7;37;12;0
268;467;5;2026-04-11;W;1;0;0;0;900;29,5;0;100;181;104;185;6;13;0;0;205;79;11;10;90;6;4
269;468;469;2026-04-11;W;1;0;0;0;900;33,4;0;56;91;137;176;0;3;2;0;245;24;10;22;39;11;6
269;469;468;2026-04-11;L;0;1;0;0;900;35,8;0;46;95;67;121;0;4;0;0;163;25;14;7;31;12;3
270;140;155;2026-04-11;L;0;1;0;0;559;30,0;0;4;21;16;34;0;0;0;0;0;2;0;2;4;0;0
270;155;140;2026-04-11;W;1;0;0;0;559;35,3;0;18;34;38;56;4;6;1;0;410;15;3;0;4;0;14
271;470;471;2026-04-11;W;1;0;0;0;449;35,3;0;12;26;56;77;3;3;1;0;312;4;8;0;1;5;6
271;471;470;2026-04-11;L;0;1;0;0;449;32,6;0;18;25;25;33;2;2;0;0;23;16;1;1;2;6;10
272;111;121;2026-04-11;D;0;0;1;0;900;29,4;0;112;180;117;186;1;6;0;0;16;81;12;19;91;21;0
272;121;111;2026-04-11;D;0;0;1;0;900;30,6;0;147;271;164;291;1;4;0;0;129;71;30;46;124;22;1
273;147;472;2026-04-11;W;1;0;0;0;248;34,4;1;12;28;16;34;0;0;1;0;64;6;1;5;8;0;4
273;472;147;2026-04-11;L;0;1;0;0;248;34,5;0;9;20;12;23;1;1;0;0;76;4;4;1;8;1;0
274;473;474;2026-04-11;W;1;0;0;0;900;35,8;0;24;47;121;164;4;5;0;0;547;24;0;0;14;1;9
274;474;473;2026-04-11;L;0;1;0;0;900;23,8;0;29;66;41;79;0;0;2;2;110;16;9;4;17;1;11
275;475;476;2026-04-04;W;1;0;0;0;494;36,9;0;21;36;62;84;1;4;1;0;196;16;4;1;20;1;0
275;476;475;2026-04-04;L;0;1;0;0;494;32,9;0;27;62;30;66;0;2;0;0;1;8;5;14;25;2;0
276;236;477;2026-04-04;L;0;1;0;0;900;31,1;0;37;82;89;144;1;2;0;1;63;27;5;5;33;4;0
276;477;236;2026-04-04;W;1;0;0;0;900;37,8;0;26;64;122;174;6;12;0;0;480;19;7;0;24;1;1
277;225;289;2026-04-04;L;0;1;0;0;172;29,6;0;8;17;8;17;0;0;0;0;0;5;1;2;8;0;0
277;289;225;2026-04-04;W;1;0;0;0;172;25,2;0;7;15;23;38;2;3;1;0;116;6;1;0;3;0;4
278;478;479;2026-04-04;W;1;0;0;0;704;30,1;1;114;197;116;200;0;0;0;0;22;88;20;6;107;5;2
278;479;478;2026-04-04;L;0;1;0;0;704;29,6;0;44;185;45;186;0;8;0;0;0;35;3;6;44;0;0
279;29;480;2026-04-04;W;1;0;0;0;237;28,3;1;74;134;76;138;0;0;0;0;6;51;23;0;62;9;3
279;480;29;2026-04-04;L;0;1;0;0;237;29,4;0;20;61;21;64;0;0;0;0;15;14;6;0;19;1;0
280;481;482;2026-04-04;W;1;0;0;0;900;29,6;0;107;172;127;193;0;5;0;0;38;71;34;2;84;23;0
280;482;481;2026-04-04;L;0;1;0;0;900;27,9;0;67;198;69;200;0;3;0;0;68;40;20;7;60;7;0
281;166;218;2026-04-04;L;0;1;0;0;900;32,0;0;17;31;25;42;0;0;0;0;0;9;3;5;16;1;0
281;218;166;2026-04-04;W;1;0;0;0;900;31,0;1;28;41;164;199;0;5;0;0;516;22;2;4;10;4;14
282;246;275;2026-04-04;L;0;1;0;0;596;31,4;0;47;99;47;99;0;5;0;0;6;26;12;9;47;0;0
282;275;246;2026-04-04;W;1;0;0;0;596;30,2;1;43;89;47;97;2;3;0;0;78;26;11;6;41;1;1
283;483;484;2026-04-04;L;0;1;0;0;352;34,1;0;27;36;31;42;2;7;0;0;136;19;5;3;20;3;4
283;484;483;2026-04-04;W;1;0;0;0;352;31,6;0;20;36;44;69;2;2;1;0;23;10;4;6;15;1;4
284;202;485;2026-04-04;L;0;1;0;0;564;34,1;0;31;64;56;97;2;3;0;0;256;17;10;4;23;7;1
284;485;202;2026-04-04;W;1;0;0;0;564;20,3;1;32;71;86;128;0;0;0;0;3;21;10;1;27;3;2
285;148;486;2026-04-04;W;1;0;0;0;807;31,8;0;78;113;98;136;2;3;1;0;249;51;8;19;62;9;7
285;486;148;2026-04-04;L;0;1;0;0;807;30,3;1;70;115;128;175;2;5;0;0;117;33;30;7;49;11;10
286;250;487;2026-04-04;W;1;0;0;0;900;33,9;0;30;67;108;154;3;6;1;1;366;19;9;2;16;5;9
286;487;250;2026-04-04;L;0;1;0;0;900;29,9;0;33;67;64;109;3;12;0;1;288;14;9;10;30;2;1
287;267;488;2026-04-04;W;1;0;0;0;900;31,2;0;105;159;144;199;0;1;0;0;23;44;47;14;83;22;0
287;488;267;2026-04-04;L;0;1;0;0;900;29,2;1;106;258;155;312;1;3;0;0;78;62;43;1;61;44;1
288;489;490;2026-03-28;L;0;1;0;0;558;36,7;0;42;75;58;92;0;2;0;0;0;22;8;12;42;0;0
288;490;489;2026-03-28;W;1;0;0;0;558;29,5;0;36;70;52;90;2;8;0;0;164;33;2;1;18;2;16
289;32;491;2026-03-28;W;1;0;0;0;162;32,6;1;12;38;12;38;0;0;1;0;2;8;0;4;11;0;1
289;491;32;2026-03-28;L;0;1;0;0;162;27,9;0;5;25;5;25;0;0;0;0;0;4;0;1;5;0;0
290;492;493;2026-03-28;W;1;0;0;0;63;38,3;0;0;1;0;1;1;2;1;0;23;0;0;0;0;0;0
290;493;492;2026-03-28;L;0;1;0;0;63;36,5;0;1;3;1;3;1;1;0;0;8;0;1;0;0;1;0
291;118;494;2026-03-28;W;1;0;0;0;213;30,9;2;29;48;30;49;0;0;0;0;5;18;3;8;25;2;2
291;494;118;2026-03-28;L;0;1;0;0;213;36,7;0;17;46;18;47;0;0;0;0;3;13;2;2;16;1;0
292;41;137;2026-03-28;W;1;0;0;0;819;33,8;2;94;156;107;170;0;0;0;0;59;54;22;18;75;17;2
292;137;41;2026-03-28;L;0;1;0;0;819;28,5;0;16;60;16;61;3;8;0;0;127;10;3;3;14;2;0
293;260;495;2026-03-28;W;1;0;0;0;24;31,5;0;13;27;15;29;0;0;0;0;13;12;1;0;5;0;8
293;495;260;2026-03-28;L;0;1;0;0;24;34,9;0;1;3;1;3;0;0;0;0;0;0;0;1;1;0;0
294;39;192;2026-03-28;L;0;1;0;0;900;28,6;1;32;62;46;83;0;1;2;1;77;16;10;6;22;4;6
294;192;39;2026-03-28;W;1;0;0;0;900;36,3;0;34;72;93;167;3;5;0;1;471;27;5;2;12;2;20
295;234;496;2026-03-28;L;0;1;0;0;176;26,5;0;11;32;13;34;0;2;0;0;6;3;5;3;11;0;0
295;496;234;2026-03-28;W;1;0;0;0;176;31,1;1;13;22;19;28;0;0;0;0;7;6;2;5;7;6;0
296;184;214;2026-03-28;L;0;1;0;0;900;40,4;0;47;110;85;153;0;1;0;0;41;22;20;5;36;11;0
296;214;184;2026-03-28;W;1;0;0;0;900;35,7;0;30;59;49;81;3;5;0;0;307;24;6;0;18;6;6
297;21;497;2026-03-28;W;1;0;0;0;191;28,5;1;25;66;25;66;0;0;0;0;0;16;3;6;25;0;0
297;497;21;2026-03-28;L;0;1;0;0;191;32,6;0;8;33;8;33;0;0;0;0;0;3;3;2;8;0;0
298;168;182;2026-03-28;L;0;1;0;0;545;32,9;0;28;63;36;71;0;8;0;0;60;15;6;7;23;5;0
298;182;168;2026-03-28;W;1;0;0;0;545;28,4;1;63;119;90;157;0;0;0;0;91;30;21;12;43;2;18
299;265;498;2026-03-28;D;0;0;1;0;900;32,3;1;71;169;73;171;0;0;0;0;6;63;6;2;67;0;4
299;498;265;2026-03-28;D;0;0;1;0;900;33,6;0;44;139;52;149;2;5;0;0;126;33;7;4;38;2;4
300;162;499;2026-03-28;W;1;0;0;0;900;30,4;0;73;150;137;227;6;11;2;0;574;32;25;16;53;12;8
300;499;162;2026-03-28;L;0;1;0;0;900;32,6;0;37;56;72;94;0;1;0;0;0;13;15;9;31;6;0
301;500;501;2026-03-21;W;1;0;0;0;1500;32,1;0;86;189;124;234;9;10;0;0;234;47;33;6;80;1;5
301;501;500;2026-03-21;L;0;1;0;0;1500;34,7;0;89;239;89;239;0;0;0;0;0;45;24;20;89;0;0
302;15;266;2026-03-21;L;0;1;0;0;900;25,5;0;61;180;107;233;1;1;0;0;169;48;13;0;58;3;0
302;266;15;2026-03-21;W;1;0;0;0;900;26,7;0;100;177;113;192;0;0;0;0;0;65;31;4;90;10;0
303;55;222;2026-03-21;W;1;0;0;0;900;39,0;0;27;55;33;61;0;0;0;0;26;17;4;6;27;0;0
303;222;55;2026-03-21;L;0;1;0;0;900;29,9;0;12;64;25;78;0;2;0;0;167;4;4;4;10;2;0
304;10;502;2026-03-21;W;1;0;0;0;28;27,3;1;10;13;10;13;0;0;0;0;4;9;0;1;2;0;8
304;502;10;2026-03-21;L;0;1;0;0;28;38,4;0;0;4;0;4;0;0;0;0;0;0;0;0;0;0;0
305;110;233;2026-03-21;L;0;1;0;0;900;37,7;0;10;34;40;94;3;4;0;0;427;8;0;2;9;1;0
305;233;110;2026-03-21;W;1;0;0;0;900;30,7;0;54;99;78;125;0;2;0;0;68;18;6;30;51;1;2
306;59;503;2026-03-21;L;0;1;0;0;331;23,6;0;17;41;17;43;2;5;0;0;116;12;2;3;15;2;0
306;503;59;2026-03-21;W;1;0;0;0;331;29,1;2;16;32;20;36;1;1;0;1;65;11;4;1;11;4;1
307;54;112;2026-03-21;L;0;1;0;0;900;28,5;0;65;135;68;141;3;7;0;0;139;49;16;0;61;4;0
307;112;54;2026-03-21;W;1;0;0;0;900;30,9;0;110;236;123;251;0;0;0;0;5;76;29;5;83;26;1
308;61;69;2026-03-21;L;0;1;0;0;900;28,2;0;52;119;52;119;0;0;0;0;0;36;13;3;52;0;0
308;69;61;2026-03-21;W;1;0;0;0;900;32,9;0;67;178;67;178;0;1;0;0;0;32;2;33;67;0;0
309;65;242;2026-03-21;W;1;0;0;0;900;28,0;0;34;58;137;166;2;14;0;0;375;25;6;3;20;13;1
309;242;65;2026-03-21;L;0;1;0;0;900;25,2;0;21;60;60;100;0;1;0;0;0;13;7;1;13;8;0
310;504;505;2026-03-21;W;1;0;0;0;900;26,7;1;75;107;135;177;2;4;1;0;366;61;14;0;42;17;16
310;505;504;2026-03-21;L;0;1;0;0;900;35,3;0;17;39;29;54;1;12;0;0;303;10;3;4;15;2;0
311;169;410;2026-03-21;L;0;1;0;0;108;32,1;0;9;18;9;18;1;3;0;0;40;5;2;2;7;2;0
311;410;169;2026-03-21;W;1;0;0;0;108;31,6;0;19;26;34;46;0;0;0;0;19;13;6;0;5;9;5
312;506;507;2026-03-21;L;0;1;0;0;900;32,4;0;47;128;52;134;1;6;0;0;55;26;16;5;43;3;1
312;507;506;2026-03-21;W;1;0;0;0;900;30,9;0;81;146;105;173;0;4;0;0;19;48;13;20;71;8;2
313;129;176;2026-03-21;W;1;0;0;0;377;24,9;0;49;78;50;79;1;1;0;0;34;22;13;14;35;8;6
313;176;129;2026-03-21;L;0;1;0;0;377;29,1;0;26;80;32;86;0;1;0;0;12;16;9;1;24;2;0
314;508;509;2026-03-14;L;0;1;0;0;213;41,0;0;3;12;3;12;0;1;0;0;0;2;1;0;3;0;0
314;509;508;2026-03-14;W;1;0;0;0;213;24,3;2;36;55;43;68;0;0;0;0;38;30;4;2;12;10;14
315;134;161;2026-03-14;W;1;0;0;0;900;30,8;0;12;26;64;81;3;7;0;2;557;5;2;5;10;1;1
315;161;134;2026-03-14;L;0;1;0;0;900;38,8;0;42;73;51;84;1;1;1;1;124;31;8;3;27;2;13
316;26;307;2026-03-14;W;1;0;0;0;900;27,9;0;94;169;103;179;1;3;0;0;36;37;34;23;83;9;2
316;307;26;2026-03-14;L;0;1;0;0;900;35,7;0;62;141;70;154;4;6;0;1;59;46;11;5;61;0;1
317;30;510;2026-03-14;W;1;0;0;0;600;23,8;0;90;164;93;171;0;0;0;0;95;60;18;12;88;2;0
317;510;30;2026-03-14;L;0;1;0;0;600;31,5;0;65;149;76;164;0;1;0;0;44;39;11;15;65;0;0
318;67;301;2026-03-14;L;0;1;0;0;264;30,3;0;5;11;5;11;0;1;0;0;18;1;0;4;5;0;0
318;301;67;2026-03-14;W;1;0;0;0;264;32,2;0;14;20;40;49;1;2;1;0;147;4;4;6;10;1;3
319;143;342;2026-03-14;W;1;0;0;0;900;35,2;0;85;162;110;189;0;6;0;0;6;43;30;12;61;24;0
319;342;143;2026-03-14;L;0;1;0;0;900;36,0;0;73;136;101;171;0;8;0;0;223;52;14;7;71;2;0
320;154;511;2026-03-14;W;1;0;0;0;900;28,1;0;20;28;83;102;19;24;0;0;753;13;3;4;5;1;14
320;511;154;2026-03-14;L;0;1;0;0;900;38,7;0;12;31;57;81;0;0;0;0;6;6;6;0;9;2;1
321;108;165;2026-03-14;W;1;0;0;0;900;28,5;0;92;161;92;162;0;4;0;0;77;59;18;15;92;0;0
321;165;108;2026-03-14;L;0;1;0;0;900;27,7;1;61;158;73;172;0;0;0;0;12;48;4;9;58;1;2
322;512;513;2026-03-14;W;1;0;0;0;364;23,5;1;16;27;18;29;0;0;1;1;95;14;1;1;5;3;8
322;513;512;2026-03-14;L;0;1;0;0;364;30,3;0;3;3;21;27;4;8;0;0;162;3;0;0;3;0;0
323;171;514;2026-03-14;W;1;0;0;0;852;28,8;2;71;179;86;196;0;3;1;0;69;48;16;7;62;8;1
323;514;171;2026-03-14;L;0;1;0;0;852;30,3;0;84;170;108;196;1;2;0;0;203;42;28;14;62;17;5
324;515;516;2026-03-14;L;0;1;0;0;900;38,2;1;48;86;55;95;0;1;0;0;29;29;17;2;31;14;3
324;516;515;2026-03-14;W;1;0;0;0;900;38,9;0;35;84;68;133;3;9;0;1;560;26;9;0;15;19;1
325;308;517;2026-03-14;W;1;0;0;0;127;34,9;0;18;27;31;40;1;1;1;0;106;16;1;1;6;0;12
325;517;308;2026-03-14;L;0;1;0;0;127;37,0;0;0;8;0;8;0;0;0;0;0;0;0;0;0;0;0
326;518;519;2026-03-14;L;0;1;0;0;900;33,2;0;62;168;72;182;4;11;0;0;186;35;22;5;53;9;0
326;519;518;2026-03-14;W;1;0;0;0;900;30,6;0;104;221;137;263;0;0;0;0;34;67;25;12;88;16;0
327;520;521;2026-03-14;W;1;0;0;0;900;33,3;0;107;231;111;237;1;6;0;0;155;52;45;10;72;34;1
327;521;520;2026-03-14;L;0;1;0;0;900;33,7;0;77;144;91;160;0;7;0;0;22;47;13;17;65;12;0
328;252;522;2026-03-07;L;0;1;0;0;1500;34,3;0;26;45;73;92;0;0;0;0;96;18;6;2;25;1;0
328;522;252;2026-03-07;W;1;0;0;0;1500;36,4;0;50;66;110;137;5;13;4;0;1249;37;7;6;24;2;24
329;109;523;2026-03-07;L;0;1;0;0;900;35,5;0;55;141;111;199;2;8;0;0;166;37;10;8;53;2;0
329;523;109;2026-03-07;W;1;0;0;0;900;33,1;0;57;98;71;112;1;1;0;0;172;32;9;16;55;0;2
330;524;525;2026-03-07;L;0;1;0;0;900;38,7;0;10;31;29;50;0;1;0;1;13;6;2;2;10;0;0
330;525;524;2026-03-07;W;1;0;0;0;900;21,4;0;8;33;47;75;16;18;0;1;605;5;0;3;8;0;0
331;526;527;2026-03-07;W;1;0;0;0;413;37,4;1;22;55;22;55;0;0;0;0;0;9;7;6;21;0;1
331;527;526;2026-03-07;L;0;1;0;0;413;39,8;0;27;76;27;76;0;0;0;0;0;18;0;9;27;0;0
332;20;106;2026-03-07;L;0;1;0;0;107;33,3;0;2;5;2;5;0;0;0;0;0;1;0;1;2;0;0
332;106;20;2026-03-07;W;1;0;0;0;107;34,1;1;2;6;2;6;0;0;0;0;0;1;1;0;2;0;0
333;97;264;2026-03-07;L;0;1;0;0;900;27,9;0;59;108;70;119;1;2;0;0;47;11;19;29;51;3;5
333;264;97;2026-03-07;W;1;0;0;0;900;34,7;0;28;54;28;54;0;8;0;0;53;13;11;4;17;11;0
334;145;380;2026-03-07;W;1;0;0;0;900;27,1;0;45;106;84;146;0;0;0;1;212;35;4;6;35;0;10
334;380;145;2026-03-07;L;0;1;0;0;900;31,8;0;31;83;34;88;2;7;0;0;262;19;2;10;31;0;0
335;238;528;2026-03-07;W;1;0;0;0;340;31,8;0;32;58;39;65;0;0;1;0;21;19;10;3;26;6;0
335;528;238;2026-03-07;L;0;1;0;0;340;32,8;0;22;60;36;74;0;3;0;0;114;14;3;5;20;2;0
336;276;529;2026-03-07;L;0;1;0;0;900;34,9;0;8;21;54;69;3;8;0;3;290;5;0;3;7;1;0
336;529;276;2026-03-07;W;1;0;0;0;900;28,0;0;25;42;43;60;4;4;1;2;412;20;1;4;7;1;17
337;86;530;2026-03-07;W;1;0;0;0;900;30,1;0;62;148;69;156;4;5;0;0;156;44;11;7;55;3;4
337;530;86;2026-03-07;L;0;1;0;0;900;30,0;0;31;106;42;120;1;5;0;0;125;12;8;11;30;1;0
338;149;167;2026-03-07;L;0;1;0;0;900;23,0;0;39;101;52;114;2;8;1;0;151;29;7;3;26;4;9
338;167;149;2026-03-07;W;1;0;0;0;900;28,9;0;94;143;100;150;0;1;0;1;88;33;37;24;81;5;8
339;531;532;2026-03-07;L;0;1;0;0;162;30,7;0;16;33;26;43;0;0;0;0;22;12;3;1;9;7;0
339;532;531;2026-03-07;W;1;0;0;0;162;30,1;1;30;46;32;48;0;0;0;0;11;24;4;2;9;1;20
340;27;258;2026-02-28;L;0;1;0;0;1500;32,2;0;79;168;134;229;0;8;0;0;440;51;15;13;69;10;0
340;258;27;2026-02-28;W;1;0;0;0;1500;26,7;0;97;205;136;245;0;1;0;0;0;60;18;19;92;5;0
341;11;35;2026-02-28;L;0;1;0;0;900;33,2;0;42;145;52;156;0;0;0;0;4;26;11;5;41;1;0
341;35;11;2026-02-28;W;1;0;0;0;900;27,6;0;71;155;86;173;2;4;0;0;103;48;16;7;67;1;3
342;259;533;2026-02-28;W;1;0;0;0;595;39,5;1;86;134;100;148;3;3;0;0;125;39;21;26;71;5;10
342;533;259;2026-02-28;L;0;1;0;0;595;26,6;0;17;78;17;78;0;0;1;0;0;7;4;6;17;0;0
343;38;534;2026-02-28;W;1;0;0;0;900;30,1;0;66;136;69;139;0;0;0;0;0;41;18;7;63;1;2
343;534;38;2026-02-28;L;0;1;0;0;900;36,3;0;54;132;113;202;1;3;0;0;230;44;5;5;52;2;0
344;94;535;2026-02-28;L;0;1;0;0;561;28,2;2;22;52;24;54;0;0;0;0;0;17;3;2;20;2;0
344;535;94;2026-02-28;W;1;0;0;0;561;26,3;1;46;84;55;93;1;3;0;0;213;35;7;4;30;2;14
345;337;536;2026-02-28;W;1;0;0;0;900;21,6;0;131;227;155;257;5;5;1;0;203;97;30;4;102;24;5
345;536;337;2026-02-28;L;0;1;0;0;900;34,1;0;56;216;77;238;1;1;0;0;43;41;13;2;52;4;0
346;17;537;2026-02-28;W;1;0;0;0;41;30,8;1;14;29;14;29;0;0;0;0;0;14;0;0;13;0;1
346;537;17;2026-02-28;L;0;1;0;0;41;34,8;0;0;3;0;3;0;0;0;0;0;0;0;0;0;0;0
347;538;539;2026-02-28;W;1;0;0;0;900;31,4;0;27;38;68;83;6;10;0;0;456;14;9;4;8;10;9
347;539;538;2026-02-28;L;0;1;0;0;900;34,6;0;8;23;41;74;0;2;0;2;231;4;4;0;1;3;4
348;540;541;2026-02-28;W;1;0;0;0;900;29,8;0;38;61;54;80;7;10;2;0;426;34;4;0;35;0;3
348;541;540;2026-02-28;L;0;1;0;0;900;33,6;0;28;71;32;75;0;2;0;0;31;13;7;8;28;0;0
349;293;542;2026-02-28;W;1;0;0;0;299;32,4;1;46;75;87;125;1;2;0;0;117;42;4;0;9;0;37
349;542;293;2026-02-28;L;0;1;0;0;299;40,7;0;17;27;19;29;0;0;0;0;4;8;2;7;17;0;0
350;50;543;2026-02-28;W;1;0;0;0;900;21,4;0;114;239;125;250;1;3;0;0;62;76;34;4;91;23;0
350;543;50;2026-02-28;L;0;1;0;0;900;27,7;0;105;249;127;279;1;2;0;0;77;79;20;6;88;17;0
351;438;544;2026-02-28;W;1;0;0;0;149;27,0;0;3;5;10;13;1;2;1;0;102;0;0;3;3;0;0
351;544;438;2026-02-28;L;0;1;0;0;149;39,0;0;5;9;5;9;0;0;0;0;0;2;1;2;5;0;0
352;127;270;2026-02-28;L;0;1;0;0;150;29,6;0;3;13;5;16;0;6;0;0;28;0;2;1;3;0;0
352;270;127;2026-02-28;W;1;0;0;0;150;24,0;2;15;23;22;30;0;0;0;0;49;9;2;4;8;1;6
353;105;388;2026-02-21;L;0;1;0;0;743;32,3;0;55;122;57;124;0;1;0;0;32;29;13;13;55;0;0
353;388;105;2026-02-21;W;1;0;0;0;743;35,0;1;110;241;111;242;0;0;0;0;18;93;9;8;101;2;7
354;179;545;2026-02-21;W;1;0;0;0;79;32,8;1;10;19;10;19;0;0;0;0;0;4;6;0;10;0;0
354;545;179;2026-02-21;L;0;1;0;0;79;35,5;0;3;10;3;10;0;0;0;0;0;1;1;1;3;0;0
355;36;366;2026-02-21;L;0;1;0;0;296;34,5;0;7;11;12;16;1;3;0;0;91;2;2;3;7;0;0
355;366;36;2026-02-21;W;1;0;0;0;296;29,4;1;19;40;26;48;1;1;0;0;32;9;7;3;13;4;2
356;107;546;2026-02-21;W;1;0;0;0;900;31,1;0;67;149;102;185;1;4;0;0;180;65;1;1;67;0;0
356;546;107;2026-02-21;L;0;1;0;0;900;35,5;0;61;172;61;173;0;0;0;0;12;56;5;0;58;3;0
357;547;548;2026-02-21;W;1;0;0;0;181;30,1;0;33;47;37;51;2;2;0;0;21;18;9;6;23;0;10
357;548;547;2026-02-21;L;0;1;0;0;181;27,3;0;7;14;7;14;0;2;0;0;1;1;3;3;7;0;0
358;274;280;2026-02-21;L;0;1;0;0;900;31,9;0;74;148;81;160;1;3;1;0;47;24;30;20;72;2;0
358;280;274;2026-02-21;W;1;0;0;0;900;32,4;0;63;132;70;139;2;2;0;0;48;29;31;3;53;9;1
359;141;549;2026-02-21;L;0;1;0;0;900;37,1;0;120;205;124;210;0;2;0;0;6;45;39;36;105;14;1
359;549;141;2026-02-21;W;1;0;0;0;900;31,8;0;115;276;126;287;0;5;0;0;140;71;29;15;112;3;0
360;550;551;2026-02-21;NC;0;0;0;1;900;34,1;0;32;90;48;107;0;1;0;1;58;21;11;0;27;5;0
360;551;550;2026-02-21;NC;0;0;0;1;900;31,3;0;30;75;62;117;5;15;0;0;370;22;1;7;22;2;6
361;245;359;2026-02-21;W;1;0;0;0;900;27,8;0;79;175;96;193;1;4;0;1;102;52;15;12;70;6;3
361;359;245;2026-02-21;L;0;1;0;0;900;32,3;0;50;150;59;169;1;3;0;0;81;32;8;10;45;5;0
362;73;426;2026-02-21;L;0;1;0;0;464;36,2;0;20;35;37;58;0;0;0;0;23;9;6;5;8;12;0
362;426;73;2026-02-21;W;1;0;0;0;464;30,4;0;19;30;44;63;2;4;1;0;273;17;2;0;4;2;13
363;58;152;2026-02-21;W;1;0;0;0;900;33,2;0;40;92;66;123;3;4;0;0;300;29;11;0;25;14;1
363;152;58;2026-02-21;L;0;1;0;0;900;33,3;0;38;67;43;73;3;11;0;0;228;16;21;1;35;3;0
364;240;552;2026-02-21;W;1;0;0;0;900;27,1;0;66;111;84;136;3;9;2;0;317;40;10;16;47;6;13
364;552;240;2026-02-21;L;0;1;0;0;900;35,6;0;54;111;59;117;0;0;0;0;15;42;3;9;50;4;0
365;160;345;2026-02-21;L;0;1;0;0;900;29,6;0;13;42;76;112;0;0;0;0;137;4;8;1;7;1;5
365;345;160;2026-02-21;W;1;0;0;0;900;30,7;0;17;45;45;86;4;8;0;0;477;7;3;7;12;0;5
366;113;175;2026-02-21;W;1;0;0;0;900;27,0;0;79;185;104;214;0;0;0;0;67;53;20;6;75;3;1
366;175;113;2026-02-21;L;0;1;0;0;900;29,8;0;36;122;46;138;2;13;1;0;218;24;11;1;29;7;0
367;256;306;2026-02-07;W;1;0;0;0;586;32,6;0;15;27;49;63;5;7;1;0;347;10;5;0;6;0;9
367;306;256;2026-02-07;L;0;1;0;0;586;30,2;0;12;21;18;27;0;1;0;0;99;3;3;6;9;3;0
368;300;553;2026-02-07;W;1;0;0;0;900;35,3;0;73;136;99;163;0;2;0;0;62;65;3;5;71;2;0
368;553;300;2026-02-07;L;0;1;0;0;900;32,3;0;16;67;20;75;0;7;0;0;230;12;4;0;12;4;0
369;213;554;2026-02-07;W;1;0;0;0;900;33,9;0;43;93;102;153;0;0;0;0;395;31;11;1;22;21;0
369;554;213;2026-02-07;L;0;1;0;0;900;34,6;0;31;67;50;92;0;8;0;0;84;17;12;2;23;8;0
370;286;555;2026-02-07;W;1;0;0;0;900;31,0;0;140;221;143;225;1;3;0;0;30;91;39;10;138;1;1
370;555;286;2026-02-07;L;0;1;0;0;900;36,0;0;77;201;79;204;0;0;0;0;2;57;16;4;59;18;0
371;272;296;2026-02-07;W;1;0;0;0;900;28,5;0;80;152;95;172;2;7;0;1;143;63;14;3;66;14;0
371;296;272;2026-02-07;L;0;1;0;0;900;26,4;0;76;220;111;263;7;11;0;0;280;40;20;16;62;14;0
372;219;290;2026-02-07;W;1;0;0;0;402;37,8;1;42;71;47;79;0;0;0;0;59;35;3;4;22;9;11
372;290;219;2026-02-07;L;0;1;0;0;402;26,6;0;7;21;12;26;3;7;0;0;167;3;1;3;4;2;1
373;57;556;2026-02-07;W;1;0;0;0;900;24,5;1;100;162;134;214;0;0;0;0;140;45;21;34;82;7;11
373;556;57;2026-02-07;L;0;1;0;0;900;35,5;0;40;146;48;154;0;0;0;0;0;37;2;1;36;4;0
374;373;493;2026-02-07;W;1;0;0;0;102;36,1;0;19;30;20;31;0;0;0;0;17;12;6;1;10;9;0
374;493;373;2026-02-07;L;0;1;0;0;102;36,4;0;9;23;12;27;0;0;0;0;0;7;1;1;9;0;0
375;347;499;2026-02-07;W;1;0;0;0;900;31,5;0;33;69;64;109;1;8;0;0;483;18;12;3;24;9;0
375;499;347;2026-02-07;L;0;1;0;0;900;32,4;0;31;60;65;101;1;4;0;0;41;10;17;4;25;6;0
376;174;557;2026-02-07;L;0;1;0;0;900;31,6;0;24;108;41;132;0;0;2;1;25;13;4;7;23;1;0
376;557;174;2026-02-07;W;1;0;0;0;900;30,4;1;59;97;85;132;3;8;0;0;338;33;13;13;44;1;14
377;22;269;2026-02-07;L;0;1;0;0;900;31,9;0;12;34;40;70;3;12;1;0;486;12;0;0;11;1;0
377;269;22;2026-02-07;W;1;0;0;0;900;33,7;1;39;71;147;195;0;0;1;0;191;16;15;8;23;10;6
378;558;559;2026-02-07;L;0;1;0;0;899;29,7;0;79;158;92;174;2;5;0;0;104;43;34;2;68;11;0
378;559;558;2026-02-07;W;1;0;0;0;899;29,4;0;56;148;97;193;0;0;2;2;273;23;32;1;44;7;5
379;74;343;2026-02-07;W;1;0;0;0;900;27,1;0;151;335;159;349;0;3;0;0;0;121;24;6;150;1;0
379;343;74;2026-02-07;L;0;1;0;0;900;37,5;0;99;219;102;222;1;2;0;0;16;72;8;19;99;0;0
380;330;560;2026-01-31;L;0;1;0;0;1500;31,1;0;70;158;74;162;2;5;0;0;110;33;17;20;66;3;1
380;560;330;2026-01-31;W;1;0;0;0;1500;37,3;0;98;160;112;178;2;7;1;0;169;72;3;23;88;3;7
381;51;253;2026-01-31;L;0;1;0;0;585;36,0;0;30;47;51;68;0;1;2;0;28;19;8;3;28;2;0
381;253;51;2026-01-31;W;1;0;0;0;585;30,1;0;97;127;170;205;2;9;2;0;374;83;14;0;20;10;67
382;4;277;2026-01-31;W;1;0;0;0;570;29,6;1;55;88;60;93;0;0;0;0;45;45;4;6;42;1;12
382;277;4;2026-01-31;L;0;1;0;0;570;32,9;0;36;66;37;67;0;1;0;0;0;9;15;12;34;2;0
383;13;352;2026-01-31;L;0;1;0;0;900;32,9;0;42;58;56;74;0;0;0;0;238;21;10;11;27;11;4
383;352;13;2026-01-31;W;1;0;0;0;900;26,2;0;51;74;117;144;3;9;0;0;420;39;10;2;26;4;21
384;156;561;2026-01-31;W;1;0;0;0;182;26,1;0;5;8;18;21;2;3;1;0;39;1;1;3;3;2;0
384;561;156;2026-01-31;L;0;1;0;0;182;31,5;0;1;4;6;9;1;1;0;0;74;1;0;0;0;1;0
385;338;562;2026-01-31;L;0;1;0;0;498;29,4;1;38;70;38;70;0;0;0;0;7;21;14;3;37;0;1
385;562;338;2026-01-31;W;1;0;0;0;498;30,7;0;24;51;27;54;1;5;1;0;100;20;3;1;22;1;1
386;380;411;2026-01-31;L;0;1;0;0;548;31,7;0;29;65;31;67;0;1;0;0;19;22;1;6;27;2;0
386;411;380;2026-01-31;W;1;0;0;0;548;31,0;0;57;119;73;139;0;0;0;0;124;41;7;9;32;6;19
387;414;563;2026-01-31;W;1;0;0;0;900;30,4;1;117;181;151;219;2;8;3;0;316;115;2;0;97;4;16
387;563;414;2026-01-31;L;0;1;0;0;900;27,3;0;27;77;42;95;0;1;0;0;20;25;2;0;25;2;0
388;193;419;2026-01-31;L;0;1;0;0;511;28,1;0;40;82;47;89;0;2;0;0;71;34;1;5;35;5;0
388;419;193;2026-01-31;W;1;0;0;0;511;26,9;0;19;59;30;70;1;1;1;0;95;13;5;1;16;3;0
389;292;564;2026-01-31;W;1;0;0;0;900;32,6;0;48;107;53;114;0;7;0;1;177;22;19;7;38;7;3
389;564;292;2026-01-31;L;0;1;0;0;900;29,1;1;68;124;75;133;3;3;0;0;75;44;17;7;58;5;5
390;421;565;2026-01-31;W;1;0;0;0;900;25,9;0;99;173;135;211;1;4;0;1;187;79;18;2;63;29;7
390;565;421;2026-01-31;L;0;1;0;0;900;32,3;0;68;134;92;160;1;10;0;0;330;37;29;2;50;18;0
391;566;567;2026-01-31;W;1;0;0;0;828;27,2;1;45;119;46;120;0;0;0;0;4;21;11;13;41;1;3
391;567;566;2026-01-31;L;0;1;0;0;828;32,0;0;79;204;80;205;1;1;0;0;0;47;24;8;78;1;0
392;99;568;2026-01-31;W;1;0;0;0;900;29,5;0;52;150;82;181;7;15;0;0;299;41;6;5;39;6;7
392;568;99;2026-01-31;L;0;1;0;0;900;20,5;0;56;125;62;131;0;0;0;0;14;53;3;0;52;4;0
393;254;320;2026-01-24;L;0;1;0;0;1500;31,1;0;156;311;170;326;0;5;0;0;48;83;48;25;140;16;0
393;320;254;2026-01-24;W;1;0;0;0;1500;37,2;2;144;254;200;313;3;3;0;0;355;120;15;9;102;20;22
394;80;323;2026-01-24;L;0;1;0;0;900;28,1;0;36;94;69;130;3;7;0;0;126;15;2;19;36;0;0
394;323;80;2026-01-24;W;1;0;0;0;900;31,3;0;48;92;67;111;0;0;0;0;0;23;16;9;48;0;0
395;33;326;2026-01-24;W;1;0;0;0;494;34,3;1;44;62;46;64;1;1;0;0;28;35;5;4;27;1;16
395;326;33;2026-01-24;L;0;1;0;0;494;41,0;0;8;43;8;43;0;0;0;0;0;6;2;0;8;0;0
396;569;570;2026-01-24;W;1;0;0;0;900;29,0;0;51;133;63;147;1;2;0;0;84;25;8;18;50;1;0
396;570;569;2026-01-24;L;0;1;0;0;900;33,6;0;26;94;46;119;1;5;0;0;129;11;3;12;26;0;0
397;25;365;2026-01-24;W;1;0;0;0;900;29,1;0;74;136;78;141;4;6;0;0;32;43;22;9;68;6;0
397;365;25;2026-01-24;L;0;1;0;0;900;32,0;0;56;116;60;121;0;0;0;0;54;37;11;8;53;3;0
398;79;349;2026-01-24;W;1;0;0;0;900;30,1;0;34;72;103;167;2;6;0;0;290;19;11;4;28;2;4
398;349;79;2026-01-24;L;0;1;0;0;900;38,1;0;8;27;28;58;0;0;0;0;9;4;4;0;7;1;0
399;291;394;2026-01-24;L;0;1;0;0;900;28,4;0;59;123;59;123;0;0;0;0;0;34;19;6;57;2;0
399;394;291;2026-01-24;W;1;0;0;0;900;23,8;2;34;112;34;112;0;0;0;0;0;24;9;1;30;4;0
400;68;261;2026-01-24;L;0;1;0;0;897;32,0;0;40;108;43;111;0;0;0;0;56;35;2;3;40;0;0
400;261;68;2026-01-24;W;1;0;0;0;897;33,9;1;72;137;94;164;1;4;0;0;157;25;22;25;64;5;3
401;85;143;2026-01-24;W;1;0;0;0;196;33,8;2;39;75;55;94;0;0;0;0;14;27;9;3;33;4;2
401;143;85;2026-01-24;L;0;1;0;0;196;35,0;0;8;25;8;25;0;1;0;0;0;4;3;1;8;0;0
402;325;571;2026-01-24;W;1;0;0;0;299;28,2;0;37;57;71;97;1;2;0;0;227;31;6;0;17;9;11
402;571;325;2026-01-24;L;0;1;0;0;299;34,2;0;0;7;0;8;0;1;0;0;0;0;0;0;0;0;0
403;164;572;2026-01-24;W;1;0;0;0;299;25,6;1;59;121;65;129;0;0;0;0;3;55;4;0;55;3;1
403;572;164;2026-01-24;L;0;1;0;0;299;37,0;0;36;73;39;76;0;2;0;0;0;10;21;5;30;6;0
404;257;299;2025-12-13;L;0;1;0;0;198;33,3;0;17;26;17;26;0;0;0;0;0;5;6;6;17;0;0
404;299;257;2025-12-13;W;1;0;0;0;198;32,1;1;17;23;18;24;0;0;0;0;4;6;5;6;15;0;2
405;23;509;2025-12-13;L;0;1;0;0;389;37,3;0;12;22;19;29;0;0;0;0;0;2;10;0;12;0;0
405;509;23;2025-12-13;W;1;0;0;0;389;24,0;1;20;32;23;35;0;1;0;0;88;14;2;4;15;1;4
406;271;573;2025-12-13;L;0;1;0;0;900;37,7;0;12;20;25;37;0;0;0;1;29;2;7;3;12;0;0
406;573;271;2025-12-13;W;1;0;0;0;900;25,9;0;14;19;113;126;6;7;0;1;675;9;5;0;10;1;3
407;63;366;2025-12-13;L;0;1;0;0;74;30,1;0;2;4;2;4;0;0;0;0;0;0;0;2;2;0;0
407;366;63;2025-12-13;W;1;0;0;0;74;29,2;1;4;9;4;9;0;0;0;0;2;1;1;2;4;0;0
408;119;432;2025-12-13;D;0;0;1;0;900;33,5;0;24;48;58;87;0;0;0;0;217;21;3;0;13;2;9
408;432;119;2025-12-13;D;0;0;1;0;900;35,9;0;27;44;47;66;3;13;0;0;380;23;4;0;2;2;23
409;259;496;2025-12-13;W;1;0;0;0;900;39,3;0;65;141;74;150;1;2;0;0;44;25;24;16;56;1;8
409;496;259;2025-12-13;L;0;1;0;0;900;30,9;0;30;72;35;77;2;3;0;0;70;9;8;13;27;3;0
410;151;395;2025-12-13;L;0;1;0;0;194;38,4;0;5;11;15;24;0;0;0;0;0;2;2;1;5;0;0
410;395;151;2025-12-13;W;1;0;0;0;194;32,3;0;9;19;13;27;1;2;1;0;116;3;0;6;8;0;1
411;24;574;2025-12-13;W;1;0;0;0;900;30,8;0;33;57;66;93;8;12;2;1;479;16;7;10;19;7;7
411;574;24;2025-12-13;L;0;1;0;0;900;23,6;0;21;47;127;164;4;5;0;1;180;14;6;1;14;6;1
412;8;165;2025-12-13;L;0;1;0;0;529;32,4;0;66;153;66;154;0;1;0;0;0;50;15;1;66;0;0
412;165;8;2025-12-13;W;1;0;0;0;529;27,4;0;170;292;172;294;0;0;0;0;3;154;6;10;166;4;0
413;316;454;2025-12-13;W;1;0;0;0;900;25,7;0;12;24;93;110;3;7;1;0;561;6;4;2;10;2;0
413;454;316;2025-12-13;L;0;1;0;0;900;34,7;0;22;74;56;109;0;1;0;1;44;9;7;6;18;4;0
414;166;575;2025-12-13;W;1;0;0;0;900;31,6;0;64;100;76;114;0;0;0;0;44;53;8;3;54;10;0
414;575;166;2025-12-13;L;0;1;0;0;900;27,7;0;33;86;73;132;0;0;0;0;475;17;12;4;19;14;0
415;456;576;2025-12-13;W;1;0;0;0;125;35,7;0;16;22;18;24;0;0;0;0;3;12;3;1;9;7;0
415;576;456;2025-12-13;L;0;1;0;0;125;24,0;0;2;12;2;12;0;4;0;0;80;0;2;0;1;1;0
416;577;578;2025-12-06;L;0;1;0;0;1500;34,9;0;134;383;196;458;2;29;2;1;312;105;22;7;116;18;0
416;578;577;2025-12-06;W;1;0;0;0;1500;32,8;0;139;230;159;251;5;9;0;0;175;109;17;13;119;18;2
417;1;2;2025-12-06;W;1;0;0;0;26;24,2;0;2;4;2;4;0;0;0;0;0;2;0;0;2;0;0
417;2;1;2025-12-06;L;0;1;0;0;26;35,6;0;6;11;6;11;0;0;0;0;0;4;1;1;5;1;0
418;27;389;2025-12-06;L;0;1;0;0;444;32,0;0;9;17;9;17;0;0;1;0;5;8;0;1;7;0;2
418;389;27;2025-12-06;W;1;0;0;0;444;25,9;0;28;48;45;65;1;4;0;1;267;23;3;2;7;2;19
419;579;580;2025-12-06;L;0;1;0;0;900;38,8;0;60;116;77;136;1;7;0;0;159;33;10;17;51;7;2
419;580;579;2025-12-06;W;1;0;0;0;900;27,2;1;134;217;156;240;3;5;0;0;211;89;34;11;90;28;16
420;181;208;2025-12-06;D;0;0;1;0;900;42,8;1;84;149;100;173;0;0;1;0;8;56;11;17;74;2;8
420;208;181;2025-12-06;D;0;0;1;0;900;33,2;1;80;140;98;160;0;0;0;0;249;69;2;9;52;0;28
421;278;396;2025-12-06;W;1;0;0;0;145;30,7;1;9;17;9;17;0;0;0;0;4;5;4;0;8;0;1
421;396;278;2025-12-06;L;0;1;0;0;145;31,8;0;8;21;8;21;0;2;0;0;0;4;2;2;8;0;0
422;260;476;2025-12-06;L;0;1;0;0;150;31,2;0;31;57;31;57;0;0;0;0;0;26;5;0;24;6;1
422;476;260;2025-12-06;W;1;0;0;0;150;32,6;1;38;55;53;75;1;2;1;0;70;36;2;0;10;6;22
423;449;491;2025-12-06;L;0;1;0;0;900;32,0;0;21;45;57;87;2;3;0;1;208;8;4;9;16;1;4
423;491;449;2025-12-06;W;1;0;0;0;900;27,6;0;55;85;89;130;3;5;0;1;380;41;4;10;30;0;25
424;53;281;2025-12-06;W;1;0;0;0;599;28,7;1;31;49;76;96;2;5;2;0;358;21;2;8;18;4;9
424;281;53;2025-12-06;L;0;1;0;0;599;31,6;0;4;16;7;21;0;2;0;0;39;1;0;3;4;0;0
425;20;581;2025-12-06;W;1;0;0;0;900;33,1;0;77;149;77;149;1;7;0;0;5;60;9;8;73;3;1
425;581;20;2025-12-06;L;0;1;0;0;900;32,2;0;88;186;90;188;1;4;0;0;68;78;1;9;86;2;0
426;135;139;2025-12-06;W;1;0;0;0;144;30,6;2;39;66;43;73;0;0;0;0;38;29;8;2;33;5;1
426;139;135;2025-12-06;L;0;1;0;0;144;39,9;0;10;20;10;20;0;0;0;1;7;4;4;2;10;0;0
427;10;582;2025-12-06;W;1;0;0;0;89;27,0;2;22;32;28;39;0;1;0;0;11;18;3;1;6;6;10
427;582;10;2025-12-06;L;0;1;0;0;89;29,6;1;30;53;31;54;0;1;0;0;6;29;0;1;19;11;0
428;137;505;2025-12-06;W;1;0;0;0;69;28,2;0;2;4;2;4;1;1;1;0;42;2;0;0;1;0;1
428;505;137;2025-12-06;L;0;1;0;0;69;35,0;0;3;6;3;6;0;1;0;0;0;2;0;1;3;0;0
429;62;583;2025-12-06;L;0;1;0;0;621;31,3;0;18;48;35;69;0;5;0;0;128;7;6;5;13;5;0
429;583;62;2025-12-06;W;1;0;0;0;621;25,5;1;27;45;43;61;0;1;0;0;47;11;8;8;19;7;1
430;3;51;2025-11-22;W;1;0;0;0;514;29,1;0;42;60;69;89;2;4;1;0;362;33;3;6;18;2;22
430;51;3;2025-11-22;L;0;1;0;0;514;35,8;0;10;33;17;41;0;0;2;0;10;3;6;1;9;1;0
431;132;332;2025-11-22;W;1;0;0;0;900;28,0;0;72;141;96;167;0;2;0;0;39;35;10;27;66;6;0
431;332;132;2025-11-22;L;0;1;0;0;900;37,4;0;56;139;97;197;0;7;0;0;215;45;8;3;52;4;0
432;9;584;2025-11-22;L;0;1;0;0;87;38,1;0;2;7;2;7;0;0;0;0;0;1;1;0;2;0;0
432;584;9;2025-11-22;W;1;0;0;0;87;36,2;1;13;35;14;37;0;0;0;0;0;12;0;1;13;0;0
433;154;585;2025-11-22;W;1;0;0;0;166;27,8;1;15;33;15;33;0;0;0;0;3;9;3;3;13;1;1
433;585;154;2025-11-22;L;0;1;0;0;166;37,5;0;19;38;19;38;0;0;0;0;0;9;5;5;17;2;0
434;33;120;2025-11-22;W;1;0;0;0;82;34,1;2;10;21;15;26;0;0;0;0;8;8;1;1;9;0;1
434;120;33;2025-11-22;L;0;1;0;0;82;35,8;0;6;15;6;15;0;0;0;0;0;4;1;1;6;0;0
435;300;586;2025-11-22;W;1;0;0;0;738;35,1;2;49;77;120;157;0;1;1;0;334;36;4;9;25;0;24
435;586;300;2025-11-22;L;0;1;0;0;738;34,3;0;6;27;10;32;1;2;1;0;85;3;2;1;6;0;0
436;198;266;2025-11-22;L;0;1;0;0;330;30,2;0;7;13;17;24;4;7;0;0;235;6;1;0;1;2;4
436;266;198;2025-11-22;W;1;0;0;0;330;26,4;1;14;23;20;32;0;0;0;0;15;11;1;2;4;1;9
437;216;587;2025-11-22;L;0;1;0;0;900;31,2;0;20;34;65;88;4;10;0;0;318;11;9;0;8;10;2
437;587;216;2025-11-22;W;1;0;0;0;900;41,0;0;26;63;87;140;0;2;0;1;389;13;8;5;11;13;2
438;85;283;2025-11-22;L;0;1;0;0;622;33,7;0;40;98;84;143;3;5;0;0;138;14;15;11;32;3;5
438;283;85;2025-11-22;W;1;0;0;0;622;31,8;0;36;90;68;126;2;5;1;0;72;24;8;4;32;4;0
439;289;588;2025-11-22;W;1;0;0;0;33;24,9;1;6;10;11;16;1;1;1;0;24;6;0;0;3;0;3
439;588;289;2025-11-22;L;0;1;0;0;33;35,7;0;0;1;0;1;0;0;0;0;0;0;0;0;0;0;0
440;295;589;2025-11-22;L;0;1;0;0;900;28,1;0;39;119;42;122;0;1;0;0;1;26;8;5;38;1;0
440;589;295;2025-11-22;W;1;0;0;0;900;29,8;0;47;81;55;89;2;7;0;0;140;45;1;1;44;1;2
441;590;591;2025-11-22;W;1;0;0;0;86;29,3;1;3;6;3;6;0;0;0;0;2;2;1;0;3;0;0
441;591;590;2025-11-22;L;0;1;0;0;86;34,5;0;1;4;1;4;0;0;0;0;0;1;0;0;1;0;0
442;226;506;2025-11-22;W;1;0;0;0;900;25,0;0;51;117;63;133;1;5;1;0;224;37;10;4;43;7;1
442;506;226;2025-11-22;L;0;1;0;0;900;32,0;0;44;104;77;141;1;9;0;0;32;9;18;17;40;4;0
443;571;592;2025-11-22;W;1;0;0;0;900;34,0;0;49;79;49;79;0;0;0;0;0;19;6;24;45;4;0
443;592;571;2025-11-22;L;0;1;0;0;900;33,1;0;31;80;31;80;0;0;0;0;28;3;6;22;31;0;0
444;131;406;2025-11-15;W;1;0;0;0;1500;34,1;0;30;57;140;188;4;4;0;0;1150;14;6;10;20;3;7
444;406;131;2025-11-15;L;0;1;0;0;1500;29,2;0;18;61;30;74;0;1;0;0;0;10;6;2;14;4;0
445;593;594;2025-11-15;W;1;0;0;0;1500;37,7;0;41;68;137;186;5;6;0;0;804;21;14;6;27;8;6
445;594;593;2025-11-15;L;0;1;0;0;1500;36,3;0;32;98;80;161;0;1;0;0;46;9;13;10;25;7;0
446;391;595;2025-11-15;L;0;1;0;0;207;33,0;0;8;22;8;22;0;1;0;0;0;5;0;3;8;0;0
446;595;391;2025-11-15;W;1;0;0;0;207;26,4;1;24;52;24;52;0;0;0;0;2;24;0;0;21;0;3
447;407;596;2025-11-15;W;1;0;0;0;388;32,2;1;21;32;24;35;0;0;0;0;1;8;2;11;19;1;1
447;596;407;2025-11-15;L;0;1;0;0;388;34,2;0;12;17;25;30;2;3;0;0;180;4;0;8;11;1;0
448;253;408;2025-11-15;W;1;0;0;0;16;29,9;1;3;5;3;5;0;0;0;0;0;3;0;0;0;2;1
448;408;253;2025-11-15;L;0;1;0;0;16;36,5;0;3;5;3;5;0;0;0;0;0;0;1;2;2;1;0
449;328;433;2025-11-15;W;1;0;0;0;744;29,8;1;77;121;94;143;2;3;1;0;88;56;13;8;64;7;6
449;433;328;2025-11-15;L;0;1;0;0;744;36,1;0;24;64;31;71;0;6;0;0;60;7;6;11;23;1;0
450;106;399;2025-11-15;W;1;0;0;0;900;33,7;0;90;173;91;174;0;4;1;0;24;59;28;3;84;6;0
450;399;106;2025-11-15;L;0;1;0;0;900;33,5;0;52;105;54;109;2;2;0;0;35;35;9;8;51;1;0
451;268;597;2025-11-15;L;0;1;0;0;584;31,9;0;46;104;50;108;1;3;0;0;30;35;7;4;45;1;0
451;597;268;2025-11-15;W;1;0;0;0;584;26,5;0;52;116;65;134;2;3;1;1;163;38;6;8;51;1;0
452;368;478;2025-11-15;L;0;1;0;0;900;31,4;0;77;146;82;151;0;3;0;0;71;35;35;7;53;24;0
452;478;368;2025-11-15;W;1;0;0;0;900;29,7;0;85;163;99;179;3;5;0;0;79;70;10;5;67;18;0
453;329;415;2025-11-15;W;1;0;0;0;50;32,7;1;8;11;8;11;0;0;1;0;17;8;0;0;4;0;4
453;415;329;2025-11-15;L;0;1;0;0;50;37,9;0;0;2;0;2;0;0;0;0;0;0;0;0;0;0;0
454;401;598;2025-11-15;W;1;0;0;0;900;35,0;0;12;29;40;61;7;12;0;0;637;10;2;0;4;2;6
454;598;401;2025-11-15;L;0;1;0;0;900;33,1;0;7;19;48;71;0;0;0;1;48;2;2;3;6;1;0
455;237;360;2025-11-15;W;1;0;0;0;900;25,3;0;115;223;152;268;4;7;0;0;316;89;23;3;71;15;29
455;360;237;2025-11-15;L;0;1;0;0;900;40,8;0;56;120;65;137;0;0;0;0;29;34;15;7;44;12;0
456;146;403;2025-11-15;L;0;1;0;0;698;35,5;0;53;107;90;150;0;0;0;0;137;28;10;15;36;17;0
456;403;146;2025-11-15;W;1;0;0;0;698;24,9;1;53;88;105;143;2;7;0;0;193;20;25;8;42;11;0
457;282;599;2025-11-15;W;1;0;0;0;900;24,9;0;39;93;48;104;5;10;0;0;202;27;6;6;37;1;1
457;599;282;2025-11-15;L;0;1;0;0;900;33,9;0;65;188;78;201;0;0;0;1;24;40;16;9;64;1;0
458;333;469;2025-11-08;W;1;0;0;0;400;28,2;1;35;64;35;64;0;0;0;0;0;11;1;23;33;2;0
458;469;333;2025-11-08;L;0;1;0;0;400;35,3;0;33;87;33;87;0;0;0;0;0;11;9;13;33;0;0
459;28;339;2025-11-08;W;1;0;0;0;174;31,2;0;5;11;12;18;0;0;1;1;72;4;0;1;2;0;3
459;339;28;2025-11-08;L;0;1;0;0;174;35,8;0;4;11;5;12;1;1;0;1;15;1;2;1;4;0;0
460;40;179;2025-11-08;L;0;1;0;0;63;41,4;0;2;5;2;5;0;0;0;0;0;0;0;2;2;0;0
460;179;40;2025-11-08;W;1;0;0;0;63;32,5;1;8;13;9;14;0;0;0;0;5;5;3;0;5;0;3
461;121;223;2025-11-08;W;1;0;0;0;570;30,2;0;64;109;88;134;0;0;0;0;201;33;10;21;43;6;15
461;223;121;2025-11-08;L;0;1;0;0;570;29,9;0;42;84;47;89;1;3;0;0;15;27;12;3;42;0;0
462;233;400;2025-11-08;W;1;0;0;0;500;30,3;1;23;46;40;66;1;1;0;0;70;11;3;9;20;1;2
462;400;233;2025-11-08;L;0;1;0;0;500;31,4;0;27;57;42;75;2;5;0;0;153;13;3;11;22;5;0
463;117;302;2025-11-08;W;1;0;0;0;900;36,3;0;50;101;83;141;7;8;1;0;515;37;13;0;38;3;9
463;302;117;2025-11-08;L;0;1;0;0;900;35,4;0;47;125;80;164;0;1;0;0;17;28;7;12;44;3;0
464;431;498;2025-11-08;W;1;0;0;0;900;38,5;0;82;187;86;194;1;8;0;0;9;53;19;10;80;2;0
464;498;431;2025-11-08;L;0;1;0;0;900;33,2;0;67;181;77;191;0;6;0;1;85;57;9;1;58;3;6
465;379;435;2025-11-08;W;1;0;0;0;900;28,2;0;80;164;87;172;0;0;0;0;55;45;20;15;73;7;0
465;435;379;2025-11-08;L;0;1;0;0;900;34,2;0;39;97;46;107;0;4;0;0;72;15;8;16;36;3;0
466;325;600;2025-11-08;W;1;0;0;0;56;28,0;2;9;17;11;19;0;0;0;0;8;9;0;0;7;1;1
466;600;325;2025-11-08;L;0;1;0;0;56;32,6;0;3;7;3;7;0;0;0;0;0;0;1;2;3;0;0
467;82;601;2025-11-08;W;1;0;0;0;900;25,9;0;53;138;75;169;3;10;0;1;231;19;15;19;48;2;3
467;601;82;2025-11-08;L;0;1;0;0;900;36,2;0;58;125;73;144;1;2;0;0;32;15;9;34;58;0;0
468;173;602;2025-11-08;L;0;1;0;0;563;31,6;0;28;54;33;61;0;1;0;0;94;21;3;4;28;0;0
468;602;173;2025-11-08;W;1;0;0;0;563;32,7;0;27;47;42;69;3;4;1;0;239;15;8;4;14;13;0
469;128;274;2025-11-08;L;0;1;0;0;398;26,6;0;56;73;68;86;0;0;0;1;143;28;27;1;9;47;0
469;274;128;2025-11-08;W;1;0;0;0;398;31,6;0;32;42;81;97;3;3;1;0;144;21;5;6;15;16;1
470;331;603;2025-11-01;W;1;0;0;0;214;33,4;1;33;62;43;72;0;0;0;0;4;28;5;0;26;5;2
470;603;331;2025-11-01;L;0;1;0;0;214;31,4;0;2;16;2;16;0;0;0;0;0;1;0;1;2;0;0
471;33;546;2025-11-01;W;1;0;0;0;239;34,1;1;12;17;18;24;0;0;0;0;97;9;2;1;4;2;6
471;546;33;2025-11-01;L;0;1;0;0;239;35,2;0;16;36;18;38;0;1;0;0;25;13;2;1;15;1;0
472;153;420;2025-11-01;W;1;0;0;0;900;39,0;0;32;53;59;84;3;5;3;0;365;23;5;4;21;0;11
472;420;153;2025-11-01;L;0;1;0;0;900;34,8;0;18;33;80;102;6;9;0;1;339;8;9;1;15;1;2
473;160;604;2025-11-01;W;1;0;0;0;221;29,3;0;1;1;28;43;0;0;3;0;176;0;0;1;1;0;0
473;604;160;2025-11-01;L;0;1;0;0;221;29,3;0;0;1;3;6;0;1;0;0;16;0;0;0;0;0;0
474;473;605;2025-11-01;W;1;0;0;0;869;35,3;0;31;38;163;214;3;5;2;0;701;28;1;2;4;1;26
474;605;473;2025-11-01;L;0;1;0;0;869;31,6;0;6;24;68;102;0;0;0;0;0;4;2;0;6;0;0
475;276;310;2025-11-01;L;0;1;0;0;493;34,6;0;57;128;57;128;1;3;0;0;5;47;5;5;57;0;0
475;310;276;2025-11-01;W;1;0;0;0;493;34,1;0;52;115;52;115;0;1;1;0;21;19;7;26;51;1;0
476;413;562;2025-11-01;L;0;1;0;0;213;30,8;0;14;17;14;17;0;0;0;0;0;0;6;8;14;0;0
476;562;413;2025-11-01;W;1;0;0;0;213;30,4;1;17;23;19;25;0;0;1;0;21;11;2;4;8;0;9
477;371;606;2025-11-01;W;1;0;0;0;900;26,7;0;23;32;39;48;2;4;0;1;355;17;6;0;15;8;0
477;606;371;2025-11-01;L;0;1;0;0;900;31,5;0;15;26;88;141;3;8;0;0;385;10;2;3;13;2;0
478;145;434;2025-11-01;W;1;0;0;0;385;26,8;0;10;18;18;27;3;3;1;0;184;9;0;1;3;6;1
478;434;145;2025-11-01;L;0;1;0;0;385;30,2;0;5;16;12;23;1;5;0;0;123;0;4;1;3;2;0
479;378;425;2025-11-01;L;0;1;0;0;900;34,2;0;25;83;58;121;2;4;1;0;319;10;5;10;25;0;0
479;425;378;2025-11-01;W;1;0;0;0;900;35,1;0;62;101;87;127;0;0;0;0;11;24;18;20;57;5;0
480;382;607;2025-11-01;W;1;0;0;0;900;33,5;0;138;280;146;288;1;3;0;0;41;103;23;12;137;1;0
480;607;382;2025-11-01;L;0;1;0;0;900;32,7;0;85;282;91;291;1;6;0;0;29;54;4;27;82;3;0
481;241;552;2025-11-01;W;1;0;0;0;900;32,1;0;36;42;124;157;4;4;0;0;790;27;0;9;12;0;24
481;552;241;2025-11-01;L;0;1;0;0;900;35,3;0;4;7;11;15;0;0;0;1;7;2;1;1;4;0;0
482;348;442;2025-11-01;L;0;1;0;0;876;33,0;0;25;76;50;106;0;1;0;0;139;10;3;12;25;0;0
482;442;348;2025-11-01;W;1;0;0;0;876;35,0;0;60;100;79;122;5;8;2;0;370;34;19;7;31;14;15
483;322;608;2025-10-25;NC;0;0;0;1;275;35,5;0;30;40;30;40;0;0;0;0;0;8;9;13;30;0;0
483;608;322;2025-10-25;NC;0;0;0;1;275;32,5;0;27;39;27;39;0;1;0;0;0;14;5;8;27;0;0
484;133;477;2025-10-25;W;1;0;0;0;1500;32,6;0;118;231;249;372;2;8;0;0;225;84;21;13;89;8;21
484;477;133;2025-10-25;L;0;1;0;0;1500;37,4;0;106;217;208;331;9;17;0;0;547;72;20;14;83;20;3
485;79;256;2025-10-25;W;1;0;0;0;900;29,8;0;32;54;81;105;11;14;0;0;646;24;6;2;23;2;7
485;256;79;2025-10-25;L;0;1;0;0;900;32,3;1;20;54;33;67;0;1;1;0;4;6;11;3;17;2;1
486;390;554;2025-10-25;W;1;0;0;0;900;37,0;0;24;27;123;130;0;0;0;1;177;19;5;0;1;6;17
486;554;390;2025-10-25;L;0;1;0;0;900;34,3;0;9;10;27;33;7;9;0;0;647;8;1;0;1;4;4
487;183;461;2025-10-25;L;0;1;0;0;191;33,7;0;9;14;13;18;0;2;0;0;36;0;3;6;8;1;0
487;461;183;2025-10-25;W;1;0;0;0;191;36,5;1;3;8;4;9;0;0;0;0;2;1;2;0;2;0;1
488;122;156;2025-10-25;L;0;1;0;0;150;30,2;0;10;13;10;13;0;0;0;0;0;7;2;1;9;1;0
488;156;122;2025-10-25;W;1;0;0;0;150;25,8;1;14;36;14;36;0;4;0;0;0;6;7;1;14;0;0
489;284;609;2025-10-25;W;1;0;0;0;900;32,9;0;91;134;126;174;5;7;0;0;367;57;26;8;79;3;9
489;609;284;2025-10-25;L;0;1;0;0;900;34,7;0;78;132;91;151;0;0;0;0;19;57;18;3;73;2;3
490;191;199;2025-10-25;W;1;0;0;0;900;30,7;0;82;140;90;149;0;0;0;0;0;69;9;4;72;0;10
490;199;191;2025-10-25;L;0;1;0;0;900;33,1;0;72;159;113;208;3;12;0;0;303;55;11;6;45;4;23
491;169;217;2025-10-25;L;0;1;0;0;84;31,7;0;3;5;3;5;0;0;0;0;0;1;0;2;3;0;0
491;217;169;2025-10-25;W;1;0;0;0;84;27,9;0;5;5;7;7;1;1;1;0;31;0;2;3;5;0;0
492;26;69;2025-10-25;L;0;1;0;0;900;27,5;1;134;232;141;239;0;2;0;0;88;92;35;7;100;14;20
492;69;26;2025-10-25;W;1;0;0;0;900;32,5;1;99;176;101;178;2;3;0;0;58;63;7;29;88;7;4
493;610;611;2025-10-25;W;1;0;0;0;900;32,8;0;99;139;170;221;9;14;0;0;648;88;8;3;16;13;70
493;611;610;2025-10-25;L;0;1;0;0;900;39,4;0;18;35;28;46;0;0;0;0;0;7;4;7;14;3;1
494;311;612;2025-10-25;W;1;0;0;0;900;27,0;0;30;66;53;92;0;0;0;0;49;20;7;3;30;0;0
494;612;311;2025-10-25;L;0;1;0;0;900;30,7;0;19;88;30;101;7;19;0;0;327;14;1;4;17;1;1
495;364;613;2025-10-25;L;0;1;0;0;900;30,3;0;26;62;48;88;2;6;1;1;103;19;3;4;18;3;5
495;613;364;2025-10-25;W;1;0;0;0;900;31,2;1;62;103;150;203;2;2;0;1;448;54;8;0;20;14;28
496;109;334;2025-10-18;L;0;1;0;0;1200;35,1;0;9;13;61;72;3;7;1;0;425;4;5;0;6;2;1
496;334;109;2025-10-18;W;1;0;0;0;1200;29,8;0;22;37;97;134;1;1;1;2;699;19;3;0;1;2;19
497;444;468;2025-10-18;W;1;0;0;0;900;33,9;0;49;95;50;99;1;4;1;1;151;35;10;4;44;1;4
497;468;444;2025-10-18;L;0;1;0;0;900;33,0;0;52;137;76;162;1;1;0;0;27;23;9;20;49;3;0
498;11;324;2025-10-18;L;0;1;0;0;900;32,9;1;56;152;56;153;0;0;0;0;3;30;14;12;55;1;0
498;324;11;2025-10-18;W;1;0;0;0;900;37,9;0;81;152;81;152;0;0;0;0;0;47;20;14;79;2;0
499;31;448;2025-10-18;W;1;0;0;0;74;35,7;0;16;27;17;28;0;0;0;0;6;16;0;0;8;0;8
499;448;31;2025-10-18;L;0;1;0;0;74;36,6;0;2;14;2;14;0;0;0;0;0;2;0;0;2;0;0
500;12;428;2025-10-18;W;1;0;0;0;185;29,9;1;25;43;25;43;0;0;1;0;20;20;5;0;17;0;8
500;428;12;2025-10-18;L;0;1;0;0;185;39,8;0;9;26;9;26;0;0;0;0;0;3;1;5;9;0;0
501;495;614;2025-10-18;W;1;0;0;0;900;34,5;1;63;135;92;170;2;5;0;0;191;41;14;8;46;7;10
501;614;495;2025-10-18;L;0;1;0;0;900;35,4;0;43;136;60;155;2;3;0;1;118;23;10;10;39;4;0
502;200;526;2025-10-18;L;0;1;0;0;676;36,1;0;51;164;51;164;0;3;0;0;2;36;7;8;51;0;0
502;526;200;2025-10-18;W;1;0;0;0;676;37,0;0;83;161;85;163;0;1;0;0;4;46;18;19;77;6;0
503;83;228;2025-10-18;W;1;0;0;0;21;32,3;1;5;8;6;9;0;0;0;0;4;5;0;0;2;0;3
503;228;83;2025-10-18;L;0;1;0;0;21;38,1;0;3;3;3;3;0;0;0;0;0;1;0;2;3;0;0
504;342;615;2025-10-18;W;1;0;0;0;735;35,6;1;46;74;60;92;5;9;1;0;289;30;14;2;44;2;0
504;615;342;2025-10-18;L;0;1;0;0;735;30,0;0;31;108;56;136;1;4;0;0;42;18;11;2;23;8;0
505;42;616;2025-10-18;W;1;0;0;0;900;28,2;0;99;216;109;232;0;1;0;0;115;74;11;14;95;1;3
505;616;42;2025-10-18;L;0;1;0;0;900;30,2;0;93;171;106;186;0;0;0;0;0;56;12;25;92;0;1
506;176;206;2025-10-18;L;0;1;0;0;770;28,7;0;24;103;36;118;0;0;0;0;0;14;3;7;24;0;0
506;206;176;2025-10-18;W;1;0;0;0;770;25,8;0;60;124;80;153;3;4;1;0;173;22;14;24;46;5;9
507;41;486;2025-10-18;W;1;0;0;0;655;33,4;0;102;138;110;148;1;1;0;0;40;73;17;12;94;4;4
507;486;41;2025-10-18;L;0;1;0;0;655;29,8;0;24;77;27;83;4;8;0;0;198;18;4;2;22;2;0
508;454;617;2025-10-18;W;1;0;0;0;872;34,5;1;99;175;148;230;2;3;0;0;305;74;12;13;57;13;29
508;617;454;2025-10-18;L;0;1;0;0;872;34,6;0;42;92;63;115;2;8;0;0;139;23;18;1;23;19;0
509;155;522;2025-10-11;L;0;1;0;0;468;34,8;0;18;42;18;43;1;1;0;0;60;16;2;0;18;0;0
509;522;155;2025-10-11;W;1;0;0;0;468;36,0;0;11;33;18;40;1;1;1;1;215;4;3;4;10;1;0
510;349;430;2025-10-11;W;1;0;0;0;900;37,8;0;23;43;23;44;2;5;0;0;138;4;9;10;22;0;1
510;430;349;2025-10-11;L;0;1;0;0;900;33,5;0;30;70;30;70;1;1;0;0;2;14;7;9;28;2;0
511;142;147;2025-10-11;W;1;0;0;0;900;32,6;0;89;148;197;288;1;1;1;0;390;74;12;3;55;0;34
511;147;142;2025-10-11;L;0;1;0;0;900;33,9;0;30;99;31;101;0;2;0;0;0;16;6;8;30;0;0
512;65;618;2025-10-11;W;1;0;0;0;550;27,6;0;29;33;87;102;3;4;2;1;448;28;0;1;2;0;27
512;618;65;2025-10-11;L;0;1;0;0;550;34,3;0;1;5;4;9;0;0;0;1;9;0;0;1;1;0;0
513;292;619;2025-10-11;W;1;0;0;0;182;32,3;0;1;1;1;1;1;1;1;0;116;0;0;1;1;0;0
513;619;292;2025-10-11;L;0;1;0;0;182;30,2;0;1;4;1;4;0;0;3;0;0;1;0;0;1;0;0
514;15;620;2025-10-11;W;1;0;0;0;102;25,0;2;30;54;34;59;0;0;0;0;15;30;0;0;19;1;10
514;620;15;2025-10-11;L;0;1;0;0;102;34,7;0;9;21;9;21;0;0;0;0;0;3;1;5;9;0;0
515;404;437;2025-10-11;L;0;1;0;0;282;29,3;0;7;21;12;27;0;0;0;1;64;2;3;2;5;2;0
515;437;404;2025-10-11;W;1;0;0;0;282;32,4;0;5;13;28;38;1;1;1;1;143;1;0;4;4;1;0
516;108;218;2025-10-11;W;1;0;0;0;626;28,1;2;31;54;33;61;1;6;0;0;183;25;5;1;13;9;9
516;218;108;2025-10-11;L;0;1;0;0;626;30,5;0;16;35;41;62;0;8;0;0;126;7;9;0;13;3;0
517;308;621;2025-10-11;W;1;0;0;0;434;34,5;0;36;63;61;98;2;3;1;0;293;35;0;1;2;0;34
517;621;308;2025-10-11;L;0;1;0;0;434;35,3;0;6;23;17;34;0;0;0;0;0;3;0;3;6;0;0
518;246;622;2025-10-11;L;0;1;0;0;900;30,9;0;45;138;46;139;2;20;0;0;90;41;2;2;45;0;0
518;622;246;2025-10-11;W;1;0;0;0;900;25,2;0;115;226;130;244;3;4;0;0;85;81;30;4;100;11;4
519;102;623;2025-10-11;W;1;0;0;0;776;27,6;0;137;253;142;261;0;0;0;0;46;85;42;10;123;14;0
519;623;102;2025-10-11;L;0;1;0;0;776;40,0;0;72;192;75;196;1;4;0;0;31;24;36;12;71;1;0
520;518;624;2025-10-11;W;1;0;0;0;535;32,8;0;24;39;60;85;3;4;1;0;366;13;10;1;6;6;12
520;624;518;2025-10-11;L;0;1;0;0;535;34,5;0;21;34;33;52;1;2;0;2;105;14;3;4;8;2;11
521;207;321;2025-10-04;L;0;1;0;0;80;33,3;0;4;9;4;9;0;1;0;0;0;0;3;1;4;0;0
521;321;207;2025-10-04;W;1;0;0;0;80;38,2;0;28;45;28;45;0;0;0;0;17;21;3;4;5;0;23
522;255;577;2025-10-04;L;0;1;0;0;1500;33,5;0;80;184;149;257;0;0;0;0;0;46;18;16;80;0;0
522;577;255;2025-10-04;W;1;0;0;0;1500;34,7;0;114;265;243;399;20;37;0;0;602;86;13;15;79;22;13
523;459;625;2025-10-04;W;1;0;0;0;784;33,0;1;71;138;71;138;0;0;0;0;12;44;16;11;61;10;0
523;625;459;2025-10-04;L;0;1;0;0;784;35,6;0;66;158;66;158;0;0;0;0;2;44;12;10;62;4;0
524;424;508;2025-10-04;W;1;0;0;0;98;29,1;0;0;1;0;1;1;1;1;0;48;0;0;0;0;0;0
524;508;424;2025-10-04;L;0;1;0;0;98;40,6;0;0;0;0;0;0;0;0;0;16;0;0;0;0;0;0
525;285;490;2025-10-04;L;0;1;0;0;406;35,1;0;11;12;18;21;1;1;1;0;156;6;5;0;3;0;8
525;490;285;2025-10-04;W;1;0;0;0;406;29,0;1;6;10;13;18;0;4;2;0;136;6;0;0;3;0;3
526;394;626;2025-10-04;W;1;0;0;0;101;23,5;1;6;12;6;12;1;1;0;0;4;4;2;0;1;4;1
526;626;394;2025-10-04;L;0;1;0;0;101;29,3;0;0;1;0;1;0;2;0;0;6;0;0;0;0;0;0
527;16;367;2025-10-04;L;0;1;0;0;321;31,7;0;31;55;51;75;0;0;0;0;0;15;5;11;30;1;0
527;367;16;2025-10-04;W;1;0;0;0;321;30,6;1;27;62;28;63;1;2;0;0;83;16;2;9;18;0;9
528;559;627;2025-10-04;W;1;0;0;0;900;29,1;0;46;83;107;147;0;0;3;1;124;21;22;3;38;4;4
528;627;559;2025-10-04;L;0;1;0;0;900;32,1;0;37;58;75;101;5;7;0;0;461;23;6;8;25;5;7
529;19;628;2025-10-04;W;1;0;0;0;298;27,9;1;25;50;26;51;0;0;0;0;39;20;3;2;12;1;12
529;628;19;2025-10-04;L;0;1;0;0;298;35,6;0;15;38;17;40;1;3;0;0;18;6;2;7;15;0;0
530;58;373;2025-10-04;W;1;0;0;0;900;32,9;0;39;54;163;200;4;11;1;1;755;38;1;0;1;1;37
530;373;58;2025-10-04;L;0;1;0;0;900;35,8;0;9;12;34;37;0;1;2;0;49;2;6;1;4;4;1
531;539;629;2025-10-04;L;0;1;0;0;900;34,2;0;54;118;91;158;2;3;1;0;223;25;25;4;24;25;5
531;629;539;2025-10-04;W;1;0;0;0;900;35,9;0;65;124;115;176;0;1;0;0;49;29;31;5;29;36;0
532;272;630;2025-10-04;W;1;0;0;0;900;28,2;0;41;110;56;126;2;2;0;0;207;19;5;17;39;0;2
532;630;272;2025-10-04;L;0;1;0;0;900;34,5;0;31;86;61;119;1;1;0;1;42;18;0;13;30;0;1
533;152;631;2025-10-04;W;1;0;0;0;444;32,9;0;21;35;46;61;0;1;2;0;37;18;0;3;9;8;4
533;631;152;2025-10-04;L;0;1;0;0;444;35,5;0;5;16;13;24;3;6;0;0;203;4;0;1;4;0;1
534;632;633;2025-10-04;W;1;0;0;0;900;29,9;1;39;75;53;94;0;0;1;0;156;31;2;6;32;4;3
534;633;632;2025-10-04;L;0;1;0;0;900;37,2;0;22;60;30;70;3;4;0;0;175;12;3;7;16;2;4
535;460;463;2025-09-27;W;1;0;0;0;267;34,9;1;11;17;11;17;0;0;0;0;3;6;2;3;9;0;2
535;463;460;2025-09-27;L;0;1;0;0;267;35,8;0;5;11;5;11;0;0;0;0;0;0;1;4;5;0;0
536;376;634;2025-09-27;L;0;1;0;0;199;33,9;0;10;14;10;14;0;0;0;0;5;9;0;1;10;0;0
536;634;376;2025-09-27;W;1;0;0;0;199;29,6;0;12;16;12;16;2;4;1;1;128;3;1;8;9;0;3
537;95;635;2025-09-27;W;1;0;0;0;900;31,9;0;65;109;73;123;3;6;1;0;238;29;16;20;58;4;3
537;635;95;2025-09-27;L;0;1;0;0;900;31,7;0;43;113;68;142;0;4;0;1;99;36;6;1;38;0;5
538;151;354;2025-09-27;W;1;0;0;0;788;38,2;0;31;57;73;103;3;5;1;0;166;28;1;2;29;2;0
538;354;151;2025-09-27;L;0;1;0;0;788;31,1;0;18;44;28;54;0;1;3;1;283;11;4;3;15;2;1
539;335;636;2025-09-27;W;1;0;0;0;248;25,6;0;26;61;33;69;1;1;1;0;34;13;9;4;23;3;0
539;636;335;2025-09-27;L;0;1;0;0;248;30,2;0;15;42;15;42;0;1;0;0;18;7;1;7;14;0;1
540;182;532;2025-09-27;W;1;0;0;0;900;27,9;0;81;158;101;193;1;4;0;0;233;44;35;2;70;10;1
540;532;182;2025-09-27;L;0;1;0;0;900;29,6;0;43;89;62;111;2;6;0;0;143;21;12;10;39;4;0
541;381;411;2025-09-27;L;0;1;0;0;161;34,3;0;7;13;7;13;0;0;0;0;0;0;0;7;7;0;0
541;411;381;2025-09-27;W;1;0;0;0;161;30,7;1;12;36;20;48;0;0;0;0;36;8;1;3;8;0;4
542;561;637;2025-09-27;W;1;0;0;0;900;31,1;0;43;89;47;94;3;17;0;0;341;32;7;4;40;3;0
542;637;561;2025-09-27;L;0;1;0;0;900;28,7;0;46;116;55;129;0;0;1;0;7;32;8;6;37;9;0
543;416;638;2025-09-27;W;1;0;0;0;900;26,3;0;62;111;126;199;2;14;1;0;465;48;8;6;15;4;43
543;638;416;2025-09-27;L;0;1;0;0;900;27,0;0;43;89;62;118;1;2;0;0;52;26;7;10;27;16;0
544;436;639;2025-09-27;W;1;0;0;0;900;31,8;0;41;88;99;164;5;7;0;0;643;34;6;1;12;1;28
544;639;436;2025-09-27;L;0;1;0;0;900;32,3;0;48;82;75;115;0;0;1;0;0;31;5;12;46;1;1
545;263;410;2025-09-27;L;0;1;0;0;115;28,6;0;3;9;3;9;0;2;0;0;13;2;1;0;2;1;0
545;410;263;2025-09-27;W;1;0;0;0;115;31,2;0;29;49;30;50;0;0;0;0;29;23;2;4;11;12;6
546;162;363;2025-09-27;W;1;0;0;0;900;29,9;0;44;107;110;202;5;11;1;0;602;29;7;8;23;9;12
546;363;162;2025-09-27;L;0;1;0;0;900;29,7;0;30;61;67;102;0;1;0;0;11;14;12;4;25;5;0
547;25;330;2025-09-13;L;0;1;0;0;588;28,8;0;43;91;43;91;0;0;0;1;3;26;10;7;42;1;0
547;330;25;2025-09-13;W;1;0;0;0;588;30,7;1;74;135;86;154;3;4;0;0;160;63;1;10;31;1;42
548;35;524;2025-09-13;W;1;0;0;0;900;27,1;0;62;155;115;210;0;2;0;0;33;33;10;19;62;0;0
548;524;35;2025-09-13;L;0;1;0;0;900;38,2;0;49;158;49;158;0;5;0;0;59;40;7;2;49;0;0
549;45;398;2025-09-13;W;1;0;0;0;747;31,1;1;91;162;107;179;2;3;2;1;121;74;7;10;70;10;11
549;398;45;2025-09-13;L;0;1;0;0;747;37,0;0;65;186;80;201;1;3;0;0;9;55;8;2;65;0;0
550;138;472;2025-09-13;L;0;1;0;0;900;33,8;0;64;146;69;151;1;6;0;1;120;25;25;14;55;4;5
550;472;138;2025-09-13;W;1;0;0;0;900;33,9;1;57;117;58;118;0;0;0;0;23;30;16;11;56;1;0
551;157;427;2025-09-13;L;0;1;0;0;526;40,7;0;23;98;23;98;0;0;0;0;0;8;11;4;23;0;0
551;427;157;2025-09-13;W;1;0;0;0;526;33,0;1;30;75;30;75;0;0;0;0;12;22;4;4;20;0;10
552;337;640;2025-09-13;W;1;0;0;0;168;21,1;2;15;40;17;42;0;1;0;0;47;13;1;1;9;3;3
552;640;337;2025-09-13;L;0;1;0;0;168;33,9;0;12;24;13;25;0;1;0;0;7;9;3;0;10;2;0
553;185;537;2025-09-13;W;1;0;0;0;261;31,3;0;16;24;27;36;2;2;1;0;136;10;6;0;10;6;0
553;537;185;2025-09-13;L;0;1;0;0;261;34,3;0;9;25;13;29;0;0;0;0;0;5;3;1;9;0;0
554;641;642;2025-09-13;L;0;1;0;0;900;29,4;0;21;63;58;102;4;16;0;0;445;14;7;0;16;2;3
554;642;641;2025-09-13;W;1;0;0;0;900;36,6;1;25;66;95;136;0;0;1;0;63;12;9;4;19;3;3
555;161;470;2025-09-13;L;0;1;0;0;900;38,3;0;23;33;39;49;0;0;1;1;34;12;4;7;14;4;5
555;470;161;2025-09-13;W;1;0;0;0;900;34,7;0;20;39;70;91;3;12;0;0;574;1;10;9;9;11;0
556;359;530;2025-09-13;L;0;1;0;0;900;31,8;0;65;186;73;195;0;5;0;0;21;43;12;10;59;2;4
556;530;359;2025-09-13;W;1;0;0;0;900;29,5;0;85;235;87;237;1;5;0;0;38;35;25;25;76;9;0
557;274;434;2025-09-13;NC;0;0;0;1;51;31,5;0;2;7;2;7;0;0;0;0;0;0;1;1;2;0;0
557;434;274;2025-09-13;NC;0;0;0;1;51;30,1;0;3;10;3;10;0;0;0;0;0;1;0;2;3;0;0
558;245;275;2025-09-13;W;1;0;0;0;647;27,4;0;42;95;77;131;2;2;0;1;198;34;1;7;29;0;13
558;275;245;2025-09-13;L;0;1;0;0;647;29,6;0;12;56;14;59;1;4;2;0;84;7;1;4;12;0;0
559;485;517;2025-09-13;L;0;1;0;0;900;19,7;0;37;117;43;123;0;3;0;0;19;29;7;1;35;2;0
559;517;485;2025-09-13;W;1;0;0;0;900;36,5;0;45;166;60;185;0;5;1;0;105;31;6;8;43;2;0
560;57;643;2025-09-13;W;1;0;0;0;267;24,1;1;39;68;42;71;1;3;0;0;63;29;8;2;23;6;10
560;643;57;2025-09-13;L;0;1;0;0;267;27,8;0;10;36;10;36;1;4;0;0;62;7;3;0;7;3;0
561;523;644;2025-09-06;L;0;1;0;0;1500;32,6;0;66;166;89;190;0;5;0;0;80;39;14;13;59;7;0
561;644;523;2025-09-06;W;1;0;0;0;1500;29,5;0;81;162;89;170;0;0;0;0;29;53;14;14;79;2;0
562;4;253;2025-09-06;L;0;1;0;0;476;29,2;0;5;17;6;18;0;0;0;0;34;4;1;0;5;0;0
562;253;4;2025-09-06;W;1;0;0;0;476;29,7;0;17;38;37;61;3;10;1;0;278;9;8;0;9;3;5
563;68;645;2025-09-06;W;1;0;0;0;300;31,6;0;22;36;29;44;0;0;0;0;110;18;0;4;10;0;12
563;645;68;2025-09-06;L;0;1;0;0;300;37,8;0;6;14;30;39;0;2;0;0;45;0;2;4;5;1;0
564;112;514;2025-09-06;W;1;0;0;0;498;30,4;1;57;136;67;147;2;2;1;0;221;52;2;3;23;2;32
564;514;112;2025-09-06;L;0;1;0;0;498;29,8;1;38;99;40;101;0;1;0;0;21;26;8;4;34;0;4
565;54;646;2025-09-06;W;1;0;0;0;722;28,0;1;45;105;52;114;1;4;0;0;185;40;5;0;36;5;4
565;646;54;2025-09-06;L;0;1;0;0;722;30,0;0;33;135;48;156;0;0;0;0;0;27;6;0;23;10;0
566;402;482;2025-09-06;W;1;0;0;0;900;28,2;0;49;114;66;132;2;2;0;0;57;19;17;13;37;12;0
566;482;402;2025-09-06;L;0;1;0;0;900;27,3;0;34;96;54;116;2;6;0;0;276;14;16;4;27;7;0
567;67;225;2025-09-06;W;1;0;0;0;282;29,8;0;17;43;21;49;2;4;0;0;208;14;0;3;4;0;13
567;225;67;2025-09-06;L;0;1;0;0;282;29,0;0;5;14;11;22;0;0;0;0;3;2;1;2;5;0;0
568;184;546;2025-09-06;L;0;1;0;0;123;39,8;0;4;9;8;15;0;0;0;0;78;1;3;0;2;2;0
568;546;184;2025-09-06;W;1;0;0;0;123;35,1;1;13;28;15;30;0;0;0;0;8;13;0;0;9;0;4
569;136;510;2025-09-06;W;1;0;0;0;201;30,5;1;24;40;24;40;0;0;0;0;13;11;3;10;24;0;0
569;510;136;2025-09-06;L;0;1;0;0;201;30,9;0;8;23;8;23;0;0;0;0;0;6;0;2;8;0;0
570;222;647;2025-09-06;W;1;0;0;0;181;29,4;0;25;48;25;48;0;0;0;0;0;21;0;4;25;0;0
570;647;222;2025-09-06;L;0;1;0;0;181;30,5;0;18;38;18;38;0;0;0;0;0;9;3;6;18;0;0
571;412;515;2025-09-06;W;1;0;0;0;703;35,2;1;68;138;77;149;1;1;0;0;82;47;16;5;43;9;16
571;515;412;2025-09-06;L;0;1;0;0;703;37,7;0;42;102;50;111;1;3;0;0;82;17;8;17;41;1;0
572;648;649;2025-09-06;L;0;1;0;0;54;34,5;0;5;19;5;19;0;0;0;0;0;4;1;0;4;1;0
572;649;648;2025-09-06;W;1;0;0;0;54;33,9;0;23;42;23;42;0;0;0;0;4;19;3;1;15;8;0
573;385;521;2025-09-06;L;0;1;0;0;418;31,9;0;13;38;42;68;0;1;0;0;0;5;4;4;12;1;0
573;521;385;2025-09-06;W;1;0;0;0;418;33,2;0;21;46;55;84;2;3;1;0;329;19;2;0;4;3;14
574;350;464;2025-08-23;L;0;1;0;0;457;27,0;0;20;47;28;59;0;0;0;0;81;8;6;6;15;4;1
574;464;350;2025-08-23;W;1;0;0;0;457;33,4;1;50;67;51;70;0;2;0;0;80;36;1;13;15;2;33
575;423;650;2025-08-23;W;1;0;0;0;1500;36,1;0;124;227;153;262;3;6;0;0;235;77;21;26;100;7;17
575;650;423;2025-08-23;L;0;1;0;0;1500;34,5;0;55;174;100;225;0;2;0;0;8;30;20;5;54;0;1
576;33;351;2025-08-23;L;0;1;0;0;900;33,9;0;45;117;45;117;0;0;0;0;0;27;4;14;45;0;0
576;351;33;2025-08-23;W;1;0;0;0;900;33,3;0;61;133;63;136;0;3;0;0;8;35;12;14;60;1;0
577;86;94;2025-08-23;W;1;0;0;0;900;29,6;0;73;129;91;150;0;5;0;0;17;33;17;23;67;6;0
577;94;86;2025-08-23;L;0;1;0;0;900;27,7;0;16;44;23;51;0;5;0;0;209;7;5;4;10;6;0
578;651;652;2025-08-23;W;1;0;0;0;213;24,6;0;27;38;31;42;1;3;0;0;191;25;2;0;2;0;25
578;652;651;2025-08-23;L;0;1;0;0;213;35,4;0;2;3;11;12;0;1;0;0;8;1;1;0;2;0;0
579;125;653;2025-08-23;W;1;0;0;0;900;25,1;0;112;200;131;221;3;6;0;0;231;64;23;25;103;8;1
579;653;125;2025-08-23;L;0;1;0;0;900;25,7;0;66;150;79;166;0;7;0;0;12;42;12;12;60;6;0
580;143;258;2025-08-23;W;1;0;0;0;575;34,6;1;44;81;52;89;1;5;0;0;32;18;6;20;37;4;3
580;258;143;2025-08-23;L;0;1;0;0;575;26,2;0;59;120;60;121;1;2;1;1;59;32;21;6;53;6;0
581;46;654;2025-08-23;W;1;0;0;0;900;25,5;0;101;197;104;201;0;0;0;0;0;65;21;15;98;3;0
581;654;46;2025-08-23;L;0;1;0;0;900;33,7;0;75;226;77;228;2;12;0;0;62;43;30;2;71;4;0
582;280;329;2025-08-23;L;0;1;0;0;43;31,9;0;2;4;2;4;0;0;0;0;0;0;2;0;2;0;0
582;329;280;2025-08-23;W;1;0;0;0;43;32,5;1;5;8;7;12;0;0;0;0;7;5;0;0;1;0;4
583;564;655;2025-08-23;W;1;0;0;0;37;28,6;2;13;18;17;23;0;0;0;0;6;10;0;3;9;2;2
583;655;564;2025-08-23;L;0;1;0;0;37;36,6;0;0;2;0;2;0;0;0;0;0;0;0;0;0;0;0
584;97;513;2025-08-23;L;0;1;0;0;900;27,4;0;68;214;81;229;0;0;0;0;20;53;7;8;38;30;0
584;513;97;2025-08-23;W;1;0;0;0;900;29,7;0;58;110;66;120;0;6;0;0;7;44;10;4;47;11;0
585;167;656;2025-08-23;L;0;1;0;0;165;28,3;0;7;11;13;19;1;1;0;0;18;1;3;3;7;0;0
585;656;167;2025-08-23;W;1;0;0;0;165;31,0;1;2;9;3;10;0;0;2;1;70;1;0;1;2;0;0
586;230;387;2025-08-16;L;0;1;0;0;1500;31,6;0;13;29;45;68;1;1;1;0;53;10;2;1;10;0;3
586;387;230;2025-08-16;W;1;0;0;0;1500;31,3;0;37;47;529;567;12;17;0;0;1300;28;3;6;12;0;25
587;467;501;2025-08-16;L;0;1;0;0;201;28,9;0;13;29;13;30;2;3;0;0;121;7;5;1;7;3;3
587;501;467;2025-08-16;W;1;0;0;0;201;34,1;1;8;16;8;16;0;0;1;0;0;4;4;0;6;1;1
588;407;545;2025-08-16;W;1;0;0;0;299;32,0;1;32;60;32;60;0;0;0;0;0;17;8;7;32;0;0
588;545;407;2025-08-16;L;0;1;0;0;299;35,0;0;25;49;26;50;0;1;0;0;15;16;4;5;23;2;0
589;55;232;2025-08-16;W;1;0;0;0;900;38,4;0;29;55;36;64;0;1;0;0;1;19;8;2;27;2;0
589;232;55;2025-08-16;L;0;1;0;0;900;41,4;0;20;57;46;88;2;7;0;0;494;10;4;6;11;3;6
590;37;84;2025-08-16;W;1;0;0;0;579;38,6;0;27;71;42;88;2;3;2;0;114;18;2;7;26;0;1
590;84;37;2025-08-16;L;0;1;0;0;579;31,8;0;21;87;38;104;0;0;0;0;1;17;3;1;21;0;0
591;288;403;2025-08-16;L;0;1;0;0;421;27,9;0;22;56;24;58;0;1;0;0;17;17;5;0;18;4;0
591;403;288;2025-08-16;W;1;0;0;0;421;24,6;0;36;62;59;89;2;7;1;0;199;23;7;6;22;2;12
592;286;415;2025-08-16;W;1;0;0;0;183;30,5;1;23;51;23;51;0;0;0;0;22;18;5;0;11;0;12
592;415;286;2025-08-16;L;0;1;0;0;183;37,7;0;3;16;3;16;0;3;0;0;0;2;0;1;3;0;0
593;471;657;2025-08-16;W;1;0;0;0;900;31,9;0;107;213;119;226;1;14;0;0;93;91;12;4;94;11;2
593;657;471;2025-08-16;L;0;1;0;0;900;33,9;0;90;287;97;297;0;1;0;0;17;58;21;11;87;3;0
594;234;427;2025-08-16;L;0;1;0;0;298;25,9;0;20;82;20;82;0;2;0;0;5;7;7;6;20;0;0
594;427;234;2025-08-16;W;1;0;0;0;298;32,9;1;17;38;18;39;0;0;0;0;2;14;3;0;13;0;4
595;43;139;2025-08-16;W;1;0;0;0;900;37,4;0;53;102;147;209;0;2;0;0;153;35;6;12;43;10;0
595;139;43;2025-08-16;L;0;1;0;0;900;39,6;0;71;120;73;122;0;0;0;0;230;26;32;13;57;14;0
596;250;449;2025-08-16;L;0;1;0;0;900;33,3;0;31;87;67;132;3;4;1;1;318;11;15;5;26;4;1
596;449;250;2025-08-16;W;1;0;0;0;900;31,7;0;26;70;90;154;1;3;2;1;143;11;9;6;22;4;0
597;28;551;2025-08-16;W;1;0;0;0;484;31,0;0;29;63;44;86;2;5;2;0;218;15;13;1;18;9;2
597;551;28;2025-08-16;L;0;1;0;0;484;30,8;0;28;56;50;82;0;1;0;1;64;9;17;2;22;6;0
598;105;110;2025-08-09;W;1;0;0;0;1065;31,8;0;91;152;120;187;9;11;1;0;468;67;6;18;48;13;30
598;110;105;2025-08-09;L;0;1;0;0;1065;37,1;0;36;107;39;110;0;1;0;0;45;25;4;7;34;2;0
599;209;550;2025-08-09;W;1;0;0;0;900;30,0;0;20;53;39;82;3;10;1;0;287;10;10;0;12;6;2
599;550;209;2025-08-09;L;0;1;0;0;900;33,6;0;35;74;47;89;1;2;0;1;69;20;4;11;29;1;5
600;360;658;2025-08-09;L;0;1;0;0;900;40,6;0;64;110;80;129;0;5;1;0;79;42;19;3;52;12;0
600;658;360;2025-08-09;W;1;0;0;0;900;23,6;0;72;151;100;187;3;7;0;0;337;56;12;4;57;11;4
601;303;307;2025-08-09;L;0;1;0;0;900;27,6;0;83;174;95;190;1;7;0;0;95;49;8;26;69;13;1
601;307;303;2025-08-09;W;1;0;0;0;900;35,1;0;64;182;74;193;3;5;0;0;102;52;6;6;62;2;0
602;173;296;2025-08-09;L;0;1;0;0;900;31,4;0;83;184;89;191;5;8;0;0;192;70;12;1;78;5;0
602;296;173;2025-08-09;W;1;0;0;0;900;25,9;0;95;233;109;249;0;3;2;1;56;49;27;19;87;8;0
603;233;516;2025-08-09;W;1;0;0;0;233;30,0;1;24;43;27;46;0;0;0;0;39;9;3;12;20;3;1
603;516;233;2025-08-09;L;0;1;0;0;233;38,3;0;7;12;18;24;1;3;0;0;78;2;4;1;4;3;0
604;290;588;2025-08-09;W;1;0;0;0;900;26,1;1;44;62;96;120;6;10;0;0;706;26;9;9;18;4;22
604;588;290;2025-08-09;L;0;1;0;0;900;35,4;0;19;42;30;54;0;0;0;0;27;15;0;4;19;0;0
605;512;659;2025-08-09;W;1;0;0;0;250;22,9;0;37;46;61;74;0;0;0;1;229;35;2;0;1;0;36
605;659;512;2025-08-09;L;0;1;0;0;250;28,2;0;0;0;2;2;1;1;1;1;5;0;0;0;0;0;0
606;343;426;2025-08-09;L;0;1;0;0;144;37,0;0;18;50;18;50;0;0;0;0;0;15;1;2;18;0;0
606;426;343;2025-08-09;W;1;0;0;0;144;29,9;1;26;44;26;44;0;2;0;0;1;16;5;5;24;0;2
607;179;188;2025-08-09;W;1;0;0;0;63;32,3;1;5;9;6;10;0;0;0;0;1;4;1;0;3;1;1
607;188;179;2025-08-09;L;0;1;0;0;63;29,3;1;5;10;5;10;0;0;0;0;2;3;1;1;5;0;0
608;497;660;2025-08-09;W;1;0;0;0;900;32,0;0;59;114;59;114;0;0;0;0;0;38;15;6;58;1;0
608;660;497;2025-08-09;L;0;1;0;0;900;32,3;0;61;161;64;167;0;6;0;0;74;28;13;20;56;5;0
609;146;380;2025-08-09;W;1;0;0;0;900;35,3;0;26;72;54;102;0;0;0;0;192;18;7;1;16;10;0
609;380;146;2025-08-09;L;0;1;0;0;900;31,2;0;31;65;43;78;3;7;0;0;328;26;3;2;19;12;0
610;389;615;2025-08-02;W;1;0;0;0;366;25,5;1;7;11;13;20;4;5;1;0;281;6;0;1;4;0;3
610;615;389;2025-08-02;L;0;1;0;0;366;29,7;0;3;9;15;21;0;0;0;0;0;1;0;2;2;0;1
611;199;476;2025-08-02;L;0;1;0;0;900;32,8;0;114;267;123;278;2;6;0;0;83;88;7;19;104;10;0
611;476;199;2025-08-02;W;1;0;0;0;900;32,2;0;92;222;95;225;0;1;0;0;27;67;20;5;85;7;0
612;140;661;2025-08-02;W;1;0;0;0;900;29,3;0;122;281;123;284;0;0;0;0;62;86;23;13;114;0;8
612;661;140;2025-08-02;L;0;1;0;0;900;27,8;0;118;250;123;256;0;9;0;0;0;88;15;15;118;0;0
613;73;315;2025-08-02;L;0;1;0;0;900;35,7;0;27;47;75;98;0;0;0;0;0;15;4;8;17;10;0
613;315;73;2025-08-02;W;1;0;0;0;900;30,6;0;33;58;190;224;2;3;2;0;685;25;6;2;14;6;13
614;151;662;2025-08-02;W;1;0;0;0;579;38,0;0;42;67;80;113;2;3;0;0;79;38;4;0;19;3;20
614;662;151;2025-08-02;L;0;1;0;0;579;38,6;0;20;42;42;69;1;5;0;0;280;5;4;11;17;3;0
615;503;509;2025-08-02;L;0;1;0;0;900;28,5;0;69;164;73;168;1;9;0;0;22;51;12;6;68;1;0
615;509;503;2025-08-02;W;1;0;0;0;900;23,6;0;90;229;90;230;2;5;0;0;74;60;27;3;81;9;0
616;663;664;2025-08-02;W;1;0;0;0;62;30,4;1;12;19;12;19;0;0;0;0;2;6;4;2;8;0;4
616;664;663;2025-08-02;L;0;1;0;0;62;27,6;0;3;7;3;7;0;0;0;0;0;0;1;2;3;0;0
617;148;433;2025-08-02;L;0;1;0;0;900;31,1;0;41;114;50;125;0;0;0;0;2;22;4;15;41;0;0
617;433;148;2025-08-02;W;1;0;0;0;900;35,9;0;89;159;96;169;1;14;0;0;194;51;22;16;87;2;0
618;291;665;2025-08-02;W;1;0;0;0;391;27,9;1;23;31;30;38;0;0;0;0;2;15;8;0;12;9;2
618;665;291;2025-08-02;L;0;1;0;0;391;29,9;0;10;21;19;33;4;7;1;0;285;5;5;0;3;7;0
619;239;341;2025-08-02;W;1;0;0;0;219;23,8;0;2;7;48;67;1;1;1;0;173;2;0;0;2;0;0
619;341;239;2025-08-02;L;0;1;0;0;219;31,1;0;0;5;2;9;0;0;0;0;0;0;0;0;0;0;0
620;479;534;2025-08-02;W;1;0;0;0;900;29,0;0;33;70;128;204;5;9;0;0;642;22;5;6;25;1;7
620;534;479;2025-08-02;L;0;1;0;0;900;35,8;0;26;56;38;75;0;1;2;0;3;15;5;6;25;1;0
621;347;520;2025-08-02;L;0;1;0;0;900;31,0;0;56;103;86;139;0;3;0;0;101;29;10;17;48;8;0
621;520;347;2025-08-02;W;1;0;0;0;900;32,7;0;64;150;81;171;7;10;0;0;276;28;23;13;48;16;0
622;109;262;2025-07-26;W;1;0;0;0;1500;34,9;0;67;145;192;282;2;15;0;0;546;41;26;0;54;9;4
622;262;109;2025-07-26;L;0;1;0;0;1500;34,6;1;66;142;70;146;0;0;0;0;36;62;4;0;51;4;11
623;340;578;2025-07-26;L;0;1;0;0;900;35,2;0;64;170;66;173;0;4;0;0;30;44;8;12;62;2;0
623;578;340;2025-07-26;W;1;0;0;0;900;32,5;0;81;146;130;202;1;3;0;0;191;63;10;8;58;23;0
624;279;555;2025-07-26;W;1;0;0;0;900;31,2;0;93;142;103;153;0;1;0;0;57;42;27;24;58;30;5
624;555;279;2025-07-26;L;0;1;0;0;900;35,4;0;39;77;60;100;2;6;0;0;270;24;13;2;21;18;0
625;283;405;2025-07-26;W;1;0;0;0;900;31,5;0;22;42;55;90;7;16;2;0;566;12;5;5;13;3;6
625;405;283;2025-07-26;L;0;1;0;0;900;24,6;0;26;45;118;151;1;1;2;0;56;8;13;5;17;9;0
626;208;261;2025-07-26;W;1;0;0;0;258;32,9;1;23;43;28;48;0;0;0;0;17;20;1;2;11;0;12
626;261;208;2025-07-26;L;0;1;0;0;258;33,4;0;16;34;16;34;0;0;0;0;0;6;3;7;16;0;0
627;336;666;2025-07-26;W;1;0;0;0;900;30,8;0;13;20;39;51;3;9;0;1;584;3;7;3;5;8;0
627;666;336;2025-07-26;L;0;1;0;0;900;33,3;1;20;32;100;126;0;0;1;2;193;13;5;2;13;1;6
628;40;549;2025-07-26;W;1;0;0;0;42;41,1;1;3;9;3;9;0;0;0;0;0;1;1;1;3;0;0
628;549;40;2025-07-26;L;0;1;0;0;42;31,2;0;5;9;5;9;0;0;0;0;0;5;0;0;5;0;0
629;428;667;2025-07-26;W;1;0;0;0;900;39,6;0;66;130;66;133;0;0;0;0;19;17;27;22;65;1;0
629;667;428;2025-07-26;L;0;1;0;0;900;31,0;0;33;74;36;78;1;5;1;0;232;12;7;14;31;1;1
630;236;668;2025-07-26;W;1;0;0;0;479;30,4;0;34;76;82;140;1;4;0;0;251;23;6;5;20;4;10
630;668;236;2025-07-26;L;0;1;0;0;479;31,9;0;30;72;77;122;1;3;0;0;18;18;5;7;29;1;0
631;562;582;2025-07-26;W;1;0;0;0;900;30,2;0;35;68;35;68;0;3;0;0;0;18;17;0;35;0;0
631;582;562;2025-07-26;L;0;1;0;0;900;29,3;0;28;78;29;80;0;0;0;0;0;10;8;10;28;0;0
632;669;670;2025-07-26;L;0;1;0;0;600;31,2;0;57;151;60;154;0;4;0;0;5;41;14;2;57;0;0
632;670;669;2025-07-26;W;1;0;0;0;600;32,2;6;92;174;108;194;0;0;0;0;163;76;4;12;50;7;35
633;432;671;2025-07-26;L;0;1;0;0;900;35,5;0;24;60;80;140;1;11;0;1;305;14;10;0;16;6;2
633;671;432;2025-07-26;W;1;0;0;0;900;33,7;0;41;86;92;150;0;0;0;2;171;30;5;6;36;4;1
634;252;672;2025-07-19;W;1;0;0;0;1500;33,6;1;198;375;201;378;0;0;0;0;92;103;64;31;182;0;16
634;672;252;2025-07-19;L;0;1;0;0;1500;36,5;1;109;255;109;255;0;1;1;0;12;94;6;9;102;3;4
635;399;462;2025-07-19;L;0;1;0;0;900;33,2;0;48;104;48;104;0;0;0;0;0;29;14;5;48;0;0
635;462;399;2025-07-19;W;1;0;0;0;900;34,2;1;99;159;102;162;0;2;0;0;13;34;41;24;87;3;9
636;180;468;2025-07-19;W;1;0;0;0;900;38,5;2;77;149;111;189;0;1;0;0;214;49;13;15;54;6;17
636;468;180;2025-07-19;L;0;1;0;0;900;32,7;1;82;173;111;207;1;4;0;0;127;53;13;16;60;17;5
637;5;36;2025-07-19;W;1;0;0;0;900;38,0;0;55;97;71;114;5;9;0;0;164;42;9;4;42;9;4
637;36;5;2025-07-19;L;0;1;0;0;900;34,0;0;47;124;59;145;0;0;0;0;8;24;15;8;38;3;6
638;527;533;2025-07-19;W;1;0;0;0;900;39,1;1;80;195;81;196;0;1;0;0;22;27;42;11;77;0;3
638;533;527;2025-07-19;L;0;1;0;0;900;26,0;0;52;182;52;182;0;0;0;0;8;19;27;6;50;1;1
639;306;445;2025-07-19;W;1;0;0;0;900;29,6;1;96;232;102;238;1;4;0;0;140;52;26;18;79;5;12
639;445;306;2025-07-19;L;0;1;0;0;900;30,1;0;49;151;54;156;0;5;0;0;9;33;13;3;49;0;0
640;334;581;2025-07-19;W;1;0;0;0;900;29,6;0;111;224;119;233;3;4;0;0;87;86;18;7;100;4;7
640;581;334;2025-07-19;L;0;1;0;0;900;31,8;0;109;253;115;262;0;0;0;1;77;98;5;6;99;4;6
641;373;474;2025-07-19;W;1;0;0;0;900;35,6;0;56;105;84;133;2;6;0;1;153;32;21;3;34;15;7
641;474;373;2025-07-19;L;0;1;0;0;900;23,1;0;47;77;64;94;3;10;1;0;409;34;5;8;34;5;8
642;186;394;2025-07-19;L;0;1;0;0;70;30,3;0;2;5;2;5;0;0;0;0;0;1;0;1;2;0;0
642;394;186;2025-07-19;W;1;0;0;0;70;23,3;1;19;37;19;37;0;0;0;0;1;16;3;0;16;1;2
643;572;673;2025-07-19;L;0;1;0;0;246;36,5;0;14;27;16;29;0;3;0;0;59;5;2;7;13;1;0
643;673;572;2025-07-19;W;1;0;0;0;246;27,0;1;21;41;23;44;0;0;0;0;2;17;3;1;16;2;3
644;634;674;2025-07-19;W;1;0;0;0;282;29,4;0;5;18;11;27;3;6;2;0;138;5;0;0;4;0;1
644;674;634;2025-07-19;L;0;1;0;0;282;37,0;0;21;36;37;54;0;0;0;0;8;7;9;5;13;6;2
645;66;675;2025-07-19;W;1;0;0;0;167;33,9;0;8;19;8;19;1;1;2;0;134;8;0;0;2;0;6
645;675;66;2025-07-19;L;0;1;0;0;167;33,2;0;5;8;23;28;0;0;0;0;0;1;0;4;5;0;0
646;20;128;2025-07-19;W;1;0;0;0;215;32,7;0;7;9;9;11;1;1;1;0;67;4;1;2;6;0;1
646;128;20;2025-07-19;L;0;1;0;0;215;26,3;0;4;15;4;15;0;1;0;0;8;3;1;0;4;0;0
647;113;386;2025-07-19;W;1;0;0;0;690;26,4;1;109;225;117;235;0;0;0;0;78;85;24;0;96;10;3
647;386;113;2025-07-19;L;0;1;0;0;690;28,7;0;32;101;35;104;1;8;0;0;60;26;3;3;30;2;0
648;326;352;2025-07-12;W;1;0;0;0;35;40,4;1;9;17;10;21;0;0;0;0;12;8;1;0;2;1;6
648;352;326;2025-07-12;L;0;1;0;0;35;25,6;0;3;5;3;5;0;0;0;0;0;3;0;0;3;0;0
649;333;676;2025-07-12;W;1;0;0;0;900;27,9;0;40;72;55;93;5;14;0;0;329;12;5;23;34;6;0
649;676;333;2025-07-12;L;0;1;0;0;900;42,4;0;42;92;78;135;0;2;0;1;28;21;14;7;37;3;2
650;331;677;2025-07-12;W;1;0;0;0;900;33,1;1;85;250;85;250;0;0;0;0;3;52;23;10;85;0;0
650;677;331;2025-07-12;L;0;1;0;0;900;37,3;0;26;123;26;123;0;0;0;0;21;21;3;2;26;0;0
651;63;466;2025-07-12;W;1;0;0;0;627;29,7;1;67;131;67;131;2;5;0;0;63;41;12;14;64;2;1
651;466;63;2025-07-12;L;0;1;0;0;627;37,1;0;63;155;65;158;0;0;0;0;22;54;7;2;63;0;0
652;108;502;2025-07-12;W;1;0;0;0;256;27,9;0;3;6;17;22;1;1;2;0;183;2;0;1;1;0;2
652;502;108;2025-07-12;L;0;1;0;0;256;37,7;0;3;4;3;4;0;0;0;0;0;0;1;2;3;0;0
653;338;375;2025-07-12;L;0;1;0;0;565;28,8;0;24;38;25;39;0;0;0;1;27;21;3;0;6;10;8
653;375;338;2025-07-12;W;1;0;0;0;565;35,0;0;11;22;31;57;5;9;1;0;471;7;0;4;4;0;7
654;440;511;2025-07-12;L;0;1;0;0;900;39,6;0;59;178;63;185;0;0;0;0;63;38;14;7;58;1;0
654;511;440;2025-07-12;W;1;0;0;0;900;38,0;0;64;155;71;162;0;1;0;0;14;44;18;2;61;3;0
655;141;354;2025-07-12;L;0;1;0;0;69;36,5;0;5;10;5;10;0;0;0;0;0;0;3;2;4;1;0
655;354;141;2025-07-12;W;1;0;0;0;69;30,9;0;3;7;5;9;1;1;1;0;29;3;0;0;2;1;0
656;22;678;2025-07-12;W;1;0;0;0;900;31,4;0;64;235;74;248;2;3;0;0;182;52;1;11;64;0;0
656;678;22;2025-07-12;L;0;1;0;0;900;42,0;0;38;145;67;179;2;9;2;0;63;38;0;0;34;4;0
657;119;217;2025-07-12;L;0;1;0;0;54;33,1;0;0;0;0;0;0;0;0;0;3;0;0;0;0;0;0
657;217;119;2025-07-12;W;1;0;0;0;54;27,6;0;4;11;4;11;1;2;1;0;28;4;0;0;1;3;0
658;227;235;2025-07-12;W;1;0;0;0;548;32,8;1;47;77;58;94;1;2;2;0;262;29;15;3;44;0;3
658;235;227;2025-07-12;L;0;1;0;0;548;32,7;0;51;111;57;118;0;2;0;0;5;27;8;16;46;5;0
659;237;679;2025-07-12;W;1;0;0;0;756;25,0;1;92;181;95;187;0;2;0;0;40;57;26;9;75;12;5
659;679;237;2025-07-12;L;0;1;0;0;756;27,9;0;44;119;52;129;0;0;0;0;32;23;15;6;44;0;0
660;319;522;2025-06-28;W;1;0;0;0;147;28,4;1;21;29;24;32;0;0;0;0;61;17;3;1;18;0;3
660;522;319;2025-06-28;L;0;1;0;0;147;35,7;0;9;16;10;18;0;2;0;0;21;3;2;4;8;1;0
661;2;680;2025-06-28;W;1;0;0;0;715;35,2;0;42;76;70;107;3;6;2;0;440;28;10;4;40;0;2
661;680;2;2025-06-28;L;0;1;0;0;715;32,3;0;38;67;57;86;0;2;0;0;10;26;8;4;35;1;2
662;1;257;2025-06-28;W;1;0;0;0;900;23,7;1;204;305;209;311;0;0;0;0;9;138;37;29;181;20;3
662;257;1;2025-06-28;L;0;1;0;0;900;32,9;0;215;467;216;468;0;0;0;0;0;179;22;14;205;10;0
663;408;475;2025-06-28;W;1;0;0;0;900;36,1;0;56;107;77;131;5;5;0;0;353;30;10;16;47;4;5
663;475;408;2025-06-28;L;0;1;0;0;900;36,1;1;31;61;38;69;0;3;0;1;80;25;4;2;25;4;2
664;64;580;2025-06-28;L;0;1;0;0;900;27,1;0;26;58;37;70;3;15;0;0;203;17;6;3;21;3;2
664;580;64;2025-06-28;W;1;0;0;0;900;26,8;0;59;118;97;165;0;1;0;1;289;48;5;6;37;2;20
665;106;585;2025-06-28;W;1;0;0;0;261;33,4;1;18;63;18;63;0;0;0;0;3;11;6;1;18;0;0
665;585;106;2025-06-28;L;0;1;0;0;261;37,0;0;30;55;30;55;0;1;0;0;0;24;2;4;30;0;0
666;26;302;2025-06-28;W;1;0;0;0;26;27,2;1;9;11;9;11;0;1;0;0;2;7;2;0;4;2;3
666;302;26;2025-06-28;L;0;1;0;0;26;35,1;0;3;5;3;5;0;1;0;0;0;0;0;3;3;0;0
667;268;681;2025-06-28;W;1;0;0;0;900;31,5;0;65;103;102;143;3;5;1;1;497;53;8;4;24;2;39
667;681;268;2025-06-28;L;0;1;0;0;900;38,6;0;22;51;39;69;0;0;0;1;103;16;3;3;19;3;0
668;260;599;2025-06-28;W;1;0;0;0;55;30,8;0;1;2;1;2;1;1;2;0;47;1;0;0;0;0;1
668;599;260;2025-06-28;L;0;1;0;0;55;33,5;0;2;2;2;2;0;0;0;0;0;0;1;1;2;0;0
669;493;547;2025-06-28;L;0;1;0;0;543;35,7;0;34;61;46;76;0;2;0;0;0;19;4;11;27;3;4
669;547;493;2025-06-28;W;1;0;0;0;543;29,4;0;46;74;73;101;2;2;1;0;341;39;4;3;22;2;22
670;248;618;2025-06-28;L;0;1;0;0;900;33,7;0;82;259;83;260;1;10;0;0;5;56;21;5;80;2;0
670;618;248;2025-06-28;W;1;0;0;0;900;34,0;0;112;182;112;182;0;0;0;0;0;94;3;15;111;1;0
671;625;682;2025-06-21;W;1;0;0;0;1500;35,3;1;102;181;102;181;0;0;0;0;0;30;42;30;102;0;0
671;682;625;2025-06-21;L;0;1;0;0;1500;34,1;0;69;172;70;173;0;0;0;0;0;47;7;15;68;0;1
672;39;277;2025-06-21;L;0;1;0;0;900;27,8;0;50;147;62;165;0;2;0;0;73;23;13;14;47;3;0
672;277;39;2025-06-21;W;1;0;0;0;900;32,3;0;62;113;87;141;4;4;0;0;103;31;25;6;52;5;5
673;34;213;2025-06-21;W;1;0;0;0;900;34,3;0;56;95;101;143;2;15;0;0;321;34;3;19;44;12;0
673;213;34;2025-06-21;L;0;1;0;0;900;33,3;0;45;108;58;125;0;0;0;0;26;38;4;3;35;10;0
674;154;192;2025-06-21;W;1;0;0;0;275;27,4;0;2;7;15;25;3;5;1;0;220;2;0;0;1;0;1
674;192;154;2025-06-21;L;0;1;0;0;275;35,5;0;2;6;17;23;0;0;0;0;12;0;2;0;2;0;0
675;281;683;2025-06-21;W;1;0;0;0;557;31,1;1;93;150;102;161;0;1;0;0;89;60;25;8;58;33;2
675;683;281;2025-06-21;L;0;1;0;0;557;32,4;1;66;157;76;168;0;0;0;0;16;46;16;4;54;12;0
676;62;198;2025-06-21;W;1;0;0;0;900;30,9;0;18;54;70;119;1;3;1;0;173;11;3;4;16;2;0
676;198;62;2025-06-21;L;0;1;0;0;900;29,7;0;31;64;49;88;3;10;0;0;309;7;14;10;18;13;0
677;193;241;2025-06-21;L;0;1;0;0;900;27,5;0;10;31;19;40;0;2;0;0;104;2;6;2;9;1;0
677;241;193;2025-06-21;W;1;0;0;0;900;31,7;0;33;61;80;127;6;9;1;0;615;25;5;3;14;3;16
678;590;609;2025-06-21;L;0;1;0;0;900;28,8;0;76;153;84;164;1;2;0;0;85;44;25;7;67;8;1
678;609;590;2025-06-21;W;1;0;0;0;900;34,3;0;45;109;92;187;2;8;1;0;399;41;4;0;38;4;3
679;309;455;2025-06-21;L;0;1;0;0;900;33,9;0;64;148;77;165;3;6;0;0;175;43;12;9;61;3;0
679;455;309;2025-06-21;W;1;0;0;0;900;29,4;0;99;223;103;228;0;0;0;0;0;67;32;0;98;1;0
680;74;621;2025-06-21;W;1;0;0;0;900;26,5;0;101;181;156;248;1;2;0;0;135;63;21;17;93;5;3
680;621;74;2025-06-21;L;0;1;0;0;900;35,0;0;63;178;74;200;0;0;0;0;103;35;16;12;58;5;0
681;586;612;2025-06-21;W;1;0;0;0;900;33,9;0;68;118;78;134;0;8;1;0;222;56;11;1;57;11;0
681;612;586;2025-06-21;L;0;1;0;0;900;30,4;0;62;159;76;177;3;7;0;0;56;40;20;2;45;17;0
682;610;684;2025-06-21;L;0;1;0;0;900;32,4;0;55;123;55;124;0;1;0;0;2;34;10;11;55;0;0
682;684;610;2025-06-21;W;1;0;0;0;900;36,2;0;86;179;86;179;0;4;0;0;0;44;41;1;86;0;0
683;231;392;2025-06-14;W;1;0;0;0;1500;38,1;0;41;99;137;243;4;13;0;0;777;33;8;0;22;2;17
683;392;231;2025-06-14;L;0;1;0;0;1500;31,1;0;44;148;51;156;0;0;0;0;0;29;12;3;41;3;0
684;570;685;2025-06-14;W;1;0;0;0;900;33,0;1;25;86;46;118;2;4;0;0;393;22;3;0;23;1;1
684;685;570;2025-06-14;L;0;1;0;0;900;28,0;0;25;74;52;108;0;2;1;1;108;14;5;6;25;0;0
685;19;381;2025-06-14;W;1;0;0;0;900;27,6;1;53;136;58;142;0;1;0;0;15;37;11;5;50;0;3
685;381;19;2025-06-14;L;0;1;0;0;900;34,0;0;34;84;34;84;2;6;0;0;23;15;13;6;33;1;0
686;264;431;2025-06-14;L;0;1;0;0;900;33,9;0;28;94;45;111;0;7;0;1;46;23;3;2;22;6;0
686;431;264;2025-06-14;W;1;0;0;0;900;38,1;0;37;85;43;93;1;11;0;0;146;31;0;6;33;4;0
687;137;380;2025-06-14;D;0;0;1;0;636;27,7;0;25;73;25;73;0;0;0;0;7;17;3;5;18;0;7
687;380;137;2025-06-14;D;0;0;1;0;636;31,1;0;30;67;30;67;0;0;0;0;1;18;2;10;29;1;0
688;9;67;2025-06-14;W;1;0;0;0;900;37,7;0;29;86;34;91;0;0;0;0;0;17;6;6;29;0;0
688;67;9;2025-06-14;L;0;1;0;0;900;29,6;0;34;96;37;99;1;5;0;0;253;16;9;9;34;0;0
689;532;645;2025-06-14;NC;0;0;0;1;299;29,4;0;10;20;16;27;1;1;0;0;55;2;2;6;9;0;1
689;645;532;2025-06-14;NC;0;0;0;1;299;37,5;0;17;27;40;52;0;6;0;0;34;7;10;0;14;2;1
690;492;686;2025-06-14;W;1;0;0;0;900;37,5;0;72;160;81;169;0;2;0;0;92;47;25;0;52;20;0
690;686;492;2025-06-14;L;0;1;0;0;900;40,5;0;39;145;51;158;0;6;0;0;45;9;16;14;36;3;0
691;368;541;2025-06-14;W;1;0;0;0;157;31,0;1;25;39;25;39;0;0;0;0;8;11;9;5;22;3;0
691;541;368;2025-06-14;L;0;1;0;0;157;32,8;0;6;27;7;28;0;1;0;0;0;3;1;2;6;0;0
692;276;405;2025-06-14;L;0;1;0;0;311;34,2;0;9;41;12;47;2;4;0;0;102;6;1;2;8;0;1
692;405;276;2025-06-14;W;1;0;0;0;311;24,5;1;30;79;52;107;0;0;0;0;13;18;7;5;24;3;3
693;353;498;2025-06-14;L;0;1;0;0;900;27,7;0;29;99;33;104;0;0;0;0;2;23;5;1;25;4;0
693;498;353;2025-06-14;W;1;0;0;0;900;32,8;0;34;74;50;94;3;10;0;0;553;22;4;8;28;4;2
694;552;687;2025-06-14;W;1;0;0;0;843;34,9;1;85;166;103;187;0;0;0;0;10;73;9;3;71;14;0
694;687;552;2025-06-14;L;0;1;0;0;843;32,2;1;65;106;130;180;3;7;0;0;373;32;13;20;47;10;8
695;456;688;2025-06-14;W;1;0;0;0;900;35,2;0;101;167;115;183;2;3;0;0;154;64;24;13;90;8;3
695;688;456;2025-06-14;L;0;1;0;0;900;36,7;0;36;119;44;131;0;5;0;0;67;15;17;4;30;6;0
696;323;577;2025-06-07;L;0;1;0;0;882;30,6;0;31;57;38;65;0;0;0;0;0;14;15;2;30;1;0
696;577;323;2025-06-07;W;1;0;0;0;882;34,4;0;52;115;141;215;5;12;1;0;389;33;13;6;29;8;15
697;689;690;2025-06-07;L;0;1;0;0;595;35,8;0;9;30;15;37;0;1;0;0;0;8;1;0;5;0;4
697;690;689;2025-06-07;W;1;0;0;0;595;34,9;0;30;54;59;88;2;3;1;0;365;17;9;4;15;6;9
698;472;490;2025-06-07;L;0;1;0;0;900;33,6;0;33;99;34;100;0;1;0;0;27;13;11;9;32;1;0
698;490;472;2025-06-07;W;1;0;0;0;900;28,7;2;57;114;58;115;1;2;0;0;31;44;12;1;51;3;3
699;256;627;2025-06-07;W;1;0;0;0;900;31,9;0;173;302;173;302;0;0;0;0;0;96;58;19;172;1;0
699;627;256;2025-06-07;L;0;1;0;0;900;31,8;0;122;304;122;304;0;1;0;0;0;92;14;16;118;4;0
700;147;468;2025-06-07;L;0;1;0;0;363;33,5;0;24;46;24;46;0;1;0;0;0;14;3;7;24;0;0
700;468;147;2025-06-07;W;1;0;0;0;363;32,6;0;40;74;44;78;1;1;1;0;13;25;5;10;26;14;0
701;1;342;2025-06-07;W;1;0;0;0;841;23,7;3;125;217;149;241;0;0;0;0;61;108;11;6;97;4;24
701;342;1;2025-06-07;L;0;1;0;0;841;35,2;0;76;149;77;150;1;6;0;0;9;37;13;26;73;3;0
702;225;461;2025-06-07;L;0;1;0;0;205;28,7;0;8;22;8;22;0;0;0;0;0;3;2;3;8;0;0
702;461;225;2025-06-07;W;1;0;0;0;205;36,2;1;27;36;29;38;0;0;0;0;27;23;4;0;7;0;20
703;33;107;2025-06-07;W;1;0;0;0;900;33,7;0;110;235;111;236;0;0;0;0;0;76;16;18;105;5;0
703;107;33;2025-06-07;L;0;1;0;0;900;30,4;0;48;119;53;124;2;6;0;0;145;39;4;5;45;3;0
704;374;648;2025-06-07;L;0;1;0;0;900;31,2;0;39;74;95;134;0;0;0;0;137;29;10;0;26;13;0
704;648;374;2025-06-07;W;1;0;0;0;900;34,3;0;98;128;151;185;8;14;0;0;574;67;21;10;27;52;19
705;269;691;2025-06-07;W;1;0;0;0;900;33,1;1;143;222;147;226;0;0;0;0;16;75;28;40;127;13;3
705;691;269;2025-06-07;L;0;1;0;0;900;31,4;0;63;176;65;178;0;4;0;0;3;31;20;12;55;8;0
706;16;692;2025-06-07;W;1;0;0;0;28;31,4;1;6;8;6;8;0;0;0;0;0;4;0;2;5;0;1
706;692;16;2025-06-07;L;0;1;0;0;28;30,4;0;2;4;2;4;0;0;0;0;0;2;0;0;2;0;0
707;156;693;2025-06-07;W;1;0;0;0;900;25,4;0;79;124;89;135;8;23;0;0;455;54;18;7;51;15;13
707;693;156;2025-06-07;L;0;1;0;0;900;30,2;0;41;78;65;106;0;6;0;1;128;31;7;3;22;14;5
708;111;694;2025-06-07;W;1;0;0;0;900;28,5;1;110;165;115;170;0;0;0;0;38;63;16;31;94;10;6
708;694;111;2025-06-07;L;0;1;0;0;900;29,6;0;58;114;64;120;2;11;0;0;279;48;7;3;54;2;2
709;155;191;2025-05-31;W;1;0;0;0;900;34,5;0;65;110;142;224;6;11;0;0;525;53;7;5;38;3;24
709;191;155;2025-05-31;L;0;1;0;0;900;30,3;0;24;74;85;145;0;0;0;0;23;10;13;1;23;1;0
710;152;163;2025-05-31;W;1;0;0;0;196;32,5;0;1;1;9;10;2;3;1;0;102;0;1;0;0;1;0
710;163;152;2025-05-31;L;0;1;0;0;196;27,0;0;1;3;2;4;0;1;0;0;59;0;1;0;0;1;0
711;168;219;2025-05-31;L;0;1;0;0;110;32,1;0;3;9;5;12;0;0;0;0;0;1;1;1;2;1;0
711;219;168;2025-05-31;W;1;0;0;0;110;37,2;1;17;29;17;30;0;0;0;0;30;16;0;1;11;6;0
712;378;539;2025-05-31;W;1;0;0;0;900;33,8;0;28;64;106;174;0;1;0;0;606;25;3;0;15;5;8
712;539;378;2025-05-31;L;0;1;0;0;900;33,8;0;22;43;52;77;0;4;0;0;33;8;6;8;20;2;0
713;185;274;2025-05-31;L;0;1;0;0;900;31,0;0;35;65;73;109;4;13;1;1;330;22;8;5;22;6;7
713;274;185;2025-05-31;W;1;0;0;0;900;31,2;0;50;108;73;135;2;3;0;0;79;21;20;9;43;7;0
714;310;437;2025-05-31;W;1;0;0;0;900;33,7;0;12;24;30;58;1;6;1;2;423;3;4;5;9;1;2
714;437;310;2025-05-31;L;0;1;0;0;900;32,1;0;14;30;40;63;4;7;1;0;380;7;7;0;6;6;2
715;345;695;2025-05-31;W;1;0;0;0;99;30,0;0;1;1;2;3;3;4;1;0;87;1;0;0;1;0;0
715;695;345;2025-05-31;L;0;1;0;0;99;38,7;0;0;1;7;9;0;0;0;0;0;0;0;0;0;0;0
716;15;514;2025-05-31;L;0;1;0;0;900;24,7;0;118;309;118;309;0;0;0;0;0;92;19;7;117;1;0
716;514;15;2025-05-31;W;1;0;0;0;900;29,5;0;136;303;136;303;0;0;0;0;0;92;36;8;135;1;0
717;382;696;2025-05-31;W;1;0;0;0;900;33,1;0;154;352;159;359;1;1;0;1;32;115;28;11;150;4;0
717;696;382;2025-05-31;L;0;1;0;0;900;30,0;0;78;225;79;227;1;6;0;0;30;67;6;5;75;3;0
718;443;595;2025-05-17;L;0;1;0;0;219;38,8;0;5;18;5;18;1;2;0;0;30;4;0;1;5;0;0
718;595;443;2025-05-17;W;1;0;0;0;219;25,9;2;33;56;35;58;0;0;0;0;10;31;0;2;25;2;6
719;583;697;2025-05-17;W;1;0;0;0;900;24,9;0;40;83;71;114;0;0;0;0;117;22;10;8;35;5;0
719;697;583;2025-05-17;L;0;1;0;0;900;32,0;0;36;86;60;115;1;3;0;0;122;9;9;18;35;1;0
720;56;138;2025-05-17;W;1;0;0;0;900;31,5;0;35;68;53;94;1;2;0;2;201;24;8;3;24;1;10
720;138;56;2025-05-17;L;0;1;0;0;900;33,5;0;21;37;41;62;2;5;2;0;311;5;4;12;19;1;1
721;366;494;2025-05-17;W;1;0;0;0;900;28,7;0;102;204;128;236;2;3;1;0;23;67;16;19;99;3;0
721;494;366;2025-05-17;L;0;1;0;0;900;35,8;0;69;173;85;202;3;10;0;0;214;42;18;9;55;13;1
722;282;698;2025-05-17;L;0;1;0;0;523;24,4;0;13;27;33;48;2;3;1;0;150;6;4;3;12;0;1
722;698;282;2025-05-17;W;1;0;0;0;523;32,0;0;12;27;36;57;0;0;1;0;132;4;3;5;10;1;1
723;398;450;2025-05-17;W;1;0;0;0;217;36,7;1;7;13;21;36;1;1;0;0;156;5;0;2;5;0;2
723;450;398;2025-05-17;L;0;1;0;0;217;30,2;0;5;9;11;16;0;0;0;0;0;3;0;2;5;0;0
724;160;699;2025-05-17;W;1;0;0;0;174;28,8;0;9;12;28;34;1;1;1;0;81;4;1;4;6;0;3
724;699;160;2025-05-17;L;0;1;0;0;174;33,0;0;3;10;3;10;0;0;0;0;0;0;0;3;3;0;0
725;316;617;2025-05-17;W;1;0;0;0;599;25,1;0;15;19;50;57;2;2;1;0;477;11;2;2;12;1;2
725;617;316;2025-05-17;L;0;1;0;0;599;34,2;0;6;34;7;35;0;1;0;0;0;3;1;2;6;0;0
726;82;130;2025-05-17;W;1;0;0;0;330;25,4;1;28;42;69;86;3;3;0;0;254;18;5;5;11;9;8
726;130;82;2025-05-17;L;0;1;0;0;330;32,4;0;11;21;35;47;0;0;0;0;0;5;4;2;10;1;0
727;615;700;2025-05-17;W;1;0;0;0;146;29,5;0;14;22;17;27;1;1;1;0;33;5;6;3;11;3;0
727;700;615;2025-05-17;L;0;1;0;0;146;31,6;0;4;17;4;17;0;0;0;0;0;2;0;2;4;0;0
728;601;701;2025-05-17;W;1;0;0;0;900;35,8;0;63;127;78;149;0;2;0;0;44;34;10;19;56;7;0
728;701;601;2025-05-17;L;0;1;0;0;900;32,5;0;40;110;46;118;5;10;0;0;102;23;5;12;33;7;0
729;332;406;2025-05-10;L;0;1;0;0;1500;36,8;0;132;318;155;349;3;9;0;0;201;119;11;2;116;14;2
729;406;332;2025-05-10;W;1;0;0;0;1500;28,7;0;178;342;200;364;0;3;0;0;40;113;47;18;167;11;0
730;31;593;2025-05-10;L;0;1;0;0;1500;35,2;0;71;160;150;239;1;12;0;0;427;29;35;7;40;29;2
730;593;31;2025-05-10;W;1;0;0;0;1500;37,2;1;72;149;173;251;2;9;0;0;112;48;7;17;62;7;3
731;324;702;2025-05-10;W;1;0;0;0;900;37,5;0;99;199;109;209;0;0;0;0;158;79;14;6;66;8;25
731;702;324;2025-05-10;L;0;1;0;0;900;38,7;1;68;167;71;170;0;1;0;0;2;48;13;7;67;0;1
732;32;569;2025-05-10;L;0;1;0;0;900;31,8;0;45;139;54;149;0;2;0;0;40;28;5;12;43;2;0
732;569;32;2025-05-10;W;1;0;0;0;900;28,3;0;65;164;74;173;0;0;0;0;15;42;9;14;64;1;0
733;200;253;2025-05-10;L;0;1;0;0;455;35,7;0;12;27;14;29;0;1;0;0;7;11;1;0;10;2;0
733;253;200;2025-05-10;W;1;0;0;0;455;29,4;0;54;70;77;103;3;5;2;0;332;36;11;7;24;22;8
734;444;473;2025-05-10;W;1;0;0;0;326;33,5;1;36;61;36;61;0;0;0;0;5;21;5;10;28;2;6
734;473;444;2025-05-10;L;0;1;0;0;326;34,8;0;10;33;10;33;0;0;0;0;0;9;0;1;9;1;0
735;448;657;2025-05-10;W;1;0;0;0;160;36,2;0;11;18;27;37;1;2;1;0;72;9;1;1;8;0;3
735;657;448;2025-05-10;L;0;1;0;0;160;33,6;0;4;8;4;8;0;0;0;0;0;0;0;4;4;0;0
736;68;301;2025-05-10;W;1;0;0;0;900;31,2;0;44;92;52;100;0;0;0;0;86;37;3;4;42;2;0
736;301;68;2025-05-10;L;0;1;0;0;900;31,4;0;58;130;121;194;0;4;0;0;141;18;16;24;47;11;0
737;182;376;2025-05-10;W;1;0;0;0;900;27,5;1;110;225;124;243;3;5;0;0;181;54;26;30;84;3;23
737;376;182;2025-05-10;L;0;1;0;0;900;33,5;0;36;100;63;129;0;3;0;0;101;28;7;1;36;0;0
738;555;703;2025-05-10;W;1;0;0;0;87;35,2;1;14;24;14;24;0;0;0;0;18;11;3;0;4;7;3
738;703;555;2025-05-10;L;0;1;0;0;87;35,8;0;6;12;6;12;0;1;0;0;0;4;2;0;1;5;0
739;367;704;2025-05-10;W;1;0;0;0;900;30,2;0;90;184;119;213;6;18;0;0;366;59;18;13;82;1;7
739;704;367;2025-05-10;L;0;1;0;0;900;29,5;0;68;150;107;190;0;0;0;0;0;40;16;12;65;3;0
740;295;705;2025-05-10;W;1;0;0;0;64;27,6;1;8;11;8;11;0;0;0;0;2;7;1;0;6;0;2
740;705;295;2025-05-10;L;0;1;0;0;64;33,4;0;1;4;1;4;0;0;0;0;0;1;0;0;1;0;0
741;255;349;2025-05-03;W;1;0;0;0;548;33,0;0;54;87;92;149;2;2;0;1;307;33;2;19;24;0;30
741;349;255;2025-05-03;L;0;1;0;0;548;37,4;0;6;9;8;11;2;5;0;1;31;4;0;2;4;2;0
742;109;328;2025-05-03;W;1;0;0;0;413;34,7;1;22;32;91;104;0;3;0;0;129;9;13;0;7;15;0
742;328;109;2025-05-03;L;0;1;0;0;413;29,3;0;8;21;24;40;1;1;0;0;144;2;4;2;3;5;0
743;180;221;2025-05-03;W;1;0;0;0;672;38,3;1;66;166;70;170;0;0;0;0;8;39;20;7;64;1;1
743;221;180;2025-05-03;L;0;1;0;0;672;38,6;0;49;111;50;115;1;8;0;0;44;31;6;12;49;0;0
744;430;602;2025-05-03;W;1;0;0;0;900;33,0;0;30;66;67;106;2;8;1;0;217;25;1;4;27;3;0
744;602;430;2025-05-03;L;0;1;0;0;900;32,2;0;17;32;24;43;3;7;0;0;345;5;5;7;13;3;1
745;353;706;2025-05-03;L;0;1;0;0;900;27,6;0;58;134;61;137;0;0;0;0;0;43;15;0;53;5;0
745;706;353;2025-05-03;W;1;0;0;0;900;28,8;0;55;132;66;149;5;12;1;0;252;30;15;10;49;6;0
746;112;393;2025-05-03;W;1;0;0;0;900;30,0;0;81;231;104;261;8;12;0;0;363;50;19;12;74;5;2
746;393;112;2025-05-03;L;0;1;0;0;900;38,9;0;42;108;54;126;0;0;0;0;11;19;7;16;41;1;0
747;629;707;2025-05-03;W;1;0;0;0;900;35,5;0;66;117;87;143;0;1;0;0;46;37;15;14;47;19;0
747;707;629;2025-05-03;L;0;1;0;0;900;38,7;0;40;115;108;204;1;7;0;0;305;25;8;7;29;8;3
748;486;591;2025-05-03;W;1;0;0;0;164;29,3;2;23;46;39;66;0;1;0;0;64;21;2;0;17;5;1
748;591;486;2025-05-03;L;0;1;0;0;164;33,9;0;13;25;15;27;0;4;0;0;13;6;7;0;6;7;0
749;134;708;2025-05-03;W;1;0;0;0;427;30,0;0;16;41;73;120;2;3;0;0;321;12;2;2;6;0;10
749;708;134;2025-05-03;L;0;1;0;0;427;38,0;0;4;17;7;20;0;0;1;0;0;3;1;0;4;0;0
750;312;640;2025-05-03;L;0;1;0;0;414;32,6;0;5;20;8;23;0;0;0;0;0;1;1;3;5;0;0
750;640;312;2025-05-03;W;1;0;0;0;414;33,5;0;10;14;33;38;4;7;1;0;346;9;1;0;10;0;0
751;218;709;2025-05-03;W;1;0;0;0;900;30,1;0;28;51;105;166;9;9;1;0;829;28;0;0;1;1;26
751;709;218;2025-05-03;L;0;1;0;0;900;33,3;0;3;11;13;23;0;0;0;0;0;1;2;0;3;0;0
752;175;710;2025-05-03;W;1;0;0;0;900;29,0;0;22;55;54;101;3;9;0;0;490;11;8;3;16;1;5
752;710;175;2025-05-03;L;0;1;0;0;900;30,9;0;25;53;57;87;1;5;0;0;167;8;9;8;25;0;0
753;132;407;2025-04-26;W;1;0;0;0;1500;27,4;0;126;242;141;259;4;19;0;0;189;86;17;23;120;2;4
753;407;132;2025-04-26;L;0;1;0;0;1500;31,7;0;63;129;64;132;0;0;0;0;106;38;16;9;50;1;12
754;350;711;2025-04-26;W;1;0;0;0;243;26,7;0;63;81;76;97;0;0;0;0;88;42;6;15;35;3;25
754;711;350;2025-04-26;L;0;1;0;0;243;36,8;0;10;21;11;22;0;1;0;0;16;8;2;0;10;0;0
755;23;603;2025-04-26;L;0;1;0;0;900;36,7;0;43;91;71;127;0;0;0;0;0;23;8;12;40;2;1
755;603;23;2025-04-26;W;1;0;0;0;900;30,9;0;49;87;72;127;3;3;0;0;375;29;1;19;38;1;10
756;280;285;2025-04-26;L;0;1;0;0;900;31,6;0;73;168;74;169;0;0;0;0;24;27;27;19;72;1;0
756;285;280;2025-04-26;W;1;0;0;0;900;34,6;0;78;134;83;140;1;4;0;0;61;53;19;6;72;3;3
757;469;587;2025-04-26;W;1;0;0;0;399;34,8;1;54;114;58;118;0;0;0;0;3;45;5;4;54;0;0
757;587;469;2025-04-26;L;0;1;0;0;399;40,4;1;26;74;40;90;0;0;0;0;82;12;1;13;25;0;1
758;284;628;2025-04-26;W;1;0;0;0;294;32,4;1;44;68;55;80;0;0;0;0;32;26;10;8;25;1;18
758;628;284;2025-04-26;L;0;1;0;0;294;35,2;0;16;36;16;36;0;1;0;0;0;6;6;4;16;0;0
759;339;712;2025-04-26;W;1;0;0;0;900;35,3;0;35;61;88;117;0;0;3;1;233;33;1;1;12;4;19
759;712;339;2025-04-26;L;0;1;0;0;900;34,6;0;12;20;48;60;5;7;1;1;508;8;0;4;8;2;2
760;125;713;2025-04-26;L;0;1;0;0;900;24,8;0;81;183;81;183;0;1;0;0;2;33;33;15;81;0;0
760;713;125;2025-04-26;W;1;0;0;0;900;28,0;0;115;210;115;210;0;3;0;0;16;47;45;23;115;0;0
761;457;630;2025-04-26;L;0;1;0;0;900;33,4;0;41;77;76;118;1;1;0;0;290;16;8;17;36;5;0
761;630;457;2025-04-26;W;1;0;0;0;900;34,0;1;46;85;65;112;0;2;0;0;39;20;5;21;44;0;2
762;667;714;2025-04-26;W;1;0;0;0;900;30,7;0;125;273;127;275;0;0;0;0;0;75;37;13;123;2;0
762;714;667;2025-04-26;L;0;1;0;0;900;33,4;0;61;190;61;191;0;1;0;0;18;34;19;8;60;1;0
763;368;715;2025-04-26;W;1;0;0;0;119;30,9;1;6;12;6;12;0;0;0;0;1;1;4;1;6;0;0
763;715;368;2025-04-26;L;0;1;0;0;119;24,3;0;9;18;9;18;0;0;0;0;0;1;1;7;9;0;0
764;364;383;2025-04-26;W;1;0;0;0;409;29,8;0;6;8;29;43;2;2;1;0;394;5;0;1;1;0;5
764;383;364;2025-04-26;L;0;1;0;0;409;32,9;0;0;6;23;31;0;0;0;0;0;0;0;0;0;0;0
765;371;716;2025-04-26;W;1;0;0;0;535;26,2;1;33;64;35;66;1;4;0;0;12;25;6;2;29;3;1
765;716;371;2025-04-26;L;0;1;0;0;535;25,2;0;35;67;45;79;0;3;0;0;139;5;19;11;29;6;0
766;344;426;2025-04-26;L;0;1;0;0;151;34,4;0;10;23;11;24;0;0;0;0;0;6;2;2;9;1;0
766;426;344;2025-04-26;W;1;0;0;0;151;29,6;0;30;42;35;47;1;1;0;0;49;14;3;13;27;1;2
767;330;560;2025-04-12;L;0;1;0;0;1500;30,3;1;63;194;71;203;0;0;0;0;5;49;7;7;59;3;1
767;560;330;2025-04-12;W;1;0;0;0;1500;36,5;0;158;259;165;266;1;11;0;0;78;136;8;14;142;7;9
768;254;327;2025-04-12;W;1;0;0;0;787;30,3;0;80;143;121;197;1;2;0;1;281;61;4;15;43;4;33
768;327;254;2025-04-12;L;0;1;0;0;787;39,0;0;11;28;20;39;4;7;0;0;164;6;3;2;10;0;1
769;5;717;2025-04-12;L;0;1;0;0;900;37,8;0;17;50;23;60;1;4;1;0;63;8;2;7;17;0;0
769;717;5;2025-04-12;W;1;0;0;0;900;32,5;1;70;122;97;157;1;1;0;0;103;38;18;14;43;2;25
770;25;336;2025-04-12;W;1;0;0;0;532;28,3;1;27;63;29;65;0;0;3;0;19;11;13;3;23;3;1
770;336;25;2025-04-12;L;0;1;0;0;532;30,5;0;36;64;37;66;1;14;0;0;103;7;8;21;35;1;0
771;261;463;2025-04-12;L;0;1;0;0;144;33,1;0;4;22;4;22;0;0;0;0;0;3;1;0;4;0;0
771;463;261;2025-04-12;W;1;0;0;0;144;35,3;1;8;17;8;17;0;0;0;0;2;5;1;2;6;0;2
772;36;96;2025-04-12;W;1;0;0;0;672;33,7;0;44;107;53;116;0;2;0;0;33;28;11;5;41;3;0
772;96;36;2025-04-12;L;0;1;0;0;672;32,8;0;51;115;57;121;0;1;0;0;10;36;7;8;51;0;0
773;81;477;2025-04-12;L;0;1;0;0;900;35,8;0;17;44;64;103;0;0;0;1;27;13;3;1;12;0;5
773;477;81;2025-04-12;W;1;0;0;0;900;36,9;0;11;20;96;131;3;11;3;1;599;11;0;0;8;0;3
774;234;397;2025-04-12;W;1;0;0;0;900;25,6;0;21;44;59;94;8;14;1;0;608;13;7;1;18;1;2
774;397;234;2025-04-12;L;0;1;0;0;900;41,6;0;13;35;22;45;1;1;2;0;99;11;1;1;7;1;5
775;159;494;2025-04-12;L;0;1;0;0;255;40,9;0;13;31;18;45;1;7;0;0;48;11;1;1;12;0;1
775;494;159;2025-04-12;W;1;0;0;0;255;35,7;0;54;73;69;92;0;0;0;0;48;52;0;2;22;11;21
776;286;434;2025-04-12;W;1;0;0;0;169;30,1;1;34;57;34;59;0;0;0;0;18;27;7;0;13;0;21
776;434;286;2025-04-12;L;0;1;0;0;169;29,7;0;3;26;3;26;0;0;0;0;0;0;2;1;3;0;0
777;86;311;2025-04-12;W;1;0;0;0;900;29,2;0;45;114;78;150;0;0;0;0;0;25;5;15;39;6;0
777;311;86;2025-04-12;L;0;1;0;0;900;26,5;0;9;26;13;30;6;19;0;0;258;8;0;1;8;1;0
778;148;400;2025-04-12;L;0;1;0;0;496;30,8;0;17;60;17;60;0;0;0;0;6;10;3;4;17;0;0
778;400;148;2025-04-12;W;1;0;0;0;496;30,8;2;127;175;140;195;0;0;0;0;43;74;40;13;118;4;5
779;73;202;2025-04-12;W;1;0;0;0;412;35,3;0;8;12;24;32;0;0;1;0;93;5;1;2;5;3;0
779;202;73;2025-04-12;L;0;1;0;0;412;33,2;0;3;7;19;28;1;2;0;0;264;2;1;0;2;0;1
780;501;508;2025-04-05;W;1;0;0;0;1500;33,7;0;84;157;117;195;0;0;0;0;6;37;17;30;75;9;0
780;508;501;2025-04-05;L;0;1;0;0;1500;40,1;0;41;143;44;149;4;11;0;0;219;29;6;6;40;1;0
781;24;401;2025-04-05;L;0;1;0;0;900;30,1;0;3;9;27;46;0;0;1;0;0;2;1;0;3;0;0
781;401;24;2025-04-05;W;1;0;0;0;900;34,4;0;24;31;135;158;4;5;1;0;827;22;2;0;2;1;21
782;606;718;2025-04-05;W;1;0;0;0;528;30,9;0;44;74;116;179;2;4;1;3;338;42;2;0;7;0;37
782;718;606;2025-04-05;L;0;1;0;0;528;31,2;0;11;24;14;27;2;3;0;1;128;7;1;3;11;0;0
783;415;515;2025-04-05;L;0;1;0;0;900;37,3;0;38;83;51;97;0;8;0;0;284;27;7;4;36;2;0
783;515;415;2025-04-05;W;1;0;0;0;900;37,3;0;47;109;56;118;0;0;0;0;1;29;12;6;45;2;0
784;359;550;2025-04-05;L;0;1;0;0;414;31,4;0;12;34;26;49;1;4;0;0;137;3;0;9;11;1;0
784;550;359;2025-04-05;W;1;0;0;0;414;33,2;1;18;43;22;50;0;0;0;0;7;11;6;1;14;0;4
785;186;563;2025-04-05;L;0;1;0;0;900;30,0;0;23;39;93;126;0;0;0;1;16;18;4;1;5;12;6
785;563;186;2025-04-05;W;1;0;0;0;900;26,4;0;4;8;17;35;8;17;0;0;796;2;2;0;1;0;3
786;250;719;2025-04-05;W;1;0;0;0;253;32,9;0;27;50;35;58;1;1;1;0;58;23;2;2;25;2;0
786;719;250;2025-04-05;L;0;1;0;0;253;28,8;0;20;69;23;72;0;0;0;0;0;6;6;8;20;0;0
787;605;646;2025-04-05;L;0;1;0;0;300;31,0;0;43;117;50;124;0;0;0;0;0;31;3;9;37;6;0
787;646;605;2025-04-05;W;1;0;0;0;300;29,6;3;43;111;59;133;0;0;0;0;70;33;6;4;38;3;2
788;363;720;2025-04-05;W;1;0;0;0;900;29,2;0;32;76;111;170;3;5;0;0;274;12;13;7;28;4;0
788;720;363;2025-04-05;L;0;1;0;0;900;32,7;0;36;62;51;82;0;1;0;0;195;7;11;18;33;3;0
789;721;722;2025-04-05;W;1;0;0;0;900;37,9;1;73;151;139;227;2;3;0;3;250;44;21;8;57;9;7
789;722;721;2025-04-05;L;0;1;0;0;900;32,7;0;57;117;69;133;4;13;0;0;178;34;11;12;55;2;0
790;656;671;2025-04-05;L;0;1;0;0;900;30,7;0;36;141;45;154;0;2;0;0;20;19;6;11;32;4;0
790;671;656;2025-04-05;W;1;0;0;0;900;33,4;0;58;107;142;211;0;1;0;0;306;29;3;26;49;9;0
791;442;688;2025-04-05;W;1;0;0;0;900;34,5;0;45;75;107;150;4;5;1;0;758;39;4;2;13;1;31
791;688;442;2025-04-05;L;0;1;0;0;900;36,5;0;10;34;34;63;0;0;0;0;2;9;1;0;9;0;1
792;27;209;2025-03-29;W;1;0;0;0;1500;31,3;0;89;176;95;182;1;5;0;0;85;59;18;12;87;2;0
792;209;27;2025-03-29;L;0;1;0;0;1500;29,7;0;116;279;119;282;0;0;0;0;0;90;11;15;115;1;0
793;278;526;2025-03-29;W;1;0;0;0;105;30,0;1;23;25;23;25;0;0;0;0;10;21;2;0;7;0;16
793;526;278;2025-03-29;L;0;1;0;0;105;36,4;0;3;9;3;9;0;0;0;0;0;2;0;1;3;0;0
794;38;723;2025-03-29;W;1;0;0;0;150;29,2;0;8;27;8;27;0;0;1;0;16;8;0;0;7;1;0
794;723;38;2025-03-29;L;0;1;0;0;150;33,8;0;6;13;6;13;0;0;0;0;0;1;0;5;6;0;0
795;417;525;2025-03-29;L;0;1;0;0;900;34,4;0;17;31;39;53;1;1;2;0;134;15;2;0;16;0;1
795;525;417;2025-03-29;W;1;0;0;0;900;20,5;0;20;39;26;46;4;8;0;0;578;12;5;3;16;0;4
796;35;624;2025-03-29;W;1;0;0;0;278;26,7;1;27;41;28;42;0;1;0;0;42;21;1;5;14;5;8
796;624;35;2025-03-29;L;0;1;0;0;278;33,9;0;7;24;7;24;0;0;0;0;0;3;3;1;7;0;0
797;94;724;2025-03-29;W;1;0;0;0;900;27,3;1;83;141;84;142;0;0;0;0;2;72;6;5;78;3;2
797;724;94;2025-03-29;L;0;1;0;0;900;25,9;0;64;151;64;151;1;5;0;0;57;31;11;22;63;1;0
798;394;537;2025-03-29;W;1;0;0;0;212;23,0;1;28;50;28;50;0;0;0;0;0;24;3;1;26;2;0
798;537;394;2025-03-29;L;0;1;0;0;212;33,9;0;17;33;17;33;0;0;0;0;0;6;6;5;17;0;0
799;303;366;2025-03-29;L;0;1;0;0;900;27,3;0;64;98;77;113;6;15;1;1;408;36;23;5;29;26;9
799;366;303;2025-03-29;W;1;0;0;0;900;28,5;0;65;105;159;208;1;2;1;3;293;39;19;7;19;17;29
800;102;471;2025-03-29;L;0;1;0;0;900;27,1;0;87;151;117;186;0;0;0;0;19;58;14;15;78;4;5
800;471;102;2025-03-29;W;1;0;0;0;900;31,6;0;84;150;114;184;5;11;0;0;450;71;9;4;75;7;2
801;45;725;2025-03-29;W;1;0;0;0;900;30,6;0;64;120;76;136;2;6;0;0;135;49;12;3;59;4;1
801;725;45;2025-03-29;L;0;1;0;0;900;42,3;0;79;182;88;191;0;3;0;0;1;32;27;20;74;4;1
802;117;726;2025-03-29;W;1;0;0;0;246;35,7;2;33;54;35;56;0;0;0;1;49;24;7;2;26;3;4
802;726;117;2025-03-29;L;0;1;0;0;246;35,0;0;18;35;20;37;2;4;1;0;85;10;5;3;16;2;0
803;111;654;2025-03-29;W;1;0;0;0;900;28,3;0;44;68;57;81;0;1;0;1;93;21;7;16;32;4;8
803;654;111;2025-03-29;L;0;1;0;0;900;33,3;0;26;65;62;121;2;9;1;0;454;16;6;4;22;3;1
804;391;596;2025-03-22;W;1;0;0;0;999;32,3;0;57;93;221;295;5;7;1;0;670;44;8;5;19;7;31
804;596;391;2025-03-22;L;0;1;0;0;999;33,6;0;23;35;23;35;0;1;0;0;15;10;11;2;11;12;0
805;181;460;2025-03-22;L;0;1;0;0;900;42,1;0;59;131;59;131;0;1;0;0;0;17;10;32;59;0;0
805;460;181;2025-03-22;W;1;0;0;0;900;34,4;0;75;157;75;157;0;1;0;0;8;19;6;50;74;1;0
806;468;727;2025-03-22;W;1;0;0;0;900;32,4;1;55;89;138;178;0;1;0;0;64;30;15;10;15;22;18
806;727;468;2025-03-22;L;0;1;0;0;900;36,6;0;15;24;30;44;3;10;1;0;569;10;4;1;2;7;6
807;162;728;2025-03-22;W;1;0;0;0;272;29,3;0;11;21;17;32;1;1;2;0;204;7;1;3;6;0;5
807;728;162;2025-03-22;L;0;1;0;0;272;34,9;0;9;21;14;28;0;0;0;0;0;6;2;1;4;0;5
808;476;729;2025-03-22;W;1;0;0;0;522;31,9;1;15;40;24;50;4;5;1;0;337;9;5;1;8;1;6
808;729;476;2025-03-22;L;0;1;0;0;522;29,1;0;16;26;22;32;1;2;0;0;12;13;1;2;12;2;2
809;63;69;2025-03-22;L;0;1;0;0;900;29,4;0;42;94;69;125;1;3;0;1;204;21;13;8;37;3;2
809;69;63;2025-03-22;W;1;0;0;0;900;31,9;1;72;119;89;136;0;0;1;0;60;42;5;25;62;3;7
810;121;447;2025-03-22;W;1;0;0;0;900;29,5;0;39;98;88;147;0;6;0;0;221;20;6;13;35;4;0
810;447;121;2025-03-22;L;0;1;0;0;900;36,9;0;38;122;59;143;0;1;0;0;1;19;10;9;37;1;0
811;258;730;2025-03-22;W;1;0;0;0;900;25,8;0;58;97;71;112;4;6;0;0;393;37;11;10;29;3;26
811;730;258;2025-03-22;L;0;1;0;0;900;24,5;0;51;104;92;147;0;3;1;0;56;28;9;14;28;4;19
812;184;731;2025-03-22;W;1;0;0;0;900;39,4;0;61;155;64;158;1;2;0;0;61;28;29;4;60;1;0
812;731;184;2025-03-22;L;0;1;0;0;900;29,5;0;60;145;102;192;1;1;0;0;223;47;1;12;49;2;9
813;233;291;2025-03-22;W;1;0;0;0;900;29,7;0;73;141;116;187;0;2;0;0;336;35;17;21;47;26;0
813;291;233;2025-03-22;L;0;1;0;0;900;27,5;0;18;55;36;78;0;4;0;0;109;8;7;3;14;4;0
814;385;732;2025-03-22;W;1;0;0;0;502;31,4;0;52;104;64;117;0;0;2;0;59;16;24;12;49;3;0
814;732;385;2025-03-22;L;0;1;0;0;502;31,3;1;36;72;38;74;0;0;0;0;67;22;10;4;27;2;7
815;664;733;2025-03-22;L;0;1;0;0;900;27,2;0;59;100;114;158;1;7;0;0;254;41;12;6;25;33;1
815;733;664;2025-03-22;W;1;0;0;0;900;28,8;0;30;84;65;128;6;12;0;0;358;22;7;1;24;6;0
816;136;734;2025-03-22;W;1;0;0;0;900;30,0;2;79;149;79;149;2;2;0;0;103;40;16;23;62;5;12
816;734;136;2025-03-22;L;0;1;0;0;900;33,2;0;29;71;36;81;0;5;0;0;5;16;10;3;23;6;0
817;110;581;2025-03-15;W;1;0;0;0;1500;36,7;0;141;338;141;340;0;1;0;0;15;85;20;36;137;4;0
817;581;110;2025-03-15;L;0;1;0;0;1500;31,5;0;111;220;112;221;0;0;0;0;0;72;8;31;110;1;0
818;141;662;2025-03-15;W;1;0;0;0;439;36,2;1;46;87;46;88;0;0;0;0;10;17;16;13;36;2;8
818;662;141;2025-03-15;L;0;1;0;0;439;38,3;0;17;49;19;54;1;5;0;0;74;5;2;10;13;4;0
819;427;695;2025-03-15;W;1;0;0;0;900;32,5;0;59;149;87;186;4;5;0;0;399;36;10;13;45;2;12
819;695;427;2025-03-15;L;0;1;0;0;900;38,5;0;71;171;106;215;0;0;1;0;32;39;21;11;63;8;0
820;228;667;2025-03-15;L;0;1;0;0;549;37,5;0;45;71;53;82;1;5;0;0;162;23;12;10;31;14;0
820;667;228;2025-03-15;W;1;0;0;0;549;30,6;0;13;39;46;74;0;1;3;1;212;11;2;0;11;2;0
821;167;225;2025-03-15;L;0;1;0;0;388;27,9;0;17;39;20;42;2;2;0;0;49;5;7;5;16;1;0
821;225;167;2025-03-15;W;1;0;0;0;388;28,5;1;28;58;29;60;0;1;1;1;14;13;5;10;28;0;0
822;509;735;2025-03-15;W;1;0;0;0;189;23,3;1;14;27;26;39;0;0;0;0;5;4;3;7;13;0;1
822;735;509;2025-03-15;L;0;1;0;0;189;32,4;0;16;44;16;44;0;0;0;0;0;4;1;11;16;0;0
823;33;66;2025-03-15;W;1;0;0;0;588;33,4;1;66;111;77;123;0;1;0;0;57;56;4;6;59;1;6
823;66;33;2025-03-15;L;0;1;0;0;588;33,6;0;23;86;24;87;0;2;0;0;5;11;5;7;22;1;0
824;513;736;2025-03-15;W;1;0;0;0;900;29,3;0;18;32;77;96;5;10;1;0;474;8;5;5;18;0;0
824;736;513;2025-03-15;L;0;1;0;0;900;30,5;0;16;52;19;55;0;0;1;0;0;11;1;4;16;0;0
825;638;737;2025-03-15;L;0;1;0;0;196;26,4;0;13;31;13;31;0;1;0;0;10;3;0;10;13;0;0
825;737;638;2025-03-15;W;1;0;0;0;196;37,4;1;16;24;18;26;0;2;2;0;14;3;3;10;16;0;0
826;206;521;2025-03-15;L;0;1;0;0;900;25,2;0;82;251;101;273;1;2;0;0;75;45;23;14;79;3;0
826;521;206;2025-03-15;W;1;0;0;0;900;32,7;0;76;152;146;233;3;8;1;0;261;43;15;18;69;3;4
827;92;384;2025-03-15;W;1;0;0;0;785;26,1;0;108;159;161;220;2;2;1;0;290;59;23;26;90;16;2
827;384;92;2025-03-15;L;0;1;0;0;785;36,3;0;33;79;34;80;1;5;0;0;17;21;8;4;32;1;0
828;343;738;2025-03-15;W;1;0;0;0;166;36,6;1;37;76;39;78;0;0;0;0;2;31;4;2;37;0;0
828;738;343;2025-03-15;L;0;1;0;0;166;31,2;0;31;67;31;67;0;1;0;0;0;17;7;7;31;0;0
829;113;346;2025-03-15;W;1;0;0;0;100;26,0;1;17;43;19;45;0;0;0;0;2;12;5;0;15;0;2
829;346;113;2025-03-15;L;0;1;0;0;100;28,7;0;14;41;14;41;0;0;0;0;0;8;0;6;14;0;0
830;207;321;2025-03-08;W;1;0;0;0;1500;32,8;0;94;180;127;224;0;12;0;0;342;36;30;28;75;19;0
830;321;207;2025-03-08;L;0;1;0;0;1500;37,7;0;76;137;97;159;0;1;0;0;0;11;17;48;69;7;0
831;277;320;2025-03-08;L;0;1;0;0;900;32,0;0;68;119;81;134;2;2;0;0;40;20;43;5;49;14;5
831;320;277;2025-03-08;W;1;0;0;0;900;36,3;1;72;134;98;163;0;3;0;0;92;56;9;7;41;26;5
832;39;135;2025-03-08;W;1;0;0;0;149;27,5;0;10;16;17;23;0;1;1;0;0;7;0;3;6;0;4
832;135;39;2025-03-08;L;0;1;0;0;149;29,8;0;7;20;11;25;0;0;0;0;103;4;2;1;5;0;2
833;161;658;2025-03-08;W;1;0;0;0;900;37,8;0;12;21;30;42;3;5;0;0;478;8;2;2;7;1;4
833;658;161;2025-03-08;L;0;1;0;0;900;23,2;0;4;16;40;56;1;1;0;0;244;2;2;0;1;2;1
834;4;259;2025-03-08;W;1;0;0;0;127;28,7;1;4;9;4;9;0;0;0;0;3;4;0;0;4;0;0
834;259;4;2025-03-08;L;0;1;0;0;127;38,5;0;4;15;4;15;0;0;0;0;0;1;1;2;4;0;0
835;1;93;2025-03-08;W;1;0;0;0;900;23,4;0;59;97;127;169;0;0;0;0;50;39;19;1;53;5;1
835;93;1;2025-03-08;L;0;1;0;0;900;22,7;0;32;84;47;104;4;21;0;0;229;28;2;2;32;0;0
836;20;739;2025-03-08;W;1;0;0;0;567;32,3;0;27;56;31;63;2;7;1;0;72;14;9;4;25;2;0
836;739;20;2025-03-08;L;0;1;0;0;567;34,3;0;46;83;47;84;0;0;0;0;0;19;7;20;46;0;0
837;549;556;2025-03-08;W;1;0;0;0;256;30,8;0;79;120;81;123;0;0;0;0;3;49;28;2;54;25;0
837;556;549;2025-03-08;L;0;1;0;0;256;34,6;0;40;95;41;96;0;1;0;0;20;32;4;4;35;5;0
838;438;583;2025-03-08;L;0;1;0;0;900;26,0;0;39;143;64;179;3;5;0;0;155;32;1;6;39;0;0
838;583;438;2025-03-08;W;1;0;0;0;900;24,7;0;58;129;78;154;0;1;0;0;2;29;14;15;57;1;0
839;18;42;2025-03-08;W;1;0;0;0;900;34,3;0;135;261;136;262;0;0;0;0;0;119;9;7;130;5;0
839;42;18;2025-03-08;L;0;1;0;0;900;27,6;0;131;345;134;348;1;3;0;0;26;115;8;8;130;0;1
840;283;299;2025-03-01;L;0;1;0;0;736;31,1;0;40;80;40;81;0;6;0;0;0;19;13;8;38;2;0
840;299;283;2025-03-01;W;1;0;0;0;736;31,3;0;61;115;62;119;0;1;0;0;29;47;11;3;46;9;6
841;380;740;2025-03-01;W;1;0;0;0;285;30,8;1;44;79;68;106;0;1;0;0;48;39;1;4;34;5;5
841;740;380;2025-03-01;L;0;1;0;0;285;34,8;0;37;73;53;96;0;0;1;0;30;31;5;1;24;13;0
842;122;140;2025-03-01;W;1;0;0;0;900;29,5;0;135;273;135;273;1;5;0;0;49;103;26;6;134;1;0
842;140;122;2025-03-01;L;0;1;0;0;900;28,8;0;147;433;149;436;0;0;0;0;0;120;17;10;147;0;0
843;302;402;2025-03-01;W;1;0;0;0;900;34,8;0;115;202;164;262;1;6;0;0;163;60;37;18;98;15;2
843;402;302;2025-03-01;L;0;1;0;0;900;27,7;0;101;187;116;205;0;3;0;0;82;60;27;14;90;11;0
844;222;616;2025-03-01;W;1;0;0;0;190;28,8;1;18;34;18;34;0;0;0;0;3;14;4;0;15;0;3
844;616;222;2025-03-01;L;0;1;0;0;190;29,6;0;15;30;15;30;0;0;0;0;0;10;2;3;15;0;0
845;65;502;2025-03-01;W;1;0;0;0;339;27,0;1;13;23;16;26;0;1;0;0;18;8;2;3;12;1;0
845;502;65;2025-03-01;L;0;1;0;0;339;37,3;1;32;63;36;75;0;1;0;0;53;17;13;2;31;1;0
846;598;619;2025-03-01;W;1;0;0;0;900;32,3;0;85;162;125;210;2;5;0;0;155;59;9;17;64;14;7
846;619;598;2025-03-01;L;0;1;0;0;900;29,6;0;37;91;37;91;1;4;0;0;28;17;14;6;32;5;0
847;503;620;2025-03-01;W;1;0;0;0;900;28,1;0;82;137;85;141;1;3;0;0;49;45;14;23;81;0;1
847;620;503;2025-03-01;L;0;1;0;0;900;34,1;0;74;240;78;244;0;1;0;0;17;49;14;11;73;1;0
848;49;741;2025-03-01;W;1;0;0;0;900;32,4;0;74;137;77;142;2;3;0;0;80;54;10;10;68;5;1
848;741;49;2025-03-01;L;0;1;0;0;900;36,0;0;53;175;66;192;1;4;1;0;46;13;25;15;52;1;0
849;143;210;2025-03-01;L;0;1;0;0;900;34,1;0;66;156;87;183;0;3;0;0;78;28;23;15;46;20;0
849;210;143;2025-03-01;W;1;0;0;0;900;28,1;0;55;139;59;146;1;2;0;0;23;42;13;0;46;9;0
850;80;579;2025-02-22;W;1;0;0;0;900;27,2;0;84;178;84;178;0;1;0;0;0;46;14;24;82;2;0
850;579;80;2025-02-22;L;0;1;0;0;900;38,0;0;67;133;67;133;0;3;0;0;0;40;12;15;67;0;0
851;105;334;2025-02-22;W;1;0;0;0;900;31,3;0;30;42;72;91;4;8;0;2;622;30;0;0;12;0;18
851;334;105;2025-02-22;L;0;1;0;0;900;29,2;0;14;26;53;71;0;1;1;3;178;8;3;3;10;2;2
852;296;524;2025-02-22;L;0;1;0;0;900;25,5;0;77;181;113;225;7;10;0;0;375;43;9;25;69;8;0
852;524;296;2025-02-22;W;1;0;0;0;900;37,7;0;95;171;113;191;0;0;1;0;78;82;13;0;85;10;0
853;25;304;2025-02-22;W;1;0;0;0;255;28,2;1;18;27;18;27;0;0;0;0;6;11;7;0;11;0;7
853;304;25;2025-02-22;L;0;1;0;0;255;33,1;0;7;25;7;25;0;0;0;0;0;5;0;2;7;0;0
854;9;290;2025-02-22;W;1;0;0;0;900;37,3;0;87;147;113;179;0;1;0;0;43;64;19;4;78;9;0
854;290;9;2025-02-22;L;0;1;0;0;900;25,6;0;86;171;114;200;1;9;0;0;331;37;33;16;51;35;0
855;301;582;2025-02-22;W;1;0;0;0;171;31,2;0;14;31;17;39;2;4;1;0;66;10;2;2;10;1;3
855;582;301;2025-02-22;L;0;1;0;0;171;28,8;0;15;30;15;30;0;0;0;0;0;14;0;1;12;3;0
856;307;366;2025-02-22;L;0;1;0;0;270;34,7;0;7;24;7;24;1;1;0;0;24;4;3;0;7;0;0
856;366;307;2025-02-22;W;1;0;0;0;270;28,4;0;27;56;27;56;0;1;1;0;0;3;10;14;26;1;0
857;137;665;2025-02-22;W;1;0;0;0;504;27,4;0;29;54;32;58;1;3;0;0;35;28;1;0;6;12;11
857;665;137;2025-02-22;L;0;1;0;0;504;29,5;0;28;46;50;70;1;9;0;0;181;5;2;21;26;2;0
858;498;557;2025-02-22;W;1;0;0;0;238;32,5;1;11;21;18;29;1;3;0;0;76;9;1;1;9;1;1
858;557;498;2025-02-22;L;0;1;0;0;238;29,5;0;20;36;21;38;0;0;0;0;1;12;7;1;20;0;0
859;373;631;2025-02-22;L;0;1;0;0;553;35,2;0;5;19;21;36;0;0;0;0;0;0;3;2;5;0;0
859;631;373;2025-02-22;W;1;0;0;0;553;34,9;0;39;52;102;121;2;4;1;0;441;37;1;1;3;0;36
860;56;146;2025-02-22;W;1;0;0;0;333;31,3;2;20;42;24;46;0;0;0;0;36;15;4;1;13;6;1
860;146;56;2025-02-22;L;0;1;0;0;333;34,8;0;5;13;6;16;0;0;0;0;0;1;1;3;5;0;0
861;68;588;2025-02-22;W;1;0;0;0;132;31,0;1;16;41;16;41;0;0;0;0;2;11;3;2;16;0;0
861;588;68;2025-02-22;L;0;1;0;0;132;34,9;0;9;22;9;22;0;0;0;0;0;4;0;5;9;0;0
862;106;232;2025-02-15;L;0;1;0;0;921;33,0;2;93;221;95;225;0;3;0;0;17;65;21;7;85;8;0
862;232;106;2025-02-15;W;1;0;0;0;921;40,9;2;98;201;109;215;1;3;0;0;129;59;20;19;69;20;9
863;424;677;2025-02-15;W;1;0;0;0;900;28,4;0;74;133;75;134;0;8;0;0;0;53;5;16;74;0;0
863;677;424;2025-02-15;L;0;1;0;0;900;36,9;0;38;134;38;134;0;0;0;0;0;27;5;6;35;3;0
864;19;742;2025-02-15;W;1;0;0;0;95;27,2;1;7;15;7;15;0;0;0;0;3;5;2;0;6;0;1
864;742;19;2025-02-15;L;0;1;0;0;95;25,1;0;1;16;1;16;0;0;0;0;0;1;0;0;1;0;0
865;223;281;2025-02-15;L;0;1;0;0;300;29,1;0;26;42;26;43;0;0;0;0;0;14;5;7;24;2;0
865;281;223;2025-02-15;W;1;0;0;0;300;30,8;0;13;46;14;49;0;0;0;0;35;9;2;2;12;1;0
866;381;433;2025-02-15;W;1;0;0;0;900;33,7;0;55;111;58;114;0;2;0;0;5;26;7;22;54;0;1
866;433;381;2025-02-15;L;0;1;0;0;900;35,4;0;58;99;60;101;1;11;0;0;110;31;6;21;53;5;0
867;26;699;2025-02-15;W;1;0;0;0;178;26,8;1;21;40;22;42;0;0;0;0;8;14;6;1;14;0;7
867;699;26;2025-02-15;L;0;1;0;0;178;32,7;0;6;23;9;31;2;3;0;0;47;6;0;0;6;0;0
868;347;360;2025-02-15;L;0;1;0;0;900;30,5;0;70;138;77;146;0;2;0;0;3;41;19;10;61;9;0
868;360;347;2025-02-15;W;1;0;0;0;900;40,1;0;86;158;103;176;2;6;0;0;271;40;40;6;63;16;7
869;479;530;2025-02-15;W;1;0;0;0;900;28,5;0;11;30;60;96;11;19;0;0;562;6;5;0;9;1;1
869;530;479;2025-02-15;L;0;1;0;0;900;28,9;0;35;87;41;95;2;5;2;0;74;26;4;5;31;3;1
870;333;374;2025-02-15;W;1;0;0;0;598;27,5;0;35;72;35;72;4;5;2;0;102;20;0;15;35;0;0
870;374;333;2025-02-15;L;0;1;0;0;598;30,9;0;20;90;23;94;0;0;0;0;23;8;2;10;20;0;0
871;417;512;2025-02-15;L;0;1;0;0;900;34,3;0;40;86;42;90;2;4;3;2;187;30;8;2;36;4;0
871;512;417;2025-02-15;W;1;0;0;0;900;22,4;0;40;97;52;110;3;4;1;2;173;29;2;9;37;3;0
872;217;709;2025-02-15;W;1;0;0;0;77;27,2;0;1;3;5;9;1;2;1;0;58;0;0;1;1;0;0
872;709;217;2025-02-15;L;0;1;0;0;77;33,1;0;1;2;3;4;0;0;0;0;0;1;0;0;1;0;0
873;379;743;2025-02-15;W;1;0;0;0;900;27,5;0;73;199;75;201;0;1;0;0;0;54;11;8;73;0;0
873;743;379;2025-02-15;L;0;1;0;0;900;36,8;0;54;138;57;145;1;2;0;0;99;17;9;28;51;3;0
874;230;388;2025-02-08;W;1;0;0;0;1500;31,1;0;147;314;149;316;1;2;0;0;5;50;45;52;147;0;0
874;388;230;2025-02-08;L;0;1;0;0;1500;33,9;0;128;263;128;263;0;0;0;0;0;90;29;9;128;0;0
875;470;594;2025-02-08;L;0;1;0;0;1500;34,1;0;12;36;63;95;1;15;0;0;356;1;2;9;10;2;0
875;594;470;2025-02-08;W;1;0;0;0;1500;35,5;0;53;87;232;299;1;3;1;0;654;32;16;5;29;11;13
876;352;744;2025-02-08;W;1;0;0;0;35;25,2;1;8;9;9;10;0;1;0;0;11;5;3;0;1;3;4
876;744;352;2025-02-08;L;0;1;0;0;35;31,2;0;0;1;0;1;0;0;0;0;0;0;0;0;0;0;0
877;532;634;2025-02-08;D;0;0;1;0;900;29,0;0;89;141;95;148;1;2;0;0;29;36;24;29;85;4;0
877;634;532;2025-02-08;D;0;0;1;0;900;28,9;1;106;209;139;247;0;3;0;0;232;93;8;5;77;11;18
878;354;474;2025-02-08;W;1;0;0;0;900;30,5;0;68;184;95;215;0;0;0;0;40;39;24;5;56;12;0
878;474;354;2025-02-08;L;0;1;0;0;900;22,7;0;59;146;64;152;1;6;0;0;136;17;19;23;47;11;1
879;95;745;2025-02-08;L;0;1;0;0;726;31,3;1;34;48;39;55;0;1;0;0;140;22;5;7;13;5;16
879;745;95;2025-02-08;W;1;0;0;0;726;28,2;0;39;61;96;123;4;7;2;0;379;26;6;7;23;3;13
880;335;599;2025-02-08;W;1;0;0;0;900;24,9;0;69;175;111;236;1;8;3;0;121;43;11;15;63;5;1
880;599;335;2025-02-08;L;0;1;0;0;900;33,1;0;66;118;92;163;0;0;1;0;191;20;26;20;61;1;4
881;269;499;2025-02-08;W;1;0;0;0;900;32,7;0;103;181;104;182;2;2;0;0;3;38;21;44;102;0;1
881;499;269;2025-02-08;L;0;1;0;0;900;31,4;0;31;64;31;64;0;1;0;0;0;11;12;8;30;1;0
882;416;589;2025-02-08;L;0;1;0;0;900;25,6;0;38;127;40;131;0;8;0;0;0;18;12;8;35;3;0
882;589;416;2025-02-08;W;1;0;0;0;900;29,0;0;41;79;65;110;1;2;0;0;302;18;19;4;35;5;1
883;46;422;2025-02-08;W;1;0;0;0;900;24,9;1;125;241;126;243;0;0;0;1;18;108;4;13;125;0;0
883;422;46;2025-02-08;L;0;1;0;0;900;29,8;0;59;209;59;209;1;4;0;0;6;47;10;2;58;1;0
884;419;746;2025-02-08;W;1;0;0;0;900;25,9;1;85;192;89;197;0;0;0;0;9;52;28;5;83;2;0
884;746;419;2025-02-08;L;0;1;0;0;900;31,8;0;67;168;71;173;0;0;0;0;0;32;17;18;66;1;0
885;156;747;2025-02-08;W;1;0;0;0;19;25,1;1;6;7;6;7;0;0;0;0;1;2;1;3;5;0;1
885;747;156;2025-02-08;L;0;1;0;0;19;30,1;0;0;1;0;1;0;0;0;0;0;0;0;0;0;0;0
886;489;644;2025-02-01;L;0;1;0;0;330;35,5;0;26;50;32;56;0;1;0;0;0;9;6;11;26;0;0
886;644;489;2025-02-01;W;1;0;0;0;330;28,9;1;15;31;18;34;0;3;0;0;44;9;0;6;10;0;5
887;55;279;2025-02-01;W;1;0;0;0;900;37,8;0;43;75;47;81;0;1;0;0;50;23;11;9;38;5;0
887;279;55;2025-02-01;L;0;1;0;0;900;30,7;0;38;87;50;102;0;0;0;0;40;8;17;13;34;4;0
888;351;748;2025-02-01;W;1;0;0;0;900;32,7;0;25;60;145;208;2;2;0;0;377;21;2;2;25;0;0
888;748;351;2025-02-01;L;0;1;0;0;900;36,9;0;17;55;23;63;0;0;0;0;0;7;3;7;17;0;0
889;306;666;2025-02-01;W;1;0;0;0;900;29,2;0;43;94;68;125;3;5;1;0;432;24;11;8;31;2;10
889;666;306;2025-02-01;L;0;1;0;0;900;32,8;0;38;79;69;111;1;9;0;0;58;18;13;7;37;1;0
890;53;227;2025-02-01;W;1;0;0;0;900;27,9;0;35;56;58;83;4;7;0;2;431;29;5;1;20;5;10
890;227;53;2025-02-01;L;0;1;0;0;900;32,3;0;20;35;30;49;1;8;1;3;239;13;5;2;13;2;5
891;62;292;2025-02-01;W;1;0;0;0;900;30,5;0;32;92;79;176;2;2;0;0;336;23;8;1;22;6;4
891;292;62;2025-02-01;L;0;1;0;0;900;31,6;0;31;66;57;97;0;6;0;0;215;5;16;10;14;17;0
892;120;218;2025-02-01;W;1;0;0;0;192;35,0;1;14;32;14;32;0;0;0;0;1;9;5;0;13;1;0
892;218;120;2025-02-01;L;0;1;0;0;192;29,8;0;19;34;19;35;1;1;0;0;8;4;7;8;18;1;0
893;260;749;2025-02-01;W;1;0;0;0;121;30,4;0;54;69;69;90;0;0;1;1;60;53;1;0;8;0;46
893;749;260;2025-02-01;L;0;1;0;0;121;38,5;0;4;13;4;13;1;2;0;0;8;3;0;1;4;0;0
894;435;448;2025-02-01;L;0;1;0;0;900;33,4;0;37;72;41;76;0;0;1;0;0;23;8;6;30;7;0
894;448;435;2025-02-01;W;1;0;0;0;900;35,9;0;56;105;164;229;3;5;0;0;431;23;20;13;48;8;0
895;198;750;2025-02-01;W;1;0;0;0;562;29,3;0;46;66;59;86;3;8;0;0;258;42;1;3;9;3;34
895;750;198;2025-02-01;L;0;1;0;0;562;29,5;0;34;52;47;71;0;1;0;1;133;19;7;8;29;3;2
896;610;751;2025-02-01;W;1;0;0;0;900;32,0;0;44;87;52;103;1;1;0;0;57;25;3;16;40;0;4
896;751;610;2025-02-01;L;0;1;0;0;900;29,2;0;69;123;69;123;0;1;0;0;0;43;0;26;68;1;0
897;131;475;2025-01-18;W;1;0;0;0;245;33,2;0;6;19;18;31;1;2;1;0;87;5;1;0;5;0;1
897;475;131;2025-01-18;L;0;1;0;0;245;35,7;0;9;27;18;37;0;0;0;0;0;2;3;4;9;0;0
898;79;577;2025-01-18;L;0;1;0;0;1500;29,0;0;104;237;113;246;2;15;0;0;97;76;22;6;92;12;0
898;577;79;2025-01-18;W;1;0;0;0;1500;34,0;0;111;259;142;293;7;30;0;0;142;71;30;10;88;22;1
899;459;682;2025-01-18;W;1;0;0;0;781;32,3;2;97;165;101;170;0;0;0;0;22;73;19;5;71;10;16
899;682;459;2025-01-18;L;0;1;0;0;781;33,7;0;81;177;84;180;0;0;0;0;0;55;24;2;68;13;0
900;107;554;2025-01-18;L;0;1;0;0;293;30,0;0;15;28;34;47;1;1;0;1;128;14;1;0;2;0;13
900;554;107;2025-01-18;W;1;0;0;0;293;33,6;0;23;31;36;49;1;1;0;1;108;20;1;2;7;4;12
901;109;468;2025-01-18;W;1;0;0;0;211;34,4;0;12;21;26;35;2;2;1;0;205;11;1;0;0;0;12
901;468;109;2025-01-18;L;0;1;0;0;211;32,2;0;11;13;27;32;0;0;0;0;0;10;1;0;1;1;9
902;431;580;2025-01-18;W;1;0;0;0;900;37,7;0;62;85;91;115;8;15;2;0;583;59;2;1;18;5;39
902;580;431;2025-01-18;L;0;1;0;0;900;26,4;0;49;84;59;95;1;1;0;0;85;39;7;3;37;7;5
903;274;486;2025-01-18;L;0;1;0;0;184;30,8;0;13;24;22;35;0;0;0;0;0;13;0;0;1;1;11
903;486;274;2025-01-18;W;1;0;0;0;184;29,1;0;21;26;52;59;1;2;0;0;134;16;3;2;3;0;18
904;208;562;2025-01-18;W;1;0;0;0;513;32,4;0;47;71;59;85;0;0;2;1;84;39;5;3;19;11;17
904;562;208;2025-01-18;L;0;1;0;0;513;29,6;0;20;28;28;37;1;1;0;0;220;18;2;0;13;0;7
905;157;396;2025-01-18;L;0;1;0;0;900;40,0;0;41;61;84;113;0;0;0;0;20;31;6;4;31;6;4
905;396;157;2025-01-18;W;1;0;0;0;900;30,9;0;56;98;195;269;6;11;0;0;650;51;3;2;19;7;30
906;315;538;2025-01-18;L;0;1;0;0;900;30,1;0;53;112;120;182;0;0;0;0;0;20;6;27;49;2;2
906;538;315;2025-01-18;W;1;0;0;0;900;30,3;0;62;131;81;155;2;8;0;0;255;28;11;23;56;2;4
907;558;663;2025-01-18;W;1;0;0;0;900;28,7;1;37;90;73;130;0;1;0;0;157;20;9;8;32;4;1
907;663;558;2025-01-18;L;0;1;0;0;900;29,8;0;31;73;39;82;0;1;1;0;101;10;8;13;28;3;0
908;372;528;2025-01-18;W;1;0;0;0;900;24,3;1;81;139;97;155;2;3;0;0;150;64;8;9;48;16;17
908;528;372;2025-01-18;L;0;1;0;0;900;31,6;0;78;144;113;187;1;9;0;0;116;30;24;24;60;18;0
909;404;586;2025-01-18;L;0;1;0;0;900;28,6;0;42;69;86;117;1;4;0;0;181;20;9;13;25;5;12
909;586;404;2025-01-18;W;1;0;0;0;900;33,5;0;42;75;100;138;3;6;0;0;409;35;5;2;27;2;13
910;133;668;2025-01-11;W;1;0;0;0;896;31,8;0;27;46;82;107;1;3;1;2;274;13;3;11;18;1;8
910;668;133;2025-01-11;L;0;1;0;0;896;31,4;0;17;56;99;151;2;2;0;0;347;10;1;6;14;0;3
911;221;355;2025-01-11;W;1;0;0;0;793;38,3;1;76;175;76;175;0;0;0;0;38;57;8;11;72;0;4
911;355;221;2025-01-11;L;0;1;0;0;793;37,5;1;73;196;78;211;0;5;0;0;17;40;19;14;73;0;0
912;271;752;2025-01-11;W;1;0;0;0;256;36,8;1;20;29;21;30;0;0;0;0;3;3;9;8;16;4;0
912;752;271;2025-01-11;L;0;1;0;0;256;39,4;1;17;33;19;35;0;2;0;0;91;13;4;0;9;4;4
913;399;511;2025-01-11;W;1;0;0;0;899;32,7;1;130;307;133;310;1;6;0;0;49;91;14;25;124;4;2
913;511;399;2025-01-11;L;0;1;0;0;899;37,5;0;142;261;146;265;0;0;0;0;0;107;30;5;142;0;0
914;239;303;2025-01-11;L;0;1;0;0;900;23,3;0;23;50;32;60;3;18;0;0;341;12;9;2;17;5;1
914;303;239;2025-01-11;W;1;0;0;0;900;27,1;0;44;82;55;93;2;4;2;2;200;32;12;0;32;8;4
915;58;179;2025-01-11;W;1;0;0;0;31;32,1;1;13;17;13;17;0;0;0;0;4;12;0;1;5;0;8
915;179;58;2025-01-11;L;0;1;0;0;31;31,7;0;2;3;2;3;0;0;0;0;0;1;1;0;2;0;0
916;534;753;2025-01-11;W;1;0;0;0;124;35,2;0;2;7;5;10;0;2;2;0;11;2;0;0;2;0;0
916;753;534;2025-01-11;L;0;1;0;0;124;29,6;0;8;14;8;15;0;0;0;0;48;3;3;2;7;0;1
917;400;754;2025-01-11;W;1;0;0;0;184;30,6;1;29;54;34;62;0;0;0;0;26;20;5;4;17;1;11
917;754;400;2025-01-11;L;0;1;0;0;184;28,6;0;6;15;6;15;0;0;0;0;0;2;1;3;6;0;0
918;450;755;2025-01-11;W;1;0;0;0;900;29,8;0;55;94;75;124;0;0;0;1;450;36;2;17;22;0;33
918;755;450;2025-01-11;L;0;1;0;0;900;35,2;0;59;95;117;168;1;1;0;0;11;24;7;28;58;0;1
919;547;756;2025-01-11;W;1;0;0;0;73;29,0;1;12;23;12;23;0;0;0;0;13;8;2;2;11;0;1
919;756;547;2025-01-11;L;0;1;0;0;73;29,5;0;7;14;8;15;0;0;0;0;0;6;1;0;6;1;0
920;386;543;2025-01-11;L;0;1;0;0;900;28,2;0;67;166;86;194;3;14;0;0;214;36;22;9;63;3;1
920;543;386;2025-01-11;W;1;0;0;0;900;26,5;0;95;226;126;266;0;0;0;0;93;77;18;0;87;8;0
921;168;757;2025-01-11;W;1;0;0;0;900;31,7;0;33;70;73;126;5;14;0;0;559;21;10;2;8;22;3
921;757;168;2025-01-11;L;0;1;0;0;900;31,2;0;31;67;68;106;0;3;0;0;14;9;10;12;24;7;0
922;237;758;2025-01-11;W;1;0;0;0;567;24,5;0;15;32;42;72;2;2;0;3;365;13;1;1;2;2;11
922;758;237;2025-01-11;L;0;1;0;0;567;26,0;0;1;3;4;6;2;6;0;1;157;0;0;1;1;0;0
923;226;759;2025-01-11;W;1;0;0;0;900;24,1;0;35;88;81;150;2;2;0;0;493;29;5;1;26;1;8
923;759;226;2025-01-11;L;0;1;0;0;900;31,4;0;28;68;52;98;1;1;1;0;36;24;1;3;26;0;2
924;392;760;2024-12-14;W;1;0;0;0;882;30,6;0;75;151;81;160;0;1;1;0;78;59;13;3;65;6;4
924;760;392;2024-12-14;L;0;1;0;0;882;36,8;0;37;124;71;161;1;8;0;0;220;26;8;3;33;0;4
925;158;465;2024-12-14;L;0;1;0;0;696;36,0;0;97;237;108;249;3;11;0;0;127;65;20;12;91;6;0
925;465;158;2024-12-14;W;1;0;0;0;696;41,1;1;99;158;114;173;0;0;0;0;10;74;13;12;95;4;0
926;299;342;2024-12-14;W;1;0;0;0;717;31,1;1;111;168;111;168;0;0;0;0;1;71;18;22;109;2;0
926;342;299;2024-12-14;L;0;1;0;0;717;34,7;0;57;112;60;115;0;5;0;0;0;27;21;9;55;2;0
927;108;219;2024-12-14;L;0;1;0;0;824;27,3;0;40;96;40;96;0;4;0;0;40;27;6;7;40;0;0
927;219;108;2024-12-14;W;1;0;0;0;824;36,7;1;45;96;47;100;0;0;0;0;20;23;7;15;39;5;1
928;265;602;2024-12-14;L;0;1;0;0;900;31,0;0;79;183;85;189;0;1;0;0;75;57;8;14;79;0;0
928;602;265;2024-12-14;W;1;0;0;0;900;31,8;0;86;147;95;156;2;4;0;0;203;60;9;17;81;3;2
929;182;375;2024-12-14;W;1;0;0;0;900;27,1;0;78;155;99;181;0;0;0;0;54;33;37;8;70;8;0
929;375;182;2024-12-14;L;0;1;0;0;900;34,5;0;32;90;34;93;3;9;0;0;216;18;5;9;28;4;0
930;527;761;2024-12-14;W;1;0;0;0;423;38,5;1;19;50;19;50;0;1;0;0;12;13;3;3;16;1;2
930;761;527;2024-12-14;L;0;1;0;0;423;34,8;0;16;56;20;61;0;0;0;0;0;8;7;1;15;1;0
931;43;142;2024-12-14;L;0;1;0;0;168;36,8;0;7;13;16;23;1;1;0;0;68;1;2;4;7;0;0
931;142;43;2024-12-14;W;1;0;0;0;168;31,8;0;20;24;39;44;0;0;0;0;4;15;4;1;12;8;0
932;96;762;2024-12-14;W;1;0;0;0;298;32,5;1;38;71;38;71;0;0;0;0;63;35;0;3;36;0;2
932;762;96;2024-12-14;L;0;1;0;0;298;28,0;0;22;69;24;72;0;0;0;0;9;14;4;4;17;5;0
933;64;173;2024-12-14;W;1;0;0;0;900;26,6;0;55;134;60;140;2;5;1;0;175;43;7;5;52;3;0
933;173;64;2024-12-14;L;0;1;0;0;900;30,7;0;31;137;35;143;0;1;0;1;95;21;5;5;31;0;0
934;456;685;2024-12-14;L;0;1;0;0;900;34,7;0;15;55;63;111;1;3;1;1;198;11;3;1;14;1;0
934;685;456;2024-12-14;W;1;0;0;0;900;27,5;0;24;68;61;117;2;9;0;0;410;12;5;7;23;1;0
935;428;635;2024-12-14;W;1;0;0;0;900;39,0;0;147;290;147;290;0;1;0;0;0;50;42;55;147;0;0
935;635;428;2024-12-14;L;0;1;0;0;900;30,9;0;69;156;69;156;0;0;0;0;0;63;5;1;67;2;0
936;520;763;2024-12-14;W;1;0;0;0;900;32,1;0;36;64;85;137;8;10;0;0;624;26;8;2;12;11;13
936;763;520;2024-12-14;L;0;1;0;0;900;28,9;0;26;55;67;100;0;0;0;0;77;16;8;2;12;14;0
937;2;84;2024-12-07;W;1;0;0;0;425;34,6;0;32;52;33;53;3;7;1;0;166;15;5;12;30;2;0
937;84;2;2024-12-07;L;0;1;0;0;425;31,1;0;17;29;30;44;0;0;0;0;24;10;5;2;17;0;0
938;132;764;2024-12-07;L;0;1;0;0;1500;27,1;0;42;84;102;157;1;2;2;0;152;11;10;21;35;7;0
938;764;132;2024-12-07;W;1;0;0;0;1500;30,1;0;37;67;65;102;2;10;0;1;701;29;6;2;24;3;10
939;322;390;2024-12-07;W;1;0;0;0;900;34,7;0;43;61;48;66;2;4;2;0;220;14;10;19;40;0;3
939;390;322;2024-12-07;L;0;1;0;0;900;36,1;0;39;71;105;140;3;4;1;0;272;19;18;2;36;3;0
940;336;765;2024-12-07;W;1;0;0;0;639;30,2;0;26;36;147;177;2;2;0;0;513;14;9;3;17;5;4
940;765;336;2024-12-07;L;0;1;0;0;639;36,4;0;6;31;90;118;0;0;1;0;2;4;1;1;5;1;0
941;6;466;2024-12-07;W;1;0;0;0;801;33,7;0;78;116;114;157;4;5;0;0;433;61;9;8;62;4;12
941;466;6;2024-12-07;L;0;1;0;0;801;36,5;0;25;67;32;77;0;0;0;0;42;13;9;3;15;10;0
942;463;711;2024-12-07;W;1;0;0;0;586;34,9;0;121;162;172;232;0;0;0;0;231;110;8;3;48;17;56
942;711;463;2024-12-07;L;0;1;0;0;586;36,4;0;21;46;24;49;0;4;0;0;1;14;5;2;19;2;0
943;147;420;2024-12-07;W;1;0;0;0;52;33,0;0;2;6;2;6;0;0;1;0;14;1;0;1;2;0;0
943;420;147;2024-12-07;L;0;1;0;0;52;33,9;0;5;9;5;9;0;0;0;0;0;1;1;3;5;0;0
944;423;500;2024-12-07;L;0;1;0;0;900;35,4;0;12;26;45;67;6;8;0;2;376;7;5;0;9;2;1
944;500;423;2024-12-07;W;1;0;0;0;900;30,8;0;8;26;136;165;4;5;0;1;369;6;1;1;6;0;2
945;469;766;2024-12-07;L;0;1;0;0;900;34,4;0;60;111;80;135;2;5;0;0;106;32;22;6;49;11;0
945;766;469;2024-12-07;W;1;0;0;0;900;30,2;0;57;110;109;175;0;6;0;0;445;20;31;6;27;30;0
946;516;767;2024-12-07;W;1;0;0;0;591;37,6;0;62;102;121;193;0;6;0;0;264;56;6;0;7;7;48
946;767;516;2024-12-07;L;0;1;0;0;591;40,5;1;16;36;27;50;0;1;1;0;135;11;5;0;12;0;4
947;1;276;2024-12-07;W;1;0;0;0;900;23,2;0;165;304;184;323;0;0;0;0;20;131;22;12;144;19;2
947;276;1;2024-12-07;L;0;1;0;0;900;33,7;0;70;217;74;223;2;8;0;0;194;60;6;4;70;0;0
948;440;492;2024-12-07;L;0;1;0;0;716;39,0;0;10;34;18;43;0;1;0;0;79;9;1;0;10;0;0
948;492;440;2024-12-07;W;1;0;0;0;716;37,0;0;13;39;54;87;2;8;1;0;228;11;2;0;9;4;0
949;234;768;2024-12-07;W;1;0;0;0;221;25,2;0;7;15;14;28;3;6;1;0;128;5;2;0;5;1;1
949;768;234;2024-12-07;L;0;1;0;0;221;43,0;0;5;13;6;15;0;1;0;0;0;3;2;0;2;3;0
950;119;675;2024-12-07;W;1;0;0;0;291;32,5;1;29;70;29;70;0;0;0;0;4;19;10;0;26;0;3
950;675;119;2024-12-07;L;0;1;0;0;291;32,6;0;32;69;32;69;0;2;0;0;0;16;6;10;32;0;0
951;349;578;2024-11-23;L;0;1;0;0;1500;36,9;0;53;119;53;119;2;8;0;0;180;23;24;6;49;4;0
951;578;349;2024-11-23;W;1;0;0;0;1500;31,8;0;121;193;190;263;1;4;0;1;201;78;18;25;103;13;5
952;81;236;2024-11-23;W;1;0;0;0;900;35,4;0;78;161;89;172;0;0;0;0;0;45;25;8;77;1;0
952;236;81;2024-11-23;L;0;1;0;0;900;29,8;0;15;103;17;106;1;3;0;0;16;8;1;6;15;0;0
953;40;769;2024-11-23;W;1;0;0;0;229;40,5;1;20;28;20;28;0;1;0;0;2;7;3;10;19;0;1
953;769;40;2024-11-23;L;0;1;0;0;229;34,7;0;9;21;11;23;0;1;0;0;19;4;1;4;8;1;0
954;269;497;2024-11-23;L;0;1;0;0;529;32,5;0;46;111;48;113;0;1;0;0;0;15;21;10;46;0;0
954;497;269;2024-11-23;W;1;0;0;0;529;31,3;1;18;59;19;61;0;2;1;0;28;13;2;3;18;0;0
955;460;584;2024-11-23;W;1;0;0;0;900;34,0;0;98;204;98;204;0;0;0;0;0;81;9;8;98;0;0
955;584;460;2024-11-23;L;0;1;0;0;900;35,2;0;96;183;96;183;0;2;0;0;3;51;17;28;95;1;0
956;18;350;2024-11-23;L;0;1;0;0;145;34,0;0;9;12;9;12;0;0;0;0;0;4;5;0;9;0;0
956;350;18;2024-11-23;W;1;0;0;0;145;26,3;1;17;34;19;38;0;0;0;0;5;9;2;6;15;0;2
957;513;770;2024-11-23;W;1;0;0;0;900;29,0;0;42;87;85;131;2;5;0;0;286;28;4;10;36;3;3
957;770;513;2024-11-23;L;0;1;0;0;900;29,0;0;9;72;48;114;1;1;0;0;17;4;4;1;9;0;0
958;771;772;2024-11-23;L;0;1;0;0;156;29,5;0;2;23;5;26;0;0;0;0;0;0;0;2;2;0;0
958;772;771;2024-11-23;W;1;0;0;0;156;25,9;1;12;19;12;19;0;0;0;0;1;6;2;4;12;0;0
959;773;774;2024-11-23;W;1;0;0;0;646;30,0;1;30;108;33;112;1;2;0;0;55;13;11;6;28;0;2
959;774;773;2024-11-23;L;0;1;0;0;646;23,1;0;48;102;58;114;0;0;0;1;65;29;2;17;47;0;1
960;529;700;2024-11-23;L;0;1;0;0;900;26,7;1;26;93;28;95;0;3;1;1;15;18;5;3;24;1;1
960;700;529;2024-11-23;W;1;0;0;0;900;31,1;0;44;105;46;110;4;14;0;0;285;26;8;10;40;3;1
961;258;405;2024-11-23;W;1;0;0;0;900;25,5;0;51;126;51;126;0;2;0;0;0;24;12;15;50;1;0
961;405;258;2024-11-23;L;0;1;0;0;900;23,9;0;50;158;59;168;0;1;1;0;36;13;13;24;49;1;0
962;97;640;2024-11-23;W;1;0;0;0;688;26,6;1;87;192;92;198;0;3;0;0;26;66;8;13;80;5;2
962;640;97;2024-11-23;L;0;1;0;0;688;33,1;0;64;155;68;160;1;2;0;0;7;39;23;2;59;5;0
963;653;683;2024-11-23;L;0;1;0;0;900;25,0;0;56;169;60;173;0;0;0;0;0;29;9;18;53;3;0
963;683;653;2024-11-23;W;1;0;0;0;900;31,8;2;78;166;87;183;0;0;0;0;92;61;7;10;67;2;9
964;775;776;2024-11-16;W;1;0;0;0;869;37,3;1;96;119;104;128;1;1;0;0;231;70;16;10;54;2;40
964;776;775;2024-11-16;L;0;1;0;0;869;42,2;0;37;89;42;94;0;0;0;0;0;24;7;6;32;4;1
965;327;522;2024-11-16;L;0;1;0;0;1500;38,6;0;84;113;150;181;0;1;0;0;119;59;16;9;60;0;24
965;522;327;2024-11-16;W;1;0;0;0;1500;35,1;0;88;122;117;153;5;12;2;0;892;56;18;14;67;3;18
966;328;645;2024-11-16;W;1;0;0;0;900;28,8;0;54;85;54;85;0;0;0;0;0;24;13;17;54;0;0
966;645;328;2024-11-16;L;0;1;0;0;900;37,0;0;47;129;48;130;0;0;0;0;0;21;14;12;47;0;0
967;449;681;2024-11-16;L;0;1;0;0;900;31,0;0;58;132;76;155;1;7;1;0;210;26;10;22;45;11;2
967;681;449;2024-11-16;W;1;0;0;0;900;38,0;0;48;85;105;152;3;3;1;0;145;34;4;10;41;1;6
968;4;777;2024-11-16;W;1;0;0;0;900;28,4;1;67;113;74;120;0;0;0;0;16;53;6;8;57;3;7
968;777;4;2024-11-16;L;0;1;0;0;900;25,3;0;90;236;112;260;0;6;0;0;80;29;39;22;75;15;0
969;340;778;2024-11-16;W;1;0;0;0;900;34,5;0;102;223;105;226;0;0;0;0;0;60;18;24;100;2;0
969;778;340;2024-11-16;L;0;1;0;0;900;30,6;0;48;108;49;109;0;0;0;0;57;24;3;21;46;2;0
970;397;779;2024-11-16;W;1;0;0;0;164;41,2;0;10;24;11;25;0;0;1;0;0;5;2;3;9;1;0
970;779;397;2024-11-16;L;0;1;0;0;164;36,3;0;16;31;16;31;0;3;0;0;27;8;6;2;16;0;0
971;603;716;2024-11-16;W;1;0;0;0;900;30,4;1;121;213;145;242;1;3;1;0;263;91;18;12;85;8;28
971;716;603;2024-11-16;L;0;1;0;0;900;24,8;1;74;155;79;165;0;0;0;0;74;30;14;30;68;5;1
972;184;618;2024-11-16;W;1;0;0;0;600;39,0;0;35;49;153;187;1;3;0;1;434;33;1;1;9;0;26
972;618;184;2024-11-16;L;0;1;0;0;600;33,4;0;15;29;27;44;0;0;0;0;36;13;1;1;8;1;6
973;152;780;2024-11-16;W;1;0;0;0;175;32,0;1;31;56;31;56;0;0;0;0;3;27;1;3;22;6;3
973;780;152;2024-11-16;L;0;1;0;0;175;32,8;0;28;41;30;43;0;0;0;0;0;25;3;0;26;2;0
974;193;781;2024-11-16;W;1;0;0;0;640;26,9;1;65;117;66;118;0;0;0;0;5;22;16;27;55;2;8
974;781;193;2024-11-16;L;0;1;0;0;640;32,8;0;24;70;24;70;0;0;0;0;6;16;2;6;23;1;0
975;22;632;2024-11-16;W;1;0;0;0;900;30,7;0;26;76;41;96;3;4;0;0;253;22;4;0;19;2;5
975;632;22;2024-11-16;L;0;1;0;0;900;29,0;0;46;103;61;119;0;0;0;0;0;16;16;14;39;0;7
976;151;407;2024-11-09;L;0;1;0;0;290;37,3;0;10;20;23;33;0;7;0;0;91;7;2;1;9;1;0
976;407;151;2024-11-09;W;1;0;0;0;290;31,2;2;12;21;13;22;1;1;0;0;69;9;1;2;10;0;2
977;109;415;2024-11-09;W;1;0;0;0;704;34,2;1;38;66;82;114;5;13;1;0;209;19;10;9;34;3;1
977;415;109;2024-11-09;L;0;1;0;0;704;36,9;0;30;54;44;72;0;2;0;1;173;27;3;0;22;2;6
978;312;718;2024-11-09;W;1;0;0;0;900;32,2;0;53;75;80;104;2;2;0;1;269;22;19;12;29;9;15
978;718;312;2024-11-09;L;0;1;0;0;900;30,8;0;17;45;30;61;4;6;0;0;373;12;3;2;14;0;3
979;134;701;2024-11-09;W;1;0;0;0;900;29,5;0;52;108;78;145;5;17;0;1;493;33;5;14;28;4;20
979;701;134;2024-11-09;L;0;1;0;0;900;32,0;0;42;105;63;128;0;0;0;1;17;23;16;3;41;1;0
980;137;185;2024-11-09;W;1;0;0;0;164;27,1;1;29;51;31;54;0;0;0;0;87;27;2;0;5;2;22
980;185;137;2024-11-09;L;0;1;0;0;164;30,5;0;3;5;3;5;0;0;0;0;3;2;0;1;3;0;0
981;82;623;2024-11-09;W;1;0;0;0;900;24,9;0;73;144;91;166;0;3;1;0;347;30;33;10;53;20;0
981;623;82;2024-11-09;L;0;1;0;0;900;39,1;0;46;98;61;115;0;1;0;0;62;16;19;11;39;7;0
982;662;782;2024-11-09;W;1;0;0;0;75;37,9;0;11;35;11;43;0;0;0;0;20;7;0;4;5;0;6
982;782;662;2024-11-09;L;0;1;0;0;75;28,7;0;3;8;3;8;0;0;0;0;0;1;0;2;3;0;0
983;473;783;2024-11-09;W;1;0;0;0;51;34,3;0;7;12;7;12;0;0;0;0;0;6;0;1;7;0;0
983;783;473;2024-11-09;L;0;1;0;0;51;32,0;0;2;8;2;8;0;0;0;0;0;1;1;0;2;0;0
984;667;784;2024-11-09;W;1;0;0;0;259;30,2;0;20;44;21;46;0;0;3;0;79;15;3;2;19;0;1
984;784;667;2024-11-09;L;0;1;0;0;259;35,0;0;13;33;13;33;0;1;0;0;0;5;5;3;13;0;0
985;148;505;2024-11-09;W;1;0;0;0;83;30,4;0;3;3;5;5;1;1;1;0;45;0;2;1;1;2;0
985;505;148;2024-11-09;L;0;1;0;0;83;33,9;0;2;5;2;5;0;1;0;0;13;0;1;1;2;0;0
986;74;309;2024-11-09;L;0;1;0;0;380;25,9;0;12;32;22;42;0;3;0;0;64;5;1;6;12;0;0
986;309;74;2024-11-09;W;1;0;0;0;380;33,3;0;38;60;54;85;2;3;0;0;166;36;1;1;9;0;29
987;27;553;2024-11-02;W;1;0;0;0;1500;30,9;0;132;317;132;317;0;1;0;0;0;113;12;7;128;4;0
987;553;27;2024-11-02;L;0;1;0;0;1500;31,0;0;63;235;63;236;1;4;0;0;9;50;6;7;63;0;0
988;570;597;2024-11-02;L;0;1;0;0;1500;32,3;0;94;245;101;254;1;4;0;0;15;68;18;8;91;3;0
988;597;570;2024-11-02;W;1;0;0;0;1500;25,5;0;110;281;193;387;2;8;0;0;534;81;15;14;103;2;5
989;225;785;2024-11-02;W;1;0;0;0;900;28,2;0;49;131;49;131;0;0;0;0;0;25;16;8;49;0;0
989;785;225;2024-11-02;L;0;1;0;0;900;30,3;0;76;184;79;187;0;0;0;0;2;24;33;19;76;0;0
990;448;691;2024-11-02;W;1;0;0;0;748;35,7;0;36;84;130;218;3;5;1;0;344;29;5;2;24;1;11
990;691;448;2024-11-02;L;0;1;0;0;748;30,8;0;42;92;43;93;0;0;0;0;0;26;15;1;41;1;0
991;138;555;2024-11-02;W;1;0;0;0;268;33,0;1;13;20;23;32;0;0;1;0;234;11;1;1;2;7;4
991;555;138;2024-11-02;L;0;1;0;0;268;34,7;0;7;11;13;17;0;0;0;0;1;6;1;0;0;7;0
992;444;786;2024-11-02;W;1;0;0;0;900;33,0;0;59;130;59;130;0;1;0;0;0;22;19;18;59;0;0
992;786;444;2024-11-02;L;0;1;0;0;900;32,2;0;34;78;34;78;0;0;0;0;0;23;3;8;34;0;0
993;324;787;2024-11-02;W;1;0;0;0;900;37,0;0;109;206;110;208;0;1;0;0;0;98;11;0;109;0;0
993;787;324;2024-11-02;L;0;1;0;0;900;38,2;0;95;327;95;327;0;6;0;0;2;82;7;6;94;1;0
994;12;721;2024-11-02;W;1;0;0;0;523;28,9;0;39;73;50;87;0;2;1;0;17;19;14;6;31;8;0
994;721;12;2024-11-02;L;0;1;0;0;523;37,5;0;24;54;39;75;4;6;0;0;229;8;11;5;22;1;1
995;424;788;2024-11-02;W;1;0;0;0;359;28,2;1;13;27;21;37;1;2;1;0;127;9;1;3;11;0;2
995;788;424;2024-11-02;L;0;1;0;0;359;29,7;0;8;18;10;21;2;4;0;0;109;8;0;0;7;0;1
996;789;790;2024-11-02;W;1;0;0;0;900;33,9;0;45;92;87;135;6;10;1;0;453;37;3;5;39;4;2
996;790;789;2024-11-02;L;0;1;0;0;900;31,9;0;31;91;48;108;0;0;0;0;0;19;7;5;30;1;0
997;706;791;2024-11-02;W;1;0;0;0;900;28,3;0;68;144;75;151;0;4;3;1;47;40;22;6;60;7;1
997;791;706;2024-11-02;L;0;1;0;0;900;28,1;0;71;142;77;148;4;5;1;0;293;57;9;5;65;4;2
998;228;792;2024-11-02;W;1;0;0;0;900;37,1;0;16;34;59;93;5;6;2;0;745;15;0;1;6;0;10
998;792;228;2024-11-02;L;0;1;0;0;900;37,9;0;11;19;59;77;0;0;0;0;0;8;0;3;11;0;0
999;456;710;2024-11-02;W;1;0;0;0;900;34,6;0;29;70;50;94;2;4;0;0;150;17;11;1;21;8;0
999;710;456;2024-11-02;L;0;1;0;0;900;30,4;0;25;75;67;128;2;6;0;2;465;17;6;2;25;0;0
1000;252;319;2024-10-26;L;0;1;0;0;694;32,9;0;79;204;84;209;0;0;0;0;0;47;13;19;79;0;0
1000;319;252;2024-10-26;W;1;0;0;0;694;27,8;1;75;144;78;147;2;2;0;0;45;49;11;15;71;0;4
1001;262;387;2024-10-26;L;0;1;0;0;214;33,9;0;2;2;2;2;0;0;0;0;0;0;0;2;2;0;0
1001;387;262;2024-10-26;W;1;0;0;0;214;30,5;0;3;4;25;31;2;4;1;0;200;2;1;0;0;0;3
1002;183;207;2024-10-26;L;0;1;0;0;900;32,7;0;53;117;59;123;0;1;0;0;60;10;9;34;50;3;0
1002;207;183;2024-10-26;W;1;0;0;0;900;32,4;0;55;114;75;142;0;0;0;0;91;20;22;13;50;5;0
1003;36;501;2024-10-26;L;0;1;0;0;900;33,2;1;46;106;52;116;1;3;0;2;287;35;5;6;32;6;8
1003;501;36;2024-10-26;W;1;0;0;0;900;33,3;0;52;100;78;133;3;5;0;0;137;36;12;4;37;12;3
1004;279;739;2024-10-26;W;1;0;0;0;592;30,4;1;65;106;67;108;0;0;0;0;2;24;29;12;63;2;0
1004;739;279;2024-10-26;L;0;1;0;0;592;34,0;0;77;140;77;141;0;0;0;0;21;22;10;45;75;2;0
1005;582;588;2024-10-26;W;1;0;0;0;51;28,5;0;28;36;28;36;0;0;0;0;0;26;2;0;28;0;0
1005;588;582;2024-10-26;L;0;1;0;0;51;34,6;0;1;1;1;1;0;0;0;0;0;0;0;1;1;0;0
1006;545;793;2024-10-26;W;1;0;0;0;90;34,2;1;18;30;21;34;1;1;0;0;27;12;3;3;13;0;5
1006;793;545;2024-10-26;L;0;1;0;0;90;40,0;0;4;13;4;13;0;0;0;0;0;2;1;1;4;0;0
1007;154;199;2024-10-26;L;0;1;0;0;900;26,7;0;61;135;85;162;2;5;0;1;125;46;6;9;60;0;1
1007;199;154;2024-10-26;W;1;0;0;0;900;32,1;1;71;146;93;174;3;4;0;0;144;52;10;9;54;5;12
1008;20;285;2024-10-26;L;0;1;0;0;794;32,0;0;29;71;36;83;0;0;1;1;13;20;9;0;26;1;2
1008;285;20;2024-10-26;W;1;0;0;0;794;34,1;0;26;59;45;81;4;8;1;0;216;10;8;8;26;0;0
1009;119;611;2024-10-26;W;1;0;0;0;267;32,4;0;51;74;51;74;0;0;0;0;0;28;22;1;50;0;1
1009;611;119;2024-10-26;L;0;1;0;0;267;38,4;0;12;34;12;34;0;1;0;0;0;3;2;7;12;0;0
1010;272;794;2024-10-26;W;1;0;0;0;900;27,2;0;60;126;89;168;4;7;0;0;277;39;8;13;54;2;4
1010;794;272;2024-10-26;L;0;1;0;0;900;31,9;0;45;125;48;128;1;4;1;0;18;23;14;8;43;2;0
1011;590;703;2024-10-26;W;1;0;0;0;900;28,2;0;66;116;107;166;3;13;0;0;351;42;15;9;51;11;4
1011;703;590;2024-10-26;L;0;1;0;0;900;35,3;0;36;97;38;100;0;3;0;0;0;28;4;4;30;6;0
1012;549;649;2024-10-26;L;0;1;0;0;900;30,5;0;107;246;146;292;1;4;0;0;13;72;16;19;94;13;0
1012;649;549;2024-10-26;W;1;0;0;0;900;33,1;0;109;222;119;236;2;19;0;0;194;82;15;12;96;13;0
1013;105;280;2024-10-19;W;1;0;0;0;1342;31,0;0;152;212;219;293;10;29;0;0;942;125;22;5;43;12;97
1013;280;105;2024-10-19;L;0;1;0;0;1342;31,0;0;24;53;29;62;0;1;1;1;56;8;16;0;20;4;0
1014;445;524;2024-10-19;L;0;1;0;0;900;29,4;0;38;125;50;143;4;5;0;0;282;19;9;10;32;1;5
1014;524;445;2024-10-19;W;1;0;0;0;900;37,3;0;61;137;65;144;0;1;0;0;79;50;11;0;56;5;0
1015;86;143;2024-10-19;L;0;1;0;0;900;28,7;0;75;144;78;149;0;3;2;1;50;41;7;27;68;7;0
1015;143;86;2024-10-19;W;1;0;0;0;900;33,8;1;65;150;84;177;2;6;0;0;178;42;15;8;49;5;11
1016;353;795;2024-10-19;W;1;0;0;0;900;27,1;0;96;259;97;260;0;0;0;0;0;43;48;5;96;0;0
1016;795;353;2024-10-19;L;0;1;0;0;900;28,2;0;60;165;70;176;1;2;0;0;113;28;17;15;59;1;0
1017;159;796;2024-10-19;W;1;0;0;0;900;40,4;0;39;88;102;170;3;12;0;1;393;30;9;0;28;3;8
1017;796;159;2024-10-19;L;0;1;0;0;900;39,2;0;31;53;61;85;0;0;2;1;182;21;7;3;17;1;13
1018;283;797;2024-10-19;W;1;0;0;0;900;30,7;1;22;54;55;112;1;6;0;0;317;7;8;7;17;1;4
1018;797;283;2024-10-19;L;0;1;0;0;900;31,8;0;16;42;38;68;0;1;1;0;0;8;5;3;12;0;4
1019;296;705;2024-10-19;W;1;0;0;0;900;25,1;0;89;201;109;223;1;7;0;0;124;62;6;21;85;4;0
1019;705;296;2024-10-19;L;0;1;0;0;900;32,8;0;89;141;117;171;3;8;0;0;215;68;12;9;73;15;1
1020;426;798;2024-10-19;W;1;0;0;0;873;29,1;0;81;134;151;212;4;7;2;0;270;48;20;13;61;9;11
1020;798;426;2024-10-19;L;0;1;0;0;873;26,2;0;34;69;53;91;0;1;0;0;155;15;9;10;25;9;0
1021;130;799;2024-10-19;W;1;0;0;0;900;31,9;0;117;188;229;306;0;0;0;0;30;84;18;15;110;7;0
1021;799;130;2024-10-19;L;0;1;0;0;900;41,7;0;54;125;98;174;1;13;0;0;196;26;18;10;44;10;0
1022;382;679;2024-10-19;L;0;1;0;0;900;32,5;0;92;224;103;240;0;1;0;0;41;59;15;18;91;1;0
1022;679;382;2024-10-19;W;1;0;0;0;900;27,2;0;72;145;78;151;0;0;0;0;0;33;18;21;72;0;0
1023;14;502;2024-10-19;L;0;1;0;0;900;36,2;0;31;46;48;68;0;0;0;0;0;23;2;6;21;10;0
1023;502;14;2024-10-19;W;1;0;0;0;900;36,9;0;23;38;78;110;3;8;0;0;538;7;6;10;17;0;6
1024;257;389;2024-10-12;W;1;0;0;0;1500;32,2;0;124;232;172;287;3;3;3;2;143;114;10;0;97;11;16
1024;389;257;2024-10-12;L;0;1;0;0;1500;24,7;0;42;99;80;143;6;15;1;0;733;34;5;3;38;0;4
1025;515;609;2024-10-12;L;0;1;0;0;900;36,8;0;65;149;73;159;0;0;0;0;42;55;2;8;62;0;3
1025;609;515;2024-10-12;W;1;0;0;0;900;33,6;0;99;177;124;210;2;6;0;0;392;76;4;19;91;3;5
1026;141;800;2024-10-12;W;1;0;0;0;900;35,8;0;105;148;162;207;0;0;0;0;556;49;47;9;28;56;21
1026;800;141;2024-10-12;L;0;1;0;0;900;30,9;0;20;50;81;121;2;8;1;0;149;13;5;2;14;5;1
1027;45;396;2024-10-12;L;0;1;0;0;402;30,2;0;5;12;29;38;0;0;0;0;0;4;1;0;4;1;0
1027;396;45;2024-10-12;W;1;0;0;0;402;30,6;0;44;90;80;144;2;4;0;0;309;38;4;2;5;0;39
1028;180;556;2024-10-12;W;1;0;0;0;900;37,8;0;123;257;126;260;1;1;0;0;56;44;56;23;117;6;0
1028;556;180;2024-10-12;L;0;1;0;0;900;34,2;0;74;257;91;276;0;1;0;0;0;58;9;7;74;0;0
1029;210;723;2024-10-12;W;1;0;0;0;170;27,7;3;23;55;23;55;0;0;0;0;5;18;4;1;20;0;3
1029;723;210;2024-10-12;L;0;1;0;0;170;33,3;0;4;16;4;16;0;0;0;0;0;1;1;2;4;0;0
1030;401;801;2024-10-12;W;1;0;0;0;246;33,9;0;3;5;19;25;2;3;1;0;236;2;1;0;1;1;1
1030;801;401;2024-10-12;L;0;1;0;0;246;32,4;0;2;2;32;32;0;0;0;0;0;0;1;1;2;0;0
1031;420;493;2024-10-12;W;1;0;0;0;900;33,7;0;68;127;141;223;7;9;2;0;554;44;9;15;43;6;19
1031;493;420;2024-10-12;L;0;1;0;0;900;35,0;0;16;53;58;100;0;3;1;0;60;13;2;1;11;5;0
1032;8;338;2024-10-12;L;0;1;0;0;435;31,3;0;53;118;54;122;1;8;0;0;46;39;7;7;44;1;8
1032;338;8;2024-10-12;W;1;0;0;0;435;28,1;0;71;128;71;128;0;0;0;0;2;61;10;0;71;0;0
1033;102;802;2024-10-12;W;1;0;0;0;900;26,6;0;88;145;142;203;0;1;0;0;193;40;35;13;54;32;2
1033;802;102;2024-10-12;L;0;1;0;0;900;25,3;0;40;124;98;198;1;6;0;0;320;30;6;4;35;5;0
1034;358;803;2024-10-12;W;1;0;0;0;900;26,1;0;140;280;148;288;2;4;0;0;91;100;38;2;130;10;0
1034;803;358;2024-10-12;L;0;1;0;0;900;31,2;0;54;140;65;151;4;24;1;0;263;34;13;7;42;9;3
1035;404;622;2024-10-12;W;1;0;0;0;432;28,3;0;34;60;36;62;2;3;1;0;278;22;7;5;20;1;13
1035;622;404;2024-10-12;L;0;1;0;0;432;24,2;0;17;41;21;45;0;0;0;0;0;10;6;1;16;1;0
1036;321;625;2024-10-05;W;1;0;0;0;1172;37,2;1;127;209;129;211;0;0;0;0;2;92;17;18;123;4;0
1036;625;321;2024-10-05;L;0;1;0;0;1172;34,6;0;61;191;62;193;0;0;0;0;0;34;16;11;60;1;0
1037;689;804;2024-10-05;W;1;0;0;0;1500;35,1;0;92;260;123;308;2;3;1;0;340;82;9;1;90;2;0
1037;804;689;2024-10-05;L;0;1;0;0;1500;36,1;1;92;317;112;345;0;0;0;0;33;57;29;6;88;4;0
1038;256;702;2024-10-05;W;1;0;0;0;900;31,3;0;49;142;90;196;0;10;0;0;435;26;12;11;44;5;0
1038;702;256;2024-10-05;L;0;1;0;0;900;38,1;0;51;117;65;139;0;0;0;0;0;41;6;4;46;2;3
1039;110;468;2024-10-05;W;1;0;0;0;300;36,2;0;19;33;57;101;1;1;0;0;170;16;2;1;5;0;14
1039;468;110;2024-10-05;L;0;1;0;0;300;31,9;0;18;28;36;46;0;0;0;0;0;5;3;10;18;0;0
1040;378;690;2024-10-05;L;0;1;0;0;900;33,1;0;24;61;67;108;0;0;0;0;0;12;4;8;21;3;0
1040;690;378;2024-10-05;W;1;0;0;0;900;34,3;0;55;94;98;149;2;8;0;0;474;34;14;7;19;15;21
1041;392;676;2024-10-05;W;1;0;0;0;737;30,4;1;34;93;55;117;4;7;0;0;253;23;9;2;28;5;1
1041;676;392;2024-10-05;L;0;1;0;0;737;41,6;0;49;106;63;121;0;0;0;0;3;38;7;4;36;13;0
1042;658;708;2024-10-05;W;1;0;0;0;900;22,7;0;30;73;55;104;3;4;0;1;280;19;9;2;27;1;2
1042;708;658;2024-10-05;L;0;1;0;0;900;37,4;0;33;99;65;134;1;1;0;0;11;28;5;0;28;3;2
1043;427;654;2024-10-05;W;1;0;0;0;900;32,0;0;79;204;91;217;0;2;0;0;40;41;22;16;78;1;0
1043;654;427;2024-10-05;L;0;1;0;0;900;32,8;0;63;191;65;193;0;12;0;0;5;32;25;6;60;3;0
1044;271;754;2024-10-05;W;1;0;0;0;900;36,5;0;57;113;78;137;0;2;1;1;135;32;14;11;41;1;15
1044;754;271;2024-10-05;L;0;1;0;0;900;28,4;0;44;89;57;102;3;8;0;0;212;22;9;13;42;1;1
1045;66;805;2024-10-05;W;1;0;0;0;95;33,1;0;9;20;9;20;0;0;1;0;3;5;2;2;9;0;0
1045;805;66;2024-10-05;L;0;1;0;0;95;41,5;0;7;10;7;10;0;1;0;0;3;2;0;5;7;0;0
1046;601;806;2024-10-05;W;1;0;0;0;900;35,1;0;80;150;94;166;0;0;0;0;0;28;11;41;75;5;0
1046;806;601;2024-10-05;L;0;1;0;0;900;37,0;0;39;123;116;215;4;7;0;0;220;30;4;5;33;0;6
1047;686;807;2024-10-05;W;1;0;0;0;199;39,8;0;14;24;19;35;1;1;1;0;118;9;3;2;14;0;0
1047;807;686;2024-10-05;L;0;1;0;0;199;40,6;0;5;13;12;20;0;0;0;0;0;2;2;1;5;0;0
1048;253;475;2024-09-28;L;0;1;0;0;600;28,8;0;25;60;35;70;0;0;0;0;5;13;10;2;25;0;0
1048;475;253;2024-09-28;W;1;0;0;0;600;35,4;0;50;72;72;98;1;3;0;0;293;46;0;4;17;0;33
1049;334;644;2024-09-28;L;0;1;0;0;900;28,8;0;30;52;56;82;1;10;0;0;366;20;4;6;20;6;4
1049;644;334;2024-09-28;W;1;0;0;0;900;28,6;0;57;86;79;114;0;0;0;0;347;51;5;1;37;7;13
1050;24;402;2024-09-28;L;0;1;0;0;900;29,6;0;29;67;57;105;3;6;2;0;400;9;5;15;23;2;4
1050;402;24;2024-09-28;W;1;0;0;0;900;27,3;0;43;71;69;101;0;3;0;1;232;16;18;9;30;13;0
1051;746;766;2024-09-28;L;0;1;0;0;527;31,4;0;58;97;63;107;0;2;0;0;12;31;10;17;46;12;0
1051;766;746;2024-09-28;W;1;0;0;0;527;30,0;0;97;170;118;194;0;3;0;0;211;79;17;1;80;17;0
1052;63;726;2024-09-28;W;1;0;0;0;327;28,9;1;19;28;28;37;2;2;0;1;132;15;1;3;10;2;7
1052;726;63;2024-09-28;L;0;1;0;0;327;34,5;0;11;38;17;45;1;4;0;0;67;7;3;1;9;2;0
1053;53;614;2024-09-28;W;1;0;0;0;779;27,5;1;58;94;69;107;4;4;1;1;283;44;11;3;45;7;6
1053;614;53;2024-09-28;L;0;1;0;0;779;34,3;0;16;59;25;72;1;3;1;1;167;7;7;2;9;7;0
1054;301;376;2024-09-28;W;1;0;0;0;900;30,8;0;45;120;80;161;3;12;0;0;119;24;9;12;38;6;1
1054;376;301;2024-09-28;L;0;1;0;0;900;32,9;0;39;69;63;101;1;2;0;1;319;29;7;3;33;5;1
1055;67;808;2024-09-28;W;1;0;0;0;900;28,9;0;90;150;97;160;2;7;0;0;182;44;19;27;78;12;0
1055;808;67;2024-09-28;L;0;1;0;0;900;30,8;0;29;117;36;124;0;1;0;1;9;18;5;6;25;4;0
1056;191;809;2024-09-28;W;1;0;0;0;900;29,6;0;45;95;107;181;2;3;0;0;531;22;15;8;28;9;8
1056;809;191;2024-09-28;L;0;1;0;0;900;30,6;0;24;60;58;104;0;3;0;0;43;10;10;4;19;4;1
1057;417;810;2024-09-28;L;0;1;0;0;900;33,9;0;39;141;49;154;2;6;0;0;182;25;10;4;34;5;0
1057;810;417;2024-09-28;W;1;0;0;0;900;32,5;0;94;202;99;208;0;1;0;0;10;63;24;7;80;14;0
1058;455;538;2024-09-28;L;0;1;0;0;232;28,7;0;5;12;12;21;1;1;0;0;39;4;1;0;4;0;1
1058;538;455;2024-09-28;W;1;0;0;0;232;30,0;0;7;12;22;27;2;4;1;0;102;5;0;2;3;1;3
1059;384;811;2024-09-28;W;1;0;0;0;900;35,8;1;67;130;78;142;0;0;0;0;69;34;18;15;61;0;6
1059;811;384;2024-09-28;L;0;1;0;0;900;33,7;0;71;177;76;184;0;1;0;0;0;28;28;15;71;0;0
1060;73;379;2024-09-28;L;0;1;0;0;900;34,8;0;54;114;80;156;1;9;0;0;236;15;17;22;41;13;0
1060;379;73;2024-09-28;W;1;0;0;0;900;27,1;0;54;154;87;194;0;0;0;1;69;28;12;14;48;6;0
1061;476;514;2024-09-28;W;1;0;0;0;214;31,4;0;10;25;12;29;0;1;1;0;0;7;1;2;10;0;0
1061;514;476;2024-09-28;L;0;1;0;0;214;28,9;0;28;50;29;51;2;3;0;0;71;25;3;0;21;6;1
1062;323;577;2024-09-14;L;0;1;0;0;1500;29,9;0;47;89;49;91;0;0;0;0;0;22;23;2;45;0;2
1062;577;323;2024-09-14;W;1;0;0;0;1500;33,7;0;82;164;214;310;6;15;0;0;603;55;4;23;29;8;45
1063;32;593;2024-09-14;L;0;1;0;0;1500;31,1;0;18;100;153;245;1;4;2;0;49;8;3;7;16;1;1
1063;593;32;2024-09-14;W;1;0;0;0;1500;36,5;0;45;80;193;233;8;12;0;0;964;38;3;4;39;2;4
1064;330;650;2024-09-14;W;1;0;0;0;900;29,7;0;106;206;113;214;1;1;0;0;165;75;13;18;75;6;25
1064;650;330;2024-09-14;L;0;1;0;0;900;33,6;0;63;195;69;201;0;2;0;0;6;52;4;7;61;1;1
1065;140;533;2024-09-14;W;1;0;0;0;900;28,4;0;156;345;156;345;0;0;0;0;0;103;32;21;154;2;0
1065;533;140;2024-09-14;L;0;1;0;0;900;25,2;1;121;308;121;308;0;1;0;0;15;83;33;5;117;4;0
1066;550;724;2024-09-14;L;0;1;0;0;900;32,7;1;37;68;55;93;1;3;2;1;67;28;4;5;22;0;15
1066;724;550;2024-09-14;W;1;0;0;0;900;25,4;0;35;69;68;117;1;2;0;1;554;29;1;5;10;0;25
1067;425;812;2024-09-14;W;1;0;0;0;900;34,0;0;159;309;159;309;0;5;0;0;0;89;34;36;156;3;0
1067;812;425;2024-09-14;L;0;1;0;0;900;36,5;0;69;183;69;183;0;0;0;0;5;47;12;10;67;2;0
1068;39;278;2024-09-14;W;1;0;0;0;242;27,0;2;31;58;36;63;0;0;0;0;38;25;3;3;11;4;16
1068;278;39;2024-09-14;L;0;1;0;0;242;29,5;0;20;43;20;43;0;0;0;0;20;9;10;1;12;8;0
1069;347;813;2024-09-14;W;1;0;0;0;182;30,1;1;21;35;21;35;0;0;1;0;15;12;6;3;16;4;1
1069;813;347;2024-09-14;L;0;1;0;0;182;25,5;0;35;73;35;73;0;2;0;0;0;18;8;9;29;5;1
1070;1;38;2024-09-14;W;1;0;0;0;900;22,9;0;118;200;183;276;3;3;0;0;266;79;24;15;109;4;5
1070;38;1;2024-09-14;L;0;1;0;0;900;28,6;0;79;189;87;197;0;2;1;0;27;46;12;21;77;2;0
1071;83;525;2024-09-14;L;0;1;0;0;900;31,2;0;22;54;80;118;0;0;0;0;0;12;10;0;22;0;0
1071;525;83;2024-09-14;W;1;0;0;0;900;19,9;0;41;94;98;158;3;7;0;0;452;21;7;13;27;0;14
1072;391;443;2024-09-07;W;1;0;0;0;1500;31,8;0;130;217;274;368;7;17;0;0;634;97;12;21;118;11;1
1072;443;391;2024-09-07;L;0;1;0;0;1500;38,1;0;47;97;76;126;1;6;0;0;163;25;19;3;32;15;0
1073;569;657;2024-09-07;W;1;0;0;0;900;27,6;0;117;208;119;211;0;1;0;0;49;67;38;12;106;9;2
1073;657;569;2024-09-07;L;0;1;0;0;900;33,0;0;50;140;62;153;0;1;0;0;131;33;13;4;48;2;0
1074;331;495;2024-09-07;W;1;0;0;0;239;32,3;0;22;37;39;62;0;0;0;1;96;20;1;1;2;0;20
1074;495;331;2024-09-07;L;0;1;0;0;239;33,4;0;1;2;31;36;0;0;0;0;133;0;0;1;1;0;0
1075;276;339;2024-09-07;W;1;0;0;0;329;33,4;0;34;78;37;81;0;0;1;0;10;31;3;0;34;0;0
1075;339;276;2024-09-07;L;0;1;0;0;329;34,6;0;40;83;40;83;0;1;0;0;0;32;3;5;38;2;0
1076;60;693;2024-09-07;L;0;1;0;0;900;29,7;0;55;107;63;115;0;1;0;0;30;29;18;8;48;7;0
1076;693;60;2024-09-07;W;1;0;0;0;900;29,4;0;42;66;85;124;9;18;0;0;496;26;9;7;19;18;5
1077;46;121;2024-09-07;L;0;1;0;0;554;24,5;0;49;88;49;88;0;0;0;0;12;26;12;11;43;6;0
1077;121;46;2024-09-07;W;1;0;0;0;554;29,0;0;68;105;73;110;0;1;0;0;0;36;8;24;62;6;0
1078;604;814;2024-09-07;W;1;0;0;0;559;28,2;0;41;56;102;147;2;2;2;0;552;41;0;0;2;0;39
1078;814;604;2024-09-07;L;0;1;0;0;559;28,7;0;3;7;22;27;0;0;0;0;0;2;1;0;2;0;1
1079;92;730;2024-09-07;W;1;0;0;0;900;25,6;0;18;37;43;70;2;2;2;0;540;5;6;7;14;4;0
1079;730;92;2024-09-07;L;0;1;0;0;900;24,0;0;38;76;69;122;0;8;0;0;41;14;14;10;33;5;0
1080;564;745;2024-09-07;L;0;1;0;0;900;27,7;0;41;92;96;160;0;4;0;0;4;26;8;7;40;0;1
1080;745;564;2024-09-07;W;1;0;0;0;900;27,8;1;76;112;110;150;2;2;0;0;395;45;17;14;53;5;18
1081;364;688;2024-09-07;W;1;0;0;0;208;29,2;0;2;3;12;16;1;1;1;0;185;1;1;0;1;0;1
1081;688;364;2024-09-07;L;0;1;0;0;208;36,0;0;2;6;3;7;0;0;0;0;0;0;2;0;2;0;0
1082;381;742;2024-09-07;W;1;0;0;0;900;33,2;0;23;46;78;109;3;5;0;0;560;16;5;2;17;1;5
1082;742;381;2024-09-07;L;0;1;0;0;900;24,6;0;17;53;23;59;0;0;0;0;0;14;3;0;13;4;0
1083;664;815;2024-09-07;W;1;0;0;0;374;26,7;0;14;20;40;47;4;6;1;0;190;13;0;1;6;0;8
1083;815;664;2024-09-07;L;0;1;0;0;374;27,7;0;6;10;12;16;0;0;1;2;111;5;1;0;2;4;0
1084;232;523;2024-08-24;L;0;1;0;0;1500;40,4;0;83;254;83;254;0;0;0;0;0;57;11;15;82;1;0
1084;523;232;2024-08-24;W;1;0;0;0;1500;31,6;1;153;255;156;258;0;1;1;0;119;106;26;21;129;2;22
1085;236;360;2024-08-24;W;1;0;0;0;900;29,5;0;101;239;140;280;3;4;0;0;304;82;8;11;88;10;3
1085;360;236;2024-08-24;L;0;1;0;0;900;39,6;0;112;216;140;245;0;2;0;0;10;66;43;3;88;19;5
1086;186;591;2024-08-24;L;0;1;0;0;409;29,4;0;1;2;5;6;0;1;2;1;98;1;0;0;1;0;0
1086;591;186;2024-08-24;W;1;0;0;0;409;33,2;0;42;52;63;73;1;3;1;1;285;41;1;0;1;0;41
1087;292;583;2024-08-24;L;0;1;0;0;390;31,2;0;12;28;19;35;0;0;0;0;93;10;1;1;11;1;0
1087;583;292;2024-08-24;W;1;0;0;0;390;24,2;1;31;67;32;68;0;0;0;0;2;15;9;7;27;1;3
1088;151;595;2024-08-24;L;0;1;0;0;279;37,1;0;5;11;13;19;0;2;0;0;125;1;2;2;3;1;1
1088;595;151;2024-08-24;W;1;0;0;0;279;25,2;1;34;40;39;45;0;0;0;0;76;30;0;4;4;0;30
1089;19;415;2024-08-24;L;0;1;0;0;552;26,8;0;48;113;48;113;0;0;0;0;141;31;16;1;26;5;17
1089;415;19;2024-08-24;W;1;0;0;0;552;36,7;0;21;44;31;54;1;6;1;0;21;11;6;4;20;1;0
1090;197;438;2024-08-24;L;0;1;0;0;900;26,9;0;66;145;76;156;0;1;0;0;8;46;14;6;65;1;0
1090;438;197;2024-08-24;W;1;0;0;0;900;25,5;1;57;150;82;175;1;6;0;0;326;53;2;2;53;3;1
1091;274;537;2024-08-24;W;1;0;0;0;900;30,4;0;75;129;101;162;5;9;1;1;357;42;20;13;57;2;16
1091;537;274;2024-08-24;L;0;1;0;0;900;33,3;0;32;74;53;97;1;2;0;0;72;20;5;7;30;1;1
1092;599;777;2024-08-24;W;1;0;0;0;900;32,6;0;96;229;97;230;0;1;0;0;3;49;30;17;92;3;1
1092;777;599;2024-08-24;L;0;1;0;0;900;25,1;0;93;249;97;253;0;0;0;0;5;40;27;26;91;1;1
1093;379;738;2024-08-24;W;1;0;0;0;900;27,0;0;91;171;91;171;0;0;0;0;0;49;11;31;91;0;0
1093;738;379;2024-08-24;L;0;1;0;0;900;30,7;0;52;153;52;153;0;0;0;0;8;33;11;8;50;0;2
1094;269;816;2024-08-24;W;1;0;0;0;62;32,3;1;10;26;10;26;0;0;0;0;2;4;1;5;10;0;0
1094;816;269;2024-08-24;L;0;1;0;0;62;34,5;0;1;9;1;9;0;0;0;0;0;0;0;1;1;0;0
1095;230;489;2024-08-17;W;1;0;0;0;1118;30,6;0;90;197;99;206;4;9;2;0;219;61;7;22;80;8;2
1095;489;230;2024-08-17;L;0;1;0;0;1118;35,1;0;97;203;105;211;0;1;0;1;9;63;26;8;92;4;1
1096;209;680;2024-08-17;L;0;1;0;0;244;29,1;0;9;29;9;29;0;0;0;0;0;8;0;1;9;0;0
1096;680;209;2024-08-17;W;1;0;0;0;244;31,4;2;18;51;18;51;0;0;0;0;8;11;5;2;15;0;3
1097;51;155;2024-08-17;W;1;0;0;0;900;34,5;0;65;143;82;162;0;0;0;0;88;41;24;0;44;4;17
1097;155;51;2024-08-17;L;0;1;0;0;900;33,7;0;64;129;88;154;5;15;0;0;299;56;6;2;43;2;19
1098;13;748;2024-08-17;L;0;1;0;0;900;31,4;0;37;126;37;126;0;0;0;0;1;19;6;12;37;0;0
1098;748;13;2024-08-17;W;1;0;0;0;900;36,4;0;91;184;92;185;0;0;0;0;1;58;12;21;86;5;0
1099;407;817;2024-08-17;W;1;0;0;0;542;31,0;3;55;84;55;84;0;0;0;0;4;44;1;10;55;0;0
1099;817;407;2024-08-17;L;0;1;0;0;542;36,4;0;41;111;41;111;0;0;0;0;23;12;4;25;41;0;0
1100;217;338;2024-08-17;W;1;0;0;0;296;26,7;0;4;4;20;23;2;3;1;0;234;1;0;3;3;0;1
1100;338;217;2024-08-17;L;0;1;0;0;296;27,9;0;5;8;10;13;0;0;0;0;0;4;1;0;4;1;0
1101;619;818;2024-08-17;W;1;0;0;0;900;29,0;0;27;118;39;134;1;1;1;0;249;16;6;5;25;2;0
1101;818;619;2024-08-17;L;0;1;0;0;900;30,2;1;70;127;92;150;0;0;0;0;90;40;9;21;58;1;11
1102;21;316;2024-08-17;W;1;0;0;0;900;26,9;0;83;193;113;227;0;2;1;0;141;60;12;11;69;5;9
1102;316;21;2024-08-17;L;0;1;0;0;900;24,3;0;41;97;46;102;1;5;0;0;141;26;10;5;41;0;0
1103;95;819;2024-08-17;W;1;0;0;0;648;30,8;2;73;126;98;152;0;0;0;0;164;44;15;14;59;0;14
1103;819;95;2024-08-17;L;0;1;0;0;648;36,5;0;24;79;45;101;2;9;0;0;114;11;7;6;21;3;0
1104;335;820;2024-08-17;W;1;0;0;0;900;24,4;0;84;176;104;198;0;0;1;0;22;40;32;12;58;26;0
1104;820;335;2024-08-17;L;0;1;0;0;900;37,9;0;69;140;89;161;2;5;0;0;256;30;21;18;52;16;1
1105;769;821;2024-08-17;W;1;0;0;0;900;34,4;0;87;170;113;199;1;5;0;0;48;65;19;3;66;21;0
1105;821;769;2024-08-17;L;0;1;0;0;900;35,3;0;40;99;67;127;2;15;0;0;212;15;11;14;33;7;0
1106;246;530;2024-08-17;L;0;1;0;0;159;29,8;0;8;17;15;29;1;1;0;0;124;4;2;2;2;0;6
1106;530;246;2024-08-17;W;1;0;0;0;159;28,4;0;3;5;3;5;0;0;1;0;16;3;0;0;3;0;0
1107;107;184;2024-08-10;W;1;0;0;0;104;29,5;0;3;5;8;11;1;1;1;0;34;2;0;1;3;0;0
1107;184;107;2024-08-10;L;0;1;0;0;104;38,8;0;0;4;9;18;0;0;0;1;43;0;0;0;0;0;0
1108;598;779;2024-08-10;W;1;0;0;0;900;31,8;0;73;100;218;267;5;7;0;2;511;59;13;1;8;17;48
1108;779;598;2024-08-10;L;0;1;0;0;900;36,0;0;32;49;49;72;1;5;0;1;258;5;26;1;5;27;0
1109;373;616;2024-08-10;L;0;1;0;0;900;34,6;0;50;92;59;101;0;2;0;0;9;23;22;5;45;5;0
1109;616;373;2024-08-10;W;1;0;0;0;900;29,0;0;47;99;52;107;0;2;0;0;76;25;7;15;46;1;0
1110;630;640;2024-08-10;W;1;0;0;0;900;33,3;0;59;78;69;88;0;0;0;0;12;23;4;32;58;1;0
1110;640;630;2024-08-10;L;0;1;0;0;900;32,8;0;16;69;32;87;2;11;0;0;245;6;5;5;15;0;1
1111;344;629;2024-08-10;L;0;1;0;0;900;33,7;0;56;124;73;152;0;0;0;0;161;31;25;0;29;27;0
1111;629;344;2024-08-10;W;1;0;0;0;900;34,7;1;94;135;135;186;0;0;0;0;60;30;38;26;58;36;0
1112;659;822;2024-08-10;W;1;0;0;0;415;27,2;0;2;5;67;84;1;9;1;1;259;2;0;0;0;0;2
1112;822;659;2024-08-10;L;0;1;0;0;415;32,4;1;26;38;36;48;0;0;0;0;124;23;3;0;7;1;18
1113;315;823;2024-08-10;W;1;0;0;0;900;29,6;0;117;194;140;223;1;2;0;0;264;70;8;39;100;16;1
1113;823;315;2024-08-10;L;0;1;0;0;900;32,7;0;92;182;138;229;0;0;0;0;0;56;20;16;82;10;0
1114;618;824;2024-08-10;W;1;0;0;0;900;33,1;0;59;103;63;107;0;0;0;0;0;32;3;24;58;1;0
1114;824;618;2024-08-10;L;0;1;0;0;900;34,6;0;29;84;49;120;2;5;0;0;159;22;2;5;25;0;4
1115;424;825;2024-08-10;W;1;0;0;0;232;27,9;0;10;12;10;12;1;2;1;0;68;2;1;7;10;0;0
1115;825;424;2024-08-10;L;0;1;0;0;232;29,7;0;6;26;7;27;0;0;0;0;0;3;3;0;6;0;0
1116;206;442;2024-08-10;W;1;0;0;0;900;24,7;1;72;175;87;190;0;0;0;0;70;49;14;9;66;5;1
1116;442;206;2024-08-10;L;0;1;0;0;900;33,8;0;41;151;45;159;1;10;0;0;38;20;16;5;36;5;0
1117;79;255;2024-08-03;W;1;0;0;0;1500;28,6;0;98;187;123;219;5;13;0;0;311;48;27;23;96;2;0
1117;255;79;2024-08-03;L;0;1;0;0;1500;32,3;0;71;159;80;172;0;2;0;0;12;26;18;27;71;0;0
1118;279;286;2024-08-03;W;1;0;0;0;900;30,2;0;97;178;123;209;0;0;0;0;0;52;33;12;89;8;0
1118;286;279;2024-08-03;L;0;1;0;0;900;29,4;0;77;146;94;172;3;7;0;0;159;45;18;14;72;4;1
1119;11;349;2024-08-03;L;0;1;0;0;900;31,7;0;52;117;67;136;0;0;0;0;8;15;15;22;46;6;0
1119;349;11;2024-08-03;W;1;0;0;0;900;36,6;1;45;90;59;104;2;14;0;0;150;18;15;12;42;1;2
1120;492;826;2024-08-03;W;1;0;0;0;224;36,7;0;4;25;4;25;1;1;1;0;34;3;1;0;4;0;0
1120;826;492;2024-08-03;L;0;1;0;0;224;40,5;0;10;18;10;18;0;0;0;0;0;4;1;5;10;0;0
1121;133;471;2024-08-03;W;1;0;0;0;900;31,4;0;72;203;103;235;2;5;0;0;165;61;5;6;66;6;0
1121;471;133;2024-08-03;L;0;1;0;0;900;30,9;0;67;146;72;152;2;3;1;1;101;45;16;6;58;9;0
1122;142;661;2024-08-03;W;1;0;0;0;816;31,4;1;95;141;114;164;0;1;1;0;51;67;24;4;71;24;0
1122;661;142;2024-08-03;L;0;1;0;0;816;26,9;0;45;97;45;98;0;5;0;0;22;17;7;21;45;0;0
1123;9;461;2024-08-03;L;0;1;0;0;498;36,8;0;15;74;19;80;0;0;0;0;51;14;1;0;15;0;0
1123;461;9;2024-08-03;W;1;0;0;0;498;35,3;1;45;85;48;88;0;1;0;0;44;34;11;0;43;0;2
1124;136;669;2024-08-03;W;1;0;0;0;285;29,4;1;37;63;37;63;0;0;0;0;9;21;6;10;29;0;8
1124;669;136;2024-08-03;L;0;1;0;0;285;30,2;0;4;18;4;18;0;0;0;0;0;2;0;2;4;0;0
1125;120;709;2024-08-03;W;1;0;0;0;900;34,5;0;31;46;89;114;2;3;0;0;718;22;8;1;12;15;4
1125;709;120;2024-08-03;L;0;1;0;0;900;32,5;0;27;58;57;95;0;2;0;0;0;18;5;4;25;2;0
1126;729;734;2024-08-03;L;0;1;0;0;900;28,4;1;34;85;81;139;0;5;0;0;272;23;10;1;24;7;3
1126;734;729;2024-08-03;W;1;0;0;0;900;32,6;0;30;68;87;152;1;4;0;0;245;13;13;4;15;11;4
1127;521;758;2024-08-03;W;1;0;0;0;900;32,1;0;97;193;139;240;0;0;0;0;134;65;24;8;86;6;5
1127;758;521;2024-08-03;L;0;1;0;0;900;25,5;0;61;144;104;199;3;10;0;0;278;45;15;1;50;11;0
1128;447;637;2024-08-03;W;1;0;0;0;900;36,2;1;82;178;89;185;2;3;0;0;33;47;27;8;79;3;0
1128;637;447;2024-08-03;L;0;1;0;0;900;27,6;0;67;199;71;206;0;1;0;0;71;29;10;28;64;3;0
1129;434;827;2024-08-03;W;1;0;0;0;900;29,0;0;49;88;95;140;3;10;0;0;360;28;9;12;40;1;8
1129;827;434;2024-08-03;L;0;1;0;0;900;36,2;0;26;70;183;246;3;5;0;0;147;10;13;3;24;2;0
1130;332;596;2024-07-27;W;1;0;0;0;1500;36,0;0;68;121;192;281;9;13;0;0;722;59;9;0;62;0;6
1130;596;332;2024-07-27;L;0;1;0;0;1500;32,9;0;47;71;89;114;2;2;0;2;431;32;12;3;35;6;6
1131;34;608;2024-07-27;L;0;1;0;0;60;33,4;0;5;11;5;12;0;0;0;0;0;5;0;0;5;0;0
1131;608;34;2024-07-27;W;1;0;0;0;60;31,3;1;14;19;14;19;0;0;0;0;13;14;0;0;4;0;10
1132;254;259;2024-07-27;W;1;0;0;0;202;29,6;0;8;13;10;16;0;0;2;0;0;2;0;6;8;0;0
1132;259;254;2024-07-27;L;0;1;0;0;202;37,9;0;15;21;15;21;1;1;0;0;34;2;3;10;15;0;0
1133;106;233;2024-07-27;W;1;0;0;0;900;32,4;0;45;79;78;120;4;12;0;0;500;37;8;0;28;12;5
1133;233;106;2024-07-27;L;0;1;0;0;900;29,0;0;29;48;53;77;0;0;0;0;105;13;7;9;23;6;0
1134;23;365;2024-07-27;L;0;1;0;0;900;35,9;0;38;111;39;112;0;0;0;0;0;22;12;4;38;0;0
1134;365;23;2024-07-27;W;1;0;0;0;900;30,5;0;61;122;61;122;0;1;0;0;0;43;16;2;61;0;0
1135;69;796;2024-07-27;W;1;0;0;0;900;31,2;1;66;93;81;110;0;0;1;1;222;35;12;19;55;0;11
1135;796;69;2024-07-27;L;0;1;0;0;900;39,0;0;32;69;80;125;1;6;0;2;332;21;3;8;19;2;11
1136;499;728;2024-07-27;W;1;0;0;0;900;30,9;0;44;74;63;99;3;3;0;1;335;20;22;2;32;8;4
1136;728;499;2024-07-27;L;0;1;0;0;900;34,2;0;32;56;57;84;2;7;0;0;211;19;11;2;28;2;2
1137;733;795;2024-07-27;L;0;1;0;0;900;28,2;0;66;181;68;188;1;8;0;0;107;33;18;15;64;1;1
1137;795;733;2024-07-27;W;1;0;0;0;900;28,0;0;81;154;107;181;0;1;0;0;7;35;13;33;78;3;0
1138;299;828;2024-07-27;L;0;1;0;0;900;30,7;0;20;48;34;67;0;1;0;0;4;16;4;0;20;0;0
1138;828;299;2024-07-27;W;1;0;0;0;900;24,0;0;30;82;47;102;3;8;0;0;131;11;13;6;27;2;1
1139;193;756;2024-07-27;W;1;0;0;0;900;26,6;0;44;125;49;142;1;2;0;0;296;36;4;4;41;3;0
1139;756;193;2024-07-27;L;0;1;0;0;900;29,0;0;36;93;71;133;1;9;0;0;118;15;4;17;31;5;0
1140;68;674;2024-07-27;W;1;0;0;0;792;30,5;0;38;76;56;101;2;2;1;0;331;28;7;3;29;3;6
1140;674;68;2024-07-27;L;0;1;0;0;792;36,0;0;70;139;120;200;0;0;0;0;9;19;31;20;58;12;0
1141;222;652;2024-07-27;W;1;0;0;0;170;28,2;0;9;26;13;31;1;1;1;0;56;8;1;0;9;0;0
1141;652;222;2024-07-27;L;0;1;0;0;170;34,3;0;9;16;10;17;0;0;0;0;15;4;0;5;9;0;0
1142;675;731;2024-07-27;L;0;1;0;0;203;32,2;0;24;42;26;44;0;0;0;0;0;12;3;9;20;4;0
1142;731;675;2024-07-27;W;1;0;0;0;203;28,8;1;34;52;34;52;0;0;0;0;2;29;0;5;28;3;3
1143;382;385;2024-07-27;L;0;1;0;0;900;32,3;0;57;105;80;139;2;4;0;0;354;42;10;5;50;3;4
1143;385;382;2024-07-27;W;1;0;0;0;900;30,8;0;77;169;151;252;0;2;0;0;10;44;22;11;73;4;0
1144;161;477;2024-07-20;L;0;1;0;0;588;37,2;0;2;9;5;12;0;0;1;1;51;2;0;0;1;0;1
1144;477;161;2024-07-20;W;1;0;0;0;588;36,1;0;2;8;20;27;1;5;4;1;387;2;0;0;2;0;0
1145;331;735;2024-07-20;W;1;0;0;0;96;32,2;1;15;27;18;34;0;1;0;0;37;10;2;3;9;1;5
1145;735;331;2024-07-20;L;0;1;0;0;96;31,7;0;9;15;9;16;0;0;0;0;0;7;0;2;9;0;0
1146;695;829;2024-07-20;W;1;0;0;0;900;37,9;0;92;171;171;275;1;4;0;1;321;58;25;9;74;18;0
1146;829;695;2024-07-20;L;0;1;0;0;900;33,3;0;89;156;115;195;3;3;2;0;167;61;27;1;53;28;8
1147;276;342;2024-07-20;L;0;1;0;0;478;33,3;0;28;63;31;68;1;1;3;0;155;20;5;3;27;1;0
1147;342;276;2024-07-20;W;1;0;0;0;478;34,3;1;42;73;45;77;0;2;0;0;23;31;6;5;24;1;17
1148;6;830;2024-07-20;W;1;0;0;0;518;33,3;0;21;35;32;47;2;3;3;0;93;15;3;3;17;3;1
1148;830;6;2024-07-20;L;0;1;0;0;518;35,1;0;17;49;38;74;2;3;0;1;189;11;3;3;14;2;1
1149;302;704;2024-07-20;W;1;0;0;0;65;34,1;0;42;63;42;63;0;0;0;0;0;37;2;3;42;0;0
1149;704;302;2024-07-20;L;0;1;0;0;65;28,7;0;4;10;4;10;0;0;0;0;4;3;1;0;4;0;0
1150;228;831;2024-07-20;W;1;0;0;0;238;36,9;0;13;24;18;30;2;5;1;0;158;9;2;2;10;3;0
1150;831;228;2024-07-20;L;0;1;0;0;238;37,9;0;2;12;2;13;0;0;0;0;5;0;0;2;2;0;0
1151;250;685;2024-07-20;L;0;1;0;0;900;32,2;0;21;52;47;85;1;2;1;0;49;19;1;1;19;2;0
1151;685;250;2024-07-20;W;1;0;0;0;900;27,1;0;30;88;102;188;2;5;0;0;487;9;7;14;23;2;5
1152;755;832;2024-07-20;W;1;0;0;0;900;34,7;0;24;47;116;148;4;5;2;0;587;14;5;5;21;2;1
1152;832;755;2024-07-20;L;0;1;0;0;900;33,8;0;42;86;97;157;0;0;0;0;96;38;2;2;23;1;18
1153;639;833;2024-07-20;W;1;0;0;0;900;31,1;0;94;167;114;199;0;1;0;0;41;45;23;26;73;21;0
1153;833;639;2024-07-20;L;0;1;0;0;900;30,1;0;43;114;62;145;2;4;0;0;125;25;16;2;27;16;0
1154;218;684;2024-07-20;W;1;0;0;0;900;29,3;0;76;138;98;164;2;5;0;0;61;58;13;5;72;3;1
1154;684;218;2024-07-20;L;0;1;0;0;900;35,3;0;63;185;63;185;0;1;0;0;0;44;19;0;61;2;0
1155;268;570;2024-07-13;L;0;1;0;0;1500;30,6;0;58;198;85;233;2;5;0;0;58;31;14;13;52;6;0
1155;570;268;2024-07-13;W;1;0;0;0;1500;32,0;1;96;180;119;215;5;5;0;0;396;66;17;13;93;3;0
1156;40;221;2024-07-13;W;1;0;0;0;900;40,1;0;46;121;69;146;0;5;0;0;0;20;20;6;45;1;0
1156;221;40;2024-07-13;L;0;1;0;0;900;37,8;0;41;117;42;118;2;5;0;0;149;31;5;5;40;1;0
1157;25;526;2024-07-13;W;1;0;0;0;688;27,6;0;53;109;53;109;0;0;0;0;0;37;15;1;48;5;0
1157;526;25;2024-07-13;L;0;1;0;0;688;35,7;0;59;147;59;148;0;4;0;0;30;29;21;9;55;4;0
1158;333;687;2024-07-13;W;1;0;0;0;900;26,9;0;101;225;106;232;1;1;0;0;10;64;32;5;85;16;0
1158;687;333;2024-07-13;L;0;1;0;0;900;31,3;0;52;153;60;166;4;13;0;0;155;37;7;8;45;2;5
1159;303;494;2024-07-13;L;0;1;0;0;289;26,6;0;33;75;33;76;0;0;0;1;19;26;2;5;31;0;2
1159;494;303;2024-07-13;W;1;0;0;0;289;35,0;0;35;88;39;94;1;1;1;0;41;27;7;1;33;2;0
1160;380;752;2024-07-13;NC;0;0;0;1;37;30,2;0;1;2;1;2;0;1;0;0;3;1;0;0;1;0;0
1160;752;380;2024-07-13;NC;0;0;0;1;37;38,9;0;23;30;24;35;0;0;0;0;27;23;0;0;0;4;19
1161;1;143;2024-07-13;L;0;1;0;0;620;22,8;0;67;133;72;140;1;1;0;0;15;44;17;6;60;7;0
1161;143;1;2024-07-13;W;1;0;0;0;620;33,5;1;88;191;90;195;0;2;0;0;34;44;25;19;84;3;1
1162;237;448;2024-07-13;L;0;1;0;0;900;24,0;0;39;81;48;94;1;1;0;0;52;32;5;2;33;3;3
1162;448;237;2024-07-13;W;1;0;0;0;900;35,4;0;40;89;93;165;4;6;1;0;468;25;9;6;27;4;9
1163;430;667;2024-07-13;W;1;0;0;0;18;32,2;1;4;6;4;6;0;0;0;0;2;4;0;0;1;0;3
1163;667;430;2024-07-13;L;0;1;0;0;18;29,9;0;1;1;1;1;0;0;0;0;0;0;0;1;1;0;0
1164;316;834;2024-07-13;W;1;0;0;0;207;24,2;0;2;4;9;12;1;1;3;0;143;2;0;0;2;0;0
1164;834;316;2024-07-13;L;0;1;0;0;207;27,3;0;3;14;20;31;0;0;0;0;0;1;0;2;3;0;0
1165;381;835;2024-07-13;W;1;0;0;0;900;33,1;0;12;18;30;51;3;4;1;0;770;5;5;2;10;0;2
1165;835;381;2024-07-13;L;0;1;0;0;900;30,5;0;16;24;60;74;0;0;0;0;13;10;6;0;14;1;1
1166;484;713;2024-07-13;L;0;1;0;0;406;29,9;0;24;60;26;65;1;2;0;1;28;12;5;7;21;3;0
1166;713;484;2024-07-13;W;1;0;0;0;406;27,3;0;45;86;61;104;0;1;1;1;121;17;27;1;29;3;13
1167;321;459;2024-06-29;W;1;0;0;0;313;37,0;2;38;50;49;61;0;0;0;0;3;21;8;9;21;7;10
1167;459;321;2024-06-29;L;0;1;0;0;313;31,7;0;7;25;7;25;0;0;0;0;71;4;2;1;6;1;0
1168;36;330;2024-06-29;L;0;1;0;0;900;32,9;0;42;77;67;103;0;1;0;0;99;34;4;4;24;3;15
1168;330;36;2024-06-29;W;1;0;0;0;900;29,5;0;49;100;90;143;1;3;1;0;246;32;8;9;38;10;1
1169;110;711;2024-06-29;W;1;0;0;0;900;36,0;0;100;185;103;188;1;3;0;0;213;61;12;27;65;3;32
1169;711;110;2024-06-29;L;0;1;0;0;900;35,9;0;51;93;51;93;0;0;0;0;0;27;4;20;51;0;0
1170;435;539;2024-06-29;L;0;1;0;0;418;32,9;0;46;59;53;66;0;4;0;0;79;24;20;2;21;23;2
1170;539;435;2024-06-29;W;1;0;0;0;418;32,9;0;50;85;64;99;1;1;0;0;108;27;13;10;22;18;10
1171;55;132;2024-06-29;L;0;1;0;0;900;37,2;0;21;38;52;74;0;0;0;0;112;15;4;2;19;0;2
1171;132;55;2024-06-29;W;1;0;0;0;900;26,6;0;19;39;65;101;2;5;2;0;449;12;3;4;9;5;5
1172;490;555;2024-06-29;W;1;0;0;0;85;27,8;1;8;10;8;10;0;0;0;0;1;4;1;3;7;0;1
1172;555;490;2024-06-29;L;0;1;0;0;85;34,4;0;0;5;0;5;0;0;0;0;0;0;0;0;0;0;0
1173;307;465;2024-06-29;W;1;0;0;0;900;34,0;0;67;147;70;151;2;11;0;0;230;49;13;5;52;15;0
1173;465;307;2024-06-29;L;0;1;0;0;900;40,7;0;62;111;90;140;0;2;0;0;29;43;7;12;53;9;0
1174;12;25;2024-06-29;L;0;1;0;0;382;28,6;0;23;46;24;48;3;7;0;0;77;6;11;6;17;5;1
1174;25;12;2024-06-29;W;1;0;0;0;382;27,5;2;34;55;35;56;0;0;0;0;9;26;7;1;14;16;4
1175;580;836;2024-06-29;W;1;0;0;0;19;25,8;1;13;13;13;13;0;0;0;0;1;12;0;1;4;0;9
1175;836;580;2024-06-29;L;0;1;0;0;19;29,4;0;1;2;1;2;0;0;0;0;0;0;0;1;1;0;0
1176;134;837;2024-06-29;W;1;0;0;0;900;29,1;0;77;105;122;156;2;6;2;0;754;67;9;1;10;0;67
1176;837;134;2024-06-29;L;0;1;0;0;900;38,5;0;21;52;41;75;1;1;0;0;19;19;1;1;9;3;9
1177;671;838;2024-06-29;W;1;0;0;0;900;32,6;0;54;84;165;199;0;0;0;0;160;24;25;5;23;31;0
1177;838;671;2024-06-29;L;0;1;0;0;900;45,4;0;74;119;98;147;0;1;0;0;298;34;26;14;54;20;0
1178;93;700;2024-06-29;W;1;0;0;0;900;22,0;0;17;32;62;83;3;8;0;0;379;15;2;0;2;2;13
1178;700;93;2024-06-29;L;0;1;0;0;900;30,7;0;16;32;26;45;1;2;0;0;269;7;5;4;8;4;4
1179;306;498;2024-06-29;W;1;0;0;0;900;28,6;0;96;237;96;237;1;1;0;0;16;53;20;23;94;1;1
1179;498;306;2024-06-29;L;0;1;0;0;900;31,8;0;42;96;44;98;2;11;0;0;31;26;12;4;40;2;0
1180;262;284;2024-06-22;W;1;0;0;0;109;33,5;1;14;21;14;21;0;0;0;0;3;12;0;2;12;0;2
1180;284;262;2024-06-22;L;0;1;0;0;109;31,5;0;5;15;5;15;0;0;0;0;0;3;1;1;5;0;0
1181;351;390;2024-06-22;L;0;1;0;0;900;32,1;0;46;134;46;134;0;1;0;0;15;38;7;1;46;0;0
1181;390;351;2024-06-22;W;1;0;0;0;900;35,7;0;83;159;83;160;0;0;0;0;0;35;16;32;83;0;0
1182;180;472;2024-06-22;L;0;1;0;0;900;37,5;0;127;265;132;273;0;0;0;0;0;82;36;9;127;0;0
1182;472;180;2024-06-22;W;1;0;0;0;900;32,7;0;112;238;123;250;4;4;0;0;167;77;14;21;105;0;7
1183;279;505;2024-06-22;W;1;0;0;0;747;30,1;1;82;108;108;136;0;0;0;0;17;28;22;32;69;13;0
1183;505;279;2024-06-22;L;0;1;0;0;747;33,5;0;16;34;39;77;0;7;0;0;282;8;7;1;12;4;0
1184;464;584;2024-06-22;L;0;1;0;0;148;32,2;0;15;33;15;33;0;0;0;0;0;6;3;6;15;0;0
1184;584;464;2024-06-22;W;1;0;0;0;148;34,8;2;37;67;37;67;0;0;0;0;6;22;9;6;33;2;2
1185;122;398;2024-06-22;W;1;0;0;0;900;28,8;0;146;316;156;330;0;0;0;0;3;122;23;1;133;8;5
1185;398;122;2024-06-22;L;0;1;0;0;900;35,8;0;141;299;170;338;0;13;0;0;169;125;12;4;128;13;0
1186;62;64;2024-06-22;L;0;1;0;0;675;29,9;0;30;85;55;120;1;5;0;0;156;14;6;10;26;2;2
1186;64;62;2024-06-22;W;1;0;0;0;675;26,1;0;37;70;62;98;1;2;1;0;66;10;14;13;31;6;0
1187;587;649;2024-06-22;L;0;1;0;0;900;39,6;0;66;134;123;195;0;4;0;0;237;36;25;5;38;28;0
1187;649;587;2024-06-22;W;1;0;0;0;900;32,7;0;68;134;99;173;5;11;0;0;377;53;10;5;49;19;0
1188;558;839;2024-06-22;W;1;0;0;0;900;28,1;0;47;71;110;144;1;3;0;1;398;27;10;10;25;6;16
1188;839;558;2024-06-22;L;0;1;0;0;900;36,8;0;12;35;119;152;3;11;0;0;296;8;2;2;11;0;1
1189;225;757;2024-06-22;L;0;1;0;0;900;27,8;0;17;35;29;51;3;6;1;1;116;6;4;7;13;3;1
1189;757;225;2024-06-22;W;1;0;0;0;900;30,6;0;26;39;93;135;5;5;0;0;599;15;4;7;12;4;10
1190;97;606;2024-06-22;L;0;1;0;0;900;26,2;0;68;103;135;187;2;5;0;0;379;27;33;8;26;42;0
1190;606;97;2024-06-22;W;1;0;0;0;900;30,1;0;84;119;173;228;2;9;0;0;108;28;54;2;18;66;0
1191;85;389;2024-06-15;L;0;1;0;0;479;32,2;0;41;77;45;81;1;1;0;0;24;22;10;9;31;10;0
1191;389;85;2024-06-15;W;1;0;0;0;479;24,4;0;31;66;43;78;2;2;0;0;48;25;2;4;28;3;0
1192;173;542;2024-06-15;W;1;0;0;0;900;30,2;0;50;96;52;98;0;3;0;0;5;37;6;7;50;0;0
1192;542;173;2024-06-15;L;0;1;0;0;900;39,0;0;36;119;36;119;0;1;0;0;7;21;6;9;36;0;0
1193;371;620;2024-06-15;L;0;1;0;0;900;25,3;0;59;116;73;136;2;5;0;0;138;35;14;10;48;0;11
1193;620;371;2024-06-15;W;1;0;0;0;900;33,4;1;70;196;91;220;0;0;0;0;47;43;13;14;65;2;3
1194;791;840;2024-06-15;L;0;1;0;0;712;27,7;1;49;83;59;94;0;0;1;1;177;41;8;0;22;5;22
1194;840;791;2024-06-15;W;1;0;0;0;712;25,1;0;22;50;42;76;6;13;3;0;336;14;7;1;18;4;0
1195;283;753;2024-06-15;W;1;0;0;0;900;30,4;0;20;29;77;109;6;11;4;1;684;12;3;5;4;5;11
1195;753;283;2024-06-15;L;0;1;0;0;900;29,1;0;5;21;58;79;1;1;1;0;63;3;1;1;4;1;0
1196;572;841;2024-06-15;W;1;0;0;0;900;35,4;0;80;205;80;205;0;2;0;0;0;29;40;11;80;0;0
1196;841;572;2024-06-15;L;0;1;0;0;900;31,4;0;53;126;53;126;0;0;0;0;0;25;11;17;53;0;0
1197;712;842;2024-06-15;L;0;1;0;0;900;33,8;0;37;75;41;80;1;8;2;0;161;8;21;8;28;9;0
1197;842;712;2024-06-15;W;1;0;0;0;900;33,0;0;89;168;139;234;0;0;2;0;263;63;17;9;64;19;6
1198;113;497;2024-06-15;L;0;1;0;0;900;25,3;0;169;323;186;345;2;4;0;0;64;110;42;17;149;20;0
1198;497;113;2024-06-15;W;1;0;0;0;900;30,8;0;119;234;126;245;2;8;0;0;160;89;21;9;95;24;0
1199;655;692;2024-06-15;W;1;0;0;0;109;35,4;0;0;1;2;3;1;3;3;0;35;0;0;0;0;0;0
1199;692;655;2024-06-15;L;0;1;0;0;109;29,5;0;4;8;4;9;0;1;0;0;53;2;1;1;3;0;1
1200;366;843;2024-06-15;W;1;0;0;0;710;27,8;0;16;35;76;106;2;2;2;1;180;8;5;3;8;5;3
1200;843;366;2024-06-15;L;0;1;0;0;710;30,1;0;6;8;20;28;4;10;1;2;386;4;1;1;4;2;0
1201;102;763;2024-06-15;L;0;1;0;0;900;26,3;0;64;122;86;152;3;3;1;0;274;38;19;7;43;3;18
1201;763;102;2024-06-15;W;1;0;0;0;900;28,4;0;124;244;145;271;0;0;0;1;43;68;31;25;109;12;3
1202;232;644;2024-06-08;L;0;1;0;0;994;40,2;0;64;109;102;152;1;1;0;0;378;42;9;13;58;6;0
1202;644;232;2024-06-08;W;1;0;0;0;994;28,3;0;82;134;106;159;2;3;0;0;70;61;16;5;64;17;1
1203;219;463;2024-06-08;L;0;1;0;0;120;36,2;0;6;16;6;16;0;0;0;0;0;1;0;5;6;0;0
1203;463;219;2024-06-08;W;1;0;0;0;120;34,5;2;20;33;20;33;0;0;0;0;3;15;3;2;16;2;2
1204;525;528;2024-06-08;W;1;0;0;0;442;19,7;0;3;9;25;34;4;7;1;1;349;2;0;1;2;0;1
1204;528;525;2024-06-08;L;0;1;0;0;442;31,0;0;7;15;64;78;0;0;1;0;52;3;1;3;6;1;0
1205;20;138;2024-06-08;W;1;0;0;0;291;31,6;1;24;36;27;40;0;0;0;0;10;16;6;2;22;2;0
1205;138;20;2024-06-08;L;0;1;0;0;291;32,6;0;18;40;20;44;1;2;2;0;91;12;4;2;13;3;2
1206;274;740;2024-06-08;W;1;0;0;0;20;30,2;1;6;9;6;9;0;0;0;0;3;5;1;0;2;0;4
1206;740;274;2024-06-08;L;0;1;0;0;20;34,1;0;1;1;1;1;0;0;0;0;0;0;0;1;1;0;0
1207;58;844;2024-06-08;W;1;0;0;0;900;31,5;0;144;175;331;394;5;6;0;0;658;129;13;2;3;5;136
1207;844;58;2024-06-08;L;0;1;0;0;900;31,8;0;7;12;22;33;0;2;3;0;47;0;6;1;5;2;0
1208;191;450;2024-06-08;W;1;0;0;0;900;29,3;2;56;104;86;153;1;1;0;0;188;24;20;12;45;4;7
1208;450;191;2024-06-08;L;0;1;0;0;900;29,2;0;24;60;25;62;0;8;1;0;69;7;3;14;22;2;0
1209;407;473;2024-06-08;W;1;0;0;0;287;30,8;1;15;36;15;36;0;0;0;0;4;5;4;6;15;0;0
1209;473;407;2024-06-08;L;0;1;0;0;287;33,9;0;14;27;33;48;0;2;0;0;23;7;3;4;13;1;0
1210;705;845;2024-06-08;W;1;0;0;0;900;32,5;0;68;113;148;217;3;3;0;0;650;59;3;6;27;1;40
1210;845;705;2024-06-08;L;0;1;0;0;900;32,0;0;30;82;32;90;0;0;0;0;0;16;9;5;30;0;0
1211;741;846;2024-06-08;L;0;1;0;0;900;35,3;0;75;152;115;201;0;2;0;2;128;37;29;9;58;13;4
1211;846;741;2024-06-08;W;1;0;0;0;900;29,3;0;70;180;88;206;3;6;1;0;129;53;12;5;62;5;3
1212;457;602;2024-06-08;L;0;1;0;0;900;32,5;0;60;123;68;134;1;5;0;0;132;26;9;25;59;1;0
1212;602;457;2024-06-08;W;1;0;0;0;900;31,3;1;98;171;101;177;0;0;0;0;61;71;21;6;81;17;0
1213;22;82;2024-06-08;L;0;1;0;0;900;30,3;0;18;47;27;66;5;26;0;0;396;12;4;2;12;5;1
1213;82;22;2024-06-08;W;1;0;0;0;900;24,4;0;50;88;137;184;0;1;1;2;140;19;22;9;31;17;2
1214;784;810;2024-06-08;L;0;1;0;0;900;34,6;0;59;143;64;150;1;6;0;0;204;23;28;8;47;12;0
1214;810;784;2024-06-08;W;1;0;0;0;900;32,2;0;100;180;107;190;0;0;0;0;27;60;25;15;84;16;0
1215;696;732;2024-06-08;L;0;1;0;0;900;29,0;0;84;150;86;152;0;3;0;0;49;47;29;8;79;5;0
1215;732;696;2024-06-08;W;1;0;0;0;900;30,5;0;95;199;99;203;0;0;0;0;11;29;50;16;94;1;0
1216;131;672;2024-06-01;W;1;0;0;0;1362;32,6;0;88;156;147;222;5;16;2;0;623;81;7;0;71;11;6
1216;672;131;2024-06-01;L;0;1;0;0;1362;35,4;0;74;183;104;218;0;0;0;0;30;53;18;3;51;23;0
1217;388;462;2024-06-01;W;1;0;0;0;1500;33,3;0;182;402;182;402;0;0;0;0;1;104;67;11;179;3;0
1217;462;388;2024-06-01;L;0;1;0;0;1500;33,1;0;158;266;158;266;0;0;0;0;0;28;84;46;157;1;0
1218;286;468;2024-06-01;L;0;1;0;0;94;29,3;0;8;18;9;19;0;0;0;0;31;5;3;0;6;0;2
1218;468;286;2024-06-01;W;1;0;0;0;94;31,6;0;8;17;8;17;0;0;1;0;16;5;3;0;8;0;0
1219;493;556;2024-06-01;W;1;0;0;0;900;34,7;0;108;224;138;259;5;5;0;1;217;78;24;6;78;9;21
1219;556;493;2024-06-01;L;0;1;0;0;900;33,8;0;96;210;111;225;1;1;0;0;56;74;13;9;91;2;3
1220;469;662;2024-06-01;W;1;0;0;0;900;33,9;0;67;141;89;166;0;0;2;1;42;50;5;12;61;2;4
1220;662;469;2024-06-01;L;0;1;0;0;900;37,5;0;26;76;42;94;4;7;1;0;333;8;3;15;24;1;1
1221;271;399;2024-06-01;L;0;1;0;0;900;36,2;0;58;105;114;162;0;0;0;0;0;18;24;16;51;6;1
1221;399;271;2024-06-01;W;1;0;0;0;900;32,1;1;41;71;74;114;5;9;0;0;519;34;5;2;32;0;9
1222;554;789;2024-06-01;W;1;0;0;0;147;32,9;0;1;2;2;3;1;2;2;0;127;0;1;0;1;0;0
1222;789;554;2024-06-01;L;0;1;0;0;147;33,5;0;1;1;1;1;0;0;0;0;0;0;0;1;1;0;0
1223;396;759;2024-06-01;W;1;0;0;0;900;30,3;0;46;70;146;190;3;3;0;0;826;39;6;1;7;1;38
1223;759;396;2024-06-01;L;0;1;0;0;900;30,8;0;12;19;27;35;0;2;1;0;14;10;1;1;6;1;5
1224;354;552;2024-06-01;W;1;0;0;0;900;29,8;0;66;164;89;188;1;1;0;1;184;36;18;12;60;3;3
1224;552;354;2024-06-01;L;0;1;0;0;900;33,9;0;34;104;40;111;0;1;0;1;110;27;1;6;32;2;0
1225;780;781;2024-06-01;L;0;1;0;0;900;32,4;0;83;143;93;153;1;2;0;0;8;70;13;0;78;4;1
1225;781;780;2024-06-01;W;1;0;0;0;900;32,3;0;95;201;101;210;3;5;0;0;72;83;7;5;91;1;3
1226;426;538;2024-06-01;L;0;1;0;0;900;28,7;0;27;64;130;179;0;0;1;4;311;9;8;10;24;1;2
1226;538;426;2024-06-01;W;1;0;0;0;900;29,7;1;42;62;68;91;6;11;0;2;258;16;15;11;24;8;10
1227;92;311;2024-06-01;W;1;0;0;0;900;25,3;0;51;100;52;101;0;1;0;0;9;14;7;30;49;2;0
1227;311;92;2024-06-01;L;0;1;0;0;900;25,6;0;32;76;32;76;1;2;0;0;9;20;12;0;32;0;0
1228;139;501;2024-05-18;L;0;1;0;0;1500;38,3;0;79;242;79;242;0;0;0;0;17;38;15;26;77;2;0
1228;501;139;2024-05-18;W;1;0;0;0;1500;32,8;0;220;364;259;410;4;6;0;0;319;172;27;21;205;13;2
1229;355;374;2024-05-18;L;0;1;0;0;90;36,9;0;14;30;14;30;0;0;0;0;0;10;1;3;14;0;0
1229;374;355;2024-05-18;W;1;0;0;0;90;30,1;1;12;20;12;20;0;0;0;0;1;5;2;5;11;0;1
1230;152;420;2024-05-18;L;0;1;0;0;900;31,5;0;3;6;15;20;1;8;0;0;224;0;3;0;0;3;0
1230;420;152;2024-05-18;W;1;0;0;0;900;33,3;0;43;52;110;134;5;6;0;1;613;9;31;3;6;35;2
1231;265;847;2024-05-18;W;1;0;0;0;167;30,5;1;36;56;36;58;0;0;0;0;17;27;1;8;15;0;21
1231;847;265;2024-05-18;L;0;1;0;0;167;27,8;0;17;34;17;34;0;0;0;0;0;6;6;5;17;0;0
1232;360;701;2024-05-18;W;1;0;0;0;552;39,3;0;28;79;39;91;2;6;1;1;186;19;9;0;21;3;4
1232;701;360;2024-05-18;L;0;1;0;0;552;31,5;0;17;60;25;77;1;7;0;0;4;11;3;3;15;2;0
1233;335;848;2024-05-18;W;1;0;0;0;230;24,2;0;33;64;41;72;0;0;0;0;2;14;13;6;29;0;4
1233;848;335;2024-05-18;L;0;1;0;0;230;32,8;1;18;26;20;29;0;1;0;0;48;6;7;5;16;1;1
1234;67;375;2024-05-18;W;1;0;0;0;223;28,5;0;0;2;1;8;2;3;1;0;210;0;0;0;0;0;0
1234;375;67;2024-05-18;L;0;1;0;0;223;33,9;0;3;4;4;5;0;0;0;0;0;1;0;2;3;0;0
1235;487;798;2024-05-18;W;1;0;0;0;637;28,0;0;30;52;120;163;2;2;1;0;418;13;16;1;22;1;7
1235;798;487;2024-05-18;L;0;1;0;0;637;25,8;0;15;29;50;66;0;0;1;0;53;7;2;6;14;1;0
1236;285;849;2024-05-18;W;1;0;0;0;900;33,7;0;22;44;98;168;6;7;0;0;716;15;7;0;9;2;11
1236;849;285;2024-05-18;L;0;1;0;0;900;33,4;0;16;38;17;39;0;0;0;0;37;7;4;5;16;0;0
1237;348;520;2024-05-18;W;1;0;0;0;496;31,5;0;16;49;46;89;0;0;0;0;0;13;2;1;12;4;0
1237;520;348;2024-05-18;L;0;1;0;0;496;31,5;1;40;81;51;102;1;2;0;0;233;34;6;0;22;11;7
1238;714;850;2024-05-18;W;1;0;0;0;900;32,4;0;18;59;107;183;3;4;0;0;496;14;3;1;15;0;3
1238;850;714;2024-05-18;L;0;1;0;0;900;28,6;0;37;88;70;126;0;1;0;0;30;15;10;12;37;0;0
1239;688;851;2024-05-18;W;1;0;0;0;900;35,7;0;109;293;126;311;0;3;0;0;0;76;18;15;106;3;0
1239;851;688;2024-05-18;L;0;1;0;0;900;30,4;0;143;214;147;218;0;0;0;0;46;86;22;35;140;0;3
1240;326;790;2024-05-11;W;1;0;0;0;649;39,3;1;41;75;47;81;1;4;0;1;203;33;8;0;15;13;13
1240;790;326;2024-05-11;L;0;1;0;0;649;31,5;0;27;41;72;92;1;1;0;0;286;16;7;4;8;6;13
1241;56;392;2024-05-11;L;0;1;0;0;900;30,5;0;31;72;43;87;0;0;0;1;34;17;13;1;23;1;7
1241;392;56;2024-05-11;W;1;0;0;0;900;30,0;1;86;156;113;187;4;4;0;1;330;70;14;2;15;0;71
1242;9;460;2024-05-11;L;0;1;0;0;12;36,6;0;1;4;1;4;0;0;0;0;0;1;0;0;1;0;0
1242;460;9;2024-05-11;W;1;0;0;0;12;33,5;1;7;11;7;11;0;0;0;0;2;7;0;0;5;0;2
1243;157;199;2024-05-11;W;1;0;0;0;891;39,3;0;123;241;151;272;3;3;0;0;132;94;28;1;94;0;29
1243;199;157;2024-05-11;L;0;1;0;0;891;31,6;1;52;137;60;146;4;5;0;0;146;34;11;7;46;0;6
1244;96;852;2024-05-11;W;1;0;0;0;900;31,9;0;101;226;101;226;0;0;0;0;0;61;19;21;98;3;0
1244;852;96;2024-05-11;L;0;1;0;0;900;35,9;0;82;197;85;200;0;0;0;0;12;43;28;11;79;3;0
1245;14;33;2024-05-11;L;0;1;0;0;900;35,8;0;26;52;28;59;0;0;0;0;19;11;2;13;26;0;0
1245;33;14;2024-05-11;W;1;0;0;0;900;32,6;0;52;101;130;204;3;4;1;0;589;44;0;8;15;0;37
1246;234;599;2024-05-11;W;1;0;0;0;480;24,7;1;62;109;129;217;1;1;2;0;363;58;4;0;4;0;58
1246;599;234;2024-05-11;L;0;1;0;0;480;32,3;0;2;6;2;6;0;0;0;0;1;1;0;1;2;0;0
1247;140;260;2024-05-11;W;1;0;0;0;37;28,0;1;5;12;5;12;0;0;0;0;3;3;1;1;4;1;0
1247;260;140;2024-05-11;L;0;1;0;0;37;29,7;0;5;18;5;18;0;0;0;0;0;3;2;0;3;2;0
1248;236;601;2024-05-11;W;1;0;0;0;900;29,2;0;54;143;94;186;1;10;0;0;315;32;9;13;48;6;0
1248;601;236;2024-05-11;L;0;1;0;0;900;34,7;0;80;219;92;231;0;2;0;0;4;64;6;10;70;10;0
1249;163;647;2024-05-11;L;0;1;0;0;900;25,9;0;116;249;129;265;1;12;0;0;246;64;18;34;108;8;0
1249;647;163;2024-05-11;W;1;0;0;0;900;29,2;0;96;225;107;236;0;1;1;1;0;88;7;1;94;2;0
1250;143;795;2024-05-11;W;1;0;0;0;900;33,3;1;70;168;88;188;0;0;0;0;19;36;12;22;66;0;4
1250;795;143;2024-05-11;L;0;1;0;0;900;27,8;0;48;128;50;130;0;11;0;0;132;15;15;18;46;2;0
1251;49;632;2024-05-11;L;0;1;0;0;900;31,6;0;27;63;38;76;0;2;0;0;309;19;8;0;15;8;4
1251;632;49;2024-05-11;W;1;0;0;0;900;28,5;0;36;78;69;113;0;0;0;0;1;22;3;11;30;6;0
1252;2;209;2024-05-04;W;1;0;0;0;1500;34,1;0;125;242;143;262;9;19;0;0;495;75;33;17;96;14;15
1252;209;2;2024-05-04;L;0;1;0;0;1500;28,8;0;111;212;129;233;1;6;0;1;32;87;16;8;107;3;1
1253;702;778;2024-05-04;W;1;0;0;0;900;37,7;0;77;139;101;174;1;2;0;0;105;41;26;10;70;5;2
1253;778;702;2024-05-04;L;0;1;0;0;900;30,0;0;52;118;80;151;0;2;0;0;80;36;9;7;50;1;1
1254;108;711;2024-05-04;L;0;1;0;0;120;26,7;0;10;22;10;22;1;2;0;0;14;4;4;2;10;0;0
1254;711;108;2024-05-04;W;1;0;0;0;120;35,8;0;11;20;11;20;0;0;1;0;0;7;0;4;11;0;0
1255;280;754;2024-05-04;W;1;0;0;0;54;30,6;0;6;10;6;10;0;0;1;0;9;4;2;0;2;0;4
1255;754;280;2024-05-04;L;0;1;0;0;54;27,9;0;2;3;2;3;0;0;0;0;0;0;1;1;2;0;0
1256;523;645;2024-05-04;W;1;0;0;0;430;31,3;1;36;50;43;57;0;0;0;0;19;29;3;4;35;1;0
1256;645;523;2024-05-04;L;0;1;0;0;430;36,4;0;22;48;22;50;0;6;0;0;30;4;12;6;22;0;0
1257;24;788;2024-05-04;W;1;0;0;0;515;29,2;0;30;56;57;86;1;1;0;0;309;4;4;22;20;10;0
1257;788;24;2024-05-04;L;0;1;0;0;515;29,2;0;24;40;31;47;0;2;0;0;48;16;7;1;10;14;0
1258;623;658;2024-05-04;L;0;1;0;0;900;38,6;0;42;111;47;119;0;2;0;0;0;17;15;10;40;2;0
1258;658;623;2024-05-04;W;1;0;0;0;900;22,3;0;83;136;91;144;2;6;0;0;356;53;23;7;57;13;13
1259;154;661;2024-05-04;W;1;0;0;0;900;26,2;1;65;119;83;138;5;17;0;0;432;52;10;3;32;3;30
1259;661;154;2024-05-04;L;0;1;0;0;900;26,6;0;48;91;79;125;3;6;0;2;175;24;7;17;35;2;11
1260;43;642;2024-05-04;W;1;0;0;0;900;36,2;0;70;123;96;151;0;7;0;0;333;40;22;8;44;26;0
1260;642;43;2024-05-04;L;0;1;0;0;900;35,2;1;59;93;143;179;0;1;1;0;55;25;21;13;33;22;4
1261;4;561;2024-05-04;W;1;0;0;0;282;27,9;1;25;40;25;40;0;1;0;0;4;21;0;4;22;1;2
1261;561;4;2024-05-04;L;0;1;0;0;282;29,7;0;14;38;14;38;0;0;0;0;0;7;4;3;14;0;0
1262;250;543;2024-05-04;W;1;0;0;0;900;32,0;0;39;71;87;124;2;11;1;1;231;21;14;4;33;2;4
1262;543;250;2024-05-04;L;0;1;0;0;900;25,8;0;53;156;100;220;1;1;0;3;205;39;8;6;44;1;8
1263;223;725;2024-05-04;W;1;0;0;0;900;28,4;0;111;216;112;217;1;2;0;0;30;80;13;18;107;2;2
1263;725;223;2024-05-04;L;0;1;0;0;900;41,4;0;61;142;64;147;1;2;0;0;29;26;14;21;60;0;1
1264;94;275;2024-05-04;L;0;1;0;0;395;26,4;0;18;56;18;56;0;2;0;0;0;12;5;1;18;0;0
1264;275;94;2024-05-04;W;1;0;0;0;395;28,3;1;46;86;60;104;0;2;0;0;43;32;2;12;25;1;20
1265;85;797;2024-04-27;W;1;0;0;0;436;32,1;1;28;71;28;71;0;0;0;0;2;11;8;9;28;0;0
1265;797;85;2024-04-27;L;0;1;0;0;436;31,3;0;22;55;22;55;0;0;0;0;0;13;4;5;22;0;0
1266;66;208;2024-04-27;L;0;1;0;0;496;32,7;0;15;38;20;44;1;3;1;0;209;10;3;2;11;2;2
1266;208;66;2024-04-27;W;1;0;0;0;496;31,6;1;31;48;49;67;0;0;0;0;20;30;0;1;17;0;14
1267;449;691;2024-04-27;W;1;0;0;0;900;30,4;0;27;75;53;120;5;6;0;0;452;8;9;10;21;2;4
1267;691;449;2024-04-27;L;0;1;0;0;900;30,3;0;42;81;89;153;0;0;0;0;126;12;22;8;31;8;3
1268;502;618;2024-04-27;L;0;1;0;0;432;36,5;0;17;37;43;73;1;4;0;0;269;15;2;0;11;0;6
1268;618;502;2024-04-27;W;1;0;0;0;432;32,8;1;20;33;31;45;0;0;0;0;32;15;4;1;16;4;0
1269;603;801;2024-04-27;W;1;0;0;0;900;29,9;0;58;104;66;115;0;1;1;5;135;50;6;2;54;4;0
1269;801;603;2024-04-27;L;0;1;0;0;900;32,0;0;57;129;87;165;5;14;1;1;289;37;13;7;44;1;12
1270;179;807;2024-04-27;W;1;0;0;0;129;31,0;1;7;12;11;16;0;1;0;0;4;5;1;1;5;1;1
1270;807;179;2024-04-27;L;0;1;0;0;129;40,2;0;7;17;10;21;0;3;0;0;78;1;5;1;5;2;0
1271;721;853;2024-04-27;W;1;0;0;0;756;37,0;2;109;205;150;260;0;2;0;0;189;84;21;4;89;2;18
1271;853;721;2024-04-27;L;0;1;0;0;756;39,6;0;54;109;56;111;0;10;0;0;48;28;6;20;51;3;0
1272;654;854;2024-04-27;W;1;0;0;0;900;32,3;0;88;206;99;220;3;7;0;0;48;55;22;11;85;3;0
1272;854;654;2024-04-27;L;0;1;0;0;900;27,7;0;92;210;100;218;0;3;0;0;97;60;16;16;88;4;0
1273;709;785;2024-04-27;W;1;0;0;0;900;32,3;1;67;183;73;190;0;0;0;0;36;42;18;7;67;0;0
1273;785;709;2024-04-27;L;0;1;0;0;900;29,8;0;76;159;77;160;0;0;0;0;0;33;25;18;75;1;0
1274;347;855;2024-04-27;W;1;0;0;0;900;29,7;0;80;116;93;132;1;2;0;1;191;38;28;14;71;7;2
1274;855;347;2024-04-27;L;0;1;0;0;900;31,1;0;31;77;111;159;2;5;1;1;174;8;5;18;28;2;1
1275;121;777;2024-04-27;W;1;0;0;0;273;28,6;0;12;26;14;29;3;3;1;0;80;6;1;5;9;2;1
1275;777;121;2024-04-27;L;0;1;0;0;273;24,7;0;19;40;19;40;0;0;0;0;0;7;2;10;19;0;0
1276;710;856;2024-04-27;W;1;0;0;0;689;29,9;0;36;73;101;150;3;4;1;1;337;28;8;0;8;2;26
1276;856;710;2024-04-27;L;0;1;0;0;689;27,8;0;24;52;49;89;1;2;0;1;171;8;10;6;23;1;0
1277;653;857;2024-04-27;W;1;0;0;0;900;24,4;0;97;312;97;312;0;0;0;0;3;67;26;4;93;4;0
1277;857;653;2024-04-27;L;0;1;0;0;900;35,9;0;121;295;121;296;0;0;0;0;0;81;13;27;120;1;0
1278;321;682;2024-04-13;W;1;0;0;0;194;36,8;1;24;30;24;30;0;0;0;0;7;12;6;6;13;0;11
1278;682;321;2024-04-13;L;0;1;0;0;194;32,9;0;12;22;12;22;0;0;0;0;0;1;3;8;12;0;0
1279;81;594;2024-04-13;L;0;1;0;0;1500;34,8;1;43;85;73;116;3;3;0;1;140;21;4;18;24;3;16
1279;594;81;2024-04-13;W;1;0;0;0;1500;34,7;0;106;157;256;327;6;9;2;0;764;84;13;9;34;4;68
1280;252;320;2024-04-13;W;1;0;0;0;1499;32,4;1;181;309;181;309;0;0;0;0;0;62;62;57;181;0;0
1280;320;252;2024-04-13;L;0;1;0;0;1499;35,4;0;103;199;103;199;0;0;0;0;0;44;26;33;103;0;0
1281;3;522;2024-04-13;W;1;0;0;0;900;27,5;0;49;83;75;117;2;4;0;1;521;37;10;2;23;3;23
1281;522;3;2024-04-13;L;0;1;0;0;900;34,5;0;19;37;33;53;0;0;4;1;152;11;5;3;7;6;6
1282;328;380;2024-04-13;W;1;0;0;0;518;28,2;0;8;13;45;59;3;6;2;0;445;6;2;0;3;0;5
1282;380;328;2024-04-13;L;0;1;0;0;518;29,9;0;4;12;33;41;0;0;0;0;3;1;3;0;2;2;0
1283;183;459;2024-04-13;L;0;1;0;0;497;32,2;0;58;109;58;109;0;0;0;0;0;34;1;23;56;2;0
1283;459;183;2024-04-13;W;1;0;0;0;497;31,5;0;69;118;69;118;1;1;0;0;38;56;5;8;45;7;17
1284;423;677;2024-04-13;W;1;0;0;0;900;34,7;0;39;71;89;128;8;13;0;0;643;12;15;12;23;5;11
1284;677;423;2024-04-13;L;0;1;0;0;900;36,0;0;8;29;19;40;0;0;0;0;5;7;1;0;7;1;0
1285;690;858;2024-04-13;W;1;0;0;0;407;33,8;0;51;71;68;91;2;5;1;0;291;46;4;1;6;3;42
1285;858;690;2024-04-13;L;0;1;0;0;407;42,5;0;2;12;7;17;0;1;0;0;15;1;1;0;1;0;1
1286;330;697;2024-04-13;W;1;0;0;0;89;29,3;2;26;32;29;35;0;0;0;0;34;21;2;3;3;5;18
1286;697;330;2024-04-13;L;0;1;0;0;89;30,9;0;2;5;2;5;0;0;0;0;0;1;0;1;2;0;0
1287;135;475;2024-04-13;L;0;1;0;0;551;28,9;1;16;40;16;40;0;0;0;0;2;10;3;3;15;1;0
1287;475;135;2024-04-13;W;1;0;0;0;551;34,9;0;36;67;87;128;2;6;0;0;350;32;3;1;11;1;24
1288;657;708;2024-04-13;W;1;0;0;0;900;32,6;0;89;180;124;220;1;1;0;0;233;35;14;40;79;7;3
1288;708;657;2024-04-13;L;0;1;0;0;900;37,0;0;82;228;94;241;0;0;1;0;0;70;9;3;77;5;0
1289;259;397;2024-04-13;W;1;0;0;0;900;37,6;1;186;319;187;320;1;1;0;0;54;136;40;10;167;7;12
1289;397;259;2024-04-13;L;0;1;0;0;900;40,6;0;57;144;58;145;0;0;0;0;1;29;10;18;55;2;0
1290;264;349;2024-04-13;L;0;1;0;0;542;32,8;0;16;31;18;33;0;0;0;0;2;6;0;10;16;0;0
1290;349;264;2024-04-13;W;1;0;0;0;542;36,3;0;13;19;21;27;1;5;2;0;223;9;2;2;8;2;3
1291;334;511;2024-04-06;W;1;0;0;0;1500;28,3;0;112;222;128;242;6;13;0;0;365;72;25;15;108;4;0
1291;511;334;2024-04-06;L;0;1;0;0;1500;36,7;0;124;241;141;261;0;0;0;2;78;96;25;3;122;2;0
1292;427;779;2024-04-06;L;0;1;0;0;900;31,5;1;32;87;56;119;0;0;0;0;142;20;6;6;29;0;3
1292;779;427;2024-04-06;W;1;0;0;0;900;35,7;0;42;85;85;135;3;7;0;0;378;20;10;12;30;11;1
1293;63;598;2024-04-06;L;0;1;0;0;900;28,4;0;49;104;75;139;2;5;1;1;222;30;16;3;45;4;0
1293;598;63;2024-04-06;W;1;0;0;0;900;31,4;0;71;137;121;199;1;8;0;1;218;42;10;19;50;12;9
1294;39;859;2024-04-06;W;1;0;0;0;214;26,6;1;40;68;40;69;0;0;0;0;15;26;8;6;33;7;0
1294;859;39;2024-04-06;L;0;1;0;0;214;34,2;0;17;45;18;46;0;1;0;0;10;7;3;7;16;1;0
1295;60;636;2024-04-06;L;0;1;0;0;900;29,2;0;47;97;62;118;2;3;0;0;195;32;6;9;34;10;3
1295;636;60;2024-04-06;W;1;0;0;0;900;28,8;0;54;100;100;153;4;10;0;1;341;20;18;16;40;13;1
1296;556;686;2024-04-06;W;1;0;0;0;900;33,6;0;38;141;42;149;0;0;1;0;0;26;9;3;38;0;0
1296;686;556;2024-04-06;L;0;1;0;0;900;39,3;0;60;160;78;184;1;6;0;0;200;14;29;17;52;0;8
1297;217;675;2024-04-06;L;0;1;0;0;900;26,3;0;33;67;56;101;4;5;0;1;439;19;6;8;23;2;8
1297;675;217;2024-04-06;W;1;0;0;0;900;31,9;0;58;102;135;200;0;0;0;1;43;27;16;15;55;3;0
1298;425;860;2024-04-06;W;1;0;0;0;900;33,5;0;11;29;49;76;6;8;0;0;604;6;5;0;4;5;2
1298;860;425;2024-04-06;L;0;1;0;0;900;40,0;0;16;33;91;126;0;0;0;0;141;7;7;2;8;8;0
1299;722;794;2024-04-06;L;0;1;0;0;900;31,7;0;42;106;58;128;1;13;0;0;430;27;6;9;36;6;0
1299;794;722;2024-04-06;W;1;0;0;0;900;31,4;1;68;124;84;148;0;0;0;0;49;31;21;16;57;11;0
1300;296;803;2024-04-06;W;1;0;0;0;599;24,6;0;19;35;29;47;2;4;1;0;94;10;1;8;13;5;1
1300;803;296;2024-04-06;L;0;1;0;0;599;30,6;0;14;39;39;69;9;19;0;0;361;13;1;0;10;0;4
1301;271;742;2024-04-06;W;1;0;0;0;433;36,0;0;29;38;87;101;0;0;0;0;12;21;7;1;7;19;3
1301;742;271;2024-04-06;L;0;1;0;0;433;24,2;0;1;5;6;11;3;6;0;0;353;0;1;0;1;0;0
1302;73;309;2024-04-06;W;1;0;0;0;486;34,3;1;36;51;60;83;0;0;0;1;30;17;13;6;19;15;2
1302;309;73;2024-04-06;L;0;1;0;0;486;32,7;0;11;24;13;28;1;4;0;0;320;9;2;0;9;2;0
1303;31;597;2024-03-30;W;1;0;0;0;1500;34,1;0;172;359;181;369;1;4;0;0;53;143;18;11;167;5;0
1303;597;31;2024-03-30;L;0;1;0;0;1500;24,9;0;130;386;135;394;0;3;1;0;48;80;25;25;124;6;0
1304;147;392;2024-03-30;L;0;1;0;0;497;32,3;0;21;63;22;65;0;3;0;0;9;7;4;10;21;0;0
1304;392;147;2024-03-30;W;1;0;0;0;497;29,9;0;55;131;63;142;0;0;0;0;49;42;6;7;21;0;34
1305;703;767;2024-03-30;L;0;1;0;0;738;34,7;0;30;88;30;88;0;0;0;0;0;28;2;0;29;1;0
1305;767;703;2024-03-30;W;1;0;0;0;738;39,8;1;75;111;88;129;1;4;0;0;195;44;14;17;56;5;14
1306;56;434;2024-03-30;W;1;0;0;0;198;30,4;1;12;32;12;32;0;0;0;0;4;11;1;0;11;0;1
1306;434;56;2024-03-30;L;0;1;0;0;198;28,6;0;1;16;1;16;0;0;0;0;0;1;0;0;1;0;0
1307;495;830;2024-03-30;W;1;0;0;0;240;32,9;0;32;59;40;68;0;0;0;0;48;20;6;6;28;4;0
1307;830;495;2024-03-30;L;0;1;0;0;240;34,8;0;30;58;44;73;0;0;0;0;0;11;11;8;30;0;0
1308;141;646;2024-03-30;W;1;0;0;0;900;35,2;0;64;98;96;139;0;2;0;0;53;17;18;29;46;18;0
1308;646;141;2024-03-30;L;0;1;0;0;900;28,6;0;30;93;40;105;0;7;0;0;401;21;5;4;28;2;0
1309;117;466;2024-03-30;L;0;1;0;0;283;34,7;0;39;78;39;78;0;0;0;0;1;24;13;2;36;3;0
1309;466;117;2024-03-30;W;1;0;0;0;283;35,8;1;37;76;37;76;0;0;0;0;5;34;3;0;24;9;4
1310;471;477;2024-03-30;L;0;1;0;0;900;30,6;0;38;95;50;116;0;0;0;1;112;25;11;2;30;7;1
1310;477;471;2024-03-30;W;1;0;0;0;900;35,8;0;30;108;86;180;2;9;3;1;395;27;3;0;30;0;0
1311;819;861;2024-03-30;L;0;1;0;0;420;36,2;0;15;57;20;63;0;6;0;0;76;9;5;1;13;2;0
1311;861;819;2024-03-30;W;1;0;0;0;420;34,4;2;29;79;29;79;0;1;0;0;8;19;9;1;20;9;0
1312;197;699;2024-03-30;W;1;0;0;0;622;26,5;1;83;201;84;202;0;0;0;0;7;44;18;21;77;2;4
1312;699;197;2024-03-30;L;0;1;0;0;622;31,8;0;60;138;62;140;1;3;0;0;40;37;14;9;57;1;2
1313;582;862;2024-03-30;W;1;0;0;0;692;27,9;1;74;180;76;183;0;0;0;0;2;57;4;13;65;8;1
1313;862;582;2024-03-30;L;0;1;0;0;692;27,8;0;55;157;58;162;0;8;0;0;18;36;11;8;49;6;0
1314;381;414;2024-03-30;L;0;1;0;0;339;32,8;0;13;42;13;43;1;2;0;0;13;6;2;5;12;1;0
1314;414;381;2024-03-30;W;1;0;0;0;339;28,6;0;20;40;21;41;0;3;0;0;32;16;4;0;17;0;3
1315;536;733;2024-03-30;L;0;1;0;0;900;32,2;0;88;234;95;241;0;0;0;0;9;44;32;12;80;8;0
1315;733;536;2024-03-30;W;1;0;0;0;900;27,9;0;140;268;148;286;3;4;0;0;282;112;18;10;97;9;34
1316;570;668;2024-03-23;W;1;0;0;0;1500;31,7;0;93;188;169;281;1;3;0;1;419;45;44;4;81;12;0
1316;668;570;2024-03-23;L;0;1;0;0;1500;30,6;0;83;270;137;342;4;8;0;0;98;39;19;25;76;4;3
1317;744;824;2024-03-23;L;0;1;0;0;900;30,3;0;21;43;27;50;0;0;0;0;0;15;6;0;18;2;1
1317;824;744;2024-03-23;W;1;0;0;0;900;34,2;0;40;61;123;176;7;12;1;0;631;26;7;7;19;3;18
1318;19;863;2024-03-23;W;1;0;0;0;273;26,3;1;27;43;31;51;1;3;0;0;49;19;2;6;16;1;10
1318;863;19;2024-03-23;L;0;1;0;0;273;32,2;0;15;46;20;54;0;0;0;1;75;7;2;6;12;3;0
1319;580;715;2024-03-23;W;1;0;0;0;321;25,5;1;79;129;83;135;0;1;0;0;30;52;21;6;54;6;19
1319;715;580;2024-03-23;L;0;1;0;0;321;23,3;0;31;64;33;66;0;3;0;0;0;13;11;7;30;1;0
1320;158;424;2024-03-23;L;0;1;0;0;410;35,3;0;10;50;26;74;0;0;0;0;21;8;0;2;10;0;0
1320;424;158;2024-03-23;W;1;0;0;0;410;27,5;0;33;56;37;62;2;2;2;0;175;18;5;10;28;0;5
1321;762;864;2024-03-23;W;1;0;0;0;165;27,3;1;34;61;35;64;0;0;1;0;47;24;6;4;17;0;17
1321;864;762;2024-03-23;L;0;1;0;0;165;29,3;0;5;13;7;15;0;0;0;0;0;1;2;2;5;0;0
1322;695;755;2024-03-23;L;0;1;0;0;900;37,5;0;29;68;129;188;0;0;0;0;10;9;9;11;24;3;2
1322;755;695;2024-03-23;W;1;0;0;0;900;34,4;0;35;66;225;320;3;4;0;0;669;22;4;9;28;2;5
1323;494;619;2024-03-23;W;1;0;0;0;135;34,6;0;4;11;11;21;0;0;1;0;0;2;2;0;4;0;0
1323;619;494;2024-03-23;L;0;1;0;0;135;28,6;0;7;17;12;23;2;3;0;0;87;5;1;1;6;0;1
1324;173;228;2024-03-23;W;1;0;0;0;900;30,0;0;25;79;64;137;2;8;0;1;389;18;5;2;20;4;1
1324;228;173;2024-03-23;L;0;1;0;0;900;36,5;0;18;62;52;108;1;7;0;0;115;9;4;5;16;2;0
1325;670;825;2024-03-23;L;0;1;0;0;900;30,8;0;63;226;63;227;1;1;0;0;23;47;8;8;59;1;3
1325;825;670;2024-03-23;W;1;0;0;0;900;29,3;1;105;207;106;208;0;1;0;0;15;51;29;25;103;2;0
1326;455;517;2024-03-23;W;1;0;0;0;900;28,2;0;57;150;73;171;0;0;0;0;1;36;21;0;51;6;0
1326;517;455;2024-03-23;L;0;1;0;0;900;35,0;0;25;147;28;156;3;6;0;0;324;19;4;2;25;0;0
1327;92;865;2024-03-23;W;1;0;0;0;472;25,1;0;30;58;38;66;1;2;2;0;24;16;8;6;29;1;0
1327;865;92;2024-03-23;L;0;1;0;0;472;20,9;0;36;78;40;85;5;9;0;0;180;17;9;10;31;4;1
1328;684;731;2024-03-23;L;0;1;0;0;900;35,0;0;57;167;57;168;0;0;0;0;0;26;30;1;57;0;0
1328;731;684;2024-03-23;W;1;0;0;0;900;28,5;0;72;150;72;150;0;0;0;0;0;37;4;31;71;1;0
1329;13;184;2024-03-16;L;0;1;0;0;248;31,0;0;15;24;18;27;0;0;0;0;0;9;1;5;8;7;0
1329;184;13;2024-03-16;W;1;0;0;0;248;38,3;0;27;41;73;96;1;4;1;0;168;23;4;0;8;0;19
1330;687;766;2024-03-16;NC;0;0;0;1;360;31,0;0;23;54;26;58;0;1;0;0;0;6;8;9;22;1;0
1330;766;687;2024-03-16;NC;0;0;0;1;360;29,5;0;27;75;28;78;1;2;0;0;93;16;10;1;24;3;0
1331;119;805;2024-03-16;L;0;1;0;0;900;31,8;0;106;250;106;250;0;1;0;0;8;85;19;2;93;13;0
1331;805;119;2024-03-16;W;1;0;0;0;900;40,9;1;143;276;143;276;0;2;0;0;6;98;32;13;131;11;1
1332;303;604;2024-03-16;W;1;0;0;0;900;26,2;0;48;76;97;135;0;0;0;0;199;43;4;1;21;10;17
1332;604;303;2024-03-16;L;0;1;0;0;900;27,7;0;22;44;56;89;7;16;2;0;562;17;2;3;14;1;7
1333;539;823;2024-03-16;W;1;0;0;0;234;32,6;0;4;10;5;11;2;2;1;1;148;3;1;0;3;1;0
1333;823;539;2024-03-16;L;0;1;0;0;234;32,3;0;2;6;29;35;1;2;0;0;52;1;0;1;2;0;0
1334;415;866;2024-03-16;W;1;0;0;0;563;36,2;0;11;17;30;36;3;7;2;0;303;7;2;2;11;0;0
1334;866;415;2024-03-16;L;0;1;0;0;563;34,9;0;12;37;25;50;0;0;0;0;3;9;0;3;10;0;2
1335;227;867;2024-03-16;W;1;0;0;0;403;31,4;1;3;7;10;15;0;0;1;0;311;3;0;0;1;0;2
1335;867;227;2024-03-16;L;0;1;0;0;403;32,5;0;8;9;18;20;1;1;0;0;34;2;5;1;5;0;3
1336;344;738;2024-03-16;W;1;0;0;0;900;33,3;0;58;130;100;176;2;2;0;0;422;43;13;2;43;2;13
1336;738;344;2024-03-16;L;0;1;0;0;900;30,2;0;47;105;49;108;0;0;0;0;26;37;9;1;43;4;0
1337;437;550;2024-03-16;W;1;0;0;0;267;30,9;0;21;35;43;66;1;1;2;0;201;18;2;1;3;0;18
1337;550;437;2024-03-16;L;0;1;0;0;267;32,2;0;0;5;1;6;0;0;0;0;4;0;0;0;0;0;0
1338;503;818;2024-03-16;W;1;0;0;0;900;27,1;0;45;107;56;119;4;9;1;0;328;28;11;6;44;1;0
1338;818;503;2024-03-16;L;0;1;0;0;900;29,8;0;87;202;89;205;0;4;0;0;3;59;20;8;86;1;0
1339;364;802;2024-03-16;W;1;0;0;0;98;28,7;0;3;5;3;5;0;0;4;0;0;1;2;0;2;0;1
1339;802;364;2024-03-16;L;0;1;0;0;98;24,7;0;4;11;8;17;1;1;0;0;56;1;0;3;3;1;0
1340;235;450;2024-03-16;L;0;1;0;0;615;31,4;0;16;48;28;65;0;0;0;0;21;4;5;7;13;3;0
1340;450;235;2024-03-16;W;1;0;0;0;615;29,0;1;25;39;53;72;2;2;1;0;396;10;3;12;17;2;6
1341;792;822;2024-03-16;W;1;0;0;0;900;37,3;0;85;155;144;220;0;2;0;0;94;57;10;18;68;12;5
1341;822;792;2024-03-16;L;0;1;0;0;900;32,0;0;21;65;26;70;4;5;0;0;324;16;2;3;21;0;0
1342;11;323;2024-03-09;L;0;1;0;0;1500;31,3;0;89;241;89;241;0;0;0;0;0;41;14;34;85;4;0
1342;323;11;2024-03-09;W;1;0;0;0;1500;29,4;0;230;356;232;358;0;0;0;0;3;150;61;19;227;3;0
1343;253;672;2024-03-09;L;0;1;0;0;452;28,2;0;50;74;69;97;3;7;1;0;293;25;18;7;17;31;2
1343;672;253;2024-03-09;W;1;0;0;0;452;35,1;1;28;34;30;37;0;1;4;0;31;24;3;1;23;4;1
1344;55;468;2024-03-09;W;1;0;0;0;900;36,9;0;41;62;59;81;0;3;0;0;86;28;8;5;38;2;1
1344;468;55;2024-03-09;L;0;1;0;0;900;31,3;0;29;61;64;99;2;5;1;0;262;11;4;14;18;4;7
1345;406;443;2024-03-09;W;1;0;0;0;823;27,5;1;67;123;85;146;0;1;0;0;16;54;9;4;47;4;16
1345;443;406;2024-03-09;L;0;1;0;0;823;37,6;0;27;58;31;63;7;11;0;0;307;16;8;3;23;3;1
1346;80;578;2024-03-09;L;0;1;0;0;900;26,3;0;86;172;104;192;1;8;0;0;100;71;9;6;79;5;2
1346;578;80;2024-03-09;W;1;0;0;0;900;31,1;0;99;183;129;217;2;5;0;0;107;68;22;9;86;4;9
1347;34;554;2024-03-09;W;1;0;0;0;336;33,1;0;16;25;19;28;0;0;0;0;9;16;0;0;0;0;16
1347;554;34;2024-03-09;L;0;1;0;0;336;32,7;0;1;3;9;11;9;13;0;0;279;1;0;0;1;0;0
1348;491;868;2024-03-09;W;1;0;0;0;900;25,8;0;84;150;122;189;4;4;0;0;285;59;18;7;44;36;4
1348;868;491;2024-03-09;L;0;1;0;0;900;35,2;0;66;152;99;186;1;6;0;0;172;44;21;1;43;23;0
1349;155;793;2024-03-09;W;1;0;0;0;900;33,2;0;57;102;111;163;11;19;0;0;421;48;9;0;46;6;5
1349;793;155;2024-03-09;L;0;1;0;0;900;39,4;1;36;78;39;82;0;0;0;0;11;24;5;7;26;7;3
1350;445;787;2024-03-09;W;1;0;0;0;900;28,7;0;114;275;115;276;0;0;0;0;2;74;17;23;111;2;1
1350;787;445;2024-03-09;L;0;1;0;0;900;37,5;0;52;140;52;140;1;8;0;0;24;23;17;12;48;3;1
1351;301;869;2024-03-09;L;0;1;0;0;900;30,2;0;47;97;119;171;0;1;0;0;16;33;9;5;42;5;0
1351;869;301;2024-03-09;W;1;0;0;0;900;38,6;0;67;115;73;121;2;7;0;0;334;37;7;23;57;5;5
1352;280;286;2024-03-09;W;1;0;0;0;61;30,4;0;11;15;11;15;0;0;1;0;18;5;6;0;9;2;0
1352;286;280;2024-03-09;L;0;1;0;0;61;29,0;0;1;4;1;4;0;0;0;0;0;0;1;0;1;0;0
1353;14;870;2024-03-09;W;1;0;0;0;18;35,6;1;7;9;7;9;0;0;0;0;2;7;0;0;5;0;2
1353;870;14;2024-03-09;L;0;1;0;0;18;34,7;0;2;5;2;5;0;0;0;0;0;1;1;0;2;0;0
1354;283;723;2024-03-09;W;1;0;0;0;900;30,1;0;44;77;85;132;9;14;0;0;572;22;9;13;23;8;13
1354;723;283;2024-03-09;L;0;1;0;0;900;32,7;0;29;53;66;92;0;0;0;0;14;13;14;2;22;4;3
1355;871;872;2024-03-09;W;1;0;0;0;900;38,2;0;136;249;173;290;1;1;0;0;12;74;39;23;112;23;1
1355;872;871;2024-03-09;L;0;1;0;0;900;32,5;0;102;195;156;255;1;2;0;0;371;79;23;0;79;19;4
1356;120;748;2024-03-02;L;0;1;0;0;1200;34,1;0;22;68;27;75;1;7;0;0;272;16;5;1;17;4;1
1356;748;120;2024-03-02;W;1;0;0;0;1200;36,0;0;127;215;140;230;0;1;0;0;1;78;30;19;123;4;0
1357;108;873;2024-03-02;W;1;0;0;0;900;26,5;0;27;75;33;82;3;5;0;0;324;16;4;7;25;0;2
1357;873;108;2024-03-02;L;0;1;0;0;900;32,5;0;30;60;33;64;0;2;0;0;10;3;11;16;29;1;0
1358;85;828;2024-03-02;L;0;1;0;0;900;31,9;0;30;87;47;114;0;0;0;0;224;22;3;5;19;2;9
1358;828;85;2024-03-02;W;1;0;0;0;900;23,6;0;47;104;56;119;3;20;0;0;269;34;9;4;31;3;13
1359;79;295;2024-03-02;W;1;0;0;0;900;28,2;0;68;98;145;197;5;5;0;0;686;64;0;4;7;0;61
1359;295;79;2024-03-02;L;0;1;0;0;900;26,4;1;3;16;5;25;0;0;0;0;34;1;2;0;3;0;0
1360;209;339;2024-03-02;W;1;0;0;0;326;28,6;1;34;72;34;72;0;1;0;0;5;24;9;1;30;4;0
1360;339;209;2024-03-02;L;0;1;0;0;326;34,1;0;22;78;25;84;0;0;0;0;0;18;1;3;21;1;0
1361;516;874;2024-03-02;W;1;0;0;0;900;36,9;0;23;59;83;147;5;13;0;0;608;14;7;2;12;7;4
1361;874;516;2024-03-02;L;0;1;0;0;900;35,5;1;20;55;26;64;0;0;0;0;16;11;8;1;12;8;0
1362;306;372;2024-03-02;W;1;0;0;0;881;28,3;1;67;144;88;170;2;4;0;0;97;39;11;17;49;3;15
1362;372;306;2024-03-02;L;0;1;0;0;881;23,4;0;45;86;92;146;3;4;0;0;268;42;1;2;21;0;24
1363;324;557;2024-03-02;W;1;0;0;0;900;36,3;0;75;174;77;176;0;0;0;0;13;51;16;8;74;1;0
1363;557;324;2024-03-02;L;0;1;0;0;900;28,5;0;67;205;67;205;0;4;0;0;0;33;27;7;67;0;0
1364;233;875;2024-03-02;W;1;0;0;0;417;28,6;0;65;92;75;105;1;2;0;0;135;39;8;18;31;12;22
1364;875;233;2024-03-02;L;0;1;0;0;417;31,6;0;4;26;13;39;0;0;0;0;63;1;1;2;4;0;0
1365;191;736;2024-03-02;W;1;0;0;0;276;29,0;1;60;91;63;95;2;3;0;0;27;38;21;1;54;2;4
1365;736;191;2024-03-02;L;0;1;0;0;276;29,5;0;36;75;36;77;0;0;0;0;26;15;10;11;34;2;0
1366;507;832;2024-03-02;L;0;1;0;0;649;28,9;0;38;68;50;84;3;7;0;0;164;15;8;15;34;4;0
1366;832;507;2024-03-02;W;1;0;0;0;649;33,5;1;39;90;57;115;4;5;0;0;87;33;6;0;18;2;19
1367;27;257;2024-02-24;L;0;1;0;0;1500;30,2;0;112;211;119;219;3;5;0;0;174;48;37;27;103;7;2
1367;257;27;2024-02-24;W;1;0;0;0;1500;31,5;0;145;510;177;556;1;2;0;0;35;97;38;10;142;3;0
1368;650;717;2024-02-24;W;1;0;0;0;658;33,0;0;28;73;47;104;3;6;1;0;321;26;2;0;13;2;13
1368;717;650;2024-02-24;L;0;1;0;0;658;31,4;1;55;115;64;135;0;1;0;0;92;36;11;8;34;9;12
1369;474;533;2024-02-24;L;0;1;0;0;900;21,7;0;90;246;91;249;0;0;0;0;25;30;26;34;88;2;0
1369;533;474;2024-02-24;W;1;0;0;0;900;24,6;0;120;272;120;272;0;0;0;0;5;87;25;8;117;3;0
1370;521;813;2024-02-24;L;0;1;0;0;900;31,7;0;83;197;88;206;0;6;0;0;17;40;17;26;80;3;0
1370;813;521;2024-02-24;W;1;0;0;0;900;25,0;0;94;269;97;272;0;0;0;0;0;52;24;18;84;10;0
1371;278;476;2024-02-24;W;1;0;0;0;106;28,9;0;3;5;5;7;2;2;1;0;42;2;1;0;0;2;1
1371;476;278;2024-02-24;L;0;1;0;0;106;30,8;0;1;2;1;2;1;3;0;0;40;1;0;0;1;0;0
1372;431;540;2024-02-24;W;1;0;0;0;724;36,8;0;43;74;48;81;2;12;2;0;62;26;5;12;38;4;1
1372;540;431;2024-02-24;L;0;1;0;0;724;27,8;0;29;82;43;99;2;7;0;0;193;17;3;9;26;3;0
1373;530;876;2024-02-24;W;1;0;0;0;900;28,0;0;19;36;38;62;1;4;1;1;291;10;4;5;11;4;4
1373;876;530;2024-02-24;L;0;1;0;0;900;25,1;0;18;40;43;90;4;8;1;0;524;15;3;0;7;2;9
1374;38;877;2024-02-24;W;1;0;0;0;137;28,1;0;9;15;9;15;0;0;1;0;0;3;2;4;8;0;1
1374;877;38;2024-02-24;L;0;1;0;0;137;27,7;0;4;17;7;22;1;1;0;0;41;2;2;0;2;0;2
1375;53;641;2024-02-24;W;1;0;0;0;900;26,9;0;31;48;58;82;0;0;1;2;270;23;6;2;5;2;24
1375;641;53;2024-02-24;L;0;1;0;0;900;27,8;0;4;9;17;27;7;13;0;0;434;1;3;0;3;1;0
1376;724;878;2024-02-24;W;1;0;0;0;599;24,8;0;31;69;50;93;0;0;1;3;176;19;7;5;13;5;13
1376;878;724;2024-02-24;L;0;1;0;0;599;31,7;0;41;63;46;77;4;6;0;1;172;22;8;11;32;3;6
1377;730;811;2024-02-24;W;1;0;0;0;900;23,5;0;37;87;62;120;0;0;1;0;51;24;8;5;31;5;1
1377;811;730;2024-02-24;L;0;1;0;0;900;33,1;0;40;74;52;97;9;11;0;0;302;7;23;10;29;10;1
1378;62;544;2024-02-24;W;1;0;0;0;44;29,5;0;1;2;3;4;1;1;0;0;11;1;0;0;1;0;0
1378;544;62;2024-02-24;L;0;1;0;0;44;36,9;0;0;1;0;1;0;0;0;0;13;0;0;0;0;0;0
1379;319;560;2024-02-17;W;1;0;0;0;512;27,1;1;35;77;36;78;0;0;0;0;3;17;12;6;28;4;3
1379;560;319;2024-02-17;L;0;1;0;0;512;35,4;0;47;107;47;107;0;0;0;0;0;21;11;15;44;3;0
1380;262;462;2024-02-17;W;1;0;0;0;900;33,2;0;95;175;95;175;0;1;0;0;0;63;4;28;95;0;0
1380;462;262;2024-02-17;L;0;1;0;0;900;32,8;0;67;151;67;151;0;0;0;0;0;39;8;20;67;0;0
1381;132;545;2024-02-17;W;1;0;0;0;900;26,3;0;67;135;80;148;0;0;0;0;12;39;18;10;65;2;0
1381;545;132;2024-02-17;L;0;1;0;0;900;33,5;0;46;89;57;102;0;0;0;0;225;25;10;11;38;8;0
1382;577;579;2024-02-17;W;1;0;0;0;900;33,1;0;74;172;167;273;5;11;1;0;263;44;20;10;51;13;10
1382;579;577;2024-02-17;L;0;1;0;0;900;37,0;0;29;78;54;106;1;7;0;0;125;13;5;11;24;5;0
1383;105;399;2024-02-17;W;1;0;0;0;503;30,3;0;34;77;39;82;3;14;2;0;245;28;4;2;24;8;2
1383;399;105;2024-02-17;L;0;1;0;0;503;31,8;0;35;57;41;63;0;0;0;0;0;21;8;6;34;1;0
1384;133;161;2024-02-17;L;0;1;0;0;900;30,9;0;21;54;50;85;1;3;0;2;360;21;0;0;13;0;8
1384;161;133;2024-02-17;W;1;0;0;0;900;36,7;1;41;80;47;86;2;2;0;0;242;26;8;7;24;1;16
1385;338;879;2024-02-17;L;0;1;0;0;374;27,4;0;11;27;17;33;0;0;0;0;0;9;1;1;10;0;1
1385;879;338;2024-02-17;W;1;0;0;0;374;38,6;1;33;46;63;78;1;3;0;0;206;19;2;12;22;1;10
1386;663;737;2024-02-17;W;1;0;0;0;900;28,9;0;38;70;73;114;3;3;0;0;783;30;6;2;7;1;30
1386;737;663;2024-02-17;L;0;1;0;0;900;36,3;0;12;25;55;79;0;0;0;0;0;7;1;4;6;1;5
1387;225;350;2024-02-17;L;0;1;0;0;101;27,4;0;14;31;14;31;0;0;0;0;0;14;0;0;14;0;0
1387;350;225;2024-02-17;W;1;0;0;0;101;25,5;1;17;28;17;28;0;0;0;0;2;13;2;2;14;0;3
1388;616;841;2024-02-17;W;1;0;0;0;678;28,5;1;95;185;96;186;0;0;0;0;13;77;13;5;88;1;6
1388;841;616;2024-02-17;L;0;1;0;0;678;31,0;0;39;90;39;90;0;1;0;0;0;22;14;3;39;0;0
1389;193;880;2024-02-17;W;1;0;0;0;900;26,2;0;70;111;136;188;3;5;0;0;538;60;7;3;33;3;34
1389;880;193;2024-02-17;L;0;1;0;0;900;30,5;1;23;61;30;70;2;2;0;1;116;19;2;2;15;5;3
1390;685;741;2024-02-17;W;1;0;0;0;900;26,6;0;66;136;106;180;3;8;0;0;185;28;16;22;60;6;0
1390;741;685;2024-02-17;L;0;1;0;0;900;35,0;0;36;102;59;126;2;3;1;0;42;14;13;9;32;3;1
1391;490;585;2024-02-10;L;0;1;0;0;1500;27,4;0;92;250;95;254;0;6;0;0;50;56;25;11;92;0;0
1391;585;490;2024-02-10;W;1;0;0;0;1500;35,7;0;121;235;188;327;1;2;0;0;188;74;15;32;111;5;5
1392;36;307;2024-02-10;W;1;0;0;0;163;32,5;1;11;19;11;19;0;0;0;0;1;4;2;5;10;0;1
1392;307;36;2024-02-10;L;0;1;0;0;163;33,6;0;8;33;8;33;0;0;0;0;0;7;1;0;8;0;0
1393;412;754;2024-02-10;L;0;1;0;0;900;33,6;0;32;133;41;143;0;0;0;0;30;19;10;3;30;2;0
1393;754;412;2024-02-10;W;1;0;0;0;900;27,7;1;67;168;77;181;0;4;0;0;157;47;5;15;61;6;0
1394;106;515;2024-02-10;W;1;0;0;0;655;32,0;0;71;123;79;135;2;6;0;0;198;53;8;10;64;7;0
1394;515;106;2024-02-10;L;0;1;0;0;655;36,1;0;37;84;42;90;0;0;0;0;0;28;4;5;36;1;0
1395;484;527;2024-02-10;L;0;1;0;0;900;29,5;0;33;64;52;86;0;2;0;0;43;10;9;14;29;1;3
1395;527;484;2024-02-10;W;1;0;0;0;900;37,7;0;61;112;80;138;4;8;0;0;362;16;36;9;58;0;3
1396;433;739;2024-02-10;W;1;0;0;0;288;34,4;0;6;11;14;21;3;3;1;0;166;4;0;2;6;0;0
1396;739;433;2024-02-10;L;0;1;0;0;288;33,3;0;9;20;14;25;0;0;0;0;0;1;1;7;9;0;0
1397;407;786;2024-02-10;W;1;0;0;0;543;30,5;1;37;72;38;73;0;0;0;0;1;3;18;16;37;0;0
1397;786;407;2024-02-10;L;0;1;0;0;543;31,5;0;68;102;70;105;0;2;0;0;88;25;2;41;67;1;0
1398;371;514;2024-02-10;L;0;1;0;0;900;25,0;0;33;94;35;96;1;6;0;0;115;20;8;5;26;5;2
1398;514;371;2024-02-10;W;1;0;0;0;900;28,2;0;60;152;61;157;1;1;0;0;109;51;5;4;58;1;1
1399;363;499;2024-02-10;W;1;0;0;0;900;28,1;0;58;112;73;131;1;2;0;0;55;15;29;14;47;11;0
1399;499;363;2024-02-10;L;0;1;0;0;900;30,4;0;28;63;52;99;1;2;0;0;149;9;12;7;22;6;0
1400;674;881;2024-02-10;W;1;0;0;0;900;35,6;0;101;189;112;204;1;1;0;0;44;42;37;22;78;23;0
1400;881;674;2024-02-10;L;0;1;0;0;900;33,8;0;53;127;53;127;0;2;0;0;14;36;13;4;49;4;0
1401;153;440;2024-02-10;L;0;1;0;0;900;37,3;0;32;86;43;97;1;2;0;0;100;27;5;0;32;0;0
1401;440;153;2024-02-10;W;1;0;0;0;900;38,2;0;26;53;36;65;1;2;0;0;100;21;4;1;24;2;0
1402;208;882;2024-02-10;W;1;0;0;0;218;31,4;1;10;29;25;44;0;0;0;0;4;10;0;0;10;0;0
1402;882;208;2024-02-10;L;0;1;0;0;218;36,0;0;17;26;19;28;0;2;0;0;64;7;2;8;14;3;0
1403;302;883;2024-02-10;W;1;0;0;0;432;33,7;1;79;144;109;194;1;3;2;1;140;60;14;5;58;3;18
1403;883;302;2024-02-10;L;0;1;0;0;432;31,8;0;26;79;31;87;0;0;0;1;56;22;3;1;25;1;0
1404;83;602;2024-02-10;NC;0;0;0;1;508;30,6;0;45;95;45;96;0;0;0;0;38;26;10;9;43;2;0
1404;602;83;2024-02-10;NC;0;0;0;1;508;30,9;0;81;126;84;129;0;0;0;0;28;50;12;19;69;5;7
1405;110;644;2024-02-03;L;0;1;0;0;1500;35,6;0;34;152;59;190;0;4;0;1;611;14;8;12;32;2;0
1405;644;110;2024-02-03;W;1;0;0;0;1500;27,9;1;112;189;154;248;0;0;1;0;232;71;24;17;67;13;32
1406;475;526;2024-02-03;W;1;0;0;0;900;34,7;0;23;42;142;177;3;6;0;0;633;20;2;1;10;1;12
1406;526;475;2024-02-03;L;0;1;0;0;900;35,3;0;23;59;36;73;1;2;0;0;62;17;4;2;19;1;3
1407;40;469;2024-02-03;L;0;1;0;0;197;39,7;0;10;22;10;22;0;0;0;0;0;0;1;9;10;0;0
1407;469;40;2024-02-03;W;1;0;0;0;197;33,6;1;13;46;13;46;0;0;0;0;3;6;1;6;12;0;1
1408;569;681;2024-02-03;W;1;0;0;0;900;27,0;0;38;128;65;157;0;1;0;0;0;24;8;6;38;0;0
1408;681;569;2024-02-03;L;0;1;0;0;900;37,2;0;26;67;63;110;1;9;0;0;361;20;1;5;25;1;0
1409;884;885;2024-02-03;NC;0;0;0;1;11;33,4;0;1;2;1;2;0;0;0;0;0;0;1;0;1;0;0
1409;885;884;2024-02-03;NC;0;0;0;1;11;34,0;0;1;1;1;1;0;0;0;0;0;0;1;0;1;0;0
1410;188;473;2024-02-03;L;0;1;0;0;287;27,8;0;16;38;16;38;0;1;0;0;5;4;6;6;16;0;0
1410;473;188;2024-02-03;W;1;0;0;0;287;33,6;2;30;47;33;51;0;0;0;0;8;23;0;7;27;0;3
1411;719;728;2024-02-03;L;0;1;0;0;299;27,6;0;29;77;29;77;0;0;0;0;0;9;13;7;24;5;0
1411;728;719;2024-02-03;W;1;0;0;0;299;33,8;0;42;91;43;92;2;2;1;0;68;27;14;1;34;2;6
1412;143;612;2024-02-03;W;1;0;0;0;900;33,1;0;76;140;81;149;2;6;3;0;47;29;20;27;66;7;3
1412;612;143;2024-02-03;L;0;1;0;0;900;29,0;1;38;163;40;166;2;7;1;1;149;25;6;7;36;2;0
1413;420;886;2024-02-03;W;1;0;0;0;32;33,0;1;12;18;12;18;0;1;0;0;5;10;1;1;3;2;7
1413;886;420;2024-02-03;L;0;1;0;0;32;27,2;0;0;5;0;5;0;0;0;0;0;0;0;0;0;0;0
1414;704;887;2024-02-03;W;1;0;0;0;900;28,2;0;49;82;75;121;2;3;0;0;269;33;14;2;21;11;17
1414;887;704;2024-02-03;L;0;1;0;0;900;33,6;0;19;54;36;77;0;3;0;0;318;3;2;14;8;10;1
1415;639;660;2024-02-03;W;1;0;0;0;892;30,6;0;66;136;138;230;2;3;0;0;327;41;15;10;28;13;25
1415;660;639;2024-02-03;L;0;1;0;0;892;30,8;0;16;59;21;68;1;5;3;0;227;7;6;3;11;5;0
1416;111;888;2024-02-03;W;1;0;0;0;900;27,2;0;60;146;74;165;0;5;0;0;253;28;18;14;55;5;0
1416;888;111;2024-02-03;L;0;1;0;0;900;28,2;0;55;149;78;176;1;3;0;0;124;41;11;3;54;1;0
1417;218;751;2024-02-03;L;0;1;0;0;900;28,8;0;58;86;116;153;1;6;0;0;167;26;30;2;54;4;0
1417;751;218;2024-02-03;W;1;0;0;0;900;28,2;0;65;124;66;125;0;0;0;0;4;43;15;7;56;9;0
1418;230;388;2024-01-20;W;1;0;0;0;1500;30,0;0;137;354;140;358;6;11;0;0;128;81;32;24;134;3;0
1418;388;230;2024-01-20;L;0;1;0;0;1500;32,9;0;173;408;183;419;0;0;0;0;0;157;10;6;173;0;0
1419;435;804;2024-01-20;L;0;1;0;0;1500;32,4;0;69;88;96;118;3;9;3;0;538;32;26;11;28;38;3
1419;804;435;2024-01-20;W;1;0;0;0;1500;35,4;0;134;201;265;342;1;3;2;2;688;91;32;11;54;38;42
1420;151;444;2024-01-20;W;1;0;0;0;885;36,5;0;57;102;110;159;1;2;0;0;107;52;3;2;13;0;44
1420;444;151;2024-01-20;L;0;1;0;0;885;32,2;0;45;67;100;128;4;6;0;0;362;19;4;22;30;0;15
1421;511;555;2024-01-20;W;1;0;0;0;900;36,5;0;140;258;144;262;0;0;0;0;0;101;35;4;116;24;0
1421;555;511;2024-01-20;L;0;1;0;0;900;33,9;0;122;243;124;245;0;0;0;0;0;77;33;12;105;17;0
1422;365;500;2024-01-20;L;0;1;0;0;900;30,0;0;59;140;61;143;0;0;1;0;3;41;17;1;46;9;4
1422;500;365;2024-01-20;W;1;0;0;0;900;29,9;0;51;118;72;141;5;17;0;0;211;35;12;4;45;5;1
1423;705;791;2024-01-20;L;0;1;0;0;900;32,1;0;64;155;76;172;4;9;0;0;275;49;8;7;46;17;1
1423;791;705;2024-01-20;W;1;0;0;0;900;27,3;0;105;168;130;193;0;1;0;0;0;74;21;10;99;6;0
1424;12;96;2024-01-20;L;0;1;0;0;900;28,1;0;60;156;78;175;0;4;1;0;118;19;20;21;52;8;0
1424;96;12;2024-01-20;W;1;0;0;0;900;31,6;0;80;168;102;193;1;3;0;0;39;59;10;11;70;8;2
1425;635;706;2024-01-20;W;1;0;0;0;900;30,0;1;62;147;62;148;0;0;0;0;6;48;8;6;60;1;1
1425;706;635;2024-01-20;L;0;1;0;0;900;27,5;0;79;226;81;229;0;4;0;0;24;51;20;8;73;6;0
1426;134;383;2024-01-20;W;1;0;0;0;492;28,7;0;23;39;49;91;2;2;1;0;366;20;0;3;5;0;18
1426;383;134;2024-01-20;L;0;1;0;0;492;31,6;0;12;41;33;66;0;0;0;0;27;10;2;0;9;0;3
1427;222;889;2024-01-20;W;1;0;0;0;123;27,7;0;5;10;5;10;1;1;1;0;41;5;0;0;5;0;0
1427;889;222;2024-01-20;L;0;1;0;0;123;31,4;0;1;9;1;9;0;0;0;0;5;1;0;0;1;0;0
1428;343;448;2024-01-20;L;0;1;0;0;861;35,4;0;24;50;26;52;0;0;0;0;5;19;3;2;20;0;4
1428;448;343;2024-01-20;W;1;0;0;0;861;34,9;1;93;120;326;398;2;5;3;0;685;84;6;3;23;2;68
1429;712;890;2024-01-20;W;1;0;0;0;377;33,4;0;3;7;7;11;1;4;4;0;67;2;0;1;3;0;0
1429;890;712;2024-01-20;L;0;1;0;0;377;33,7;0;37;70;74;116;1;1;1;0;253;35;2;0;18;5;14
1430;207;464;2024-01-13;W;1;0;0;0;462;31,6;1;39;58;39;58;0;0;0;0;5;8;6;25;38;0;1
1430;464;207;2024-01-13;L;0;1;0;0;462;31,8;0;24;71;26;73;0;0;0;0;0;2;3;19;24;0;0
1431;397;857;2024-01-13;W;1;0;0;0;805;40,4;0;80;140;96;157;2;2;1;0;235;50;10;20;67;5;8
1431;857;397;2024-01-13;L;0;1;0;0;805;35,6;0;80;182;84;188;0;0;0;0;1;51;13;16;79;1;0
1432;256;498;2024-01-13;W;1;0;0;0;900;30,5;0;112;270;118;276;0;3;0;0;14;76;31;5;110;2;0
1432;498;256;2024-01-13;L;0;1;0;0;900;31,4;0;45;108;52;115;2;13;0;0;180;33;4;8;44;1;0
1433;20;891;2024-01-13;W;1;0;0;0;295;31,2;1;19;43;24;49;1;4;0;0;97;18;0;1;15;0;4
1433;891;20;2024-01-13;L;0;1;0;0;295;35,0;0;13;27;13;28;0;1;0;0;0;8;4;1;12;1;0
1434;33;838;2024-01-13;W;1;0;0;0;900;32,3;0;49;136;50;137;0;0;0;0;0;24;11;14;46;3;0
1434;838;33;2024-01-13;L;0;1;0;0;900;44,9;0;58;127;58;127;0;0;0;0;0;13;22;23;58;0;0
1435;756;783;2024-01-13;W;1;0;0;0;900;28,5;0;47;87;116;165;7;11;2;1;386;25;9;13;25;11;11
1435;783;756;2024-01-13;L;0;1;0;0;900;31,1;0;28;69;33;77;1;2;2;0;188;18;4;6;23;3;2
1436;312;340;2024-01-13;L;0;1;0;0;509;31,3;0;28;81;28;82;0;0;0;0;4;14;7;7;28;0;0
1436;340;312;2024-01-13;W;1;0;0;0;509;33,7;1;65;123;74;134;1;3;0;0;107;57;7;1;52;3;10
1437;272;810;2024-01-13;W;1;0;0;0;900;26,4;0;42;100;55;116;5;16;1;0;418;14;7;21;39;2;1
1437;810;272;2024-01-13;L;0;1;0;0;900;31,8;0;40;93;41;94;0;0;0;0;2;24;11;5;34;2;4
1438;25;655;2024-01-13;W;1;0;0;0;252;27,1;1;25;36;25;36;1;1;0;0;8;24;1;0;23;2;0
1438;655;25;2024-01-13;L;0;1;0;0;252;35,0;0;11;36;11;36;0;3;0;0;4;8;0;3;11;0;0
1439;335;683;2024-01-13;L;0;1;0;0;63;23,8;0;12;20;12;20;0;0;0;0;0;5;5;2;11;1;0
1439;683;335;2024-01-13;W;1;0;0;0;63;30,9;1;21;40;21;40;0;0;0;0;9;19;2;0;8;0;13
1440;1;534;2024-01-13;W;1;0;0;0;571;22,3;1;83;141;154;222;1;1;0;0;74;63;15;5;61;9;13
1440;534;1;2024-01-13;L;0;1;0;0;571;34,2;0;50;91;57;101;2;6;0;0;122;29;11;10;49;1;0
1441;596;760;2023-12-16;W;1;0;0;0;1500;32,3;0;57;108;65;116;2;3;2;1;87;21;14;22;56;0;1
1441;760;596;2023-12-16;L;0;1;0;0;1500;35,8;0;44;126;109;194;2;10;0;0;304;20;7;17;44;0;0
1442;2;257;2023-12-16;W;1;0;0;0;1500;33,7;0;95;156;126;195;8;14;1;0;951;49;22;24;74;5;16
1442;257;2;2023-12-16;L;0;1;0;0;1500;31,3;0;111;204;281;390;0;1;0;2;47;102;7;2;91;5;15
1443;676;764;2023-12-16;L;0;1;0;0;596;40,8;0;16;25;26;37;0;0;0;0;0;6;7;3;13;1;2
1443;764;676;2023-12-16;W;1;0;0;0;596;29,1;0;28;36;73;88;1;5;2;0;465;24;4;0;5;10;13
1444;254;826;2023-12-16;W;1;0;0;0;900;29,0;1;106;165;151;217;1;4;0;0;533;73;13;20;66;0;40
1444;826;254;2023-12-16;L;0;1;0;0;900;39,8;0;62;105;90;134;0;0;0;0;0;35;23;4;51;0;11
1445;336;508;2023-12-16;L;0;1;0;0;117;29,2;0;0;3;0;3;0;0;0;0;0;0;0;0;0;0;0
1445;508;336;2023-12-16;W;1;0;0;0;117;38,8;1;2;10;2;10;0;0;0;0;3;1;1;0;2;0;0
1446;9;219;2023-12-16;W;1;0;0;0;900;36,2;1;68;117;95;145;1;2;0;0;123;58;2;8;51;14;3
1446;219;9;2023-12-16;L;0;1;0;0;900;35,7;0;93;150;113;171;0;0;0;0;128;69;15;9;78;15;0
1447;315;812;2023-12-16;L;0;1;0;0;900;29,0;0;204;350;204;350;0;1;0;0;0;103;6;95;204;0;0
1447;812;315;2023-12-16;W;1;0;0;0;900;35,7;0;145;308;145;308;0;0;0;0;0;122;20;3;145;0;0
1448;264;831;2023-12-16;W;1;0;0;0;222;32,4;1;20;41;21;42;0;0;0;0;21;16;2;2;16;4;0
1448;831;264;2023-12-16;L;0;1;0;0;222;37,3;0;17;25;21;29;0;1;0;0;36;9;1;7;17;0;0
1449;21;691;2023-12-16;L;0;1;0;0;378;26,2;0;31;74;32;75;0;2;0;0;20;17;3;11;29;2;0
1449;691;21;2023-12-16;W;1;0;0;0;378;29,9;0;64;127;86;152;1;1;1;0;58;45;16;3;37;9;18
1450;276;586;2023-12-16;L;0;1;0;0;565;32,7;0;32;43;55;67;0;0;0;0;36;22;3;7;24;3;5
1450;586;276;2023-12-16;W;1;0;0;0;565;32,4;1;24;41;45;63;2;2;5;1;363;19;4;1;15;5;4
1451;307;620;2023-12-16;W;1;0;0;0;212;33,5;1;20;36;25;42;0;0;0;0;15;16;3;1;8;0;12
1451;620;307;2023-12-16;L;0;1;0;0;212;32,9;0;10;25;10;25;0;0;0;0;0;1;0;9;10;0;0
1452;120;671;2023-12-16;W;1;0;0;0;356;33,8;0;49;98;60;114;0;0;0;0;138;35;14;0;35;5;9
1452;671;120;2023-12-16;L;0;1;0;0;356;32,1;0;8;20;13;26;0;2;0;0;20;8;0;0;8;0;0
1453;80;630;2023-12-09;W;1;0;0;0;1500;26,0;0;77;165;160;283;2;3;0;0;661;35;12;30;49;4;24
1453;630;80;2023-12-09;L;0;1;0;0;1500;32,6;0;87;145;105;165;0;2;0;0;0;8;3;76;87;0;0
1454;625;711;2023-12-09;W;1;0;0;0;656;33,8;1;53;114;56;118;0;0;0;0;58;33;14;6;51;1;1
1454;711;625;2023-12-09;L;0;1;0;0;656;35,4;0;47;84;52;89;0;2;0;0;11;27;14;6;46;1;0
1455;122;561;2023-12-09;W;1;0;0;0;104;28,3;2;16;29;18;31;0;0;0;0;5;14;2;0;4;6;6
1455;561;122;2023-12-09;L;0;1;0;0;104;29,3;0;8;23;8;23;0;0;0;0;0;3;2;3;8;0;0
1456;37;86;2023-12-09;W;1;0;0;0;242;37,0;0;10;21;26;37;1;3;1;0;125;6;0;4;8;2;0
1456;86;37;2023-12-09;L;0;1;0;0;242;27,9;0;10;25;10;25;0;0;0;0;0;6;3;1;10;0;0
1457;609;628;2023-12-09;L;0;1;0;0;900;32,8;0;27;60;52;96;0;0;0;2;178;21;3;3;11;0;16
1457;628;609;2023-12-09;W;1;0;0;0;900;33,8;0;14;30;35;60;11;14;0;1;574;10;3;1;13;0;1
1458;746;769;2023-12-09;W;1;0;0;0;900;30,6;0;134;235;158;263;1;2;0;0;86;78;15;41;121;13;0
1458;769;746;2023-12-09;L;0;1;0;0;900;33,7;0;62;156;88;188;0;1;0;0;0;43;8;11;55;7;0
1459;615;892;2023-12-09;W;1;0;0;0;539;28,1;2;50;124;65;154;0;1;0;0;201;33;11;6;36;6;8
1459;892;615;2023-12-09;L;0;1;0;0;539;34,6;0;47;115;61;135;0;0;0;0;0;25;9;13;46;1;0
1460;331;366;2023-12-09;W;1;0;0;0;361;31,5;1;29;49;41;66;0;0;1;0;46;26;2;1;4;3;22
1460;366;331;2023-12-09;L;0;1;0;0;361;27,2;0;6;10;20;25;2;10;0;0;281;1;2;3;2;4;0
1461;316;893;2023-12-09;W;1;0;0;0;900;23,6;0;53;104;97;161;2;4;0;0;464;20;22;11;50;3;0
1461;893;316;2023-12-09;L;0;1;0;0;900;35,3;0;44;115;112;193;1;1;0;0;66;31;13;0;29;15;0
1462;389;700;2023-12-09;W;1;0;0;0;355;23,9;1;33;43;44;60;0;0;0;0;216;30;1;2;7;0;26
1462;700;389;2023-12-09;L;0;1;0;0;355;30,1;0;2;4;2;4;0;2;0;0;53;2;0;0;2;0;0
1463;442;696;2023-12-09;W;1;0;0;0;900;33,1;0;36;157;48;176;1;9;0;0;164;21;12;3;21;8;7
1463;696;442;2023-12-09;L;0;1;0;0;900;28,5;0;57;130;80;156;0;1;0;0;14;41;11;5;45;11;1
1464;3;408;2023-12-02;W;1;0;0;0;64;27,1;1;8;15;8;15;0;0;0;0;3;8;0;0;4;2;2
1464;408;3;2023-12-02;L;0;1;0;0;64;34,6;0;2;8;2;8;0;0;0;0;0;0;0;2;2;0;0
1465;135;259;2023-12-02;W;1;0;0;0;169;28,5;1;33;60;33;60;0;0;0;0;12;26;2;5;18;0;15
1465;259;135;2023-12-02;L;0;1;0;0;169;37,2;0;15;26;15;26;0;0;0;0;2;5;3;7;14;1;0
1466;349;524;2023-12-02;W;1;0;0;0;900;36,0;0;45;74;53;84;4;7;0;0;242;35;7;3;33;6;6
1466;524;349;2023-12-02;L;0;1;0;0;900;36,4;0;46;94;48;96;0;2;0;0;22;39;5;2;44;2;0
1467;391;472;2023-12-02;W;1;0;0;0;703;31,0;0;14;24;97;130;5;5;3;0;546;8;1;5;7;1;6
1467;472;391;2023-12-02;L;0;1;0;0;703;32,1;0;18;32;21;35;0;0;0;1;19;7;7;4;13;4;1
1468;642;768;2023-12-02;W;1;0;0;0;900;34,8;0;46;91;85;141;2;3;2;0;155;33;9;4;28;15;3
1468;768;642;2023-12-02;L;0;1;0;0;900;42,0;0;43;134;63;155;2;11;0;0;263;19;14;10;36;7;0
1469;58;138;2023-12-02;L;0;1;0;0;550;31,0;0;31;73;33;76;0;0;0;0;0;18;9;4;30;1;0
1469;138;58;2023-12-02;W;1;0;0;0;550;32,0;1;64;123;78;140;4;7;1;0;132;24;23;17;60;4;0
1470;707;743;2023-12-02;W;1;0;0;0;675;37,3;0;32;37;127;152;4;5;1;0;655;31;1;0;5;0;27
1470;743;707;2023-12-02;L;0;1;0;0;675;35,6;0;3;11;11;21;0;0;0;0;0;3;0;0;3;0;0
1471;274;380;2023-12-02;L;0;1;0;0;109;29,7;0;4;5;10;12;0;0;1;0;0;3;0;1;1;1;2
1471;380;274;2023-12-02;W;1;0;0;0;109;29,5;0;9;12;12;16;1;1;0;0;85;7;1;1;4;0;5
1472;43;759;2023-12-02;W;1;0;0;0;101;35,7;0;2;2;8;9;0;0;0;1;40;1;0;1;1;0;1
1472;759;43;2023-12-02;L;0;1;0;0;101;30,3;0;1;1;9;13;1;2;0;0;53;1;0;0;1;0;0
1473;532;754;2023-12-02;W;1;0;0;0;557;27,8;0;80;131;99;160;1;4;0;0;169;70;9;1;18;11;51
1473;754;532;2023-12-02;L;0;1;0;0;557;27,5;1;73;127;92;153;0;0;0;0;101;58;9;6;38;12;23
1474;800;894;2023-12-02;W;1;0;0;0;371;30,0;0;53;83;62;95;1;1;1;0;31;33;14;6;43;1;9
1474;894;800;2023-12-02;L;0;1;0;0;371;27,4;0;37;57;46;73;1;1;0;0;100;27;2;8;32;2;3
1475;456;632;2023-12-02;L;0;1;0;0;900;33,7;0;43;87;74;125;1;3;0;0;239;16;20;7;23;20;0
1475;632;456;2023-12-02;W;1;0;0;0;900;28,1;0;43;101;61;122;1;2;0;0;94;29;11;3;30;13;0
1476;334;645;2023-11-18;W;1;0;0;0;638;27,9;0;32;43;52;64;2;2;2;0;478;26;3;3;12;1;19
1476;645;334;2023-11-18;L;0;1;0;0;638;36,0;0;6;14;13;21;0;2;1;0;34;3;1;2;6;0;0
1477;354;595;2023-11-18;L;0;1;0;0;900;29,2;0;57;149;57;149;0;1;0;0;3;33;17;7;54;3;0
1477;595;354;2023-11-18;W;1;0;0;0;900;24,4;0;84;208;84;208;0;1;0;0;7;45;12;27;80;4;0
1478;234;345;2023-11-18;W;1;0;0;0;178;24,2;0;1;3;13;18;0;0;1;0;57;1;0;0;0;0;1
1478;345;234;2023-11-18;L;0;1;0;0;178;28,5;0;3;4;5;10;0;2;0;1;59;2;1;0;0;1;2
1479;580;895;2023-11-18;W;1;0;0;0;658;25,2;0;28;53;58;90;0;0;1;0;205;22;4;2;12;0;16
1479;895;580;2023-11-18;L;0;1;0;0;658;27,8;0;5;12;18;29;2;10;0;0;346;4;1;0;5;0;0
1480;668;701;2023-11-18;W;1;0;0;0;833;30,2;1;87;224;96;234;0;1;0;0;30;57;8;22;81;3;3
1480;701;668;2023-11-18;L;0;1;0;0;833;31,0;0;55;116;56;120;1;6;0;0;71;36;11;8;51;4;0
1481;154;179;2023-11-18;W;1;0;0;0;552;25,8;0;8;20;16;31;7;10;1;0;446;6;0;2;3;1;4
1481;179;154;2023-11-18;L;0;1;0;0;552;30,6;0;14;27;17;32;0;0;0;0;2;10;4;0;5;8;1
1482;24;801;2023-11-18;W;1;0;0;0;534;28,8;0;8;20;33;47;1;1;1;0;118;4;3;1;4;2;2
1482;801;24;2023-11-18;L;0;1;0;0;534;31,5;0;14;16;81;96;1;4;0;1;375;6;2;6;3;7;4
1483;753;792;2023-11-18;W;1;0;0;0;889;28,5;0;63;108;141;198;1;2;1;2;260;42;15;6;25;10;28
1483;792;753;2023-11-18;L;0;1;0;0;889;37,0;0;26;71;47;103;4;8;0;1;378;14;6;6;19;4;3
1484;233;827;2023-11-18;W;1;0;0;0;564;28,3;1;65;87;90;123;0;2;0;0;291;44;8;13;46;16;3
1484;827;233;2023-11-18;L;0;1;0;0;564;35,5;0;30;71;37;81;0;0;0;0;0;19;6;5;26;4;0
1485;731;785;2023-11-18;W;1;0;0;0;900;28,1;0;39;98;69;139;3;10;0;1;383;33;2;4;34;3;2
1485;785;731;2023-11-18;L;0;1;0;0;900;29,3;0;76;132;103;164;0;1;0;0;20;41;24;11;68;6;2
1486;692;750;2023-11-18;W;1;0;0;0;91;28,9;1;4;9;4;9;1;1;0;0;5;3;1;0;2;0;2
1486;750;692;2023-11-18;L;0;1;0;0;91;28,3;0;11;16;11;16;0;1;0;0;0;6;2;3;11;0;0
1487;538;833;2023-11-18;W;1;0;0;0;900;29,1;0;42;74;123;180;2;8;0;0;516;31;5;6;12;3;27
1487;833;538;2023-11-18;L;0;1;0;0;900;29,4;0;20;42;41;67;0;0;1;0;249;13;7;0;5;9;6
1488;683;755;2023-11-18;NC;0;0;0;1;791;30,8;0;14;80;16;82;0;0;0;0;0;8;5;1;14;0;0
1488;755;683;2023-11-18;NC;0;0;0;1;791;34,0;0;58;83;96;128;3;16;1;0;268;49;6;3;44;13;1
1489;143;479;2023-11-18;L;0;1;0;0;900;32,9;0;72;109;116;161;0;0;0;1;43;38;27;7;53;18;1
1489;479;143;2023-11-18;W;1;0;0;0;900;27,3;0;18;43;35;77;3;22;1;0;563;10;6;2;11;3;4
1490;321;459;2023-11-11;W;1;0;0;0;548;36,3;1;38;61;49;72;0;0;1;0;8;21;5;12;22;4;12
1490;459;321;2023-11-11;L;0;1;0;0;548;31,1;0;30;53;44;70;1;3;0;0;165;18;7;5;26;2;2
1491;351;608;2023-11-11;L;0;1;0;0;69;31,5;0;1;7;1;7;0;0;0;0;0;1;0;0;1;0;0
1491;608;351;2023-11-11;W;1;0;0;0;69;30,6;1;10;14;10;14;0;0;0;0;2;7;0;3;7;0;3
1492;133;657;2023-11-11;L;0;1;0;0;495;30,6;0;49;114;50;115;0;4;0;0;0;38;6;5;47;2;0
1492;657;133;2023-11-11;W;1;0;0;0;495;32,1;4;53;107;53;107;0;0;0;0;13;27;7;19;43;6;4
1493;253;614;2023-11-11;W;1;0;0;0;91;27,9;1;6;11;10;15;0;0;0;1;19;3;1;2;4;0;2
1493;614;253;2023-11-11;L;0;1;0;0;91;33,4;0;5;9;7;12;2;2;0;0;25;2;3;0;4;1;0
1494;330;401;2023-11-11;W;1;0;0;0;90;28,9;1;13;18;13;18;0;1;0;0;2;11;2;0;4;3;6
1494;401;330;2023-11-11;L;0;1;0;0;90;33,0;0;7;12;10;16;0;2;0;0;0;3;3;1;5;1;1
1495;209;275;2023-11-11;W;1;0;0;0;900;28,3;0;74;125;104;162;1;8;1;1;389;41;25;8;43;26;5
1495;275;209;2023-11-11;L;0;1;0;0;900;27,8;0;54;97;85;129;1;6;0;0;74;31;14;9;35;19;0
1496;236;471;2023-11-11;L;0;1;0;0;900;28,7;0;84;224;91;232;0;6;0;0;82;68;8;8;78;4;2
1496;471;236;2023-11-11;W;1;0;0;0;900;30,2;0;98;221;101;225;0;1;0;0;3;81;15;2;85;11;2
1497;199;809;2023-11-11;W;1;0;0;0;188;31,1;0;10;16;28;38;2;2;1;0;134;7;0;3;3;0;7
1497;809;199;2023-11-11;L;0;1;0;0;188;29,7;0;2;7;6;12;0;0;0;1;13;1;0;1;2;0;0
1498;281;599;2023-11-11;D;0;0;1;0;900;29,5;1;91;207;109;228;4;7;0;0;212;65;19;7;66;5;20
1498;599;281;2023-11-11;D;0;0;1;0;900;31,8;0;143;241;144;242;0;0;0;0;10;87;30;26;141;2;0
1499;398;896;2023-11-11;W;1;0;0;0;282;35,2;1;36;66;54;87;0;0;0;0;19;27;5;4;22;10;4
1499;896;398;2023-11-11;L;0;1;0;0;282;39,1;0;35;57;46;69;0;0;0;0;64;23;12;0;16;19;0
1500;457;839;2023-11-11;W;1;0;0;0;900;31,9;0;111;179;119;187;3;8;0;0;138;47;30;34;109;2;0
1500;839;457;2023-11-11;L;0;1;0;0;900;36,2;0;88;202;88;203;0;0;0;0;0;59;17;12;82;6;0
1501;1;94;2023-11-11;W;1;0;0;0;900;22,1;0;156;300;165;311;2;4;0;0;63;92;49;15;153;3;0
1501;94;1;2023-11-11;L;0;1;0;0;900;25,9;0;75;197;78;200;0;3;0;1;21;54;9;12;73;1;1
1502;117;197;2023-11-11;W;1;0;0;0;49;34,3;1;14;20;14;20;0;0;0;0;3;8;2;4;10;0;4
1502;197;117;2023-11-11;L;0;1;0;0;49;26,1;0;3;7;3;7;0;0;0;0;0;0;1;2;3;0;0
1503;326;554;2023-11-04;L;0;1;0;0;1500;38,7;0;20;39;28;54;0;2;0;0;57;17;3;0;2;1;17
1503;554;326;2023-11-04;W;1;0;0;0;1500;32,4;0;38;56;120;153;6;15;4;1;1270;32;5;1;5;3;30
1504;333;587;2023-11-04;L;0;1;0;0;573;26,2;0;39;91;47;103;3;5;1;0;259;27;3;9;32;3;4
1504;587;333;2023-11-04;W;1;0;0;0;573;39,0;1;53;113;64;128;0;1;0;0;87;41;7;5;25;25;3
1505;709;790;2023-11-04;L;0;1;0;0;900;31,8;0;79;159;105;190;0;1;0;0;39;39;30;10;55;24;0
1505;790;709;2023-11-04;W;1;0;0;0;900;30,9;0;70;154;91;180;0;3;0;0;141;51;9;10;58;12;0
1506;285;523;2023-11-04;L;0;1;0;0;900;33,2;0;38;107;39;110;0;0;0;0;0;19;14;5;38;0;0
1506;523;285;2023-11-04;W;1;0;0;0;900;30,8;1;51;103;70;126;0;1;0;0;137;33;11;7;50;0;1
1507;661;829;2023-11-04;W;1;0;0;0;241;26,1;1;16;33;16;33;0;0;0;0;3;6;2;8;16;0;0
1507;829;661;2023-11-04;L;0;1;0;0;241;32,6;0;8;31;8;31;0;0;0;0;0;6;2;0;8;0;0
1508;649;662;2023-11-04;D;0;0;1;0;900;32,1;1;87;186;109;216;1;9;0;1;265;50;11;26;65;7;15
1508;662;649;2023-11-04;D;0;0;1;0;900;36,9;0;75;152;115;211;0;1;1;0;84;47;17;11;57;2;16
1509;68;108;2023-11-04;L;0;1;0;0;363;29,7;0;9;19;12;23;0;0;0;0;0;5;0;4;9;0;0
1509;108;68;2023-11-04;W;1;0;0;0;363;26,2;1;8;26;14;34;1;2;0;0;139;6;2;0;7;0;1
1510;82;360;2023-11-04;L;0;1;0;0;900;23,8;0;62;133;111;203;1;3;0;1;63;29;25;8;34;27;1
1510;360;82;2023-11-04;W;1;0;0;0;900;38,8;0;76;120;96;153;5;9;0;1;483;37;37;2;40;33;3
1511;22;607;2023-11-04;W;1;0;0;0;434;29,7;0;57;77;102;139;3;3;0;0;357;55;2;0;5;1;51
1511;607;22;2023-11-04;L;0;1;0;0;434;30,7;0;5;22;9;29;0;0;0;0;2;0;0;5;5;0;0
1512;136;897;2023-11-04;L;0;1;0;0;900;28,6;0;23;42;67;92;1;1;0;0;87;6;8;9;21;2;0
1512;897;136;2023-11-04;W;1;0;0;0;900;30,6;0;13;32;65;92;3;8;0;1;518;11;2;0;7;2;4
1513;131;560;2023-10-21;W;1;0;0;0;186;32,0;1;24;29;39;46;0;1;0;0;19;13;9;2;7;8;9
1513;560;131;2023-10-21;L;0;1;0;0;186;35,1;0;4;6;11;18;0;0;0;0;49;0;1;3;3;1;0
1514;231;387;2023-10-21;L;0;1;0;0;900;36,4;0;36;66;58;92;0;1;0;0;0;27;6;3;33;1;2
1514;387;231;2023-10-21;W;1;0;0;0;900;29,5;0;38;70;107;143;4;12;1;0;436;27;3;8;22;0;16
1515;207;464;2023-10-21;NC;0;0;0;1;193;31,4;0;13;19;16;23;1;1;0;0;66;7;3;3;7;1;5
1515;464;207;2023-10-21;NC;0;0;0;1;193;31,6;0;14;27;17;30;0;0;0;0;0;4;1;9;14;0;0
1516;284;849;2023-10-21;W;1;0;0;0;127;30,9;1;26;36;26;36;0;0;0;0;0;20;6;0;26;0;0
1516;849;284;2023-10-21;L;0;1;0;0;127;32,8;0;12;16;12;16;0;0;0;0;0;3;1;8;12;0;0
1517;558;666;2023-10-21;L;0;1;0;0;73;27,4;0;1;3;1;3;0;1;0;0;7;0;0;1;1;0;0
1517;666;558;2023-10-21;W;1;0;0;0;73;31,5;0;5;11;5;11;0;0;1;0;3;2;2;1;5;0;0
1518;37;828;2023-10-21;L;0;1;0;0;783;36,8;0;30;43;71;87;1;1;2;0;143;19;10;1;14;8;8
1518;828;37;2023-10-21;W;1;0;0;0;783;23,2;0;14;33;118;146;3;6;1;0;504;8;3;3;10;1;3
1519;60;669;2023-10-21;W;1;0;0;0;900;28,8;0;61;97;83;123;4;7;0;0;310;32;16;13;50;6;5
1519;669;60;2023-10-21;L;0;1;0;0;900;29,4;0;43;92;47;96;1;1;1;0;24;28;14;1;41;2;0
1520;557;721;2023-10-21;NC;0;0;0;1;315;28,1;0;30;43;33;46;1;4;0;0;29;8;8;14;26;4;0
1520;721;557;2023-10-21;NC;0;0;0;1;315;36,5;0;25;36;30;41;0;1;0;0;14;3;6;16;23;2;0
1521;434;898;2023-10-21;W;1;0;0;0;900;28,2;0;34;79;72;117;1;2;0;0;250;11;5;18;31;0;3
1521;898;434;2023-10-21;L;0;1;0;0;900;37,6;0;41;106;87;153;2;4;0;0;32;21;13;7;31;3;7
1522;747;899;2023-10-21;L;0;1;0;0;780;28,8;0;103;194;104;195;0;5;0;0;5;63;27;13;97;6;0
1522;899;747;2023-10-21;W;1;0;0;0;780;34,5;1;92;177;94;181;0;1;0;0;4;75;11;6;89;2;1
1523;62;69;2023-10-21;W;1;0;0;0;900;29,2;0;48;81;100;140;4;9;0;1;402;31;10;7;24;11;13
1523;69;62;2023-10-21;L;0;1;0;0;900;30,5;0;50;72;70;94;2;7;0;0;164;37;6;7;36;5;9
1524;758;900;2023-10-21;W;1;0;0;0;900;24,7;1;74;146;109;183;0;3;0;0;18;47;26;1;60;14;0
1524;900;758;2023-10-21;L;0;1;0;0;900;38,4;0;47;101;65;121;1;3;0;0;280;31;8;8;37;3;7
1525;279;703;2023-10-21;W;1;0;0;0;900;29,4;0;113;154;222;274;0;0;0;0;0;56;22;35;74;15;24
1525;703;279;2023-10-21;L;0;1;0;0;900;34,3;0;65;91;107;138;3;7;0;0;404;51;6;8;35;5;25
1526;139;697;2023-10-14;W;1;0;0;0;1500;37,7;1;164;324;178;347;3;4;0;0;184;71;89;4;134;25;5
1526;697;139;2023-10-14;L;0;1;0;0;1500;30,4;1;178;351;206;397;1;2;0;0;236;126;14;38;148;15;15
1527;681;901;2023-10-14;W;1;0;0;0;900;36,9;0;24;46;64;100;2;6;1;0;423;15;4;5;22;1;1
1527;901;681;2023-10-14;L;0;1;0;0;900;35,0;0;41;101;60;126;2;4;0;0;85;29;2;10;31;10;0
1528;265;778;2023-10-14;L;0;1;0;0;446;29,9;0;20;72;20;73;0;0;0;0;10;9;10;1;17;3;0
1528;778;265;2023-10-14;W;1;0;0;0;446;29,5;2;36;58;36;60;0;0;0;0;19;7;0;29;36;0;0
1529;280;381;2023-10-14;W;1;0;0;0;66;30,0;1;6;18;6;18;0;0;0;0;4;5;1;0;2;0;4
1529;381;280;2023-10-14;L;0;1;0;0;66;32,3;0;0;1;0;1;0;0;0;0;0;0;0;0;0;0;0
1530;303;715;2023-10-14;W;1;0;0;0;900;25,8;0;83;161;92;173;3;6;2;1;192;64;18;1;63;13;7
1530;715;303;2023-10-14;L;0;1;0;0;900;22,8;0;73;175;87;192;0;5;1;0;86;38;14;21;65;8;0
1531;159;902;2023-10-14;W;1;0;0;0;743;39,4;0;11;33;95;146;5;8;2;1;489;8;3;0;11;0;0
1531;902;159;2023-10-14;L;0;1;0;0;743;33,4;0;15;50;45;86;2;2;0;1;89;11;1;3;15;0;0
1532;176;617;2023-10-14;L;0;1;0;0;900;26,6;0;15;31;61;87;2;3;0;0;322;10;3;2;13;2;0
1532;617;176;2023-10-14;W;1;0;0;0;900;32,6;0;18;35;77;106;3;8;0;0;415;9;8;1;7;11;0
1533;260;814;2023-10-14;W;1;0;0;0;20;29,1;1;14;21;14;21;0;0;0;0;15;14;0;0;0;1;13
1533;814;260;2023-10-14;L;0;1;0;0;20;27,8;0;1;1;1;1;0;0;0;0;0;0;0;1;1;0;0
1534;309;621;2023-10-14;W;1;0;0;0;900;32,2;0;52;95;87;148;0;1;0;0;495;47;5;0;42;1;9
1534;621;309;2023-10-14;L;0;1;0;0;900;33,3;1;48;108;60;126;1;4;0;0;50;23;2;23;44;2;2
1535;630;714;2023-10-14;W;1;0;0;0;900;32,5;0;110;197;115;203;0;0;0;0;8;44;10;56;110;0;0
1535;714;630;2023-10-14;L;0;1;0;0;900;31,8;0;38;133;39;134;2;4;0;0;51;25;10;3;38;0;0
1536;851;903;2023-10-14;W;1;0;0;0;900;29,8;0;117;210;119;213;1;1;0;0;3;69;29;19;117;0;0
1536;903;851;2023-10-14;L;0;1;0;0;900;36,0;0;102;269;105;276;0;3;0;0;9;59;32;11;93;9;0
1537;259;396;2023-10-07;W;1;0;0;0;33;37,1;1;7;11;7;11;0;0;0;0;5;7;0;0;1;0;6
1537;396;259;2023-10-07;L;0;1;0;0;33;29,6;0;0;6;0;6;0;0;0;0;0;0;0;0;0;0;0
1538;490;752;2023-10-07;W;1;0;0;0;425;27,1;0;26;62;26;63;3;4;2;0;67;15;9;2;24;2;0
1538;752;490;2023-10-07;L;0;1;0;0;425;38,2;0;11;28;11;28;0;0;1;0;8;4;2;5;11;0;0
1539;392;556;2023-10-07;W;1;0;0;0;900;29,4;0;68;176;77;186;2;4;0;0;141;41;24;3;55;2;11
1539;556;392;2023-10-07;L;0;1;0;0;900;33,1;0;40;141;54;161;1;2;0;0;13;29;10;1;37;3;0
1540;526;821;2023-10-07;W;1;0;0;0;156;35,0;1;30;53;30;53;0;0;0;0;31;19;7;4;20;2;8
1540;821;526;2023-10-07;L;0;1;0;0;156;34,5;0;5;22;5;22;0;1;0;0;0;2;3;0;5;0;0
1541;427;830;2023-10-07;L;0;1;0;0;900;31,0;0;75;156;76;157;0;1;0;0;35;25;45;5;75;0;0
1541;830;427;2023-10-07;W;1;0;0;0;900;34,3;1;110;244;119;257;1;1;0;0;7;46;33;31;108;2;0
1542;623;719;2023-10-07;W;1;0;0;0;900;38,0;0;141;267;155;283;1;6;0;1;135;94;42;5;123;17;1
1542;719;623;2023-10-07;L;0;1;0;0;900;27,3;0;99;261;108;270;2;2;0;1;53;57;33;9;85;13;1
1543;842;876;2023-10-07;W;1;0;0;0;280;32,3;0;29;35;103;114;0;0;0;0;91;26;2;1;1;2;26
1543;876;842;2023-10-07;L;0;1;0;0;280;24,7;0;3;7;9;16;0;3;0;0;74;0;2;1;1;2;0
1544;688;904;2023-10-07;W;1;0;0;0;900;35,0;0;31;65;86;144;0;1;0;1;42;21;10;0;10;7;14
1544;904;688;2023-10-07;L;0;1;0;0;900;30,2;0;34;64;70;116;5;6;0;0;610;27;4;3;10;1;23
1545;83;905;2023-10-07;W;1;0;0;0;900;30,3;1;44;66;120;159;2;4;0;0;339;24;8;12;28;1;15
1545;905;83;2023-10-07;L;0;1;0;0;900;30,6;0;7;36;31;73;4;11;3;0;270;5;2;0;7;0;0
1546;49;846;2023-10-07;W;1;0;0;0;900;31,0;0;65;135;66;136;0;0;0;0;22;55;9;1;58;7;0
1546;846;49;2023-10-07;L;0;1;0;0;900;28,6;0;67;204;70;209;0;1;0;0;0;41;13;13;59;8;0
1547;155;277;2023-09-23;W;1;0;0;0;423;32,8;0;16;40;17;42;1;6;0;0;88;11;2;3;13;1;2
1547;277;155;2023-09-23;L;0;1;0;0;423;30,6;0;18;32;19;34;0;0;0;0;0;4;12;2;18;0;0
1548;36;336;2023-09-23;L;0;1;0;0;900;32,1;0;18;55;32;72;0;0;0;1;131;13;3;2;16;2;0
1548;336;36;2023-09-23;W;1;0;0;0;900;29,0;0;23;40;37;59;5;15;1;0;453;13;7;3;17;1;5
1549;708;837;2023-09-23;W;1;0;0;0;462;36,4;0;70;102;90;130;1;1;0;0;123;47;22;1;12;53;5
1549;837;708;2023-09-23;L;0;1;0;0;462;37,7;0;13;32;16;37;1;6;0;0;169;7;5;1;4;7;2
1550;766;906;2023-09-23;W;1;0;0;0;572;29,0;0;45;80;63;105;1;2;1;0;210;9;34;2;29;16;0
1550;906;766;2023-09-23;L;0;1;0;0;572;26,6;0;25;51;29;57;0;2;0;0;33;6;6;13;20;5;0
1551;12;619;2023-09-23;W;1;0;0;0;192;27,8;0;8;9;8;10;0;0;1;0;0;3;4;1;7;1;0
1551;619;12;2023-09-23;L;0;1;0;0;192;28,1;0;0;9;0;10;2;3;1;0;118;0;0;0;0;0;0
1552;173;803;2023-09-23;NC;0;0;0;1;900;29,5;0;43;92;52;104;2;6;0;0;279;32;5;6;40;2;1
1552;803;173;2023-09-23;NC;0;0;0;1;900;30,1;0;33;85;38;95;2;6;2;0;235;20;8;5;22;5;6
1553;807;907;2023-09-23;W;1;0;0;0;675;39,6;2;104;143;134;178;0;2;0;1;171;66;33;5;56;30;18
1553;907;807;2023-09-23;L;0;1;0;0;675;29,5;0;51;103;56;110;1;1;0;0;48;32;15;4;35;16;0
1554;380;414;2023-09-23;W;1;0;0;0;255;29,4;0;2;4;3;5;1;1;0;0;26;1;0;1;1;0;1
1554;414;380;2023-09-23;L;0;1;0;0;255;28,1;0;28;39;44;60;1;3;0;0;219;28;0;0;0;0;28
1555;684;908;2023-09-23;W;1;0;0;0;900;34,5;0;85;191;118;234;1;3;0;0;187;58;27;0;83;1;1
1555;908;684;2023-09-23;L;0;1;0;0;900;34,9;0;87;183;100;198;0;0;2;0;53;53;22;12;80;7;0
1556;613;909;2023-09-23;W;1;0;0;0;900;29,1;0;55;105;83;140;1;2;0;0;211;31;20;4;37;17;1
1556;909;613;2023-09-23;L;0;1;0;0;900;31,3;0;47;95;64;123;1;14;0;0;171;10;26;11;20;27;0
1557;517;798;2023-09-23;W;1;0;0;0;900;34,5;0;69;182;112;240;3;5;0;0;291;45;11;13;55;1;13
1557;798;517;2023-09-23;L;0;1;0;0;900;25,2;0;60;109;78;131;0;3;1;0;54;17;3;40;60;0;0
1558;32;593;2023-09-16;D;0;0;1;0;1500;30,1;1;84;203;262;408;1;2;1;1;159;54;12;18;51;31;2
1558;593;32;2023-09-16;D;0;0;1;0;1500;35,5;0;80;179;199;301;4;7;1;0;517;61;6;13;67;6;7
1559;406;468;2023-09-16;W;1;0;0;0;900;27,0;0;105;190;105;190;0;0;0;0;0;46;36;23;94;11;0
1559;468;406;2023-09-16;L;0;1;0;0;900;30,9;0;127;356;127;356;0;2;0;0;0;59;33;35;119;8;0
1560;525;910;2023-09-16;W;1;0;0;0;54;18,9;1;18;30;19;31;0;0;0;0;17;17;1;0;6;1;11
1560;910;525;2023-09-16;L;0;1;0;0;54;33,7;0;6;19;6;19;0;0;0;0;0;5;1;0;6;0;0
1561;533;859;2023-09-16;W;1;0;0;0;506;24,2;0;36;101;36;101;0;0;1;0;17;18;11;7;35;1;0
1561;859;533;2023-09-16;L;0;1;0;0;506;33,6;0;38;82;38;82;0;6;0;0;11;25;3;10;36;2;0
1562;495;762;2023-09-16;W;1;0;0;0;900;32,4;0;82;184;83;185;0;3;0;0;0;43;19;20;80;2;0
1562;762;495;2023-09-16;L;0;1;0;0;900;26,8;0;72;208;73;209;0;1;0;0;7;42;17;13;65;7;0
1563;130;471;2023-09-16;L;0;1;0;0;518;30,8;0;3;13;34;48;0;1;0;0;22;0;2;1;3;0;0
1563;471;130;2023-09-16;W;1;0;0;0;518;30,0;1;21;31;37;51;5;5;6;0;389;15;4;2;15;3;3
1564;399;835;2023-09-16;W;1;0;0;0;584;31,4;1;49;84;54;90;0;0;0;0;3;23;9;17;47;2;0
1564;835;399;2023-09-16;L;0;1;0;0;584;29,7;0;38;116;38;116;0;5;0;0;50;18;8;12;37;1;0
1565;38;877;2023-09-16;NC;0;0;0;1;227;27,6;0;12;20;12;20;0;0;1;0;14;0;2;10;12;0;0
1565;877;38;2023-09-16;NC;0;0;0;1;227;27,3;0;4;14;8;18;1;2;0;0;79;1;1;2;3;0;1
1566;268;448;2023-09-16;W;1;0;0;0;900;29,8;0;103;212;116;225;0;1;0;0;26;63;16;24;91;12;0
1566;448;268;2023-09-16;L;0;1;0;0;900;34,5;0;77;206;95;225;2;10;0;0;180;43;25;9;58;19;0
1567;636;820;2023-09-16;W;1;0;0;0;218;28,2;1;43;72;43;72;0;0;0;0;2;27;10;6;35;7;1
1567;820;636;2023-09-16;L;0;1;0;0;218;37,0;0;14;38;15;39;0;2;0;0;1;8;2;4;12;2;0
1568;763;855;2023-09-16;W;1;0;0;0;900;27,7;0;81;128;147;206;3;4;0;0;649;53;20;8;38;8;35
1568;855;763;2023-09-16;L;0;1;0;0;900;30,5;0;8;29;39;64;0;2;0;0;33;6;0;2;8;0;0
1569;388;489;2023-09-09;W;1;0;0;0;1500;32,5;1;137;259;137;259;0;0;0;0;14;85;45;7;121;11;5
1569;489;388;2023-09-09;L;0;1;0;0;1500;34,1;0;94;271;94;271;0;0;0;0;0;22;38;34;94;0;0
1570;13;390;2023-09-09;L;0;1;0;0;577;30,5;0;28;67;30;69;0;0;0;0;0;4;7;17;26;2;0
1570;390;13;2023-09-09;W;1;0;0;0;577;34,9;1;93;143;107;164;0;1;1;0;155;65;18;10;72;3;18
1571;299;730;2023-09-09;W;1;0;0;0;900;29,8;1;112;182;116;186;1;1;0;0;45;77;24;11;92;6;14
1571;730;299;2023-09-09;L;0;1;0;0;900;23,0;0;99;304;101;310;0;5;0;0;8;53;28;18;94;4;1
1572;502;744;2023-09-09;L;0;1;0;0;82;35,8;0;7;14;7;15;0;0;0;0;0;3;1;3;7;0;0
1572;744;502;2023-09-09;W;1;0;0;0;82;29,7;1;11;14;11;14;0;0;0;0;5;9;0;2;6;0;5
1573;862;873;2023-09-09;L;0;1;0;0;132;27,2;0;8;24;9;25;0;0;0;0;0;3;1;4;6;2;0
1573;873;862;2023-09-09;W;1;0;0;0;132;32,0;1;16;29;16;29;0;0;0;0;3;12;1;3;15;0;1
1574;460;808;2023-09-09;W;1;0;0;0;889;32,8;1;81;154;91;165;1;2;1;0;101;50;20;11;59;8;14
1574;808;460;2023-09-09;L;0;1;0;0;889;29,8;0;58;120;60;123;1;2;0;0;15;14;12;32;55;3;0
1575;95;598;2023-09-09;L;0;1;0;0;499;29,8;0;41;68;43;70;0;1;0;0;7;16;13;12;35;6;0
1575;598;95;2023-09-09;W;1;0;0;0;499;30,9;0;38;87;87;143;1;1;0;0;166;14;11;13;23;14;1
1576;561;911;2023-09-09;W;1;0;0;0;900;29,1;0;88;179;88;179;0;2;0;0;0;38;13;37;88;0;0
1576;911;561;2023-09-09;L;0;1;0;0;900;38,4;0;83;188;85;190;0;1;0;0;0;37;22;24;83;0;0
1577;122;888;2023-09-09;W;1;0;0;0;900;28,0;0;171;377;172;378;0;5;0;0;21;114;57;0;161;10;0
1577;888;122;2023-09-09;L;0;1;0;0;900;27,8;0;148;354;152;359;0;0;0;0;41;79;37;32;137;11;0
1578;473;912;2023-09-09;W;1;0;0;0;900;33,2;0;35;76;63;112;1;6;0;0;581;31;4;0;27;8;0
1578;912;473;2023-09-09;L;0;1;0;0;900;35,2;0;44;94;75;136;0;3;0;0;21;19;19;6;19;25;0
1579;726;913;2023-09-09;W;1;0;0;0;59;33,5;0;2;6;2;6;1;2;1;0;32;0;1;1;2;0;0
1579;913;726;2023-09-09;L;0;1;0;0;59;30,1;0;1;4;1;4;0;0;0;0;0;0;1;0;1;0;0
1580;652;746;2023-09-09;L;0;1;0;0;289;33,4;0;39;59;45;66;0;0;0;0;0;20;9;10;36;3;0
1580;746;652;2023-09-09;W;1;0;0;0;289;30,4;0;29;58;39;69;1;1;1;0;45;18;4;7;25;4;0
1581;107;322;2023-09-02;L;0;1;0;0;524;28,6;0;11;44;11;44;0;1;0;0;2;7;2;2;11;0;0
1581;322;107;2023-09-02;W;1;0;0;0;524;33,4;0;109;156;110;157;0;0;0;0;9;48;39;22;105;4;0
1582;31;570;2023-09-02;W;1;0;0;0;900;33,5;0;58;225;62;232;0;1;0;0;24;39;15;4;53;4;1
1582;570;31;2023-09-02;L;0;1;0;0;900;31,2;0;60;150;60;152;0;6;0;0;25;32;15;13;59;1;0
1583;253;450;2023-09-02;W;1;0;0;0;584;27,7;0;101;182;123;210;5;9;0;0;320;49;28;24;42;10;49
1583;450;253;2023-09-02;L;0;1;0;0;584;28,4;0;24;62;27;67;1;3;1;0;14;12;10;2;23;1;0
1584;208;584;2023-09-02;L;0;1;0;0;226;31,0;0;8;25;10;27;0;0;0;0;0;7;1;0;8;0;0
1584;584;208;2023-09-02;W;1;0;0;0;226;34,0;1;26;46;36;64;1;1;1;0;83;19;1;6;15;1;10
1585;402;836;2023-09-02;W;1;0;0;0;740;26,2;0;52;88;61;99;0;0;2;0;55;10;6;36;47;5;0
1585;836;402;2023-09-02;L;0;1;0;0;740;28,6;0;28;73;40;88;0;4;0;0;162;0;7;21;24;4;0
1586;63;480;2023-09-02;W;1;0;0;0;231;27,9;1;26;49;26;49;0;0;0;0;3;16;7;3;25;1;0
1586;480;63;2023-09-02;L;0;1;0;0;231;26,9;0;9;41;9;41;0;0;0;0;0;5;1;3;9;0;0
1587;733;810;2023-09-02;L;0;1;0;0;900;27,3;0;48;132;70;166;2;11;0;0;386;28;13;7;44;3;1
1587;810;733;2023-09-02;W;1;0;0;0;900;31,4;0;84;163;87;166;0;0;0;0;18;59;18;7;76;7;1
1588;646;687;2023-09-02;L;0;1;0;0;900;28,0;0;77;183;90;198;0;0;0;0;5;48;19;10;70;5;2
1588;687;646;2023-09-02;W;1;0;0;0;900;30,5;0;98;182;124;220;6;10;0;0;367;71;19;8;45;32;21
1589;73;426;2023-09-02;W;1;0;0;0;900;33,7;0;40;77;85;134;0;0;0;3;131;12;17;11;17;23;0
1589;426;73;2023-09-02;L;0;1;0;0;900;27,9;0;18;42;75;120;5;8;1;0;522;6;8;4;14;4;0
1590;272;850;2023-09-02;W;1;0;0;0;255;26,1;0;4;6;25;36;2;5;1;0;195;2;2;0;0;1;3
1590;850;272;2023-09-02;L;0;1;0;0;255;27,9;0;7;8;25;26;0;0;0;0;30;3;2;2;4;1;2
1591;379;914;2023-09-02;W;1;0;0;0;900;26,0;0;126;221;127;222;0;1;0;0;8;43;20;63;116;10;0
1591;914;379;2023-09-02;L;0;1;0;0;900;39,7;0;39;259;39;259;0;2;0;0;4;25;8;6;39;0;0
1592;252;915;2023-08-26;W;1;0;0;0;623;31,7;2;75;128;75;128;0;0;1;0;57;34;31;10;71;1;3
1592;915;252;2023-08-26;L;0;1;0;0;623;36,4;0;34;124;35;126;0;1;0;0;15;25;6;3;34;0;0
1593;66;711;2023-08-26;L;0;1;0;0;900;32,0;0;59;187;62;191;0;1;0;0;79;39;14;6;50;0;9
1593;711;66;2023-08-26;W;1;0;0;0;900;35,1;0;91;147;91;147;1;3;0;0;56;44;12;35;90;1;0
1594;23;852;2023-08-26;W;1;0;0;0;900;35,0;0;65;141;65;141;0;0;0;0;0;25;22;18;65;0;0
1594;852;23;2023-08-26;L;0;1;0;0;900;35,2;0;62;168;62;168;0;0;0;0;0;25;25;12;62;0;0
1595;663;883;2023-08-26;W;1;0;0;0;900;28,4;0;36;57;56;84;4;4;3;0;566;16;10;10;25;0;11
1595;883;663;2023-08-26;L;0;1;0;0;900;31,4;0;15;66;50;106;0;0;1;0;0;9;4;2;13;0;2
1596;597;916;2023-08-26;W;1;0;0;0;900;24,3;0;61;128;119;210;0;14;0;0;488;37;18;6;43;17;1
1596;916;597;2023-08-26;L;0;1;0;0;900;30,2;0;55;151;96;202;0;3;0;0;9;28;9;18;46;9;0
1597;338;917;2023-08-26;W;1;0;0;0;84;26,9;1;8;13;11;16;0;0;0;0;4;7;1;0;4;4;0
1597;917;338;2023-08-26;L;0;1;0;0;84;38,3;0;2;9;3;10;0;1;0;0;17;2;0;0;2;0;0
1598;33;675;2023-08-26;W;1;0;0;0;181;31,9;1;15;45;16;46;0;0;0;0;1;9;3;3;12;3;0
1598;675;33;2023-08-26;L;0;1;0;0;181;31,3;0;14;22;15;23;0;0;0;0;0;1;3;10;14;0;0
1599;659;791;2023-08-26;L;0;1;0;0;256;26,3;0;15;31;15;31;0;2;0;0;0;8;3;4;15;0;0
1599;791;659;2023-08-26;W;1;0;0;0;256;26,9;1;45;77;45;77;0;0;0;0;26;36;9;0;40;0;5
1600;141;286;2023-08-26;L;0;1;0;0;256;34,7;0;29;57;30;58;0;2;0;0;9;7;18;4;19;10;0
1600;286;141;2023-08-26;W;1;0;0;0;256;28,5;0;44;72;54;85;1;1;0;0;96;31;12;1;17;4;23
1601;637;769;2023-08-26;L;0;1;0;0;900;26,6;0;112;258;112;260;0;4;0;0;33;36;27;49;104;8;0
1601;769;637;2023-08-26;W;1;0;0;0;900;33,5;1;75;149;85;161;0;0;0;0;40;54;16;5;68;6;1
1602;163;918;2023-08-26;W;1;0;0;0;229;25,2;1;40;85;43;89;0;1;0;0;5;13;13;14;36;2;2
1602;918;163;2023-08-26;L;0;1;0;0;229;23,0;0;17;53;17;53;0;0;0;0;0;15;2;0;17;0;0
1603;49;856;2023-08-26;W;1;0;0;0;589;30,9;0;47;65;68;89;0;0;0;1;311;46;1;0;9;1;37
1603;856;49;2023-08-26;L;0;1;0;0;589;27,1;0;11;41;27;61;3;4;0;0;98;7;3;1;9;2;0
1604;735;825;2023-08-26;W;1;0;0;0;900;30,8;1;56;115;108;179;1;1;0;0;321;22;8;26;51;2;3
1604;825;735;2023-08-26;L;0;1;0;0;900;28,8;1;30;76;40;88;0;4;0;0;94;13;6;11;30;0;0
1605;323;423;2023-08-19;W;1;0;0;0;351;28,8;1;25;35;26;36;0;0;0;0;18;18;6;1;10;1;14
1605;423;323;2023-08-19;L;0;1;0;0;351;34,1;0;17;35;24;46;0;2;0;0;34;3;3;11;16;1;0
1606;161;594;2023-08-19;L;0;1;0;0;1500;36,2;0;24;63;29;68;0;0;2;0;34;19;3;2;23;1;0
1606;594;161;2023-08-19;W;1;0;0;0;1500;34,0;1;163;217;296;358;6;7;0;0;967;106;37;20;50;17;96
1607;132;151;2023-08-19;W;1;0;0;0;900;25,8;0;91;150;111;171;2;2;0;0;152;32;16;43;84;4;3
1607;151;132;2023-08-19;L;0;1;0;0;900;36,0;0;27;66;51;93;0;2;0;0;70;10;7;10;25;2;0
1608;256;667;2023-08-19;W;1;0;0;0;900;30,1;0;79;137;102;161;2;10;1;0;244;48;21;10;51;24;4
1608;667;256;2023-08-19;L;0;1;0;0;900;29,0;0;90;174;108;192;4;7;0;0;180;48;22;20;52;37;1
1609;11;787;2023-08-19;W;1;0;0;0;900;30,7;0;141;251;141;251;0;1;0;0;0;109;9;23;138;3;0
1609;787;11;2023-08-19;L;0;1;0;0;900;36,9;0;113;246;113;246;0;1;0;0;0;53;20;40;111;2;0
1610;515;767;2023-08-19;W;1;0;0;0;900;35,7;0;70;115;71;116;0;0;0;0;0;21;8;41;68;2;0
1610;767;515;2023-08-19;L;0;1;0;0;900;39,2;0;37;92;39;94;0;8;0;0;81;30;5;2;35;2;0
1611;106;827;2023-08-19;W;1;0;0;0;103;31,5;0;5;6;6;8;1;2;0;0;47;4;1;0;1;0;4
1611;827;106;2023-08-19;L;0;1;0;0;103;35,3;0;2;7;3;8;0;0;0;0;0;2;0;0;2;0;0
1612;654;695;2023-08-19;L;0;1;0;0;459;31,7;0;44;107;61;125;2;6;0;0;143;25;17;2;31;9;4
1612;695;654;2023-08-19;W;1;0;0;0;459;36,9;0;61;119;85;144;0;0;2;0;68;46;10;5;50;9;2
1613;228;705;2023-08-19;L;0;1;0;0;900;35,9;0;164;268;169;273;0;1;0;0;0;130;22;12;134;30;0
1613;705;228;2023-08-19;W;1;0;0;0;900;31,7;0;160;311;173;327;0;2;0;0;0;116;25;19;127;33;0
1614;381;415;2023-08-19;W;1;0;0;0;900;32,2;1;57;132;67;143;2;5;0;0;126;39;12;6;46;3;8
1614;415;381;2023-08-19;L;0;1;0;0;900;35,7;0;76;149;92;166;1;3;0;0;114;65;6;5;60;10;6
1615;569;741;2023-08-19;W;1;0;0;0;900;26,5;0;70;174;70;174;0;0;0;0;0;34;17;19;70;0;0
1615;741;569;2023-08-19;L;0;1;0;0;900;34,5;0;43;125;43;125;0;0;0;0;0;12;11;20;43;0;0
1616;449;872;2023-08-19;W;1;0;0;0;299;29,7;1;30;53;52;76;1;1;1;0;51;15;7;8;18;11;1
1616;872;449;2023-08-19;L;0;1;0;0;299;31,9;0;16;55;25;66;0;0;0;1;101;8;7;1;10;6;0
1617;147;793;2023-08-12;W;1;0;0;0;1500;31,7;0;72;141;138;221;8;11;0;0;721;48;17;7;60;8;4
1617;793;147;2023-08-12;L;0;1;0;0;1500;38,8;0;66;136;94;170;2;7;1;0;234;42;19;5;38;26;2
1618;465;919;2023-08-12;W;1;0;0;0;900;39,8;0;77;156;107;195;1;2;0;0;85;41;27;9;59;18;0
1618;919;465;2023-08-12;L;0;1;0;0;900;32,1;0;95;176;129;224;0;0;0;1;190;41;29;25;79;16;0
1619;625;920;2023-08-12;W;1;0;0;0;160;33,5;1;16;24;16;24;0;0;0;0;31;12;3;1;11;3;2
1619;920;625;2023-08-12;L;0;1;0;0;160;33,9;0;8;21;14;28;0;1;0;0;4;6;2;0;7;1;0
1620;383;658;2023-08-12;L;0;1;0;0;522;31,2;0;10;25;41;68;1;3;0;0;118;2;4;4;10;0;0
1620;658;383;2023-08-12;W;1;0;0;0;522;21,6;0;10;24;31;48;2;2;1;0;193;5;4;1;9;0;1
1621;863;921;2023-08-12;W;1;0;0;0;900;31,6;0;67;134;98;176;2;3;0;0;273;19;12;36;61;2;4
1621;921;863;2023-08-12;L;0;1;0;0;900;28,8;0;53;99;59;106;0;0;0;0;0;11;12;30;49;4;0
1622;835;874;2023-08-12;W;1;0;0;0;900;29,6;0;31;80;59;109;0;3;2;1;435;11;10;10;22;6;3
1622;874;835;2023-08-12;L;0;1;0;0;900;35,0;0;14;52;26;67;2;3;0;0;181;4;6;4;11;3;0
1623;340;922;2023-08-12;W;1;0;0;0;139;33,3;1;7;13;7;13;0;0;0;0;5;6;0;1;7;0;0
1623;922;340;2023-08-12;L;0;1;0;0;139;27,3;0;4;30;4;30;0;1;0;0;0;2;1;1;4;0;0
1624;260;899;2023-08-12;W;1;0;0;0;85;28,9;0;30;47;30;47;0;2;0;0;3;23;7;0;16;11;3
1624;899;260;2023-08-12;L;0;1;0;0;85;34,3;0;1;5;1;5;0;1;0;0;0;0;1;0;1;0;0
1625;438;604;2023-08-12;L;0;1;0;0;288;24,4;0;2;7;11;16;0;0;0;0;0;0;0;2;2;0;0
1625;604;438;2023-08-12;W;1;0;0;0;288;27,1;0;35;53;61;83;1;1;0;0;258;32;0;3;3;0;32
1626;671;870;2023-08-12;W;1;0;0;0;251;31,8;0;42;67;62;91;1;1;1;0;116;35;7;0;28;14;0
1626;870;671;2023-08-12;L;0;1;0;0;251;34,1;0;26;61;27;63;0;0;0;0;13;15;6;5;20;6;0
1627;364;607;2023-08-12;W;1;0;0;0;821;28,1;0;86;136;141;208;1;3;4;2;485;76;9;1;6;0;80
1627;607;364;2023-08-12;L;0;1;0;0;821;30,5;0;6;36;20;57;1;1;0;0;219;2;2;2;5;0;1
1628;667;753;2023-08-12;W;1;0;0;0;227;29,0;0;18;30;30;46;2;4;1;0;177;7;2;9;5;6;7
1628;753;667;2023-08-12;L;0;1;0;0;227;28,2;0;8;12;16;21;0;0;0;0;0;4;2;2;7;0;1
1629;175;316;2023-08-12;L;0;1;0;0;221;27,3;0;24;75;25;77;0;2;0;0;29;15;9;0;18;6;0
1629;316;175;2023-08-12;W;1;0;0;0;221;23,3;0;63;105;64;106;0;0;0;0;26;44;16;3;53;10;0
1630;255;524;2023-08-05;W;1;0;0;0;1500;31,3;0;34;84;132;211;7;7;1;0;1178;30;2;2;10;0;24
1630;524;255;2023-08-05;L;0;1;0;0;1500;36,1;0;9;49;25;69;1;2;0;0;68;5;2;2;8;0;1
1631;470;657;2023-08-05;W;1;0;0;0;391;32,6;0;23;49;25;51;3;3;1;0;142;3;17;3;13;10;0
1631;657;470;2023-08-05;L;0;1;0;0;391;31,9;0;11;29;13;31;0;0;0;0;17;2;5;4;8;3;0
1632;119;219;2023-08-05;L;0;1;0;0;82;31,1;0;4;18;4;18;0;0;0;0;0;3;0;1;4;0;0
1632;219;119;2023-08-05;W;1;0;0;0;82;35,3;1;10;33;10;33;0;0;0;0;4;5;0;5;10;0;0
1633;330;923;2023-08-05;W;1;0;0;0;98;28,6;0;0;4;0;4;0;0;3;0;0;0;0;0;0;0;0
1633;923;330;2023-08-05;L;0;1;0;0;98;37,1;0;0;6;0;6;1;1;0;0;39;0;0;0;0;0;0
1634;452;924;2023-08-05;W;1;0;0;0;900;32,0;0;120;215;145;253;0;0;0;0;327;78;24;18;87;33;0
1634;924;452;2023-08-05;L;0;1;0;0;900;27,9;0;68;136;105;175;0;1;0;0;61;34;25;9;46;22;0
1635;39;191;2023-08-05;L;0;1;0;0;900;25,9;0;43;139;62;166;0;1;0;0;7;29;9;5;41;2;0
1635;191;39;2023-08-05;W;1;0;0;0;900;28,4;0;56;108;94;151;3;5;0;0;365;36;11;9;43;1;12
1636;431;445;2023-08-05;L;0;1;0;0;900;36,3;0;46;116;52;124;3;11;0;0;102;20;15;11;39;7;0
1636;445;431;2023-08-05;W;1;0;0;0;900;28,1;1;72;187;80;196;1;4;0;0;47;40;18;14;62;6;4
1637;153;355;2023-08-05;L;0;1;0;0;710;36,8;0;18;48;41;78;3;5;2;0;566;16;2;0;5;2;11
1637;355;153;2023-08-05;W;1;0;0;0;710;36,1;0;5;19;19;36;0;1;1;0;13;1;3;1;5;0;0
1638;158;779;2023-08-05;W;1;0;0;0;900;34,7;0;100;188;169;270;0;0;1;0;111;45;49;6;58;42;0
1638;779;158;2023-08-05;L;0;1;0;0;900;35,0;0;67;173;75;184;3;13;0;0;370;45;19;3;53;10;4
1639;276;795;2023-08-05;W;1;0;0;0;900;32,4;0;38;85;63;122;4;6;1;0;445;23;9;6;30;1;7
1639;795;276;2023-08-05;L;0;1;0;0;900;27,0;0;26;83;45;106;0;3;3;1;124;12;10;4;23;3;0
1640;96;197;2023-08-05;W;1;0;0;0;900;31,2;0;71;126;163;229;4;5;0;0;352;36;18;17;61;8;2
1640;197;96;2023-08-05;L;0;1;0;0;900;25,8;0;42;116;46;121;0;1;0;1;150;24;11;7;32;5;5
1641;283;550;2023-08-05;W;1;0;0;0;491;29,5;0;26;40;52;78;2;5;2;0;324;17;5;4;9;0;17
1641;550;283;2023-08-05;L;0;1;0;0;491;31,6;0;4;18;8;22;0;0;0;0;21;4;0;0;3;0;1
1642;320;672;2023-07-29;W;1;0;0;0;360;34,7;1;41;66;41;66;0;0;0;0;1;23;7;11;38;2;1
1642;672;320;2023-07-29;L;0;1;0;0;360;34,5;0;27;52;27;52;0;0;0;0;0;21;4;2;25;2;0
1643;181;321;2023-07-29;L;0;1;0;0;900;40,4;0;52;81;82;117;3;8;2;0;452;41;4;7;41;3;8
1643;321;181;2023-07-29;W;1;0;0;0;900;36,1;0;70;92;112;138;0;0;1;0;6;26;23;21;62;7;1
1644;326;879;2023-07-29;W;1;0;0;0;33;38,5;1;17;33;20;36;0;0;0;0;29;16;1;0;1;0;16
1644;879;326;2023-07-29;L;0;1;0;0;33;38,1;0;1;1;2;2;0;0;0;0;0;1;0;0;0;0;1
1645;259;826;2023-07-29;W;1;0;0;0;894;36,9;0;137;217;145;227;0;0;1;0;205;95;24;18;115;1;21
1645;826;259;2023-07-29;L;0;1;0;0;894;39,5;0;54;123;62;138;0;3;0;0;13;38;11;5;50;2;2
1646;468;492;2023-07-29;W;1;0;0;0;159;30,7;0;9;16;12;19;0;0;1;0;40;7;2;0;4;4;1
1646;492;468;2023-07-29;L;0;1;0;0;159;35,6;0;4;11;6;13;0;5;0;0;15;4;0;0;3;1;0
1647;333;786;2023-07-29;W;1;0;0;0;73;25,9;0;3;11;3;11;1;1;1;0;26;2;1;0;3;0;0
1647;786;333;2023-07-29;L;0;1;0;0;73;31,0;0;1;5;1;5;0;0;0;0;14;1;0;0;1;0;0
1648;723;847;2023-07-29;W;1;0;0;0;900;32,1;0;109;181;109;181;0;0;0;0;0;43;45;21;104;5;0
1648;847;723;2023-07-29;L;0;1;0;0;900;27,0;0;88;195;89;196;0;2;0;0;1;54;19;15;87;1;0
1649;399;875;2023-07-29;W;1;0;0;0;333;31,2;1;32;42;32;42;0;0;0;0;3;20;9;3;29;2;1
1649;875;399;2023-07-29;L;0;1;0;0;333;31,0;0;32;59;33;60;0;1;0;0;16;18;7;7;29;3;0
1650;354;484;2023-07-29;W;1;0;0;0;457;28,9;0;60;101;71;113;0;1;1;0;75;40;14;6;47;2;11
1650;484;354;2023-07-29;L;0;1;0;0;457;28,9;0;36;64;41;69;1;3;0;0;63;21;6;9;31;5;0
1651;179;783;2023-07-29;W;1;0;0;0;756;30,3;1;69;128;76;135;1;1;0;0;22;49;17;3;50;13;6
1651;783;179;2023-07-29;L;0;1;0;0;756;30,7;1;52;120;53;121;0;2;0;0;73;31;8;13;42;3;7
1652;343;685;2023-07-29;L;0;1;0;0;731;34,9;0;11;23;13;26;0;0;0;0;0;7;2;2;10;0;1
1652;685;343;2023-07-29;W;1;0;0;0;731;26,1;0;36;51;105;132;3;9;1;0;534;23;8;5;16;2;18
1653;184;608;2023-07-22;L;0;1;0;0;73;37,7;0;4;15;4;15;0;0;0;0;0;2;2;0;4;0;0
1653;608;184;2023-07-22;W;1;0;0;0;73;30,3;1;13;18;13;18;0;0;0;0;5;12;1;0;7;0;6
1654;660;728;2023-07-22;W;1;0;0;0;115;30,3;0;9;29;9;29;1;1;1;0;19;4;2;3;9;0;0
1654;728;660;2023-07-22;L;0;1;0;0;115;33,2;0;6;16;6;16;0;0;0;0;7;1;4;1;6;0;0
1655;69;307;2023-07-22;W;1;0;0;0;900;30,2;1;84;148;108;174;1;2;0;0;107;38;10;36;71;0;13
1655;307;69;2023-07-22;L;0;1;0;0;900;33,1;1;58;151;76;179;0;2;0;1;175;45;7;6;53;3;2
1656;628;645;2023-07-22;L;0;1;0;0;580;33,4;0;24;40;31;47;2;2;0;0;107;15;2;7;15;1;8
1656;645;628;2023-07-22;W;1;0;0;0;580;35,6;0;40;82;54;101;2;2;1;0;176;31;8;1;10;0;30
1657;53;447;2023-07-22;W;1;0;0;0;900;26,3;0;61;113;96;153;1;5;0;0;90;29;19;13;45;16;0
1657;447;53;2023-07-22;L;0;1;0;0;900;35,2;0;49;134;58;150;0;6;0;0;252;7;23;19;38;11;0
1658;501;818;2023-07-22;W;1;0;0;0;900;32,0;1;59;109;87;144;3;5;2;0;458;37;15;7;24;12;23
1658;818;501;2023-07-22;L;0;1;0;0;900;29,2;0;23;59;40;77;0;2;0;0;90;16;5;2;19;4;0
1659;428;602;2023-07-22;L;0;1;0;0;900;37,6;0;70;215;70;215;0;1;0;0;6;17;27;26;70;0;0
1659;602;428;2023-07-22;W;1;0;0;0;900;30,4;0;48;140;49;141;1;1;0;0;13;21;6;21;47;1;0
1660;925;926;2023-07-22;L;0;1;0;0;597;36,0;0;44;133;44;134;0;2;0;0;5;27;14;3;44;0;0
1660;926;925;2023-07-22;W;1;0;0;0;597;31,9;2;63;124;69;133;0;0;0;0;86;42;12;9;51;7;5
1661;142;897;2023-07-22;W;1;0;0;0;566;30,4;0;42;75;64;98;0;1;1;0;86;20;12;10;37;2;3
1661;897;142;2023-07-22;L;0;1;0;0;566;30,3;0;20;46;29;60;2;3;0;0;189;8;6;6;20;0;0
1662;731;751;2023-07-22;W;1;0;0;0;900;27,8;0;95;156;98;159;0;0;0;0;0;37;16;42;92;3;0
1662;751;731;2023-07-22;L;0;1;0;0;900;27,6;0;36;135;37;136;0;1;0;0;77;22;4;10;34;2;0
1663;866;885;2023-07-22;L;0;1;0;0;900;34,2;0;28;81;81;138;0;1;0;0;2;13;2;13;27;1;0
1663;885;866;2023-07-22;W;1;0;0;0;900;33,4;2;54;97;68;114;13;16;0;0;310;39;15;0;46;5;3
1664;378;823;2023-07-22;W;1;0;0;0;900;31,9;0;15;33;65;103;3;3;3;0;649;13;1;1;8;1;6
1664;823;378;2023-07-22;L;0;1;0;0;900;31,6;0;22;51;92;144;0;0;0;1;131;17;3;2;10;0;12
1665;476;693;2023-07-22;W;1;0;0;0;900;30,2;0;85;206;87;209;2;4;0;0;48;54;23;8;82;3;0
1665;693;476;2023-07-22;L;0;1;0;0;900;28,3;0;35;98;36;100;0;1;0;0;0;15;8;12;34;1;0
1666;385;499;2023-07-22;L;0;1;0;0;900;29,7;0;54;144;124;223;0;2;0;0;65;22;19;13;51;3;0
1666;499;385;2023-07-22;W;1;0;0;0;900;29,9;0;56;90;73;111;2;3;0;0;201;30;14;12;39;12;5
1667;384;437;2023-07-22;L;0;1;0;0;206;34,6;1;18;30;18;30;0;0;0;0;12;8;7;3;18;0;0
1667;437;384;2023-07-22;W;1;0;0;0;206;30,2;0;21;54;23;62;1;4;1;0;55;11;8;2;21;0;0
1668;435;858;2023-07-15;NC;0;0;0;1;338;31,9;0;20;37;31;50;0;0;1;0;0;9;7;4;13;7;0
1668;858;435;2023-07-15;NC;0;0;0;1;338;41,7;0;27;39;50;70;0;1;0;0;185;15;10;2;21;6;0
1669;406;781;2023-07-15;W;1;0;0;0;900;26,8;0;83;137;149;212;1;2;0;0;79;55;27;1;68;14;1
1669;781;406;2023-07-15;L;0;1;0;0;900;31,5;0;32;124;48;141;3;20;0;1;408;29;2;1;28;4;0
1670;474;761;2023-07-15;W;1;0;0;0;245;21,1;1;38;57;42;61;0;3;0;0;49;31;2;5;17;1;20
1670;761;474;2023-07-15;L;0;1;0;0;245;33,4;0;14;33;16;36;0;0;0;0;0;6;7;1;12;2;0
1671;609;927;2023-07-15;W;1;0;0;0;585;32,4;1;50;96;77;138;0;1;3;0;119;41;4;5;47;2;1
1671;927;609;2023-07-15;L;0;1;0;0;585;34,5;0;31;77;35;83;1;2;0;0;74;18;7;6;31;0;0
1672;344;425;2023-07-15;L;0;1;0;0;900;32,6;0;22;61;72;124;1;3;0;0;150;14;6;2;13;9;0
1672;425;344;2023-07-15;W;1;0;0;0;900;32,8;0;47;76;98;141;3;3;0;0;538;30;12;5;28;10;9
1673;260;281;2023-07-15;L;0;1;0;0;367;28,8;0;6;14;21;34;2;5;0;0;256;3;3;0;4;2;0
1673;281;260;2023-07-15;W;1;0;0;0;367;29,2;0;8;15;20;27;0;0;1;1;55;6;0;2;6;0;2
1674;304;928;2023-07-15;W;1;0;0;0;900;31,5;0;64;108;74;122;0;0;0;0;42;32;30;2;50;11;3
1674;928;304;2023-07-15;L;0;1;0;0;900;29,0;0;36;109;41;115;3;9;0;0;379;14;16;6;34;2;0
1675;720;758;2023-07-15;L;0;1;0;0;34;31,0;0;2;6;2;6;0;0;0;0;0;1;1;0;2;0;0
1675;758;720;2023-07-15;W;1;0;0;0;34;24,5;0;3;11;3;11;1;1;0;0;6;1;2;0;2;0;1
1676;366;929;2023-07-15;W;1;0;0;0;900;26,8;0;100;220;108;236;3;8;1;0;164;39;48;13;93;6;1
1676;929;366;2023-07-15;L;0;1;0;0;900;29,0;0;39;139;39;140;0;0;0;0;0;24;11;4;39;0;0
1677;713;930;2023-07-15;W;1;0;0;0;900;26,3;1;96;195;96;195;1;1;1;0;6;61;15;20;96;0;0
1677;930;713;2023-07-15;L;0;1;0;0;900;31,5;1;64;236;65;237;0;0;0;0;2;51;4;9;62;2;0
1678;612;931;2023-07-15;W;1;0;0;0;900;28,4;0;46;189;46;190;2;11;0;0;22;33;12;1;46;0;0
1678;931;612;2023-07-15;L;0;1;0;0;900;39,8;0;81;213;98;242;0;0;0;0;30;27;19;35;79;2;0
1679;932;933;2023-07-15;W;1;0;0;0;900;33,4;1;44;111;53;120;3;7;0;0;234;37;6;1;27;2;15
1679;933;932;2023-07-15;L;0;1;0;0;900;33,6;0;37;108;39;112;0;2;0;0;0;29;8;0;36;1;0
1680;538;934;2023-07-15;W;1;0;0;0;900;28,8;0;60;104;127;190;10;15;0;0;696;50;7;3;12;14;34
1680;934;538;2023-07-15;L;0;1;0;0;900;36,0;0;12;47;13;49;0;1;0;0;8;6;2;4;7;5;0
1681;560;717;2023-07-08;W;1;0;0;0;859;34,8;0;66;97;149;198;7;12;0;0;433;48;4;14;25;4;37
1681;717;560;2023-07-08;L;0;1;0;0;859;30,8;0;40;80;57;103;0;0;0;0;0;13;11;16;38;0;2
1682;2;27;2023-07-08;W;1;0;0;0;1500;33,2;1;129;274;161;323;6;11;0;0;506;106;20;3;104;13;12
1682;27;2;2023-07-08;L;0;1;0;0;1500;29,6;0;147;245;167;265;2;4;0;3;241;133;13;1;128;12;7
1683;230;262;2023-07-08;W;1;0;0;0;443;29,5;1;62;104;74;118;1;1;0;0;57;38;11;13;41;8;13
1683;262;230;2023-07-08;L;0;1;0;0;443;32,5;0;31;70;32;71;1;1;0;0;23;23;2;6;29;2;0
1684;51;135;2023-07-08;W;1;0;0;0;900;33,4;1;125;197;172;247;0;2;1;0;189;77;25;23;100;19;6
1684;135;51;2023-07-08;L;0;1;0;0;900;28,1;0;100;177;113;191;1;3;0;0;18;63;30;7;78;18;4
1685;328;880;2023-07-08;W;1;0;0;0;38;27,5;1;7;10;7;10;0;1;0;0;2;7;0;0;6;0;1
1685;880;328;2023-07-08;L;0;1;0;0;38;29,9;0;2;9;2;9;0;0;0;0;0;2;0;0;2;0;0
1686;493;935;2023-07-08;L;0;1;0;0;38;33,8;0;2;7;2;7;0;0;0;0;0;0;1;1;1;1;0
1686;935;493;2023-07-08;W;1;0;0;0;38;41,3;1;8;10;8;10;0;0;0;0;0;8;0;0;4;4;0
1687;38;389;2023-07-08;L;0;1;0;0;900;27,4;1;25;38;26;39;0;0;2;1;25;15;5;5;25;0;0
1687;389;38;2023-07-08;W;1;0;0;0;900;23,4;0;61;78;121;148;2;3;1;1;593;40;2;19;26;0;35
1688;82;813;2023-07-08;W;1;0;0;0;20;23,5;1;17;20;21;24;0;0;0;0;10;17;0;0;4;0;13
1688;813;82;2023-07-08;L;0;1;0;0;20;24,4;0;0;1;0;1;0;0;0;0;0;0;0;0;0;0;0
1689;9;634;2023-07-08;W;1;0;0;0;415;35,7;0;21;36;25;40;0;0;1;0;105;18;2;1;17;4;0
1689;634;9;2023-07-08;L;0;1;0;0;415;27,3;0;26;53;32;59;1;5;0;0;72;5;19;2;6;20;0
1690;108;674;2023-07-08;W;1;0;0;0;822;25,9;0;44;81;72;111;4;6;2;0;519;32;9;3;24;1;19
1690;674;108;2023-07-08;L;0;1;0;0;822;35,0;0;55;88;147;185;0;1;0;0;18;25;21;9;41;14;0
1691;715;910;2023-07-08;W;1;0;0;0;190;22,5;0;18;32;23;38;2;2;1;1;97;15;3;0;0;4;14
1691;910;715;2023-07-08;L;0;1;0;0;190;33,5;0;3;7;6;11;1;2;0;0;66;3;0;0;0;2;1
1692;530;892;2023-07-08;W;1;0;0;0;17;27,3;1;2;3;2;3;0;0;0;0;1;1;0;1;2;0;0
1692;892;530;2023-07-08;L;0;1;0;0;17;34,2;0;2;3;2;3;0;0;0;0;0;1;1;0;2;0;0
1693;140;936;2023-07-08;W;1;0;0;0;900;27,2;0;115;202;135;224;2;2;0;0;75;94;17;4;92;10;13
1693;936;140;2023-07-08;L;0;1;0;0;900;29,2;0;56;107;86;147;3;14;1;0;380;36;12;8;51;5;0
1694;285;388;2023-07-01;L;0;1;0;0;560;32,8;0;47;101;47;101;1;2;0;0;23;21;16;10;47;0;0
1694;388;285;2023-07-01;W;1;0;0;0;560;32,3;1;81;188;81;188;0;0;0;0;10;80;1;0;67;0;14
1695;396;937;2023-07-01;W;1;0;0;0;900;29,4;0;30;57;84;128;3;5;1;0;744;28;1;1;9;1;20
1695;937;396;2023-07-01;L;0;1;0;0;900;32,4;0;13;28;35;54;0;0;0;1;8;6;6;1;13;0;0
1696;440;595;2023-07-01;L;0;1;0;0;900;37,6;0;36;102;39;105;0;8;0;0;130;28;4;4;35;1;0
1696;595;440;2023-07-01;W;1;0;0;0;900;24,0;0;72;164;73;165;1;1;0;0;27;59;5;8;68;4;0
1697;487;691;2023-07-01;L;0;1;0;0;900;27,2;0;85;186;100;201;0;7;0;0;177;39;34;12;70;15;0
1697;691;487;2023-07-01;W;1;0;0;0;900;29,4;0;66;149;81;166;1;1;0;0;47;28;27;11;53;12;1
1698;223;253;2023-07-01;L;0;1;0;0;288;27,5;0;14;24;15;26;0;0;0;0;10;9;2;3;8;5;1
1698;253;223;2023-07-01;W;1;0;0;0;288;27,5;0;13;33;35;58;2;7;2;0;177;3;10;0;11;2;0
1699;20;56;2023-07-01;L;0;1;0;0;77;30,7;0;3;5;3;5;0;0;0;0;0;0;0;3;3;0;0
1699;56;20;2023-07-01;W;1;0;0;0;77;29,6;0;6;9;6;9;1;1;0;0;1;5;0;1;3;0;3
1700;649;938;2023-07-01;W;1;0;0;0;55;31,8;1;11;17;11;17;0;0;1;0;20;6;2;3;11;0;0
1700;938;649;2023-07-01;L;0;1;0;0;55;30,8;0;3;8;3;8;0;0;0;0;0;3;0;0;3;0;0
1701;24;655;2023-07-01;W;1;0;0;0;174;28,4;0;22;30;24;32;1;1;0;0;128;21;1;0;5;3;14
1701;655;24;2023-07-01;L;0;1;0;0;174;34,4;0;4;8;14;18;0;0;2;0;0;0;3;1;3;1;0
1702;315;629;2023-07-01;W;1;0;0;0;900;28,5;0;66;130;117;181;1;1;0;0;41;38;18;10;48;12;6
1702;629;315;2023-07-01;L;0;1;0;0;900;33,6;0;95;156;151;213;0;0;0;0;233;20;42;33;63;32;0
1703;661;734;2023-07-01;W;1;0;0;0;797;25,8;1;65;132;93;165;2;7;0;0;168;42;15;8;53;6;6
1703;734;661;2023-07-01;L;0;1;0;0;797;31,5;0;85;163;99;177;1;3;0;0;143;49;28;8;54;25;6
1704;639;710;2023-07-01;W;1;0;0;0;900;30,1;0;41;87;112;167;1;3;0;0;345;18;11;12;27;7;7
1704;710;639;2023-07-01;L;0;1;0;0;900;29,1;0;22;62;77;122;2;6;2;1;251;15;5;2;16;4;2
1705;789;939;2023-07-01;W;1;0;0;0;900;32,6;0;85;154;104;180;2;3;0;0;173;52;11;22;74;4;7
1705;939;789;2023-07-01;L;0;1;0;0;900;36,7;0;44;108;44;108;0;0;0;0;0;38;5;1;44;0;0
1706;319;508;2023-06-24;W;1;0;0;0;1500;26,4;1;152;344;171;365;3;3;0;0;215;124;9;19;114;2;36
1706;508;319;2023-06-24;L;0;1;0;0;1500;38,3;0;87;305;89;309;0;0;0;0;0;43;26;18;87;0;0
1707;491;668;2023-06-24;W;1;0;0;0;522;25,1;0;81;124;93;139;0;1;0;0;82;70;5;6;32;6;43
1707;668;491;2023-06-24;L;0;1;0;0;522;29,8;0;35;74;43;85;2;3;0;0;145;21;7;7;30;5;0
1708;502;744;2023-06-24;NC;0;0;0;1;29;35,6;0;3;5;3;5;0;0;0;0;0;1;2;0;3;0;0
1708;744;502;2023-06-24;NC;0;0;0;1;29;29,5;0;0;3;0;3;0;0;0;0;0;0;0;0;0;0;0
1709;603;745;2023-06-24;W;1;0;0;0;553;29,0;1;53;104;59;118;0;1;0;1;173;47;3;3;42;3;8
1709;745;603;2023-06-24;L;0;1;0;0;553;26,6;0;39;73;56;90;2;4;2;0;91;22;9;8;36;1;2
1710;334;703;2023-06-24;W;1;0;0;0;279;27,5;1;30;56;40;69;0;2;1;0;149;24;5;1;15;5;10
1710;703;334;2023-06-24;L;0;1;0;0;279;33,9;0;20;38;24;42;0;0;0;0;2;17;3;0;16;4;0
1711;151;552;2023-06-24;W;1;0;0;0;900;35,9;0;29;65;109;159;0;3;0;0;271;23;5;1;17;12;0
1711;552;151;2023-06-24;L;0;1;0;0;900;32,9;0;34;64;51;86;1;2;0;0;278;17;3;14;32;2;0
1712;469;894;2023-06-24;W;1;0;0;0;900;33,0;0;64;134;78;156;2;2;0;0;167;21;17;26;53;11;0
1712;894;469;2023-06-24;L;0;1;0;0;900;26,9;0;55;105;96;153;0;5;0;0;185;19;10;26;43;12;0
1713;199;832;2023-06-24;W;1;0;0;0;456;30,7;2;54;95;64;110;1;1;1;0;117;24;12;18;54;0;0
1713;832;199;2023-06-24;L;0;1;0;0;456;32,8;0;19;54;19;54;0;0;0;0;3;16;3;0;19;0;0
1714;134;236;2023-06-24;L;0;1;0;0;900;28,1;0;76;219;78;225;1;4;0;0;26;31;24;21;74;2;0
1714;236;134;2023-06-24;W;1;0;0;0;900;28,3;0;100;315;101;318;3;8;0;0;38;59;17;24;95;3;2
1715;1;940;2023-06-24;W;1;0;0;0;900;21,7;0;120;234;131;245;0;2;0;0;1;78;29;13;106;14;0
1715;940;1;2023-06-24;L;0;1;0;0;900;34,8;0;103;287;104;291;1;5;0;0;70;45;28;30;101;2;0
1716;60;598;2023-06-24;L;0;1;0;0;900;28,5;0;51;125;65;140;0;0;0;1;83;25;23;3;39;12;0
1716;598;60;2023-06-24;W;1;0;0;0;900;30,7;0;71;117;145;203;4;12;1;1;329;51;11;9;41;20;10
1717;95;117;2023-06-24;W;1;0;0;0;900;29,6;0;59;119;85;154;1;1;0;0;15;26;14;19;53;1;5
1717;117;95;2023-06-24;L;0;1;0;0;900;33,9;0;57;155;76;185;1;6;0;2;257;26;18;13;51;1;5
1718;380;434;2023-06-24;L;0;1;0;0;900;29,1;0;3;10;31;43;2;4;1;1;113;2;0;1;3;0;0
1718;434;380;2023-06-24;W;1;0;0;0;900;27,9;0;17;22;77;96;0;0;0;2;668;13;2;2;3;1;13
1719;232;581;2023-06-17;W;1;0;0;0;1500;39,3;0;241;411;257;428;4;6;0;0;187;173;39;29;195;26;20
1719;581;232;2023-06-17;L;0;1;0;0;1500;29,7;0;153;301;154;302;1;1;0;0;28;117;15;21;148;5;0
1720;3;642;2023-06-17;W;1;0;0;0;805;26,7;0;80;115;134;175;4;5;0;0;541;64;13;3;32;7;41
1720;642;3;2023-06-17;L;0;1;0;0;805;34,4;0;23;41;77;96;0;0;0;0;0;11;9;3;11;10;2
1721;233;739;2023-06-17;L;0;1;0;0;900;27,9;0;59;122;73;136;0;3;0;0;69;23;8;28;58;0;1
1721;739;233;2023-06-17;W;1;0;0;0;900;32,6;0;89;156;111;179;1;2;0;0;201;37;15;37;77;10;2
1722;401;620;2023-06-17;W;1;0;0;0;408;32,6;0;27;35;88;97;2;3;1;0;387;25;1;1;1;2;24
1722;620;401;2023-06-17;L;0;1;0;0;408;32,4;0;2;4;3;5;0;0;0;0;0;0;1;1;1;1;0
1723;278;683;2023-06-17;W;1;0;0;0;110;28,2;1;13;17;13;17;0;0;0;0;1;3;6;4;12;0;1
1723;683;278;2023-06-17;L;0;1;0;0;110;30,4;0;7;14;7;14;0;0;0;0;0;3;1;3;7;0;0
1724;40;587;2023-06-17;L;0;1;0;0;900;39,0;0;57;88;70;101;2;2;0;0;55;34;21;2;47;10;0
1724;587;40;2023-06-17;W;1;0;0;0;900;38,6;0;86;140;104;158;2;5;0;0;396;41;36;9;43;36;7
1725;275;712;2023-06-17;W;1;0;0;0;363;27,4;1;65;91;65;92;0;0;0;0;50;37;12;16;54;0;11
1725;712;275;2023-06-17;L;0;1;0;0;363;32,8;0;14;37;14;37;0;4;0;0;14;6;5;3;14;0;0
1726;540;839;2023-06-17;L;0;1;0;0;145;27,1;0;13;29;13;29;0;0;0;0;0;11;0;2;13;0;0
1726;839;540;2023-06-17;W;1;0;0;0;145;35,8;1;22;37;31;46;1;1;1;0;40;14;3;5;17;0;5
1727;700;878;2023-06-17;W;1;0;0;0;899;29,6;0;102;233;108;239;2;7;0;0;40;87;12;3;78;17;7
1727;878;700;2023-06-17;L;0;1;0;0;899;31,0;0;76;170;82;176;2;5;0;0;29;37;29;10;68;7;1
1728;497;576;2023-06-17;L;0;1;0;0;900;29,8;0;23;47;47;72;0;0;0;0;10;11;5;7;22;1;0
1728;576;497;2023-06-17;W;1;0;0;0;900;21,5;0;57;99;181;235;3;10;0;0;651;38;12;7;17;7;33
1729;803;941;2023-06-17;NC;0;0;0;1;140;29,8;0;4;4;12;12;1;1;2;1;128;3;1;0;1;0;3
1729;941;803;2023-06-17;NC;0;0;0;1;140;31,0;0;1;2;2;3;0;0;0;0;3;0;0;1;1;0;0
1730;68;882;2023-06-17;W;1;0;0;0;900;29,3;0;56;112;62;120;0;0;0;0;80;42;10;4;50;5;1
1730;882;68;2023-06-17;L;0;1;0;0;900;35,3;0;67;117;72;123;1;5;0;0;137;35;25;7;58;7;2
1731;812;942;2023-06-10;L;0;1;0;0;1500;35,2;0;41;143;57;159;0;0;0;0;10;25;3;13;36;3;2
1731;942;812;2023-06-10;W;1;0;0;0;1500;35,0;0;142;267;196;323;6;13;0;0;420;97;28;17;115;5;22
1732;408;522;2023-06-10;L;0;1;0;0;250;34,1;0;12;28;32;59;0;0;0;0;164;8;3;1;6;0;6
1732;522;408;2023-06-10;W;1;0;0;0;250;33,6;1;26;36;37;47;0;1;0;0;31;23;3;0;7;3;16
1733;444;572;2023-06-10;W;1;0;0;0;366;31,6;1;19;41;19;41;2;2;1;1;86;9;10;0;19;0;0
1733;572;444;2023-06-10;L;0;1;0;0;366;34,4;0;9;28;16;35;0;0;0;0;7;2;6;1;9;0;0
1734;36;466;2023-06-10;W;1;0;0;0;900;31,8;1;88;184;88;184;0;0;0;0;41;61;19;8;78;6;4
1734;466;36;2023-06-10;L;0;1;0;0;900;35,0;0;74;195;74;195;0;4;0;0;26;54;13;7;55;18;1
1735;516;555;2023-06-10;L;0;1;0;0;900;36,1;0;83;169;87;173;1;11;0;0;198;42;39;2;41;42;0
1735;555;516;2023-06-10;W;1;0;0;0;900;33,3;1;95;192;103;200;0;0;0;0;40;62;32;1;67;26;2
1736;511;644;2023-06-10;NC;0;0;0;1;484;35,9;0;26;61;34;69;0;0;0;0;0;4;8;14;26;0;0
1736;644;511;2023-06-10;NC;0;0;0;1;484;27,3;0;57;84;59;86;3;4;1;0;142;27;8;22;54;3;0
1737;448;685;2023-06-10;W;1;0;0;0;900;34,3;0;67;158;115;235;1;1;0;0;455;52;15;0;53;13;1
1737;685;448;2023-06-10;L;0;1;0;0;900;25,9;0;63;127;68;132;0;3;0;0;7;33;17;13;56;7;0
1738;83;324;2023-06-10;L;0;1;0;0;64;30,0;0;5;5;5;5;0;0;0;0;0;0;1;4;5;0;0
1738;324;83;2023-06-10;W;1;0;0;0;64;35,6;1;5;8;5;8;0;0;0;0;3;5;0;0;3;0;2
1739;495;887;2023-06-10;W;1;0;0;0;900;32,1;0;59;126;83;150;0;1;0;0;141;24;20;15;57;2;0
1739;887;495;2023-06-10;L;0;1;0;0;900;32,9;0;45;120;84;159;0;3;0;0;165;26;2;17;45;0;0
1740;209;943;2023-06-10;W;1;0;0;0;900;27,9;0;54;140;56;142;3;4;1;0;89;28;16;10;46;7;1
1740;943;209;2023-06-10;L;0;1;0;0;900;31,0;0;53;114;56;117;1;3;0;0;117;26;10;17;46;4;3
1741;719;944;2023-06-10;W;1;0;0;0;900;27,0;0;106;208;154;258;1;2;0;0;124;71;20;15;76;22;8
1741;944;719;2023-06-10;L;0;1;0;0;900;26,5;0;64;168;85;200;2;5;0;0;246;45;11;8;62;1;1
1742;553;680;2023-06-03;W;1;0;0;0;1500;29,6;0;43;145;64;173;1;9;1;0;370;31;6;6;39;1;3
1742;680;553;2023-06-03;L;0;1;0;0;1500;30,2;0;99;283;133;323;2;2;0;0;58;57;20;22;90;1;8
1743;796;852;2023-06-03;L;0;1;0;0;900;37,8;0;27;56;43;74;3;11;1;1;237;15;3;9;22;2;3
1743;852;796;2023-06-03;W;1;0;0;0;900;35,0;0;60;99;86;128;1;2;0;1;266;32;26;2;45;11;4
1744;397;845;2023-06-03;W;1;0;0;0;23;39,8;1;3;5;3;5;0;0;0;0;1;3;0;0;2;0;1
1744;845;397;2023-06-03;L;0;1;0;0;23;31,0;0;1;7;1;7;0;0;0;0;0;1;0;0;1;0;0
1745;37;811;2023-06-03;W;1;0;0;0;900;36,4;0;28;57;153;237;6;7;0;0;673;22;4;2;6;4;18
1745;811;37;2023-06-03;L;0;1;0;0;900;32,4;0;19;39;102;142;1;1;0;0;64;10;6;3;15;4;0
1746;347;449;2023-06-03;L;0;1;0;0;105;28,8;0;0;0;1;1;0;0;0;0;0;0;0;0;0;0;0
1746;449;347;2023-06-03;W;1;0;0;0;105;29,5;0;3;10;4;12;1;1;1;0;81;1;0;2;2;0;1
1747;662;945;2023-06-03;W;1;0;0;0;900;36,5;0;42;113;50;132;0;2;0;0;15;16;13;13;27;15;0
1747;945;662;2023-06-03;L;0;1;0;0;900;33,6;0;29;54;48;76;1;8;0;0;376;13;6;10;23;6;0
1748;367;905;2023-06-03;W;1;0;0;0;900;28,2;0;50;91;134;198;3;4;0;1;647;30;15;5;10;6;34
1748;905;367;2023-06-03;L;0;1;0;0;900;30,3;0;18;39;64;101;1;8;1;0;79;8;8;2;15;3;0
1749;709;838;2023-06-03;W;1;0;0;0;497;31,4;1;25;87;28;91;0;1;0;0;2;14;4;7;22;1;2
1749;838;709;2023-06-03;L;0;1;0;0;497;44,3;0;24;56;26;58;0;0;0;0;0;10;9;5;24;0;0
1750;457;558;2023-06-03;W;1;0;0;0;900;31,5;1;40;88;70;121;3;6;0;0;256;30;4;6;37;1;2
1750;558;457;2023-06-03;L;0;1;0;0;900;27,0;0;61;157;93;204;0;6;0;0;115;45;11;5;47;14;0
1751;62;561;2023-06-03;W;1;0;0;0;479;28,8;1;28;70;30;72;0;1;0;0;1;17;5;6;20;3;5
1751;561;62;2023-06-03;L;0;1;0;0;479;28,8;0;39;71;40;73;3;8;0;0;148;15;14;10;27;12;0
1752;130;900;2023-06-03;W;1;0;0;0;900;30,5;0;53;120;94;174;0;1;0;0;89;16;21;16;45;8;0
1752;900;130;2023-06-03;L;0;1;0;0;900;38,0;0;28;91;42;114;3;7;0;0;249;15;4;9;26;2;0
1753;518;667;2023-06-03;L;0;1;0;0;534;30,4;0;28;64;31;67;1;4;1;1;26;16;9;3;25;3;0
1753;667;518;2023-06-03;W;1;0;0;0;534;28,8;0;66;135;85;158;1;2;0;1;134;42;11;13;38;8;20
1754;869;946;2023-06-03;W;1;0;0;0;900;37,8;0;45;106;50;113;1;3;0;0;504;22;17;6;36;9;0
1754;946;869;2023-06-03;L;0;1;0;0;900;39,1;0;41;80;103;145;0;3;0;0;36;20;6;15;29;12;0
1755;133;360;2023-05-20;W;1;0;0;0;1500;30,2;1;126;210;247;340;3;9;0;0;792;104;18;4;58;19;49
1755;360;133;2023-05-20;L;0;1;0;0;1500;38,3;0;66;108;94;142;0;0;0;0;431;27;39;0;35;30;1
1756;19;105;2023-05-20;L;0;1;0;0;661;25,5;0;30;51;33;55;1;1;1;0;41;21;8;1;17;11;2
1756;105;19;2023-05-20;W;1;0;0;0;661;29,6;0;63;88;77;105;6;15;4;0;431;55;4;4;15;8;40
1757;471;851;2023-05-20;W;1;0;0;0;900;29,7;0;132;246;133;248;1;3;0;0;13;106;12;14;121;11;0
1757;851;471;2023-05-20;L;0;1;0;0;900;29,4;0;112;270;117;275;0;4;0;0;11;71;21;20;106;6;0
1758;392;907;2023-05-20;W;1;0;0;0;555;29,1;1;26;89;27;90;2;3;0;0;23;12;9;5;26;0;0
1758;907;392;2023-05-20;L;0;1;0;0;555;29,1;0;22;51;22;51;0;0;0;0;7;14;7;1;21;1;0
1759;157;527;2023-05-20;W;1;0;0;0;410;38,3;1;30;71;30;71;0;2;0;0;1;17;10;3;29;0;1
1759;527;157;2023-05-20;L;0;1;0;0;410;37,0;0;32;58;32;58;0;0;0;0;0;13;17;2;32;0;0
1760;599;653;2023-05-20;W;1;0;0;0;457;31,4;3;85;148;85;148;0;0;0;0;9;40;17;28;69;11;5
1760;653;599;2023-05-20;L;0;1;0;0;457;23,5;0;32;109;33;110;0;2;0;0;0;26;1;5;29;3;0
1761;623;688;2023-05-20;W;1;0;0;0;900;37,6;0;139;237;148;249;0;0;0;0;112;94;30;15;134;5;0
1761;688;623;2023-05-20;L;0;1;0;0;900;34,7;0;68;221;83;237;0;4;0;0;0;49;13;6;65;3;0
1762;188;947;2023-05-20;W;1;0;0;0;475;27,1;1;51;82;100;139;2;2;1;0;186;31;12;8;27;4;20
1762;947;188;2023-05-20;L;0;1;0;0;475;28,8;0;16;32;28;48;0;0;0;0;5;9;3;4;14;1;1
1763;790;948;2023-05-20;W;1;0;0;0;900;30,5;0;68;152;76;160;0;0;0;0;0;51;10;7;61;7;0
1763;948;790;2023-05-20;L;0;1;0;0;900;40,8;0;49;77;76;105;2;7;0;0;230;20;18;11;46;1;2
1764;234;949;2023-05-20;W;1;0;0;0;900;23,7;0;149;245;217;340;1;10;1;1;234;110;31;8;97;42;10
1764;949;234;2023-05-20;L;0;1;0;0;900;25,4;0;51;90;58;98;4;8;0;0;287;49;1;1;34;11;6
1765;569;816;2023-05-20;W;1;0;0;0;178;26,3;1;20;45;21;46;0;0;0;0;16;16;2;2;20;0;0
1765;816;569;2023-05-20;L;0;1;0;0;178;33,3;0;7;18;7;18;0;1;0;0;0;6;0;1;7;0;0
1766;420;950;2023-05-20;W;1;0;0;0;900;32,3;1;33;56;110;158;3;8;0;2;675;21;12;0;12;9;12
1766;950;420;2023-05-20;L;0;1;0;0;900;32,9;0;30;47;56;76;2;6;0;1;141;21;9;0;5;15;10
1767;554;748;2023-05-13;W;1;0;0;0;223;31,9;0;4;7;14;19;1;2;1;0;189;3;1;0;0;0;4
1767;748;554;2023-05-13;L;0;1;0;0;223;35,2;0;0;2;3;6;0;0;0;0;0;0;0;0;0;0;0
1768;464;711;2023-05-13;W;1;0;0;0;900;31,1;0;92;192;99;204;1;1;0;0;32;32;9;51;81;6;5
1768;711;464;2023-05-13;L;0;1;0;0;900;34,8;0;38;92;41;95;1;3;0;0;82;19;10;9;38;0;0
1769;132;180;2023-05-13;W;1;0;0;0;177;25,5;1;23;46;23;46;0;0;0;0;10;19;4;0;12;0;11
1769;180;132;2023-05-13;L;0;1;0;0;177;36,4;0;7;25;7;25;0;0;0;0;0;2;2;3;7;0;0
1770;460;754;2023-05-13;W;1;0;0;0;129;32,5;1;13;21;13;21;0;0;0;0;8;11;1;1;5;0;8
1770;754;460;2023-05-13;L;0;1;0;0;129;27,0;0;5;9;5;9;0;1;0;0;0;1;0;4;5;0;0
1771;556;807;2023-05-13;W;1;0;0;0;429;32,7;0;33;92;42;102;0;0;1;0;0;29;4;0;31;2;0
1771;807;556;2023-05-13;L;0;1;0;0;429;39,2;0;40;87;45;92;2;2;0;0;46;16;18;6;30;10;0
1772;686;951;2023-05-13;L;0;1;0;0;249;38,4;0;8;31;17;48;1;1;0;0;117;2;2;4;6;2;0
1772;951;686;2023-05-13;W;1;0;0;0;249;42,3;1;11;15;22;26;0;0;0;0;2;2;3;6;10;1;0
1773;824;952;2023-05-13;W;1;0;0;0;900;33,3;0;70;165;85;191;1;10;0;0;155;53;6;11;65;2;3
1773;952;824;2023-05-13;L;0;1;0;0;900;33,5;0;54;158;64;170;0;0;0;0;12;26;10;18;46;8;0
1774;542;784;2023-05-13;W;1;0;0;0;900;37,9;0;61;178;72;189;0;1;0;0;0;17;23;21;60;1;0
1774;784;542;2023-05-13;L;0;1;0;0;900;33,5;1;54;139;66;152;1;5;0;0;119;40;9;5;49;0;5
1775;953;954;2023-05-13;L;0;1;0;0;715;33,6;0;10;36;32;62;0;1;1;1;344;5;3;2;7;3;0
1775;954;953;2023-05-13;W;1;0;0;0;715;33,8;0;17;31;25;51;2;6;1;1;245;9;3;5;10;5;2
1776;698;766;2023-05-13;L;0;1;0;0;14;30,0;0;6;12;6;12;0;0;0;0;0;2;2;2;6;0;0
1776;766;698;2023-05-13;W;1;0;0;0;14;28,6;1;3;9;3;9;0;0;0;0;3;3;0;0;2;0;1
1777;617;955;2023-05-13;W;1;0;0;0;860;32,2;0;42;83;97;145;1;2;1;0;129;30;11;1;29;11;2
1777;955;617;2023-05-13;L;0;1;0;0;860;35,5;0;26;60;28;66;1;7;0;0;456;20;1;5;23;2;1
1778;423;579;2023-05-06;W;1;0;0;0;1500;33,8;0;135;210;186;261;4;15;0;0;240;51;50;34;103;24;8
1778;579;423;2023-05-06;L;0;1;0;0;1500;36,2;0;99;174;143;219;3;8;0;0;306;35;30;34;82;16;1
1779;332;443;2023-05-06;W;1;0;0;0;1500;34,8;0;132;283;132;283;0;0;0;0;0;92;39;1;132;0;0
1779;443;332;2023-05-06;L;0;1;0;0;1500;36,8;0;81;147;81;147;0;4;0;0;0;35;13;33;81;0;0
1780;81;657;2023-05-06;W;1;0;0;0;140;33,9;1;26;36;26;36;0;0;0;0;2;12;5;9;23;0;3
1780;657;81;2023-05-06;L;0;1;0;0;140;31,6;0;12;32;12;32;0;0;0;0;0;5;3;4;12;0;0
1781;330;500;2023-05-06;L;0;1;0;0;900;28,3;0;37;69;48;82;0;0;4;1;41;29;4;4;27;3;7
1781;500;330;2023-05-06;W;1;0;0;0;900;29,2;0;88;129;183;228;4;7;0;0;510;76;3;9;45;11;32
1782;12;765;2023-05-06;W;1;0;0;0;900;27,4;0;80;168;175;266;0;0;0;0;408;59;14;7;54;16;10
1782;765;12;2023-05-06;L;0;1;0;0;900;34,8;0;32;57;171;216;0;0;0;0;43;18;1;13;32;0;0
1783;526;614;2023-05-06;L;0;1;0;0;248;34,5;0;20;59;20;59;0;0;0;0;0;12;8;0;19;1;0
1783;614;526;2023-05-06;W;1;0;0;0;248;32,9;1;35;75;39;79;0;1;0;0;8;26;6;3;22;1;12
1784;119;881;2023-05-06;W;1;0;0;0;448;30,9;0;62;81;79;98;0;1;1;0;222;44;18;0;9;53;0
1784;881;119;2023-05-06;L;0;1;0;0;448;33,1;0;36;58;61;90;1;4;0;0;64;25;7;4;13;23;0
1785;374;637;2023-05-06;W;1;0;0;0;900;29,1;0;130;283;131;284;0;0;0;0;73;68;29;33;126;4;0
1785;637;374;2023-05-06;L;0;1;0;0;900;26,3;0;149;209;150;210;0;2;0;0;7;103;15;31;136;13;0
1786;477;708;2023-05-06;W;1;0;0;0;900;34,9;0;27;43;91;116;3;7;0;1;722;25;1;1;7;5;15
1786;708;477;2023-05-06;L;0;1;0;0;900;36,0;0;33;62;115;150;0;0;0;0;5;27;5;1;10;3;20
1787;917;956;2023-05-06;W;1;0;0;0;130;38,0;0;25;37;37;62;0;1;0;0;27;24;1;0;12;3;10
1787;956;917;2023-05-06;L;0;1;0;0;130;33,3;0;14;29;14;29;0;1;0;0;0;13;0;1;14;0;0
1788;284;891;2023-05-06;W;1;0;0;0;130;30,4;1;20;33;20;33;0;0;0;0;2;13;6;1;19;1;0
1788;891;284;2023-05-06;L;0;1;0;0;130;34,3;0;17;28;17;28;0;0;0;0;0;4;10;3;17;0;0
1789;875;957;2023-05-06;W;1;0;0;0;501;30,8;1;37;63;60;91;1;1;0;0;187;34;0;3;10;1;26
1789;957;875;2023-05-06;L;0;1;0;0;501;27,8;0;17;24;22;29;1;2;0;0;150;4;3;10;13;4;0
1790;80;498;2023-04-29;W;1;0;0;0;1270;25,4;2;105;228;110;234;0;0;0;0;27;55;27;23;85;1;19
1790;498;80;2023-04-29;L;0;1;0;0;1270;30,7;0;60;139;64;144;2;9;0;0;51;48;9;3;57;0;3
1791;286;523;2023-04-29;L;0;1;0;0;469;28,2;0;30;65;30;65;0;1;0;0;13;13;17;0;26;4;0
1791;523;286;2023-04-29;W;1;0;0;0;469;30,3;0;34;55;52;74;3;6;1;0;159;19;10;5;18;5;11
1792;380;433;2023-04-29;L;0;1;0;0;388;29,0;1;20;29;41;51;0;0;1;0;64;17;1;2;10;0;10
1792;433;380;2023-04-29;W;1;0;0;0;388;33,6;0;10;15;30;37;1;7;2;0;259;8;2;0;1;2;7
1793;494;762;2023-04-29;L;0;1;0;0;101;33,7;0;15;24;15;24;0;1;0;0;0;9;1;5;15;0;0
1793;762;494;2023-04-29;W;1;0;0;0;101;26,4;1;20;29;20;29;0;0;0;0;2;17;2;1;19;0;1
1794;33;879;2023-04-29;L;0;1;0;0;900;31,6;0;82;150;88;156;0;1;0;0;34;54;18;10;79;3;0
1794;879;33;2023-04-29;W;1;0;0;0;900;37,8;0;59;76;76;95;3;7;0;0;301;20;11;28;56;2;1
1795;647;841;2023-04-29;W;1;0;0;0;900;28,2;0;104;203;106;205;1;2;0;0;27;93;6;5;102;1;1
1795;841;647;2023-04-29;L;0;1;0;0;900;30,2;0;50;128;50;128;1;8;0;0;54;26;5;19;46;2;2
1796;671;908;2023-04-29;W;1;0;0;0;900;31,5;0;98;177;145;229;0;0;0;0;105;66;24;8;72;19;7
1796;908;671;2023-04-29;L;0;1;0;0;900;34,5;0;94;207;107;226;0;1;0;0;271;63;22;9;77;15;2
1797;143;276;2023-04-29;L;0;1;0;0;900;32,3;0;52;101;60;109;0;0;1;0;8;30;19;3;46;5;1
1797;276;143;2023-04-29;W;1;0;0;0;900;32,1;0;56;99;80;128;11;18;0;0;573;39;9;8;46;3;7
1798;621;893;2023-04-29;W;1;0;0;0;131;32,8;0;18;44;18;44;0;1;1;0;0;7;7;4;17;1;0
1798;893;621;2023-04-29;L;0;1;0;0;131;34,7;0;9;24;9;24;0;0;0;0;0;3;0;6;9;0;0
1799;340;958;2023-04-29;W;1;0;0;0;423;33,0;1;25;53;25;54;0;0;1;0;31;14;9;2;21;3;1
1799;958;340;2023-04-29;L;0;1;0;0;423;34,1;0;13;46;13;46;0;6;0;0;63;6;4;3;12;1;0
1800;202;456;2023-04-29;L;0;1;0;0;900;31,2;0;63;150;85;173;2;8;0;0;290;38;21;4;43;16;4
1800;456;202;2023-04-29;W;1;0;0;0;900;33,1;0;76;104;99;128;0;1;0;0;67;37;30;9;46;30;0
1801;34;351;2023-04-22;L;0;1;0;0;188;32,2;0;14;56;14;56;0;1;0;0;0;11;1;2;14;0;0
1801;351;34;2023-04-22;W;1;0;0;0;188;30,9;1;36;85;36;85;0;0;0;0;2;30;6;0;32;0;4
1802;515;703;2023-04-22;L;0;1;0;0;215;35,3;0;15;64;15;65;0;0;0;0;0;11;4;0;15;0;0
1802;703;515;2023-04-22;W;1;0;0;0;215;33,8;1;23;51;24;52;0;0;0;0;2;17;5;1;21;1;1
1803;259;398;2023-04-22;NC;0;0;0;1;275;36,6;0;23;69;23;69;0;1;0;0;1;15;6;2;17;0;6
1803;398;259;2023-04-22;NC;0;0;0;1;275;34,6;0;17;53;17;53;0;1;0;0;0;9;5;3;17;0;0
1804;633;658;2023-04-22;L;0;1;0;0;900;34,7;0;29;145;31;149;0;0;0;0;64;6;13;10;22;7;0
1804;658;633;2023-04-22;W;1;0;0;0;900;21,3;0;53;118;57;123;4;5;0;0;46;33;19;1;51;2;0
1805;153;783;2023-04-22;W;1;0;0;0;900;36,5;0;36;76;86;158;6;10;0;0;672;29;7;0;10;2;24
1805;783;153;2023-04-22;L;0;1;0;0;900;30,4;2;20;37;39;59;0;1;0;0;89;17;3;0;12;4;4
1806;821;859;2023-04-22;L;0;1;0;0;95;34,0;0;2;11;2;11;0;0;0;0;0;1;0;1;2;0;0
1806;859;821;2023-04-22;W;1;0;0;0;95;33,2;1;9;16;9;16;0;0;0;0;2;4;3;2;8;0;1
1807;430;853;2023-04-22;W;1;0;0;0;222;31,0;1;9;21;10;23;0;0;0;0;77;7;1;1;5;0;4
1807;853;430;2023-04-22;L;0;1;0;0;222;38,6;0;7;21;7;22;0;3;0;0;8;1;1;5;7;0;0
1808;315;425;2023-04-22;L;0;1;0;0;900;28,3;1;33;68;144;194;0;2;0;0;193;19;8;6;20;13;0
1808;425;315;2023-04-22;W;1;0;0;0;900;32,6;0;35;87;63;129;1;1;0;0;294;18;9;8;27;8;0
1809;338;684;2023-04-22;L;0;1;0;0;900;26,6;0;22;61;37;78;0;0;0;0;0;17;5;0;12;10;0
1809;684;338;2023-04-22;W;1;0;0;0;900;34,1;0;7;29;79;133;2;12;0;0;723;6;1;0;2;2;3
1810;402;438;2023-04-22;W;1;0;0;0;900;25,9;0;27;79;30;84;0;0;0;0;17;6;8;13;27;0;0
1810;438;402;2023-04-22;L;0;1;0;0;900;24,1;0;15;132;35;165;2;5;2;0;260;10;4;1;13;0;2
1811;840;959;2023-04-22;W;1;0;0;0;861;24,0;0;45;81;96;143;3;7;0;0;249;29;11;5;41;0;4
1811;959;840;2023-04-22;L;0;1;0;0;861;33,8;1;41;134;92;200;1;1;0;1;60;33;2;6;29;7;5
1812;252;365;2023-04-15;W;1;0;0;0;1500;31,4;0;147;262;149;264;0;0;0;0;3;77;42;28;146;1;0
1812;365;252;2023-04-15;L;0;1;0;0;1500;29,2;0;76;225;80;229;0;0;0;0;42;48;18;10;76;0;0
1813;139;158;2023-04-15;W;1;0;0;0;157;37,2;1;21;33;21;33;0;0;0;0;2;13;5;3;19;1;1
1813;158;139;2023-04-15;L;0;1;0;0;157;34,3;0;19;42;20;43;0;2;0;0;39;16;1;2;18;1;0
1814;219;461;2023-04-15;L;0;1;0;0;900;35,0;0;64;131;96;167;1;6;0;0;186;36;8;20;60;4;0
1814;461;219;2023-04-15;W;1;0;0;0;900;34,0;1;67;127;70;130;1;5;0;0;16;51;12;4;64;3;0
1815;301;452;2023-04-15;W;1;0;0;0;125;29,3;0;30;40;30;40;1;1;0;0;17;27;2;1;14;0;16
1815;452;301;2023-04-15;L;0;1;0;0;125;31,7;0;5;16;5;16;0;0;0;0;0;5;0;0;5;0;0
1816;630;787;2023-04-15;L;0;1;0;0;900;32,0;0;77;133;79;135;0;0;0;0;6;30;8;39;75;1;1
1816;787;630;2023-04-15;W;1;0;0;0;900;36,6;1;60;174;74;188;0;1;0;0;174;20;6;34;52;1;7
1817;45;768;2023-04-15;W;1;0;0;0;900;28,7;0;141;287;143;289;0;1;0;0;20;130;5;6;138;3;0
1817;768;45;2023-04-15;L;0;1;0;0;900;41,3;0;63;252;63;252;0;3;0;0;0;49;4;10;63;0;0
1818;830;902;2023-04-15;W;1;0;0;0;400;33,8;1;64;110;77;123;1;1;1;0;102;44;6;14;48;5;11
1818;902;830;2023-04-15;L;0;1;0;0;400;32,9;0;46;91;49;94;1;2;0;1;39;34;8;4;33;13;0
1819;257;797;2023-04-15;W;1;0;0;0;129;30,7;1;13;22;13;22;0;0;0;0;7;13;0;0;3;0;10
1819;797;257;2023-04-15;L;0;1;0;0;129;30,3;0;2;5;2;5;0;0;0;0;0;1;0;1;2;0;0
1820;960;961;2023-04-15;W;1;0;0;0;853;38,7;3;100;175;114;189;0;0;0;0;198;69;15;16;83;3;14
1820;961;960;2023-04-15;L;0;1;0;0;853;42,5;0;54;117;71;141;0;1;0;0;0;34;5;15;46;4;4
1821;134;520;2023-04-15;W;1;0;0;0;561;27,9;0;26;39;46;62;2;3;1;0;383;20;1;5;12;0;14
1821;520;134;2023-04-15;L;0;1;0;0;561;30,4;0;12;33;25;47;1;1;0;0;54;10;1;1;12;0;0
1822;483;533;2023-04-15;L;0;1;0;0;900;31,1;0;51;91;51;91;0;3;0;0;6;20;12;19;49;2;0
1822;533;483;2023-04-15;W;1;0;0;0;900;23,8;1;78;207;84;225;0;1;0;0;104;67;7;4;49;7;22
1823;82;499;2023-04-15;W;1;0;0;0;462;23,3;1;54;93;94;133;3;3;0;0;233;28;8;18;21;10;23
1823;499;82;2023-04-15;L;0;1;0;0;462;29,6;0;15;22;43;50;0;1;0;0;79;7;6;2;9;6;0
1824;312;962;2023-04-15;W;1;0;0;0;900;30,6;0;63;127;69;135;0;0;0;1;96;32;7;24;43;0;20
1824;962;312;2023-04-15;L;0;1;0;0;900;33,7;0;17;39;79;104;3;5;1;0;361;7;9;1;16;1;0
1825;426;833;2023-04-15;W;1;0;0;0;900;27,5;0;56;114;90;153;0;1;0;1;29;19;11;26;46;5;5
1825;833;426;2023-04-15;L;0;1;0;0;900;28,8;0;39;98;74;138;2;7;0;0;449;27;9;3;21;7;11
1826;321;489;2023-04-08;L;0;1;0;0;561;35,8;0;49;85;49;85;0;0;0;0;0;8;15;26;48;1;0
1826;489;321;2023-04-08;W;1;0;0;0;561;33,7;1;41;96;41;96;0;0;0;0;3;18;14;9;40;0;1
1827;443;963;2023-04-08;W;1;0;0;0;900;36,7;0;42;99;72;135;4;6;0;0;341;34;3;5;37;0;5
1827;963;443;2023-04-08;L;0;1;0;0;900;38,4;0;39;91;77;130;0;0;0;0;5;14;8;17;38;1;0
1828;265;524;2023-04-08;L;0;1;0;0;177;29,4;0;25;54;25;54;0;0;0;0;0;21;1;3;25;0;0
1828;524;265;2023-04-08;W;1;0;0;0;177;35,8;1;33;75;33;75;0;1;0;0;4;30;2;1;27;1;5
1829;221;468;2023-04-08;L;0;1;0;0;796;36,5;0;44;104;44;104;0;0;0;0;7;12;7;25;44;0;0
1829;468;221;2023-04-08;W;1;0;0;0;796;30,4;1;66;197;67;198;0;0;0;0;3;24;11;31;62;2;2
1830;303;525;2023-04-08;W;1;0;0;0;900;25,3;0;29;52;83;115;1;1;0;0;450;26;3;0;4;4;21
1830;525;303;2023-04-08;L;0;1;0;0;900;18,5;0;2;19;2;19;3;16;1;0;290;2;0;0;2;0;0
1831;472;511;2023-04-08;W;1;0;0;0;900;31,5;0;83;188;88;195;0;3;0;0;81;63;5;15;76;3;4
1831;511;472;2023-04-08;L;0;1;0;0;900;35,7;0;70;201;80;216;0;0;0;0;1;44;21;5;63;7;0
1832;701;837;2023-04-08;W;1;0;0;0;900;30,4;0;44;122;48;132;0;5;0;0;85;16;15;13;38;6;0
1832;837;701;2023-04-08;L;0;1;0;0;900;37,3;0;61;188;70;199;1;2;0;0;61;18;16;27;53;8;0
1833;415;490;2023-04-08;L;0;1;0;0;195;35,3;0;10;21;10;21;0;0;0;0;0;1;2;7;10;0;0
1833;490;415;2023-04-08;W;1;0;0;0;195;26,6;0;14;24;14;24;0;0;0;0;16;6;8;0;6;0;8
1834;471;964;2023-04-08;W;1;0;0;0;900;29,6;0;87;180;93;188;0;2;0;0;1;65;15;7;87;0;0
1834;964;471;2023-04-08;L;0;1;0;0;900;35,7;0;104;333;107;338;1;2;0;0;75;58;30;16;104;0;0
1835;39;755;2023-04-08;W;1;0;0;0;900;25,6;0;99;200;99;200;0;0;0;0;0;28;30;41;99;0;0
1835;755;39;2023-04-08;L;0;1;0;0;900;33,4;0;42;109;42;109;0;1;0;0;0;24;10;8;42;0;0
1836;331;843;2023-04-08;W;1;0;0;0;336;30,9;1;17;40;50;77;0;0;0;0;15;14;3;0;12;1;4
1836;843;331;2023-04-08;L;0;1;0;0;336;28,9;1;18;35;31;63;1;2;0;0;214;15;3;0;8;0;10
1837;364;521;2023-04-08;L;0;1;0;0;900;27,8;0;12;52;52;109;2;10;3;0;222;12;0;0;11;0;1
1837;521;364;2023-04-08;W;1;0;0;0;900;30,8;0;46;104;107;176;1;1;0;1;422;45;1;0;19;6;21
